/* Delta+RLE compressed animation (from anto_anim_1.c.raw.bak). */
/* Decoded one frame at a time by the firmware; see GREYSCALE.md. */
#include <stdint.h>

#define ANIMATION_FRAMES 515
#define COLOR_DEPTH 4
#define Y_RES 20

const uint32_t anim_rle_len = 68179;
const uint8_t anim_rle[] = {
	0xA3,0xA0,0x79,0x07,0xA0,0x79,0x03,0xA0,0x7F,0x03,0xB8,0x7F,0x03,0xB8,0x7F,0x03,0xB8,0x7B,0x01,0xB8,
	0x7B,0x07,0x38,0x3D,0x07,0x1F,0xFC,0x01,0x9B,0xF4,0x01,0x70,0xF7,0x03,0x87,0xD3,0x03,0xC7,0x63,0x03,
	0x08,0x1A,0x06,0x1A,0xF0,0x06,0xCB,0x10,0x07,0xFF,0x37,0x00,0x35,0xF9,0x03,0x80,0xC0,0x07,0x00,0x11,
	0x04,0x00,0x81,0x00,0x00,0x81,0x00,0x00,0x83,0x00,0x00,0x83,0x00,0x00,0x83,0x00,0x00,0x83,0x06,0x00,
	0x83,0x00,0x80,0xC4,0x00,0x20,0x00,0x06,0xB0,0x00,0x06,0x00,0x04,0x04,0x00,0x04,0x04,0x00,0x65,0x04,
	0x27,0xE4,0x00,0x07,0xE0,0x03,0xFB,0x1F,0x07,0x00,0x96,0xCA,0x06,0x00,0xFF,0x3F,0x00,0xFF,0xFF,0x03,
	0x00,0xFE,0x03,0x00,0xFE,0x03,0x00,0xFC,0x03,0x00,0xFC,0x03,0x00,0xFC,0x03,0x00,0xFC,0x07,0x00,0xFC,
	0x07,0x00,0xF8,0x07,0xC0,0xF8,0x07,0x40,0xF8,0x07,0x80,0xF8,0x07,0x00,0xF8,0x07,0x00,0x98,0x07,0x00,
	0x00,0x07,0x00,0x00,0x04,0x04,0xE0,0x00,0xFF,0xFF,0x07,0xFF,0xFF,0x07,0xFF,0xFF,0x07,0xFF,0xFF,0x07,
	0x13,0x04,0x81,0x00,0x04,0x00,0x00,0x04,0x00,0x01,0x80,0x00,0x0C,0x00,0x00,0x82,0x00,0x01,0x00,0x00,
	0x01,0x00,0x00,0x04,0x00,0x00,0x80,0x00,0x01,0x00,0x0C,0x80,0x00,0x04,0x00,0x00,0x82,0x00,0x01,0x00,
	0x00,0x02,0x00,0x00,0x04,0x00,0x2D,0x04,0x80,0x80,0x50,0x00,0x03,0x83,0x80,0x00,0x00,0x80,0x01,0x00,
	0x80,0x01,0x00,0x20,0x02,0x00,0x00,0x81,0x00,0x0A,0x00,0x01,0x00,0x00,0x00,0x80,0x80,0x00,0x00,0x05,
	0x80,0x80,0x50,0x00,0x03,0x80,0x80,0x00,0x00,0x00,0x81,0x80,0x01,0x00,0x20,0x00,0x00,0x00,0x80,0x00,
	0x08,0x00,0x0D,0x80,0x80,0x00,0x00,0x1C,0x04,0x81,0x80,0x00,0x00,0x00,0x40,0x00,0x00,0x84,0x80,0x00,
	0x00,0xC4,0x00,0x00,0x00,0x01,0x00,0x00,0x04,0x00,0x00,0x05,0x00,0x01,0x80,0x00,0x04,0x00,0x08,0x81,
	0x80,0x00,0x00,0x00,0x40,0x00,0x01,0x81,0xC0,0x00,0x00,0x00,0x01,0x00,0x11,0x80,0xC0,0x00,0x00,0x1D,
	0x05,0x80,0x00,0x00,0x01,0x04,0x81,0x00,0x02,0x00,0x00,0x14,0x00,0x0B,0x80,0x00,0x00,0x01,0x05,0x80,
	0x00,0x10,0x00,0x2D,0x04,0x80,0x80,0x00,0x00,0x01,0x80,0x00,0x80,0x00,0x01,0x80,0x00,0x02,0x00,0x05,
	0x80,0x00,0x80,0x00,0x05,0x80,0x80,0x00,0x00,0x01,0x80,0x00,0x80,0x00,0x01,0x80,0x00,0x02,0x00,0x05,
	0x80,0x00,0x80,0x00,0x28,0x07,0x80,0x00,0x40,0x00,0x00,0x81,0x80,0x01,0x00,0x00,0x01,0x00,0x04,0x81,
	0x00,0x00,0x04,0x20,0x00,0x00,0x08,0x80,0x00,0x40,0x00,0x08,0x80,0x20,0x00,0x00,0x28,0x0B,0x82,0x00,
	0x40,0x00,0x00,0x8C,0x00,0x02,0x00,0x00,0x10,0x81,0x00,0x40,0x00,0x00,0x08,0x00,0x11,0x80,0x00,0x40,
	0x00,0x1A,0x04,0x80,0x80,0x00,0x00,0x00,0x80,0x00,0x04,0x00,0x00,0x80,0x40,0x00,0x00,0x00,0x80,0x00,
	0x21,0x00,0x00,0x80,0x00,0x08,0x00,0x00,0x80,0x00,0x04,0x00,0x08,0x80,0x80,0x00,0x00,0x06,0x80,0x00,
	0x08,0x00,0x2D,0x0C,0x80,0x00,0x08,0x00,0x12,0x80,0x00,0x08,0x00,0x2D,0x08,0x83,0x00,0x01,0x00,0x00,
	0x01,0x00,0x00,0x04,0x00,0x00,0x06,0x00,0x00,0x80,0x10,0x00,0x00,0x02,0x80,0x00,0x00,0x01,0x0A,0x80,
	0x00,0x01,0x00,0x02,0x80,0x10,0x00,0x00,0x02,0x80,0x00,0x00,0x01,0x0A,0x80,0x00,0x01,0x00,0x1C,0x03,
	0x80,0x00,0x04,0x00,0x02,0x80,0x40,0x00,0x00,0x01,0x80,0x00,0x01,0x00,0x03,0x80,0x02,0x00,0x00,0x0A,
	0x80,0x40,0x00,0x00,0x12,0x80,0x40,0x00,0x00,0x1E,0x81,0x00,0x02,0x00,0x00,0x02,0x00,0x02,0x80,0x00,
	0x14,0x00,0x02,0x80,0x00,0x04,0x00,0x00,0x80,0x00,0x07,0x00,0x03,0x80,0x00,0x04,0x00,0x02,0x81,0x00,
	0x02,0x00,0x00,0x02,0x00,0x02,0x80,0x00,0x10,0x00,0x02,0x80,0x00,0x04,0x00,0x00,0x80,0x00,0x06,0x00,
	0x07,0x81,0x00,0x02,0x00,0x00,0x02,0x00,0x25,0x08,0x81,0x04,0x00,0x00,0x00,0x02,0x00,0x00,0x80,0x00,
	0x09,0x00,0x02,0x80,0x00,0x04,0x00,0x0E,0x80,0x00,0x08,0x00,0x12,0x80,0x00,0x08,0x00,0x1A,0x00,0x80,
	0x00,0x00,0x04,0x02,0x81,0x00,0x40,0x00,0x00,0x40,0x00,0x00,0x81,0x00,0x05,0x00,0x00,0x08,0x00,0x00,
	0x82,0x00,0x20,0x00,0x00,0x40,0x00,0x00,0x10,0x00,0x01,0x80,0x00,0x04,0x00,0x07,0x81,0x00,0x40,0x00,
	0x00,0x40,0x00,0x04,0x81,0x00,0x40,0x00,0x00,0x10,0x00,0x11,0x80,0x00,0x40,0x00,0x1A,0x05,0x80,0x00,
	0x04,0x01,0x02,0x80,0x00,0x04,0x00,0x00,0x80,0x00,0x10,0x00,0x01,0x80,0x20,0x00,0x00,0x09,0x80,0x00,
	0x00,0x01,0x04,0x80,0x00,0x10,0x00,0x01,0x80,0x20,0x00,0x00,0x0F,0x80,0x00,0x10,0x00,0x1A,0x06,0x81,
	0x00,0x45,0x00,0x00,0x40,0x00,0x03,0x80,0x40,0x08,0x00,0x00,0x80,0x00,0x04,0x00,0x0A,0x81,0x00,0x45,
	0x00,0x00,0x40,0x00,0x03,0x80,0x00,0x08,0x00,0x2D,0x05,0x80,0x00,0x00,0x01,0x01,0x80,0x08,0x00,0x00,
	0x01,0x80,0x80,0x02,0x00,0x02,0x80,0x00,0x10,0x00,0x00,0x80,0x02,0x00,0x00,0x06,0x80,0x00,0x00,0x01,
	0x0A,0x80,0x02,0x00,0x00,0x28,0x05,0x80,0x00,0x00,0x01,0x00,0x80,0x00,0x08,0x00,0x00,0x80,0x00,0x01,
	0x00,0x00,0x82,0x00,0x02,0x00,0x20,0x02,0x00,0x10,0x00,0x00,0x0A,0x80,0x00,0x00,0x01,0x02,0x80,0x00,
	0x01,0x00,0x01,0x81,0x20,0x00,0x00,0x10,0x00,0x00,0x0E,0x80,0x00,0x01,0x00,0x1C,0x05,0x81,0x00,0x00,
	0x01,0x80,0x00,0x00,0x03,0x80,0x00,0x13,0x00,0x0C,0x81,0x00,0x00,0x01,0x80,0x00,0x00,0x03,0x80,0x00,
	0x11,0x00,0x12,0x80,0x00,0x10,0x00,0x1A,0x05,0x80,0x00,0x00,0x01,0x01,0x81,0x40,0x00,0x00,0x10,0x00,
	0x00,0x03,0x80,0x00,0x20,0x00,0x09,0x80,0x00,0x00,0x01,0x07,0x80,0x00,0x20,0x00,0x12,0x80,0x00,0x20,
	0x00,0x17,0x00,0x81,0x80,0x00,0x00,0x80,0x00,0x00,0x02,0x80,0x00,0x00,0x01,0x01,0x87,0x04,0x00,0x00,
	0x00,0x01,0x00,0x00,0x04,0x00,0x00,0x10,0x00,0x00,0x10,0x00,0x00,0x20,0x00,0x00,0x10,0x00,0x00,0x04,
	0x00,0x08,0x80,0x00,0x00,0x01,0x03,0x80,0x00,0x04,0x00,0x00,0x80,0x00,0x10,0x00,0x2D,0x01,0x81,0x00,
	0x00,0x05,0x80,0x00,0x00,0x04,0x80,0x04,0x00,0x00,0x01,0x80,0x00,0x0B,0x00,0x00,0x82,0x08,0x20,0x00,
	0x00,0x01,0x00,0x02,0x00,0x00,0x00,0x80,0x02,0x00,0x00,0x02,0x80,0x00,0x00,0x01,0x08,0x80,0x00,0x0A,
	0x00,0x00,0x80,0x08,0x00,0x00,0x02,0x80,0x02,0x00,0x00,0x0C,0x80,0x00,0x08,0x00,0x1A,0x03,0x80,0x00,
	0x00,0x04,0x03,0x82,0x10,0x00,0x00,0x80,0x00,0x00,0x00,0x21,0x00,0x00,0x82,0x20,0x10,0x01,0x00,0x00,
	0x04,0x00,0x20,0x00,0x01,0x80,0xA0,0x00,0x00,0x0D,0x80,0x00,0x00,0x01,0x00,0x80,0x00,0x20,0x00,0x01,
	0x80,0x20,0x00,0x00,0x0D,0x80,0x00,0x00,0x01,0x00,0x80,0x00,0x20,0x00,0x17,0x80,0x00,0x00,0x04,0x00,
	0x80,0x00,0x00,0x01,0x00,0x80,0x80,0x00,0x00,0x00,0x80,0x00,0x00,0x01,0x01,0x80,0x00,0x05,0x00,0x00,
	0x83,0x00,0x04,0x00,0x80,0x00,0x00,0x00,0x85,0x00,0x10,0x00,0x00,0x04,0x80,0x00,0x00,0x04,0x00,0x80,
	0x00,0x00,0x01,0x02,0x80,0x00,0x00,0x01,0x03,0x80,0x00,0x04,0x00,0x01,0x80,0x10,0x00,0x00,0x2C,0x81,
	0x80,0x80,0x00,0x00,0x80,0x00,0x00,0x80,0x00,0x04,0x00,0x01,0x81,0x00,0x01,0x00,0x00,0x06,0x00,0x02,
	0x81,0x80,0x02,0x00,0x08,0x00,0x00,0x00,0x82,0x02,0x00,0x00,0x00,0x02,0x00,0x00,0x40,0x00,0x01,0x82,
	0x02,0x00,0x00,0x00,0x80,0x00,0x00,0x80,0x00,0x04,0x80,0x00,0x04,0x00,0x33,0x01,0x81,0x08,0x00,0x00,
	0x00,0x00,0x04,0x00,0x80,0x00,0x01,0x02,0x00,0x83,0x00,0x08,0x00,0x60,0x08,0x00,0x00,0x08,0x00,0x00,
	0x04,0x00,0x00,0x81,0x00,0x22,0x00,0x08,0x10,0x00,0x00,0x81,0x40,0x01,0x00,0x00,0x10,0x00,0x07,0x80,
	0x00,0x00,0x02,0x01,0x82,0x20,0x08,0x00,0x00,0x08,0x00,0x00,0x04,0x00,0x00,0x81,0x00,0x20,0x00,0x08,
	0x00,0x00,0x00,0x80,0x00,0x01,0x00,0x0B,0x81,0x00,0x08,0x00,0x00,0x08,0x00,0x01,0x80,0x00,0x20,0x00,
	0x1A,0x00,0x81,0x00,0x00,0x04,0x00,0x04,0x00,0x00,0x81,0x00,0x01,0x00,0x00,0x00,0x04,0x05,0x80,0x80,
	0x08,0x00,0x02,0x80,0x00,0x10,0x00,0x03,0x80,0x00,0x00,0x04,0x02,0x80,0x00,0x00,0x04,0x05,0x80,0x00,
	0x08,0x00,0x12,0x80,0x00,0x08,0x00,0x1A,0x01,0x81,0x00,0x80,0x00,0x00,0x01,0x00,0x02,0x80,0x00,0x04,
	0x00,0x00,0x80,0x00,0x00,0x02,0x00,0x81,0x00,0x08,0x04,0x00,0x04,0x00,0x02,0x81,0x00,0x10,0x00,0x04,
	0x00,0x00,0x00,0x80,0x40,0x00,0x00,0x01,0x80,0x00,0x80,0x00,0x03,0x80,0x00,0x04,0x00,0x00,0x80,0x00,
	0x00,0x02,0x00,0x81,0x00,0x08,0x04,0x00,0x04,0x00,0x03,0x80,0x04,0x00,0x00,0x0C,0x80,0x00,0x08,0x00,
	0x1B,0x00,0x83,0x00,0x01,0x00,0x00,0x01,0x00,0x00,0x80,0x00,0x00,0x80,0x00,0x00,0x80,0x00,0x08,0x00,
	0x00,0x82,0x00,0x80,0x00,0x40,0x01,0x00,0x01,0x00,0x00,0x00,0x81,0x00,0x04,0x00,0x20,0x04,0x00,0x00,
	0x80,0x20,0x04,0x00,0x00,0x80,0x04,0x00,0x00,0x04,0x81,0x00,0x80,0x00,0x00,0x80,0x00,0x02,0x80,0x00,
	0x80,0x00,0x02,0x80,0x00,0x04,0x00,0x01,0x80,0x20,0x00,0x00,0x00,0x80,0x04,0x00,0x00,0x29,0x80,0x00,
	0x21,0x04,0x03,0x80,0x00,0x08,0x00,0x03,0x82,0x00,0x08,0x00,0x00,0x20,0x00,0x80,0x0F,0x00,0x01,0x83,
	0x00,0x08,0x00,0x00,0x10,0x00,0x02,0x00,0x00,0x80,0x00,0x00,0x0A,0x80,0x00,0x08,0x00,0x00,0x80,0x00,
	0x0D,0x00,0x01,0x80,0x00,0x08,0x00,0x00,0x80,0x02,0x00,0x00,0x0B,0x80,0x00,0x08,0x00,0x00,0x80,0x00,
	0x09,0x00,0x1A,0x01,0x80,0x00,0x00,0x04,0x00,0x80,0x00,0x00,0x04,0x02,0x80,0x00,0x01,0x00,0x00,0x80,
	0x80,0x00,0x00,0x00,0x80,0x00,0x08,0x00,0x00,0x82,0x00,0x00,0x01,0x00,0x01,0x00,0x00,0x10,0x00,0x01,
	0x80,0x00,0x02,0x00,0x01,0x80,0x00,0x00,0x04,0x00,0x80,0x00,0x00,0x04,0x02,0x80,0x00,0x01,0x00,0x02,
	0x80,0x00,0x08,0x00,0x01,0x80,0x00,0x01,0x00,0x0F,0x80,0x00,0x08,0x00,0x1A,0x80,0x00,0x04,0x00,0x09,
	0x82,0x80,0x01,0x00,0x00,0x13,0x00,0x00,0x11,0x00,0x02,0x81,0x04,0x00,0x00,0x00,0x40,0x00,0x00,0x80,
	0x00,0x04,0x00,0x0A,0x81,0x00,0x03,0x00,0x00,0x10,0x00,0x02,0x81,0x04,0x00,0x00,0x00,0x40,0x00,0x00,
	0x80,0x00,0x04,0x00,0x0A,0x80,0x00,0x01,0x00,0x1A,0x07,0x82,0x00,0x08,0x00,0x80,0x08,0x00,0x00,0x01,
	0x04,0x00,0x80,0x80,0x03,0x00,0x01,0x83,0x00,0x01,0x00,0x00,0x18,0x00,0x04,0x00,0x00,0x00,0x40,0x00,
	0x0A,0x80,0x00,0x00,0x04,0x05,0x81,0x04,0x00,0x00,0x00,0x40,0x00,0x28,0x81,0x00,0x0C,0x00,0x20,0x00,
	0x04,0x05,0x80,0x00,0x00,0x02,0x00,0x84,0x80,0x00,0x00,0x00,0x02,0x00,0x00,0x03,0x00,0x00,0x1A,0x00,
	0x02,0x10,0x02,0x00,0x81,0x04,0x00,0x00,0x04,0x00,0x00,0x01,0x80,0x00,0x04,0x00,0x06,0x80,0x00,0x00,
	0x02,0x00,0x80,0x80,0x00,0x00,0x00,0x81,0x00,0x03,0x00,0x00,0x18,0x00,0x02,0x80,0x04,0x00,0x00,0x01,
	0x80,0x00,0x04,0x00,0x0A,0x80,0x00,0x02,0x00,0x1A,0x01,0x80,0x08,0x00,0x00,0x05,0x80,0x90,0x00,0x04,
	0x00,0x81,0x00,0x01,0x00,0x00,0x16,0x04,0x01,0x82,0x00,0x02,0x00,0x00,0x0C,0x00,0x00,0x02,0x00,0x00,
	0x80,0x00,0x01,0x00,0x08,0x80,0x10,0x00,0x04,0x01,0x80,0x00,0x06,0x04,0x03,0x80,0x00,0x02,0x00,0x0D,
	0x80,0x00,0x02,0x00,0x1A,0x09,0x80,0x00,0x01,0x00,0x00,0x81,0x40,0x00,0x00,0x00,0x00,0x02,0x01,0x81,
	0x04,0x04,0x00,0x00,0x02,0x00,0x0B,0x80,0x00,0x01,0x00,0x05,0x80,0x00,0x02,0x00,0x0B,0x80,0x00,0x01,
	0x00,0x1C,0x80,0x20,0x00,0x04,0x07,0x82,0x00,0x01,0x00,0x00,0x01,0x00,0x00,0x03,0x00,0x00,0x80,0x00,
	0x10,0x00,0x01,0x82,0x00,0x08,0x00,0x00,0x02,0x00,0x40,0x00,0x00,0x00,0x80,0x00,0x00,0x04,0x07,0x82,
	0x00,0x01,0x00,0x00,0x01,0x00,0x00,0x03,0x00,0x04,0x81,0x00,0x02,0x00,0x40,0x00,0x00,0x00,0x80,0x00,
	0x00,0x04,0x08,0x80,0x00,0x01,0x00,0x1C,0x02,0x80,0x00,0x00,0x04,0x02,0x80,0x00,0x80,0x00,0x01,0x80,
	0x00,0x02,0x00,0x00,0x80,0x00,0x02,0x00,0x00,0x80,0x00,0x10,0x00,0x00,0x80,0x04,0x04,0x00,0x05,0x80,
	0x00,0x00,0x04,0x02,0x80,0x00,0x80,0x00,0x33,0x06,0x81,0x00,0x80,0x00,0x00,0x01,0x00,0x02,0x81,0x00,
	0x07,0x00,0x00,0x08,0x00,0x0C,0x80,0x00,0x80,0x00,0x03,0x80,0x00,0x05,0x00,0x2E,0x0C,0x81,0x00,0x04,
	0x00,0x00,0x10,0x00,0x11,0x80,0x00,0x04,0x00,0x2D,0x80,0x00,0x20,0x00,0x0B,0x82,0x20,0x08,0x00,0x02,
	0x00,0x04,0x08,0x02,0x00,0x10,0x82,0x20,0x00,0x00,0x00,0x00,0x04,0x08,0x00,0x00,0x11,0x81,0x00,0x00,
	0x04,0x08,0x00,0x00,0x17,0x01,0x80,0x00,0x00,0x04,0x03,0x81,0x00,0x02,0x00,0x80,0x00,0x04,0x00,0x80,
	0x80,0x00,0x00,0x00,0x82,0x00,0x08,0x00,0x10,0x10,0x00,0x02,0x00,0x00,0x00,0x80,0x00,0x08,0x00,0x00,
	0x80,0x00,0x80,0x00,0x07,0x81,0x00,0x02,0x00,0x00,0x00,0x04,0x00,0x80,0x80,0x00,0x00,0x06,0x80,0x00,
	0x80,0x00,0x28,0x0B,0x81,0x80,0x04,0x00,0x40,0x00,0x00,0x00,0x80,0x08,0x00,0x00,0x0F,0x81,0x00,0x04,
	0x00,0x40,0x00,0x00,0x00,0x80,0x08,0x00,0x00,0x12,0x80,0x08,0x00,0x00,0x17,0x01,0x80,0x00,0x00,0x04,
	0x07,0x80,0x00,0x08,0x00,0x02,0x80,0x00,0x28,0x00,0x00,0x80,0x0C,0x00,0x00,0x10,0x80,0x00,0x28,0x00,
	0x00,0x80,0x0C,0x00,0x00,0x10,0x80,0x00,0x20,0x00,0x17,0x80,0x00,0x08,0x00,0x00,0x81,0x08,0x00,0x00,
	0x00,0x00,0x04,0x00,0x80,0x00,0x08,0x00,0x01,0x80,0x80,0x00,0x04,0x00,0x80,0x80,0x00,0x00,0x00,0x81,
	0x80,0x04,0x00,0x60,0x08,0x00,0x00,0x81,0x00,0x28,0x00,0x00,0x08,0x00,0x01,0x80,0x00,0x02,0x01,0x02,
	0x80,0x00,0x00,0x04,0x03,0x80,0x00,0x00,0x04,0x00,0x80,0x80,0x00,0x00,0x00,0x81,0x00,0x04,0x00,0x60,
	0x08,0x00,0x00,0x80,0x00,0x28,0x00,0x02,0x80,0x00,0x00,0x01,0x0E,0x80,0x00,0x20,0x00,0x17,0x82,0x20,
	0x01,0x04,0x20,0x01,0x04,0x00,0x01,0x00,0x00,0x80,0x00,0x80,0x00,0x03,0x86,0x00,0x00,0x04,0x00,0x01,
	0x00,0x00,0x01,0x00,0x00,0x31,0x00,0x00,0x08,0x00,0x00,0x00,0x04,0x40,0x02,0x00,0x00,0x80,0x08,0x00,
	0x00,0x00,0x81,0x00,0x00,0x01,0x00,0x00,0x04,0x02,0x80,0x00,0x80,0x00,0x03,0x85,0x00,0x00,0x04,0x00,
	0x01,0x00,0x00,0x01,0x00,0x00,0x21,0x00,0x00,0x08,0x00,0x00,0x00,0x04,0x01,0x80,0x08,0x00,0x00,0x00,
	0x81,0x00,0x00,0x01,0x00,0x00,0x04,0x08,0x80,0x00,0x01,0x00,0x00,0x80,0x00,0x20,0x00,0x00,0x80,0x00,
	0x00,0x04,0x18,0x01,0x81,0x00,0x00,0x04,0x00,0x80,0x00,0x01,0x84,0x00,0x08,0x00,0x00,0x02,0x00,0x20,
	0x00,0x02,0x02,0x00,0x00,0x00,0x00,0x04,0x00,0x87,0x40,0x10,0x04,0x00,0x14,0x00,0x02,0x00,0x04,0x88,
	0x14,0x00,0x00,0x14,0x00,0x00,0x02,0x00,0x00,0xC0,0x00,0x02,0x00,0x00,0x01,0x81,0x00,0x00,0x04,0x00,
	0x80,0x00,0x02,0x81,0x00,0x02,0x00,0x20,0x00,0x02,0x00,0x80,0x00,0x00,0x04,0x00,0x83,0x00,0x10,0x04,
	0x00,0x14,0x00,0x00,0x00,0x04,0x88,0x00,0x00,0x00,0x81,0x00,0x02,0x00,0x00,0xC0,0x00,0x0C,0x80,0x00,
	0x10,0x00,0x00,0x81,0x00,0x00,0x04,0x88,0x00,0x00,0x17,0x82,0x00,0x00,0x04,0x00,0x00,0x01,0x10,0x80,
	0x01,0x00,0x81,0x80,0x00,0x00,0x00,0x00,0x04,0x00,0x83,0x80,0x00,0x02,0x00,0x80,0x00,0x10,0x00,0x00,
	0x21,0x02,0x00,0x00,0x84,0x00,0x40,0x00,0x48,0x08,0x00,0x04,0x10,0x02,0x70,0x07,0x00,0x04,0x00,0x00,
	0x00,0x81,0x40,0x00,0x00,0x02,0x00,0x00,0x00,0x81,0x00,0x00,0x01,0x00,0x80,0x01,0x01,0x80,0x00,0x00,
	0x04,0x00,0x82,0x80,0x00,0x02,0x00,0x80,0x00,0x10,0x00,0x00,0x02,0x80,0x08,0x08,0x00,0x00,0x80,0x40,
	0x07,0x00,0x01,0x80,0x40,0x00,0x00,0x0F,0x80,0x40,0x07,0x00,0x17,0x00,0x84,0x00,0x04,0x04,0x00,0x00,
	0x01,0x00,0x00,0x04,0x00,0x00,0x02,0x00,0x00,0x04,0x00,0x88,0x40,0x06,0x04,0x00,0x09,0x00,0x01,0x08,
	0x00,0x40,0x08,0x00,0x00,0x01,0x00,0xC0,0x30,0x01,0x20,0x00,0x00,0x80,0x01,0x00,0x21,0x18,0x01,0x01,
	0x81,0x00,0x01,0x00,0x00,0x02,0x00,0x00,0x81,0x00,0x00,0x04,0x00,0x00,0x01,0x00,0x81,0x00,0x00,0x02,
	0x00,0x00,0x04,0x00,0x80,0x00,0x00,0x04,0x01,0x80,0x00,0x08,0x00,0x00,0x81,0x40,0x00,0x00,0x20,0x00,
	0x00,0x00,0x80,0x21,0x10,0x01,0x0D,0x80,0x00,0x08,0x00,0x03,0x80,0x21,0x10,0x01,0x17,0x00,0x81,0x00,
	0x80,0x00,0x00,0x00,0x01,0x00,0x80,0x00,0x00,0x04,0x01,0x8C,0x80,0x00,0x00,0x00,0x01,0x00,0x50,0x00,
	0x02,0x80,0x00,0x00,0x80,0x08,0x02,0xE0,0x02,0x01,0x20,0x2C,0x00,0x41,0x16,0x00,0x12,0x00,0x06,0x00,
	0x80,0x00,0x04,0x81,0x00,0x00,0x08,0x02,0x02,0x00,0x04,0x00,0x81,0x00,0x80,0x00,0x00,0x00,0x01,0x04,
	0x81,0x00,0x01,0x00,0x50,0x00,0x02,0x00,0x81,0x00,0x00,0x02,0x80,0x00,0x00,0x00,0x81,0x00,0x10,0x00,
	0x12,0x00,0x06,0x00,0x82,0x04,0x81,0x00,0x00,0x00,0x02,0x00,0x00,0x04,0x0E,0x80,0x12,0x00,0x06,0x17,
	0x84,0x80,0x80,0x04,0x80,0x00,0x00,0x80,0x04,0x06,0x80,0x01,0x01,0x00,0x00,0x04,0x00,0x8B,0x00,0x02,
	0x01,0x84,0x08,0x00,0x08,0x00,0x00,0xA0,0x0C,0x00,0x00,0x04,0x00,0x00,0x0A,0x00,0x60,0x00,0x00,0x08,
	0x40,0x04,0xA8,0x00,0x00,0x00,0x08,0x00,0x00,0x00,0x03,0x00,0x18,0x00,0x00,0x81,0x00,0x04,0x00,0x00,
	0x80,0x04,0x00,0x82,0x00,0x00,0x02,0x00,0x00,0x01,0x00,0x00,0x04,0x00,0x81,0x00,0x00,0x01,0x80,0x00,
	0x00,0x00,0x86,0xA0,0x08,0x00,0x00,0x04,0x00,0x00,0x0A,0x00,0x20,0x00,0x00,0x08,0x00,0x04,0x80,0x00,
	0x00,0x00,0x08,0x00,0x00,0x80,0x00,0x18,0x00,0x05,0x80,0x00,0x00,0x04,0x01,0x80,0x80,0x00,0x00,0x00,
	0x80,0x80,0x08,0x00,0x00,0x80,0x00,0x08,0x00,0x02,0x80,0x00,0x08,0x00,0x17,0x00,0x8F,0x00,0x00,0x04,
	0x00,0x00,0x02,0x00,0x00,0x01,0x80,0x00,0x04,0x80,0x00,0x00,0x80,0x04,0x00,0x62,0x01,0x00,0xD0,0x08,
	0x00,0x00,0x08,0x00,0x86,0x09,0x02,0xC0,0x00,0x00,0xE0,0x8A,0x00,0x00,0x00,0x01,0x40,0x5B,0x00,0xB0,
	0x11,0x00,0x40,0x02,0x00,0x04,0x86,0x00,0x00,0x02,0x00,0x00,0x01,0x80,0x00,0x00,0x80,0x00,0x00,0x80,
	0x04,0x00,0x60,0x01,0x00,0x10,0x08,0x00,0x00,0x82,0x00,0x01,0x02,0x80,0x00,0x00,0x40,0x8A,0x00,0x00,
	0x80,0x40,0x43,0x00,0x00,0x80,0x40,0x02,0x00,0x08,0x80,0x00,0x04,0x00,0x00,0x80,0x00,0x08,0x00,0x00,
	0x80,0x00,0x01,0x00,0x00,0x80,0x00,0x80,0x00,0x00,0x80,0x00,0x40,0x00,0x18,0x84,0x00,0x00,0x04,0x00,
	0x00,0x01,0x00,0x00,0x01,0x00,0x00,0x02,0x00,0x00,0x04,0x00,0x8D,0x00,0x02,0x01,0xC1,0x80,0x00,0x16,
	0x8D,0x00,0x10,0x05,0x00,0x00,0x03,0x02,0x40,0x75,0x04,0x36,0x04,0x01,0x00,0x80,0x00,0xE8,0x26,0x00,
	0x48,0x26,0x00,0x01,0x00,0x04,0x00,0x20,0x00,0x00,0x50,0x00,0x00,0x20,0x00,0x00,0x81,0x00,0x00,0x01,
	0x00,0x00,0x01,0x00,0x80,0x00,0x00,0x04,0x00,0x86,0x00,0x02,0x01,0x00,0x80,0x00,0x00,0x80,0x00,0x00,
	0x05,0x00,0x00,0x00,0x02,0x40,0x24,0x04,0x06,0x00,0x00,0x00,0x80,0x20,0x24,0x00,0x01,0x80,0x00,0x20,
	0x00,0x0C,0x80,0x00,0x20,0x00,0x01,0x80,0x00,0x20,0x00,0x18,0x88,0x00,0x84,0x00,0x98,0x80,0x00,0x80,
	0x80,0x02,0x80,0x80,0x04,0x00,0x80,0x00,0x04,0x00,0x00,0x44,0x86,0x00,0xC0,0x05,0x00,0x81,0x00,0x00,
	0x00,0x8E,0x81,0x01,0x00,0x60,0x00,0x00,0x61,0x03,0x04,0x02,0x10,0x00,0xFE,0x9F,0x00,0x07,0x08,0x00,
	0x02,0x05,0x00,0xB2,0x40,0x01,0x01,0x00,0x00,0x38,0x80,0x01,0x00,0x80,0x00,0x80,0x80,0x00,0x80,0x80,
	0x00,0x80,0x80,0x00,0x00,0x80,0x00,0x00,0x82,0x00,0x80,0x00,0x40,0x00,0x00,0x80,0x00,0x00,0x00,0x80,
	0x80,0x01,0x00,0x00,0x82,0x21,0x00,0x04,0x00,0x10,0x00,0xC6,0x9A,0x00,0x00,0x81,0x02,0x05,0x00,0x32,
	0x40,0x01,0x08,0x81,0x40,0x00,0x00,0x80,0x00,0x00,0x04,0x80,0xC6,0x92,0x00,0x18,0x96,0xA0,0x00,0x00,
	0x04,0x06,0x02,0x24,0x04,0x02,0x24,0x00,0x00,0x24,0x00,0x02,0x20,0x80,0x00,0x40,0x01,0x00,0x90,0x00,
	0x00,0x10,0x04,0x00,0xE0,0x07,0x00,0x80,0x10,0x00,0x20,0xF0,0x00,0x20,0x00,0x00,0xC5,0x1A,0x07,0x39,
	0x09,0x02,0x00,0x40,0x00,0xC4,0x40,0x00,0x01,0x00,0x00,0x20,0x42,0x00,0x86,0x09,0x00,0x80,0x00,0x00,
	0x00,0x02,0x00,0x00,0x00,0x02,0x00,0x85,0x00,0x00,0x02,0x00,0x80,0x00,0x40,0x01,0x00,0x90,0x00,0x00,
	0x00,0x04,0x00,0x80,0x00,0x00,0x00,0x80,0x20,0x50,0x00,0x00,0x81,0x00,0x00,0x06,0x39,0x01,0x02,0x00,
	0x81,0x84,0x40,0x00,0x01,0x00,0x00,0x02,0x81,0x00,0x02,0x00,0x00,0x00,0x02,0x03,0x80,0x80,0x00,0x00,
	0x00,0x80,0x80,0x00,0x00,0x00,0x80,0x00,0x50,0x00,0x00,0x81,0x00,0x00,0x02,0x39,0x01,0x02,0x18,0x95,
	0x10,0x02,0x02,0x20,0x04,0x02,0x00,0x00,0x02,0x40,0x00,0x04,0x40,0x00,0x00,0x40,0x00,0x00,0xC2,0x01,
	0x02,0x80,0x00,0x00,0x20,0x00,0x00,0x02,0x00,0x00,0x40,0x34,0x00,0xB4,0x15,0x00,0x18,0xB0,0x00,0x20,
	0x01,0x00,0x00,0x0C,0x01,0x20,0x80,0x01,0x08,0x18,0x00,0x00,0x0C,0x00,0x41,0x00,0x04,0x00,0x41,0x00,
	0x00,0x02,0x00,0x00,0x00,0x02,0x00,0x80,0x00,0x00,0x04,0x01,0x80,0x00,0x00,0x02,0x00,0x80,0x20,0x00,
	0x00,0x01,0x81,0xC4,0x05,0x00,0x08,0x00,0x00,0x00,0x82,0x00,0x0C,0x01,0x20,0x00,0x00,0x08,0x18,0x00,
	0x00,0x80,0x00,0x00,0x04,0x00,0x81,0x00,0x02,0x00,0x00,0x00,0x02,0x0B,0x80,0x00,0x0C,0x01,0x18,0xA4,
	0x4E,0x00,0x06,0x42,0x06,0x00,0x42,0x00,0x06,0x02,0x02,0x06,0x02,0x00,0x04,0x03,0x02,0x00,0x79,0x04,
	0x00,0xEB,0x04,0x06,0x80,0x06,0x06,0x43,0x21,0x06,0x04,0x50,0x06,0xC2,0x4A,0x07,0x00,0x50,0x03,0x8C,
	0x00,0x00,0x00,0x0C,0x04,0x20,0x80,0x01,0xEC,0x54,0x00,0xC0,0x08,0x00,0xF0,0x47,0x04,0xC2,0x45,0x01,
	0x00,0x00,0x04,0x00,0x02,0x06,0x00,0x00,0x02,0x00,0x02,0x04,0x00,0x00,0x04,0x60,0x07,0x00,0xD8,0x04,
	0x00,0xC8,0x04,0x06,0x10,0x00,0x06,0x80,0x00,0x06,0x60,0x00,0x06,0xBE,0x08,0x06,0x08,0x00,0x01,0x08,
	0x00,0x04,0x00,0x0C,0x04,0x20,0x00,0x00,0xAC,0x54,0x00,0x00,0x80,0x00,0x00,0x04,0x01,0x82,0x00,0x02,
	0x02,0x00,0x00,0x06,0x00,0x02,0x04,0x00,0x82,0x00,0x04,0x00,0x60,0x00,0x00,0x40,0x00,0x00,0x00,0x80,
	0x80,0x00,0x00,0x00,0x83,0x00,0x08,0x00,0x00,0x00,0x01,0x00,0x00,0x04,0x00,0x0C,0x04,0x18,0xA9,0x49,
	0x0C,0x00,0x49,0x02,0x04,0x49,0x00,0x00,0x59,0x05,0x00,0x4F,0x06,0x00,0x2E,0x04,0x00,0xCB,0x04,0x02,
	0xE4,0x00,0x00,0x00,0x65,0x04,0x11,0x55,0x04,0x57,0x24,0x05,0xF1,0x05,0x06,0x01,0x90,0x05,0x7A,0x0A,
	0x00,0x7C,0x33,0x07,0xD8,0x7F,0x04,0x66,0x0B,0x07,0x27,0xF8,0x01,0x87,0x94,0x02,0x5C,0xB6,0x01,0x60,
	0x00,0x04,0x60,0x02,0x04,0x60,0x03,0x00,0xC8,0x01,0x00,0xCE,0x03,0x00,0xCF,0x04,0x00,0x4A,0x04,0x02,
	0x78,0x02,0x00,0xA0,0x00,0x00,0xE0,0x01,0x00,0xD0,0xE0,0x02,0x9E,0x80,0x01,0x07,0x10,0x06,0x06,0x10,
	0x00,0xBF,0x3F,0x07,0x00,0x00,0x04,0x66,0x0B,0x00,0x67,0xFC,0x01,0x07,0xC8,0x02,0x00,0x01,0x01,0x00,
	0x00,0x04,0x00,0x02,0x04,0x00,0x84,0x30,0x06,0x00,0x30,0x04,0x00,0x10,0x00,0x00,0x40,0x00,0x00,0x60,
	0x00,0x00,0x01,0x82,0x48,0xE0,0x00,0x02,0x80,0x01,0x00,0x00,0x06,0x00,0x81,0xFF,0x33,0x07,0x00,0x00,
	0x04,0x17,0x9F,0x48,0x01,0x00,0x0F,0x0D,0x00,0x37,0x0B,0x00,0x37,0x08,0x00,0x12,0x08,0x00,0x76,0x0E,
	0x00,0x54,0x01,0x00,0xB0,0xC2,0x04,0x48,0x98,0x00,0x88,0x31,0x02,0xBD,0xBE,0x01,0xA1,0x18,0x00,0x01,
	0x70,0x01,0x01,0x21,0x00,0x2D,0x4C,0x00,0x07,0xD4,0x04,0x87,0x9F,0x00,0x98,0x03,0x04,0x2E,0x1F,0x01,
	0x0D,0xE1,0x04,0xD8,0x05,0x00,0xC3,0x01,0x00,0xE3,0x00,0x00,0x5B,0x00,0x00,0x6A,0x00,0x00,0x27,0x04,
	0x00,0x52,0x02,0x00,0x20,0x02,0x00,0xC0,0x00,0x00,0x7A,0x81,0x01,0xC4,0x14,0x02,0x04,0x00,0x06,0x00,
	0x92,0x01,0x00,0x00,0x31,0x52,0x00,0x20,0xDC,0x04,0x04,0x00,0x00,0x98,0x03,0x00,0x3E,0x3F,0x01,0x61,
	0xED,0x04,0x00,0x06,0x00,0x1C,0x06,0x00,0x1C,0x04,0x00,0x3C,0x00,0x00,0x28,0x00,0x00,0x20,0x00,0x00,
	0x10,0x00,0x00,0x70,0x00,0x00,0x10,0x00,0x00,0x24,0x80,0x01,0x4B,0x10,0x03,0x02,0x00,0x06,0x01,0x81,
	0x00,0x40,0x00,0x20,0xDC,0x04,0x17,0xA4,0x58,0x0E,0x04,0x12,0x02,0x04,0x25,0x04,0x00,0x3E,0x07,0x00,
	0x0D,0x05,0x02,0x13,0x83,0x03,0xC8,0xEB,0x03,0xB1,0x38,0x07,0xBF,0x61,0x05,0x99,0xF1,0x03,0xA9,0x05,
	0x05,0x61,0x18,0x00,0x00,0x98,0x02,0x00,0x40,0x00,0x12,0xD2,0x00,0xFB,0x21,0x01,0x7C,0x7C,0x01,0xD3,
	0xBF,0x03,0xC6,0x38,0x00,0xB2,0x1B,0x02,0x36,0x0C,0x00,0x2B,0x00,0x00,0x17,0x00,0x00,0x03,0x04,0x00,
	0x34,0x06,0x00,0x08,0x02,0x00,0x00,0x02,0x00,0xF2,0x00,0x00,0xB6,0x01,0x06,0xBD,0x41,0x04,0x8C,0x08,
	0x01,0x00,0x08,0x00,0x00,0x20,0x00,0x00,0x20,0x00,0x0E,0xA1,0x00,0xC7,0x3F,0x01,0x00,0x1C,0x01,0x00,
	0x84,0xC6,0x08,0x00,0xBE,0x1B,0x02,0x01,0x08,0x00,0x1B,0x00,0x00,0x16,0x00,0x00,0x00,0x86,0x14,0x00,
	0x00,0x3C,0x00,0x00,0x3C,0x00,0x00,0x1C,0x00,0x00,0x19,0x00,0x06,0x3C,0x40,0x06,0x03,0x08,0x04,0x02,
	0x82,0x00,0x80,0x00,0xDF,0x23,0x01,0x00,0x1C,0x01,0x16,0xA5,0x04,0x06,0x00,0x09,0x0F,0x00,0x86,0x04,
	0x04,0x89,0x03,0x06,0x28,0xC0,0x05,0x14,0x60,0x04,0x51,0x00,0x04,0x80,0xD1,0x01,0x77,0xBF,0x02,0xBD,
	0x76,0x00,0xBC,0x20,0x04,0x00,0x30,0x00,0x00,0x40,0x05,0x00,0x70,0x00,0x53,0x41,0x00,0x0A,0x37,0x04,
	0xCB,0x2B,0x06,0x2C,0x5C,0x02,0xE9,0x6F,0x06,0xA0,0x18,0x00,0x0F,0x04,0x00,0x08,0x0E,0x00,0x14,0x07,
	0x00,0x14,0x03,0x00,0x14,0x00,0x00,0x60,0x00,0x00,0x69,0x00,0x00,0xDB,0x00,0x04,0x87,0xC2,0x05,0x59,
	0x3C,0x00,0x78,0x00,0x04,0x00,0x30,0x00,0x00,0x40,0x00,0x00,0x40,0x00,0x80,0x40,0x00,0x07,0x02,0x04,
	0xCF,0x33,0x06,0x00,0x1C,0x02,0x00,0x8A,0x20,0x08,0x00,0x07,0x00,0x00,0x00,0x08,0x00,0x0D,0x00,0x00,
	0x0F,0x00,0x00,0x0F,0x00,0x00,0x0B,0x00,0x00,0x0A,0x00,0x00,0x0A,0x00,0x04,0x07,0xC0,0x01,0x18,0x38,
	0x00,0x04,0x82,0x00,0x00,0x04,0xCF,0x23,0x06,0x00,0x1C,0x02,0x15,0x98,0xC3,0x00,0x00,0xC1,0x09,0x00,
	0x03,0xC0,0x03,0xA7,0xC1,0x01,0x64,0x00,0x00,0x94,0x00,0x00,0x01,0xE0,0x05,0x79,0x4D,0x04,0xEF,0xAD,
	0x02,0x3F,0x15,0x02,0x3C,0x60,0x00,0x00,0x68,0x00,0x00,0xE0,0x05,0x10,0xC0,0x00,0x0C,0x80,0x00,0xE1,
	0x23,0x02,0x30,0x78,0x00,0x01,0x03,0x04,0x16,0x10,0x01,0x70,0x2F,0x04,0x03,0x03,0x00,0x00,0x09,0x00,
	0x02,0x00,0x00,0x16,0x01,0x00,0x36,0x00,0x00,0x00,0x86,0x6D,0x03,0x04,0x81,0x82,0x03,0x9E,0x39,0x02,
	0xC2,0x11,0x02,0x00,0x10,0x00,0x00,0x40,0x00,0x00,0x80,0x00,0x01,0x83,0x20,0x21,0x02,0x33,0x48,0x00,
	0x01,0x03,0x04,0x00,0x10,0x00,0x00,0x89,0x07,0x00,0x00,0x06,0x08,0x00,0x06,0x00,0x00,0x02,0x00,0x00,
	0x02,0x00,0x00,0x04,0x00,0x00,0x05,0x00,0x04,0x01,0x81,0x03,0xFE,0x39,0x00,0x00,0x10,0x00,0x04,0x83,
	0x00,0x00,0x02,0x30,0x40,0x00,0x01,0x03,0x04,0x00,0x10,0x00,0x14,0x9F,0x49,0x88,0x02,0x5F,0x80,0x03,
	0x04,0x01,0x00,0x23,0x00,0x00,0x40,0x44,0x07,0x90,0xED,0x04,0xE0,0x3E,0x06,0xF7,0xE0,0x05,0x0E,0x5E,
	0x06,0xC3,0x51,0x00,0x00,0x10,0x00,0x00,0xC0,0x02,0x00,0x90,0x05,0x0C,0x80,0x01,0x02,0x80,0x01,0x00,
	0x02,0x00,0x00,0xA0,0x01,0x00,0x20,0x02,0x00,0x80,0x00,0x0F,0xD0,0x00,0x02,0x08,0x00,0x08,0x00,0x00,
	0x1B,0x01,0x00,0x2B,0x00,0x00,0x32,0x00,0x00,0x60,0x0B,0x04,0x94,0xCB,0x03,0x87,0x78,0x04,0xF1,0x0F,
	0x06,0x3C,0x08,0x00,0x00,0x68,0x00,0x00,0x80,0x00,0x00,0x81,0x00,0x80,0x00,0x00,0x80,0x00,0x00,0x81,
	0x00,0xA0,0x01,0x00,0x20,0x02,0x00,0x84,0x00,0x10,0x00,0x01,0x08,0x00,0x01,0x00,0x00,0x01,0x00,0x00,
	0x01,0x00,0x00,0x00,0x84,0x00,0x0A,0x04,0x0C,0xCB,0x03,0xF7,0x78,0x00,0xF0,0x01,0x00,0x00,0x10,0x00,
	0x05,0x81,0x00,0x80,0x01,0x00,0x20,0x02,0x00,0x80,0x00,0x10,0x00,0x13,0x92,0x4B,0x00,0x00,0x1F,0x80,
	0x00,0x05,0xD0,0x02,0x01,0xD4,0x04,0x0E,0x26,0x00,0xA5,0x2C,0x07,0x66,0xB1,0x07,0x8F,0x69,0x04,0x7D,
	0x1E,0x00,0x00,0x38,0x00,0x00,0x40,0x01,0x00,0x90,0x04,0x04,0x40,0x01,0x05,0x60,0x03,0x18,0x00,0x00,
	0x48,0x67,0x00,0x03,0x10,0x02,0xC1,0x40,0x00,0x80,0x0F,0x00,0x00,0x8D,0x0C,0x00,0x00,0x14,0x00,0x00,
	0x19,0x00,0x00,0x39,0x00,0x03,0x04,0x14,0x07,0x61,0xFD,0x03,0x97,0x30,0x04,0xF0,0x11,0x04,0xFE,0x31,
	0x00,0x00,0x60,0x00,0x00,0x80,0x01,0x00,0x00,0x01,0x00,0x00,0x01,0x06,0x00,0x01,0x00,0x83,0x40,0x03,
	0x00,0x03,0x08,0x02,0xC1,0x40,0x00,0x80,0x0F,0x00,0x03,0x84,0x01,0x00,0x00,0x02,0x14,0x07,0x1D,0xFD,
	0x03,0xF7,0x30,0x00,0xF0,0x01,0x00,0x07,0x82,0x00,0x00,0x02,0xC1,0x40,0x00,0x80,0x0F,0x00,0x14,0x8A,
	0x11,0x80,0x00,0x03,0x04,0x07,0x03,0x14,0x06,0x04,0xA0,0x03,0x3C,0xB0,0x00,0xC6,0xE0,0x07,0x76,0x45,
	0x04,0x86,0x65,0x00,0x7C,0xF0,0x00,0x00,0xC0,0x01,0x00,0x00,0x05,0x00,0x86,0x0B,0xE0,0x00,0x06,0x40,
	0x02,0x86,0xC1,0x01,0xFF,0x6F,0x00,0x04,0x00,0x00,0x40,0x60,0x04,0x80,0x0D,0x00,0x01,0x88,0x1C,0x00,
	0x00,0x00,0x00,0x03,0x04,0x00,0x04,0x14,0xF0,0x00,0x66,0x00,0x04,0x78,0x04,0x04,0x07,0x60,0x00,0x00,
	0xC0,0x00,0x00,0x80,0x01,0x02,0x85,0x06,0x00,0x00,0x00,0xC0,0x00,0x78,0x04,0x00,0x03,0x30,0x00,0x40,
	0x60,0x04,0x80,0x0D,0x00,0x02,0x84,0x01,0x00,0x00,0x02,0x00,0x07,0x0C,0xF0,0x00,0xE6,0x00,0x00,0x78,
	0x04,0x00,0x08,0x82,0x03,0x00,0x00,0x40,0x60,0x04,0x80,0x0D,0x00,0x14,0x8B,0x1B,0x0C,0x00,0x03,0x0C,
	0x02,0x01,0x6D,0x01,0x9E,0x9D,0x00,0xD3,0x07,0x06,0xAB,0x52,0x04,0xB2,0x49,0x00,0x7E,0x94,0x00,0x00,
	0xC0,0x00,0x00,0x80,0x06,0x00,0x00,0x03,0x02,0x00,0x01,0x00,0x8E,0x1F,0x40,0x01,0xBF,0xE3,0x00,0x78,
	0x14,0x03,0x74,0x80,0x00,0x80,0x04,0x00,0x00,0x02,0x03,0x20,0x10,0x04,0x0D,0x00,0x00,0x00,0x04,0x02,
	0x04,0x65,0x07,0x0C,0xC5,0x00,0x33,0x05,0x00,0x08,0x10,0x04,0x83,0x09,0x00,0x78,0x90,0x00,0x04,0x86,
	0x00,0x00,0x01,0xC0,0x21,0x00,0x07,0x20,0x03,0x74,0x80,0x00,0x80,0x04,0x00,0x00,0x02,0x00,0x00,0x10,
	0x00,0x00,0x85,0x01,0x04,0x00,0x02,0x04,0x04,0x04,0xC4,0x00,0x13,0x04,0x00,0x08,0x10,0x00,0x80,0x09,
	0x00,0x07,0x84,0x00,0x00,0x03,0x74,0x80,0x00,0x80,0x04,0x00,0x00,0x02,0x00,0x00,0x10,0x00,0x13,0x87,
	0x88,0x04,0x06,0xC1,0x80,0x07,0xC9,0xDF,0x02,0x99,0x1B,0x00,0xE4,0x00,0x05,0x15,0x00,0x00,0x06,0x44,
	0x00,0x88,0xE8,0x00,0x02,0x86,0x0D,0x20,0x01,0x0F,0x00,0x00,0xC0,0xB0,0x01,0xC6,0x33,0x00,0x09,0x80,
	0x02,0x08,0x70,0x04,0x00,0x03,0x00,0x00,0x88,0x10,0xC0,0x00,0x81,0x04,0x00,0x82,0x80,0x03,0x84,0x58,
	0x03,0x99,0x03,0x00,0xE4,0x00,0x04,0x11,0x00,0x00,0x04,0x00,0x00,0x80,0xE0,0x00,0x02,0x80,0x00,0x00,
	0x01,0x00,0x84,0x00,0x80,0x00,0x3F,0x02,0x00,0x09,0x98,0x02,0x08,0x70,0x04,0x00,0x03,0x00,0x01,0x80,
	0x01,0x04,0x00,0x00,0x83,0x04,0x00,0x03,0x09,0x00,0x00,0x24,0x00,0x00,0x10,0x00,0x00,0x08,0x82,0x09,
	0x80,0x02,0x08,0x70,0x04,0x00,0x03,0x00,0x15,0x88,0x20,0x06,0x04,0x85,0x67,0x07,0x0B,0xD5,0x00,0xD2,
	0x1C,0x06,0xC1,0x83,0x04,0x48,0x80,0x00,0x00,0x02,0x00,0x10,0xB4,0x00,0x00,0x00,0x02,0x00,0x8E,0x00,
	0x00,0x01,0x09,0xC0,0x00,0x00,0x60,0x01,0xDF,0xF1,0x00,0x06,0x16,0x01,0x36,0x00,0x00,0x00,0x02,0x00,
	0x00,0x10,0x01,0x10,0x18,0x00,0x53,0x23,0x00,0x00,0x00,0x04,0x02,0x60,0x05,0x09,0xB4,0x00,0x82,0x1C,
	0x00,0x00,0x00,0x04,0x01,0x80,0x00,0x84,0x00,0x01,0x80,0x00,0x00,0x01,0x00,0x86,0x00,0x00,0x01,0xE0,
	0x70,0x00,0x00,0x10,0x01,0x36,0x00,0x00,0x00,0x02,0x00,0x00,0x10,0x00,0x00,0x18,0x00,0x01,0x82,0x02,
	0x00,0x04,0x01,0x80,0x00,0x02,0x1C,0x00,0x02,0x80,0x00,0x04,0x00,0x05,0x84,0x00,0x00,0x01,0x36,0x00,
	0x00,0x00,0x02,0x00,0x00,0x10,0x00,0x00,0x18,0x00,0x14,0x88,0x40,0x00,0x07,0xE0,0x92,0x03,0xA0,0x5B,
	0x00,0x90,0x22,0x05,0x00,0x40,0x00,0x80,0x12,0x00,0x00,0x05,0x00,0x80,0x22,0x00,0x00,0x04,0x00,0x00,
	0x84,0x01,0x20,0x00,0x06,0x00,0x00,0x00,0x10,0x00,0x1F,0x60,0x00,0x00,0x98,0x00,0x00,0x87,0x80,0x08,
	0x00,0x00,0x84,0x00,0x00,0x80,0x00,0x90,0x00,0x00,0x40,0x00,0x07,0xC0,0x92,0x02,0x80,0x4B,0x00,0x80,
	0x22,0x04,0x00,0x82,0x00,0x10,0x00,0x00,0x01,0x00,0x80,0x02,0x00,0x04,0x81,0x1F,0x00,0x00,0x00,0x80,
	0x00,0x00,0x81,0x80,0x08,0x00,0x00,0x04,0x00,0x02,0x82,0x80,0x02,0x02,0x00,0x42,0x00,0x00,0x20,0x00,
	0x00,0x82,0x00,0x10,0x00,0x00,0x01,0x00,0x00,0x02,0x00,0x05,0x80,0x00,0x80,0x00,0x00,0x81,0x80,0x08,
	0x00,0x00,0x04,0x00,0x15,0x88,0x40,0x02,0x00,0x02,0x09,0x00,0x28,0x04,0x00,0x70,0x00,0x00,0x62,0x3C,
	0x00,0x80,0x30,0x00,0x00,0x40,0x06,0x00,0xC1,0x04,0x00,0x0A,0x01,0x00,0x80,0x02,0x00,0x00,0x00,0x84,
	0x78,0x10,0x00,0xEF,0x08,0x00,0x00,0x0A,0x00,0x00,0x70,0x02,0x00,0x00,0x04,0x00,0x87,0x08,0x08,0x00,
	0x02,0x00,0x00,0x00,0x02,0x00,0x00,0x08,0x00,0x08,0x04,0x00,0x50,0x00,0x00,0x20,0x1C,0x00,0x80,0x30,
	0x00,0x00,0x81,0x00,0x40,0x00,0x00,0x00,0x01,0x02,0x80,0x00,0x10,0x00,0x00,0x82,0x00,0x08,0x00,0x00,
	0x70,0x02,0x00,0x00,0x04,0x00,0x80,0x00,0x08,0x00,0x00,0x80,0x00,0x02,0x00,0x02,0x81,0x20,0x1C,0x00,
	0x80,0x30,0x00,0x08,0x81,0x00,0x70,0x02,0x00,0x00,0x04,0x00,0x80,0x00,0x08,0x00,0x14,0x8C,0x71,0x80,
	0x00,0x94,0xC6,0x01,0x28,0x28,0x04,0x00,0x82,0x00,0x00,0x06,0x00,0x00,0xE0,0x00,0x00,0xE2,0x00,0x00,
	0x14,0x05,0x00,0x0E,0x00,0x00,0x00,0x01,0x02,0x00,0x01,0x00,0x00,0x01,0x27,0x00,0x00,0x00,0x88,0x00,
	0x00,0x01,0x00,0x08,0x02,0x00,0x01,0x04,0x00,0x04,0x00,0x00,0x60,0x00,0x00,0x10,0x00,0x61,0x80,0x00,
	0x80,0x44,0x01,0x00,0x20,0x00,0x00,0x83,0x00,0x06,0x00,0x00,0x20,0x00,0x00,0x80,0x00,0x00,0x04,0x01,
	0x01,0x82,0x00,0x00,0x01,0x00,0x00,0x01,0x20,0x10,0x00,0x00,0x83,0x00,0x00,0x01,0x00,0x08,0x02,0x00,
	0x01,0x04,0x00,0x04,0x00,0x01,0x82,0x41,0x00,0x00,0x80,0x00,0x01,0x00,0x20,0x00,0x00,0x81,0x00,0x06,
	0x00,0x00,0x20,0x00,0x00,0x80,0x00,0x04,0x00,0x05,0x83,0x00,0x00,0x01,0x00,0x08,0x02,0x00,0x01,0x04,
	0x00,0x04,0x00,0x15,0x9B,0x21,0x02,0x06,0x12,0x20,0x00,0x84,0x14,0x00,0xC8,0x00,0x00,0x00,0x03,0x00,
	0x80,0xE0,0x00,0x40,0xA9,0x01,0x20,0x7E,0x00,0x00,0x00,0x04,0x00,0x20,0x00,0x00,0x40,0x00,0x00,0x60,
	0x00,0x18,0x04,0x00,0x10,0x18,0x00,0x00,0x08,0x00,0x00,0x00,0x02,0x00,0x00,0x04,0x00,0x0C,0x00,0x00,
	0x01,0x00,0x02,0x02,0x00,0x00,0x00,0x02,0x02,0x20,0x00,0x04,0x10,0x00,0xC8,0x00,0x00,0x00,0x03,0x00,
	0x80,0xA0,0x00,0x00,0x78,0x01,0x00,0x32,0x00,0x03,0x81,0x18,0x18,0x00,0x00,0x08,0x00,0x00,0x82,0x00,
	0x00,0x02,0x00,0x00,0x04,0x00,0x0C,0x00,0x02,0x86,0x02,0x00,0x00,0x04,0x10,0x00,0x08,0x00,0x00,0x00,
	0x03,0x00,0x80,0x20,0x00,0x00,0x08,0x00,0x00,0x02,0x00,0x06,0x82,0x00,0x00,0x02,0x00,0x00,0x04,0x00,
	0x0C,0x00,0x15,0x8C,0x29,0x41,0x00,0xD2,0xC0,0x00,0x14,0x08,0x00,0x00,0x43,0x04,0xA8,0x15,0x00,0x00,
	0x70,0x00,0x80,0x2D,0x00,0x00,0x35,0x05,0x00,0x00,0x03,0x00,0x00,0x02,0x00,0x20,0x00,0x00,0x80,0x03,
	0xC4,0x20,0x00,0x00,0x82,0x04,0x84,0x00,0x00,0x00,0x02,0x00,0x04,0x04,0x01,0x88,0x09,0x08,0x00,0x21,
	0x40,0x00,0x40,0x80,0x00,0x00,0x08,0x00,0x00,0x01,0x04,0x88,0x05,0x00,0x00,0x50,0x00,0x80,0x04,0x00,
	0x00,0x0E,0x00,0x03,0x80,0x44,0x20,0x00,0x00,0x82,0x04,0x84,0x00,0x00,0x00,0x02,0x00,0x04,0x04,0x02,
	0x82,0x20,0x00,0x00,0x00,0x80,0x00,0x00,0x08,0x00,0x00,0x82,0x88,0x05,0x00,0x00,0x30,0x00,0x80,0x04,
	0x00,0x06,0x82,0x04,0x80,0x00,0x00,0x00,0x02,0x00,0x04,0x04,0x16,0x92,0x51,0x20,0x04,0x0A,0x13,0x00,
	0x4C,0x01,0x00,0x4C,0x02,0x00,0x78,0x04,0x00,0x01,0xAC,0x01,0x42,0x1E,0x01,0x00,0x09,0x00,0x00,0x00,
	0x02,0x00,0x60,0x00,0x00,0x00,0x03,0x30,0x00,0x00,0x02,0x40,0x00,0x00,0x08,0x00,0x08,0x00,0x00,0x80,
	0x07,0x00,0x00,0x00,0x04,0x00,0x04,0x00,0x80,0x10,0x00,0x00,0x88,0x50,0x20,0x04,0x02,0x12,0x00,0x04,
	0x01,0x00,0xC4,0x00,0x00,0x38,0x04,0x00,0x01,0x1C,0x01,0x00,0x0A,0x00,0x00,0x01,0x00,0x00,0x00,0x02,
	0x02,0x80,0x02,0x40,0x00,0x00,0x83,0x08,0x00,0x00,0x80,0x07,0x00,0x00,0x00,0x04,0x00,0x04,0x00,0x01,
	0x80,0x40,0x00,0x04,0x01,0x83,0x04,0x00,0x00,0x18,0x04,0x00,0x00,0x0C,0x00,0x00,0x02,0x00,0x06,0x83,
	0x08,0x00,0x00,0x80,0x07,0x00,0x00,0x00,0x04,0x00,0x04,0x00,0x15,0x87,0x10,0x01,0x01,0x87,0x14,0x00,
	0x80,0x00,0x02,0x8C,0x00,0x00,0xBA,0x20,0x00,0x00,0x19,0x03,0x68,0x03,0x02,0xE0,0x0C,0x00,0x02,0x84,
	0x08,0x30,0x00,0x80,0x84,0x04,0x00,0x04,0x06,0x02,0x00,0x02,0x40,0x00,0x01,0x00,0x8A,0x08,0x00,0x02,
	0x14,0x00,0x04,0x10,0x00,0x00,0x00,0x01,0x01,0x81,0x10,0x00,0x02,0x00,0x00,0x08,0x00,0x00,0xA8,0x20,
	0x00,0x00,0x01,0x00,0x48,0x01,0x00,0xC0,0x00,0x00,0x03,0x83,0x00,0x84,0x04,0x00,0x00,0x06,0x02,0x00,
	0x02,0x40,0x00,0x01,0x02,0x83,0x10,0x00,0x00,0x00,0x01,0x00,0x01,0x00,0x00,0x02,0x00,0x00,0x00,0x82,
	0x88,0x00,0x00,0x00,0x01,0x00,0x40,0x01,0x00,0x04,0x83,0x00,0x00,0x04,0x00,0x00,0x06,0x02,0x00,0x02,
	0x40,0x00,0x01,0x17,0x87,0x54,0x01,0x02,0x00,0x34,0x04,0x42,0x05,0x04,0xC4,0x01,0x00,0x28,0x98,0x01,
	0x88,0x0E,0x00,0xAD,0x0C,0x02,0x50,0x03,0x00,0x01,0x84,0x00,0x00,0x01,0x14,0x00,0x01,0x7D,0x2A,0x02,
	0x80,0x05,0x00,0x84,0x04,0x00,0x01,0x8A,0x04,0x40,0x02,0x40,0x00,0x00,0x05,0x04,0x00,0x10,0x00,0x00,
	0x01,0x11,0x00,0x02,0x04,0x04,0xC4,0x00,0x00,0x00,0x90,0x01,0x80,0x0A,0x00,0xAC,0x04,0x00,0x40,0x00,
	0x00,0x02,0x83,0x10,0x00,0x00,0x41,0x00,0x02,0x00,0x04,0x00,0x84,0x00,0x00,0x04,0x82,0x10,0x00,0x00,
	0x00,0x01,0x00,0x00,0x04,0x00,0x01,0x81,0x80,0x02,0x00,0xA0,0x00,0x00,0x04,0x80,0x00,0x00,0x02,0x00,
	0x80,0x84,0x00,0x00,0x18,0x8E,0xA2,0x00,0x00,0x83,0x40,0x04,0x81,0x01,0x04,0x80,0x20,0x00,0x00,0xCC,
	0x00,0x00,0x0D,0x01,0x54,0x01,0x01,0x90,0x00,0x00,0x00,0x00,0x02,0x00,0x00,0x02,0x01,0x00,0x02,0x38,
	0x08,0x02,0x22,0x12,0x01,0x80,0x06,0x01,0xC4,0x21,0x00,0x00,0x8A,0x00,0x00,0x04,0x08,0x00,0x00,0x02,
	0x09,0x00,0x12,0x01,0x00,0x28,0x00,0x00,0x80,0x40,0x00,0x80,0x01,0x04,0x80,0x00,0x00,0x00,0x48,0x00,
	0x00,0x06,0x00,0x44,0x00,0x00,0x00,0x80,0x00,0x00,0x02,0x01,0x83,0x18,0x00,0x00,0x00,0x02,0x00,0x80,
	0x00,0x01,0xC4,0x20,0x00,0x00,0x80,0x00,0x00,0x04,0x01,0x83,0x10,0x00,0x00,0x20,0x00,0x00,0x00,0x40,
	0x00,0x00,0x01,0x00,0x02,0x80,0x40,0x00,0x00,0x05,0x81,0x00,0x00,0x01,0xC4,0x20,0x00,0x00,0x80,0x00,
	0x00,0x04,0x16,0x89,0xEC,0x10,0x02,0x01,0x09,0x00,0x80,0x00,0x00,0x42,0x80,0x00,0x18,0x16,0x01,0xD0,
	0x05,0x03,0x69,0x07,0x01,0x60,0x00,0x03,0x00,0x00,0x03,0x00,0x60,0x01,0x00,0x84,0x06,0x84,0x01,0x60,
	0x05,0x00,0xC0,0x82,0x00,0x21,0x2F,0x01,0x00,0x80,0x04,0x00,0x84,0x02,0x00,0x01,0x28,0x00,0x00,0x0B,
	0x02,0x00,0xCC,0x10,0x02,0x80,0x09,0x00,0x00,0x83,0x40,0x80,0x00,0x00,0x04,0x01,0x50,0x01,0x01,0xA8,
	0x03,0x01,0x03,0x84,0x04,0x00,0x01,0x20,0x00,0x00,0x00,0x82,0x00,0x21,0x2D,0x01,0x00,0x80,0x04,0x02,
	0x82,0x08,0x00,0x00,0x88,0x00,0x02,0x80,0x00,0x00,0x02,0x81,0x50,0x00,0x00,0x20,0x00,0x00,0x05,0x82,
	0x00,0x80,0x00,0x21,0x2C,0x01,0x00,0x80,0x04,0x17,0x88,0xF5,0x80,0x01,0x80,0x00,0x00,0xA0,0x00,0x01,
	0x32,0x40,0x00,0x00,0x4B,0x00,0x08,0x01,0x03,0xD6,0x03,0x01,0x00,0x00,0x01,0x00,0x00,0x01,0x00,0x85,
	0x00,0xC0,0x01,0x10,0x20,0x01,0x11,0x8B,0x05,0x40,0x02,0x00,0x98,0x15,0x06,0x00,0x00,0x02,0x00,0x83,
	0x00,0x20,0x02,0x01,0x04,0x00,0x80,0x01,0x00,0x70,0x80,0x00,0x00,0x88,0x80,0x00,0x00,0x30,0x40,0x00,
	0x00,0x02,0x00,0x00,0x01,0x00,0x60,0x00,0x00,0x00,0x00,0x01,0x00,0x00,0x01,0x00,0x00,0x01,0x00,0x00,
	0x01,0x00,0x83,0x00,0x01,0x05,0x40,0x00,0x00,0x18,0x15,0x06,0x00,0x00,0x02,0x03,0x80,0x10,0x00,0x00,
	0x00,0x80,0x80,0x00,0x00,0x08,0x80,0x00,0x00,0x05,0x00,0x81,0x18,0x14,0x06,0x00,0x00,0x02,0x17,0x8F,
	0x56,0x00,0x00,0x80,0x10,0x04,0x60,0x04,0x04,0x84,0x00,0x00,0x42,0xA7,0x00,0x7B,0x83,0x02,0x68,0x80,
	0x00,0x00,0x80,0x01,0x00,0x90,0x01,0x00,0x92,0x00,0x00,0x00,0x01,0x0B,0xC3,0x00,0xA0,0xC8,0x00,0x60,
	0x41,0x00,0xC9,0x84,0x02,0x00,0x40,0x00,0x00,0x89,0x04,0x90,0x00,0x80,0x00,0x00,0x84,0x00,0x00,0x06,
	0x00,0x00,0xC0,0x00,0x00,0x40,0x04,0x04,0x04,0x00,0x00,0x80,0x01,0x00,0x33,0x01,0x00,0x10,0x00,0x00,
	0x03,0x84,0x0A,0x80,0x00,0x00,0x80,0x00,0x00,0x40,0x00,0xC9,0x84,0x02,0x00,0x40,0x00,0x02,0x81,0x04,
	0x00,0x00,0x04,0x00,0x00,0x00,0x80,0x00,0x04,0x00,0x01,0x80,0x30,0x00,0x00,0x05,0x83,0x00,0x80,0x00,
	0x00,0x40,0x00,0x49,0x84,0x02,0x00,0x40,0x00,0x17,0x8F,0x58,0x08,0x01,0x40,0x20,0x00,0x42,0x00,0x00,
	0x08,0xF1,0x00,0x00,0x81,0x00,0xE4,0x81,0x01,0x00,0x80,0x00,0x00,0x80,0x00,0x00,0x88,0x00,0x00,0x40,
	0x00,0x00,0xC0,0x00,0x80,0x84,0x00,0x10,0x41,0x00,0x20,0x20,0x00,0x40,0x03,0x00,0x00,0x40,0x01,0x00,
	0x84,0x01,0x00,0x02,0x14,0x00,0x00,0x08,0x00,0x00,0x58,0x08,0x01,0x40,0x20,0x00,0x00,0x8C,0x08,0xA0,
	0x00,0x00,0x80,0x00,0xC4,0x80,0x00,0x00,0x80,0x00,0x00,0x80,0x00,0x00,0x80,0x00,0x00,0x80,0x00,0x00,
	0x80,0x00,0x00,0x04,0x00,0x10,0x40,0x00,0x20,0x21,0x00,0x00,0x02,0x00,0x00,0x40,0x01,0x02,0x82,0x08,
	0x00,0x00,0x48,0x00,0x01,0x40,0x20,0x00,0x09,0x83,0x00,0x40,0x00,0x00,0x20,0x00,0x00,0x02,0x00,0x00,
	0x40,0x01,0x17,0x8F,0x62,0xC0,0x00,0x60,0x0C,0x00,0x73,0xA0,0x02,0x80,0x7C,0x00,0x04,0x40,0x00,0xFC,
	0xC0,0x01,0x00,0xC0,0x00,0x00,0xC0,0x00,0x00,0xD0,0x00,0x00,0x08,0x00,0x00,0x80,0x02,0x0C,0xF0,0x00,
	0x88,0x00,0x00,0x80,0x00,0x00,0xE1,0x51,0x00,0x00,0x40,0x00,0x00,0x86,0x00,0x08,0x01,0x00,0x02,0x04,
	0x43,0x04,0x00,0x28,0x40,0x00,0x20,0x04,0x00,0x61,0x00,0x02,0x00,0x10,0x00,0x00,0x80,0x24,0x00,0x00,
	0x03,0x82,0x00,0x00,0x02,0x04,0xC0,0x00,0x80,0x00,0x00,0x00,0x81,0xE1,0x51,0x00,0x00,0x40,0x00,0x02,
	0x80,0x02,0x04,0x00,0x01,0x80,0x40,0x00,0x00,0x06,0x81,0x00,0x00,0x02,0x00,0x80,0x00,0x01,0x81,0x21,
	0x51,0x00,0x00,0x40,0x00,0x17,0x85,0x23,0x84,0x04,0xE0,0x10,0x02,0x31,0x24,0x00,0x06,0x41,0x00,0x00,
	0x40,0x00,0x20,0x40,0x02,0x01,0x87,0x00,0x41,0x00,0x00,0x43,0x00,0x00,0x60,0x01,0x41,0x42,0x06,0x58,
	0x00,0x00,0xB0,0x10,0x00,0x80,0x02,0x00,0x00,0x80,0x00,0x00,0x88,0x03,0x80,0x00,0x4A,0x01,0x00,0x00,
	0x08,0x00,0x07,0x84,0x00,0x40,0x10,0x00,0x00,0x24,0x00,0x04,0x40,0x00,0x00,0x40,0x00,0x00,0x40,0x00,
	0x01,0x87,0x00,0x40,0x00,0x00,0x40,0x00,0x00,0x40,0x01,0x01,0x02,0x06,0x08,0x00,0x00,0x80,0x10,0x00,
	0x00,0x02,0x00,0x00,0x80,0x00,0x02,0x83,0x00,0x08,0x00,0x06,0x80,0x00,0x00,0x10,0x00,0x00,0x04,0x00,
	0x06,0x81,0x00,0x00,0x01,0x00,0x00,0x06,0x00,0x82,0x00,0x10,0x00,0x00,0x02,0x00,0x00,0x80,0x00,0x17,
	0x8F,0x24,0x60,0x00,0x80,0x00,0x00,0x08,0x60,0x00,0xCB,0x30,0x00,0xE0,0x20,0x00,0x0A,0x40,0x02,0x00,
	0x40,0x00,0x00,0x40,0x00,0x00,0x45,0x00,0x00,0x40,0x00,0x00,0x80,0x00,0xC4,0x84,0x04,0xC4,0x20,0x06,
	0xD0,0x00,0x00,0xE1,0x00,0x00,0x00,0x30,0x00,0x00,0x80,0x00,0x04,0x01,0x00,0x88,0x24,0x0C,0x00,0x24,
	0x20,0x00,0x20,0x00,0x00,0x00,0x30,0x00,0x0A,0x00,0x00,0x40,0x00,0x00,0x02,0x00,0x00,0x00,0x40,0x00,
	0x00,0x40,0x00,0x01,0x85,0x00,0x80,0x00,0x00,0x84,0x04,0x40,0x20,0x06,0x10,0x00,0x00,0xC1,0x00,0x00,
	0x00,0x30,0x00,0x02,0x82,0x04,0x0C,0x00,0x20,0x00,0x00,0x20,0x00,0x00,0x07,0x82,0x00,0x80,0x00,0x00,
	0x80,0x04,0x00,0x20,0x06,0x00,0x81,0x81,0x00,0x00,0x00,0x30,0x00,0x17,0x8E,0x33,0x00,0x06,0x10,0x06,
	0x01,0x39,0x23,0x01,0x01,0x08,0x00,0x00,0x21,0x00,0x38,0xE0,0x01,0x00,0x40,0x04,0x00,0x40,0x00,0x00,
	0x20,0x00,0x80,0x05,0x00,0x00,0xC0,0x03,0x02,0x3A,0x00,0x28,0x00,0x01,0x18,0x10,0x00,0x31,0x29,0x00,
	0x01,0x88,0x00,0x40,0x00,0x21,0x00,0x00,0x02,0x00,0x00,0x12,0x00,0x00,0x10,0x02,0x00,0x30,0x03,0x01,
	0x01,0x08,0x00,0x00,0x20,0x00,0x10,0x00,0x00,0x03,0x84,0x00,0x80,0x03,0x02,0x22,0x00,0x00,0x00,0x01,
	0x00,0x10,0x00,0x31,0x29,0x00,0x03,0x81,0x02,0x00,0x00,0x02,0x00,0x00,0x00,0x80,0x20,0x03,0x00,0x06,
	0x80,0x00,0x80,0x03,0x00,0x82,0x00,0x00,0x01,0x00,0x10,0x00,0x11,0x29,0x00,0x18,0x91,0x00,0x40,0x00,
	0x00,0x08,0x04,0x94,0x18,0x00,0x20,0x08,0x04,0x43,0x01,0x00,0x39,0x20,0x00,0x00,0x20,0x02,0x00,0x20,
	0x00,0x00,0x08,0x00,0x00,0x30,0x00,0x00,0x10,0x00,0x02,0x00,0x00,0x06,0x81,0x00,0x48,0x00,0x00,0x41,
	0x04,0x00,0x00,0x08,0x00,0x00,0x40,0x00,0x00,0xB8,0x00,0x00,0x86,0x50,0x00,0x00,0x13,0x40,0x00,0x10,
	0x08,0x00,0x80,0x10,0x00,0x00,0x00,0x04,0x03,0x00,0x00,0x09,0x20,0x00,0x02,0x80,0x00,0x20,0x00,0x01,
	0x84,0x04,0x80,0x00,0x48,0x00,0x00,0x11,0x04,0x00,0x00,0x08,0x00,0x00,0x40,0x00,0x02,0x82,0x10,0x40,
	0x00,0x10,0x08,0x00,0x80,0x00,0x00,0x08,0x80,0x00,0x80,0x00,0x00,0x82,0x01,0x04,0x00,0x00,0x08,0x00,
	0x00,0x40,0x00,0x16,0x8E,0x00,0x30,0x00,0x20,0xC0,0x00,0x23,0xA8,0x04,0x00,0x16,0x00,0x38,0x10,0x00,
	0x0F,0x00,0x00,0x00,0xA0,0x00,0x00,0x20,0x04,0x00,0x20,0x00,0x00,0x30,0x00,0x00,0x20,0x00,0x81,0x20,
	0x02,0x25,0x00,0x04,0x68,0x00,0x00,0x8A,0x40,0x00,0x00,0x82,0x00,0x60,0x00,0x00,0x04,0x00,0x14,0x02,
	0x03,0x00,0x88,0x01,0x10,0x00,0x20,0x00,0x00,0x00,0x88,0x04,0x00,0x04,0x00,0x20,0x00,0x00,0x07,0x00,
	0x00,0x00,0x20,0x00,0x00,0x20,0x00,0x00,0x20,0x00,0x00,0x82,0x00,0x20,0x00,0x01,0x00,0x02,0x20,0x00,
	0x04,0x00,0x80,0x8A,0x40,0x00,0x00,0x80,0x00,0x60,0x00,0x0D,0x81,0x00,0x00,0x02,0x00,0x00,0x04,0x00,
	0x80,0x8A,0x40,0x00,0x00,0x80,0x00,0x60,0x00,0x16,0x85,0x0D,0x00,0x03,0x0C,0x01,0x00,0x19,0x10,0x00,
	0x00,0x20,0x02,0x3C,0x00,0x00,0x07,0x10,0x00,0x01,0x81,0x00,0x02,0x00,0xC0,0x02,0x00,0x00,0x84,0x00,
	0x04,0x00,0x92,0x40,0x02,0x04,0x00,0x00,0x2C,0x00,0x00,0x01,0x00,0x00,0x01,0x86,0x05,0x01,0x00,0x00,
	0x00,0x04,0x08,0x00,0x00,0x08,0x01,0x00,0x18,0x00,0x00,0x00,0x20,0x02,0x1C,0x00,0x00,0x06,0x80,0x02,
	0x40,0x02,0x00,0x81,0x24,0x00,0x00,0x01,0x00,0x00,0x01,0x80,0x01,0x00,0x00,0x02,0x80,0x10,0x00,0x00,
	0x08,0x80,0x00,0x40,0x02,0x00,0x81,0x04,0x00,0x00,0x01,0x00,0x00,0x01,0x80,0x01,0x00,0x00,0x14,0x84,
	0x0B,0x00,0x04,0x10,0x60,0x00,0x05,0x04,0x00,0x0C,0x25,0x00,0x14,0x10,0x04,0x00,0x81,0x00,0x40,0x01,
	0x00,0x20,0x00,0x01,0x85,0x00,0x28,0x00,0x00,0x08,0x00,0x00,0x10,0x00,0x24,0x00,0x00,0x00,0x30,0x00,
	0x10,0x05,0x00,0x01,0x82,0x08,0x80,0x00,0x48,0x00,0x00,0x01,0x00,0x04,0x01,0x81,0x08,0x20,0x00,0x00,
	0x10,0x04,0x06,0x83,0x00,0x10,0x00,0x24,0x00,0x00,0x00,0x30,0x00,0x10,0x05,0x00,0x03,0x80,0x00,0x00,
	0x04,0x0A,0x80,0x00,0x10,0x00,0x00,0x81,0x00,0x30,0x00,0x10,0x05,0x00,0x17,0x84,0x40,0x00,0x00,0x0C,
	0x00,0x02,0x18,0x0C,0x06,0x04,0x00,0x00,0x03,0x00,0x00,0x00,0x83,0x00,0x10,0x00,0x00,0x10,0x00,0x00,
	0x30,0x00,0x00,0x10,0x00,0x00,0x81,0x01,0x12,0x00,0x00,0x05,0x00,0x00,0x82,0x28,0x50,0x00,0x80,0x00,
	0x00,0x00,0x10,0x00,0x00,0x82,0x00,0x60,0x00,0x01,0x00,0x00,0x20,0x00,0x00,0x00,0x80,0x00,0x0C,0x02,
	0x05,0x80,0x00,0x10,0x00,0x00,0x80,0x00,0x10,0x00,0x01,0x82,0x08,0x50,0x00,0x80,0x00,0x00,0x00,0x10,
	0x00,0x02,0x80,0x20,0x00,0x00,0x0C,0x82,0x00,0x50,0x00,0x80,0x00,0x00,0x00,0x10,0x00,0x16,0x83,0xA5,
	0x1F,0x00,0xA0,0x06,0x00,0x00,0x04,0x00,0x02,0x08,0x01,0x00,0x80,0x00,0x10,0x00,0x01,0x81,0x00,0x04,
	0x00,0x40,0x00,0x00,0x01,0x83,0x12,0x03,0x02,0x30,0x10,0x00,0x00,0x10,0x00,0x4C,0x01,0x00,0x01,0x83,
	0x00,0x10,0x00,0x00,0x04,0x00,0x10,0x02,0x00,0x60,0x04,0x00,0x00,0x80,0x00,0x00,0x01,0x00,0x80,0x00,
	0x10,0x00,0x05,0x83,0x10,0x00,0x02,0x00,0x10,0x00,0x00,0x10,0x00,0x4C,0x01,0x00,0x03,0x81,0x10,0x0E,
	0x00,0x80,0x04,0x00,0x09,0x83,0x00,0x00,0x02,0x00,0x10,0x00,0x00,0x10,0x00,0x4C,0x01,0x00,0x17,0x84,
	0xE0,0x18,0x06,0x72,0x18,0x00,0x24,0x10,0x00,0x11,0x02,0x04,0x70,0x08,0x00,0x01,0x80,0x00,0x00,0x02,
	0x00,0x86,0x00,0x30,0x00,0x00,0x04,0x00,0x00,0x01,0x00,0x01,0x30,0x00,0x06,0x00,0x05,0x0C,0x10,0x00,
	0x02,0x03,0x00,0x00,0x86,0x10,0x00,0x00,0x10,0x08,0x00,0x06,0x02,0x03,0xC8,0x09,0x02,0x70,0x07,0x00,
	0x44,0x00,0x00,0x00,0x02,0x04,0x04,0x80,0x00,0x10,0x00,0x01,0x83,0x01,0x30,0x00,0x00,0x00,0x05,0x00,
	0x10,0x00,0x02,0x03,0x00,0x00,0x81,0x10,0x00,0x00,0x10,0x00,0x00,0x00,0x82,0xC0,0x09,0x02,0x70,0x03,
	0x00,0x40,0x00,0x00,0x08,0x83,0x00,0x30,0x00,0x00,0x00,0x05,0x00,0x10,0x00,0x02,0x03,0x00,0x00,0x81,
	0x10,0x00,0x00,0x10,0x00,0x00,0x14,0x8D,0x88,0x03,0x01,0xCD,0x55,0x00,0xD8,0x36,0x02,0x60,0xA1,0x00,
	0x04,0x02,0x00,0x00,0x02,0x00,0x00,0x10,0x00,0x00,0x90,0x01,0x00,0x10,0x00,0x00,0x01,0x00,0x00,0x60,
	0x00,0x80,0x00,0x00,0x08,0x00,0x00,0x00,0x80,0x01,0x00,0x89,0x20,0x00,0x00,0x09,0x08,0x00,0x09,0x00,
	0x00,0x01,0x04,0x00,0x00,0xA1,0x00,0x98,0x0F,0x00,0xC4,0x0B,0x00,0xA8,0x00,0x00,0x00,0xA0,0x00,0x00,
	0x01,0x00,0x00,0x82,0x00,0x10,0x00,0x00,0x10,0x00,0x00,0x10,0x00,0x03,0x80,0x00,0x80,0x01,0x00,0x83,
	0x20,0x00,0x00,0x09,0x08,0x00,0x09,0x00,0x00,0x01,0x00,0x00,0x00,0x82,0x90,0x07,0x00,0xC0,0x0F,0x00,
	0xA8,0x00,0x00,0x09,0x80,0x00,0x80,0x01,0x00,0x83,0x20,0x00,0x00,0x09,0x08,0x00,0x09,0x00,0x00,0x01,
	0x00,0x00,0x14,0x87,0x66,0x88,0x02,0x9C,0x0B,0x01,0x0A,0x3B,0x01,0xC0,0x7C,0x00,0x80,0x1B,0x02,0x80,
	0x03,0x00,0x00,0x01,0x00,0x00,0x02,0x00,0x00,0x80,0x00,0x10,0x00,0x00,0x80,0x00,0x20,0x00,0x00,0x81,
	0x13,0x10,0x00,0x14,0x20,0x04,0x00,0x8A,0x00,0x04,0x00,0x04,0x00,0x00,0x08,0x00,0x04,0x40,0x18,0x00,
	0x6C,0x08,0x00,0x6C,0x08,0x00,0x18,0x05,0x01,0x80,0x76,0x00,0x80,0x08,0x02,0x00,0x01,0x00,0x00,0x02,
	0x00,0x01,0x80,0x00,0x10,0x00,0x02,0x81,0x12,0x10,0x00,0x14,0x20,0x04,0x00,0x82,0x00,0x04,0x00,0x04,
	0x00,0x00,0x08,0x00,0x04,0x00,0x83,0x68,0x00,0x00,0x60,0x08,0x00,0x18,0x01,0x00,0x80,0x08,0x00,0x08,
	0x81,0x00,0x10,0x00,0x00,0x20,0x04,0x00,0x82,0x00,0x04,0x00,0x04,0x00,0x00,0x08,0x00,0x04,0x14,0x90,
	0x0B,0x00,0x01,0xCA,0x10,0x00,0xD0,0x01,0x00,0x14,0x1C,0x02,0xC0,0x17,0x00,0x00,0x0B,0x04,0x00,0x08,
	0x00,0x00,0x42,0x00,0x00,0x01,0x04,0x00,0x20,0x00,0x00,0x72,0x00,0x00,0x20,0x00,0x01,0x02,0x00,0x08,
	0x50,0x00,0x04,0x00,0x00,0x00,0x40,0x00,0x04,0x00,0x00,0x01,0x88,0x00,0x48,0x00,0x06,0x00,0x01,0xD0,
	0x00,0x00,0xA8,0x01,0x00,0x04,0x10,0x02,0x80,0x07,0x00,0xC0,0x0C,0x04,0x80,0x02,0x00,0x00,0x01,0x00,
	0x01,0x80,0x00,0x10,0x00,0x00,0x81,0x00,0x02,0x00,0x00,0x50,0x00,0x00,0x81,0x00,0x40,0x00,0x04,0x00,
	0x00,0x02,0x84,0x04,0x00,0x01,0x58,0x00,0x00,0xA0,0x01,0x00,0x00,0x08,0x00,0xC0,0x01,0x00,0x07,0x80,
	0x00,0x50,0x00,0x00,0x81,0x00,0x40,0x00,0x04,0x00,0x00,0x16,0x89,0x0D,0x80,0x00,0x33,0x20,0x04,0x24,
	0x40,0x00,0x9E,0x08,0x04,0x28,0x06,0x00,0x60,0x0D,0x00,0x00,0x0B,0x00,0x00,0x08,0x00,0x80,0x1A,0x00,
	0x00,0x0C,0x00,0x00,0x83,0x00,0x04,0x00,0x10,0x02,0x00,0x82,0x20,0x02,0x12,0x10,0x00,0x00,0x80,0x00,
	0x02,0x00,0x02,0x87,0x03,0x00,0x00,0x06,0x00,0x04,0x5C,0x40,0x00,0x8C,0x08,0x00,0x28,0x00,0x00,0x00,
	0x02,0x00,0x40,0x0C,0x00,0x80,0x01,0x00,0x03,0x82,0x10,0x02,0x00,0x00,0x20,0x02,0x00,0x10,0x00,0x00,
	0x80,0x00,0x02,0x00,0x02,0x83,0x02,0x00,0x00,0x00,0x00,0x04,0x50,0x00,0x00,0x80,0x00,0x00,0x08,0x81,
	0x00,0x20,0x02,0x00,0x10,0x00,0x00,0x80,0x00,0x02,0x00,0x16,0x82,0x05,0x00,0x01,0x16,0x00,0x00,0x09,
	0x00,0x01,0x00,0x8F,0x16,0x00,0x01,0x10,0x00,0x00,0xC0,0x03,0x00,0x00,0x04,0x00,0x40,0x09,0x00,0x80,
	0x08,0x00,0x00,0x18,0x00,0x00,0x10,0x00,0x20,0x03,0x00,0x41,0x00,0x00,0x02,0x00,0x00,0x0C,0x00,0x00,
	0x02,0x20,0x00,0x10,0x00,0x00,0x10,0x00,0x00,0x80,0x2C,0x00,0x00,0x87,0x04,0x00,0x00,0x0C,0x00,0x00,
	0x08,0x00,0x00,0x34,0x01,0x01,0x20,0x00,0x00,0xA0,0x02,0x00,0xC0,0x00,0x00,0x00,0x08,0x00,0x00,0x80,
	0x00,0x08,0x00,0x00,0x82,0x20,0x03,0x00,0x01,0x00,0x00,0x02,0x00,0x00,0x00,0x82,0x02,0x20,0x00,0x10,
	0x00,0x00,0x10,0x00,0x00,0x01,0x81,0x04,0x00,0x00,0x08,0x00,0x00,0x00,0x80,0x20,0x01,0x00,0x0A,0x82,
	0x02,0x20,0x00,0x10,0x00,0x00,0x10,0x00,0x00,0x14,0x00,0x8D,0x03,0x00,0x04,0x0E,0xC0,0x00,0x3C,0x08,
	0x02,0xC8,0x00,0x04,0x20,0x04,0x00,0x30,0x01,0x00,0x00,0x3A,0x00,0xA0,0x04,0x00,0xC0,0x03,0x00,0x00,
	0x01,0x00,0x00,0x08,0x00,0x80,0x00,0x00,0x08,0x11,0x00,0x08,0x00,0x00,0x02,0x81,0x04,0x00,0x04,0x00,
	0x20,0x00,0x00,0x86,0x03,0x00,0x00,0x06,0xC0,0x00,0x0C,0x08,0x00,0xD8,0x00,0x04,0x30,0x00,0x00,0x40,
	0x01,0x00,0x60,0x08,0x00,0x02,0x82,0x00,0x08,0x00,0x80,0x00,0x00,0x08,0x10,0x00,0x03,0x80,0x04,0x00,
	0x04,0x01,0x84,0x02,0x00,0x00,0x04,0x00,0x00,0x08,0x00,0x00,0xD0,0x00,0x00,0x20,0x00,0x00,0x06,0x80,
	0x00,0x10,0x00,0x03,0x80,0x04,0x00,0x04,0x14,0x89,0x03,0x81,0x00,0x01,0x11,0x02,0x10,0x08,0x00,0x12,
	0x00,0x01,0xAC,0x04,0x00,0x18,0x02,0x02,0x08,0x03,0x00,0x00,0x03,0x00,0x50,0x00,0x00,0x60,0x18,0x04,
	0x01,0x85,0x40,0x00,0x00,0x25,0x00,0x01,0x03,0x00,0x00,0x04,0x00,0x00,0xC0,0x01,0x00,0x00,0x18,0x00,
	0x00,0x88,0x00,0x00,0x04,0x03,0x80,0x00,0x00,0x01,0x02,0x12,0x00,0x00,0x0E,0x00,0x01,0x24,0x04,0x00,
	0x18,0x00,0x02,0xB0,0x03,0x00,0x30,0x02,0x00,0x00,0x80,0x00,0x08,0x00,0x01,0x81,0x40,0x00,0x00,0x00,
	0x00,0x01,0x00,0x82,0x04,0x00,0x00,0xC0,0x01,0x00,0x00,0x18,0x00,0x00,0x86,0x00,0x00,0x04,0x03,0x80,
	0x00,0x00,0x00,0x02,0x02,0x00,0x00,0x0C,0x00,0x00,0x28,0x00,0x00,0x10,0x00,0x00,0x06,0x80,0x00,0x00,
	0x01,0x01,0x81,0xC0,0x01,0x00,0x00,0x18,0x00,0x00,0x80,0x00,0x00,0x04,0x13,0x8B,0x01,0x62,0x00,0x02,
	0x80,0x00,0x09,0x00,0x00,0x0B,0x00,0x00,0x00,0x02,0x00,0xB0,0x00,0x00,0xC4,0x01,0x04,0x80,0x19,0x00,
	0x28,0x08,0x00,0x30,0x00,0x00,0x00,0x08,0x00,0x00,0x0A,0x00,0x00,0x84,0x00,0x08,0x00,0x08,0x00,0x00,
	0x02,0x20,0x00,0x08,0x00,0x00,0x08,0x00,0x00,0x00,0x88,0x40,0x06,0x00,0x01,0x40,0x00,0x02,0x00,0x00,
	0x09,0x00,0x00,0x04,0x00,0x00,0x04,0x02,0x00,0x34,0x00,0x00,0x58,0x00,0x04,0x18,0x03,0x00,0x04,0x84,
	0x00,0x08,0x00,0x08,0x00,0x00,0x00,0x20,0x00,0x08,0x00,0x00,0x08,0x00,0x00,0x01,0x81,0x01,0x40,0x00,
	0x02,0x00,0x00,0x00,0x80,0x04,0x00,0x00,0x00,0x80,0x30,0x00,0x00,0x06,0x80,0x00,0x08,0x00,0x00,0x82,
	0x00,0x20,0x00,0x08,0x00,0x00,0x08,0x00,0x00,0x15,0x8A,0x00,0x80,0x00,0x00,0x20,0x02,0x47,0x00,0x00,
	0x0A,0x00,0x00,0x1E,0x80,0x02,0x46,0x01,0x00,0x20,0x00,0x00,0xCC,0x05,0x00,0x10,0x00,0x00,0x00,0x04,
	0x00,0x00,0x02,0x00,0x01,0x84,0x10,0x08,0x00,0x01,0x00,0x02,0x08,0x00,0x04,0x00,0x20,0x00,0x00,0x90,
	0x00,0x00,0x81,0x20,0x00,0x00,0x01,0x00,0x00,0x00,0x82,0x06,0x00,0x00,0x0C,0x00,0x00,0x1E,0x80,0x02,
	0x00,0x81,0xAC,0x00,0x00,0x88,0x05,0x00,0x04,0x84,0x00,0x08,0x00,0x01,0x00,0x02,0x00,0x00,0x04,0x00,
	0x20,0x00,0x00,0x90,0x00,0x03,0x82,0x06,0x00,0x00,0x0C,0x00,0x00,0x1C,0x00,0x00,0x07,0x84,0x00,0x08,
	0x00,0x00,0x00,0x02,0x00,0x00,0x04,0x00,0x20,0x00,0x00,0x90,0x00,0x15,0x8A,0x00,0x20,0x04,0x00,0x00,
	0x01,0x04,0x80,0x00,0x0D,0x00,0x01,0x06,0x00,0x04,0xB4,0x00,0x00,0x12,0x00,0x04,0xEE,0x01,0x00,0x0C,
	0x80,0x02,0x10,0x00,0x00,0x80,0x04,0x00,0x00,0x85,0x00,0x06,0x00,0x10,0x00,0x00,0x00,0x08,0x00,0x02,
	0x00,0x00,0x30,0x00,0x00,0x00,0x94,0x00,0x00,0x88,0x00,0x00,0x04,0x01,0x00,0x00,0x00,0x00,0x01,0x04,
	0x00,0x00,0x0D,0x00,0x00,0x06,0x00,0x00,0x90,0x00,0x00,0x54,0x00,0x04,0xC4,0x00,0x00,0x01,0x80,0x00,
	0x04,0x00,0x00,0x80,0x00,0x02,0x00,0x00,0x83,0x00,0x08,0x00,0x02,0x00,0x00,0x30,0x00,0x00,0x00,0x94,
	0x00,0x00,0x80,0x00,0x00,0x04,0x00,0x84,0x00,0x00,0x01,0x04,0x00,0x00,0x0C,0x00,0x00,0x04,0x00,0x00,
	0x10,0x00,0x00,0x07,0x80,0x00,0x08,0x00,0x00,0x81,0x30,0x00,0x00,0x00,0x94,0x00,0x00,0x80,0x00,0x00,
	0x04,0x13,0x88,0x04,0x24,0x00,0x07,0x00,0x00,0x85,0x00,0x04,0x0E,0x80,0x00,0x05,0x00,0x00,0x54,0x00,
	0x05,0x16,0x00,0x04,0x52,0x08,0x00,0x24,0x84,0x00,0x01,0x83,0x00,0x04,0x00,0x00,0x01,0x00,0x04,0x00,
	0x00,0x0D,0x40,0x00,0x00,0x87,0x10,0x20,0x00,0x04,0x00,0x00,0x08,0x00,0x00,0x20,0x00,0x00,0x04,0x00,
	0x00,0x07,0x00,0x00,0x8D,0x00,0x04,0x01,0x80,0x00,0x00,0x83,0x54,0x00,0x05,0x30,0x00,0x04,0x44,0x00,
	0x00,0x00,0x04,0x00,0x01,0x80,0x00,0x04,0x00,0x00,0x81,0x04,0x00,0x00,0x00,0x40,0x00,0x00,0x82,0x10,
	0x20,0x00,0x04,0x00,0x00,0x08,0x00,0x00,0x00,0x83,0x04,0x00,0x00,0x07,0x00,0x00,0x85,0x00,0x04,0x01,
	0x00,0x00,0x00,0x80,0x10,0x00,0x00,0x07,0x80,0x00,0x40,0x00,0x00,0x82,0x10,0x20,0x00,0x04,0x00,0x00,
	0x08,0x00,0x00,0x14,0x8A,0x0C,0x00,0x00,0xAD,0x00,0x01,0x1E,0x00,0x00,0x0E,0x18,0x00,0x03,0x40,0x00,
	0xE9,0x01,0x00,0x18,0x00,0x06,0xF0,0x00,0x00,0x20,0xC0,0x01,0x00,0x0C,0x00,0x00,0x0A,0x00,0x00,0x81,
	0x98,0x00,0x00,0x00,0x01,0x00,0x00,0x82,0x03,0x10,0x00,0x10,0x00,0x00,0x00,0x10,0x00,0x00,0x87,0x04,
	0x03,0x00,0x0D,0x00,0x00,0x9D,0x00,0x00,0x0E,0x00,0x00,0x02,0x18,0x00,0x03,0x40,0x00,0x30,0x01,0x00,
	0x00,0x00,0x06,0x01,0x80,0x00,0x04,0x00,0x04,0x82,0x00,0x10,0x00,0x10,0x00,0x00,0x00,0x10,0x00,0x00,
	0x84,0x04,0x00,0x00,0x0C,0x00,0x00,0x1D,0x00,0x00,0x1E,0x00,0x00,0x02,0x00,0x00,0x0A,0x82,0x00,0x10,
	0x00,0x10,0x00,0x00,0x00,0x10,0x00,0x00,0x80,0x04,0x00,0x00,0x13,0x8A,0x18,0x00,0x00,0x6E,0x0C,0x04,
	0x09,0x00,0x00,0x0C,0x10,0x00,0x1C,0x00,0x01,0x0F,0x00,0x00,0x02,0x02,0x00,0x00,0x02,0x00,0x00,0x26,
	0x00,0x80,0x00,0x02,0x00,0x04,0x00,0x01,0x81,0x02,0x00,0x00,0x00,0x20,0x01,0x00,0x80,0x08,0x00,0x00,
	0x01,0x87,0x00,0x01,0x00,0x18,0x00,0x00,0x2F,0x08,0x00,0x69,0x00,0x00,0x0C,0x10,0x00,0x00,0x00,0x01,
	0x0F,0x00,0x00,0x00,0x02,0x00,0x06,0x80,0x00,0x20,0x01,0x00,0x80,0x08,0x00,0x00,0x02,0x83,0x18,0x00,
	0x00,0x2E,0x08,0x00,0x69,0x00,0x00,0x0C,0x00,0x00,0x09,0x80,0x00,0x20,0x01,0x00,0x80,0x08,0x00,0x00,
	0x16,0x87,0x12,0x48,0x00,0xDD,0x81,0x00,0x90,0x00,0x02,0x18,0x00,0x00,0x28,0x08,0x02,0x26,0x00,0x00,
	0x02,0x00,0x00,0x00,0x00,0x04,0x00,0x83,0x40,0x02,0x00,0x40,0x06,0x00,0x00,0x05,0x00,0x40,0x00,0x00,
	0x01,0x80,0x01,0x00,0x00,0x00,0x80,0x00,0x02,0x00,0x01,0x87,0x12,0x00,0x00,0x5D,0x81,0x00,0x90,0x00,
	0x02,0x10,0x00,0x00,0x40,0x08,0x00,0x06,0x00,0x00,0x02,0x00,0x00,0x00,0x00,0x04,0x01,0x80,0x00,0x02,
	0x00,0x03,0x80,0x01,0x00,0x00,0x00,0x80,0x00,0x02,0x00,0x01,0x83,0x12,0x00,0x00,0x5C,0x80,0x00,0x90,
	0x00,0x02,0x10,0x00,0x00,0x0C,0x80,0x00,0x02,0x00,0x15,0x86,0x01,0x00,0x00,0x8A,0x40,0x00,0x21,0x04,
	0x00,0x38,0x00,0x00,0x94,0x20,0x00,0x11,0x80,0x00,0x03,0x00,0x00,0x00,0x80,0x00,0x10,0x00,0x00,0x80,
	0x00,0x08,0x00,0x00,0x80,0x20,0x01,0x00,0x00,0x81,0x04,0x40,0x00,0x00,0x00,0x02,0x01,0x80,0x00,0x80,
	0x00,0x00,0x86,0x01,0x00,0x00,0x8A,0x00,0x00,0x21,0x00,0x00,0x20,0x00,0x00,0x80,0x20,0x00,0x01,0x80,
	0x00,0x02,0x00,0x00,0x06,0x81,0x04,0x40,0x00,0x00,0x00,0x02,0x01,0x80,0x00,0x80,0x00,0x01,0x82,0x8A,
	0x00,0x00,0x21,0x00,0x00,0x20,0x00,0x00,0x09,0x81,0x00,0x40,0x00,0x00,0x00,0x02,0x01,0x80,0x00,0x80,
	0x00,0x14,0x88,0x00,0x00,0x02,0x20,0x00,0x00,0x30,0x00,0x00,0x51,0xC2,0x00,0x88,0x06,0x02,0x30,0x00,
	0x00,0x03,0x00,0x00,0x01,0x00,0x00,0x00,0x02,0x00,0x00,0x82,0x00,0x0A,0x00,0x80,0x04,0x00,0x00,0x02,
	0x00,0x00,0x81,0x00,0x18,0x00,0x04,0x00,0x00,0x00,0x81,0x02,0x00,0x00,0x02,0x80,0x00,0x01,0x83,0x20,
	0x00,0x00,0x30,0x00,0x00,0x41,0x40,0x00,0xE0,0x06,0x00,0x02,0x80,0x00,0x02,0x00,0x00,0x80,0x00,0x02,
	0x00,0x02,0x81,0x00,0x18,0x00,0x04,0x00,0x00,0x00,0x81,0x02,0x00,0x00,0x02,0x80,0x00,0x01,0x83,0x20,
	0x00,0x00,0x30,0x00,0x00,0x41,0x00,0x00,0x20,0x00,0x00,0x08,0x80,0x00,0x18,0x00,0x01,0x81,0x02,0x00,
	0x00,0x02,0x80,0x00,0x14,0x00,0x86,0xC1,0x80,0x00,0x00,0x40,0x02,0x00,0x02,0x00,0xC8,0x11,0x02,0x60,
	0x00,0x02,0x00,0x00,0x01,0x01,0x00,0x00,0x00,0x80,0x80,0x02,0x00,0x03,0x85,0x02,0x80,0x00,0x01,0x08,
	0x00,0x02,0x00,0x04,0x40,0x00,0x00,0x01,0x00,0x00,0x02,0x00,0x00,0x00,0x81,0xC0,0x00,0x00,0x10,0x00,
	0x00,0x00,0x82,0x40,0x10,0x00,0x20,0x00,0x02,0x00,0x00,0x01,0x01,0x80,0x00,0x02,0x00,0x03,0x85,0x00,
	0x80,0x00,0x00,0x08,0x00,0x00,0x00,0x04,0x40,0x00,0x00,0x01,0x00,0x00,0x02,0x00,0x00,0x00,0x81,0xC0,
	0x00,0x00,0x10,0x00,0x00,0x00,0x80,0x40,0x00,0x00,0x08,0x85,0x00,0x80,0x00,0x00,0x08,0x00,0x00,0x00,
	0x04,0x40,0x00,0x00,0x01,0x00,0x00,0x02,0x00,0x00,0x13,0x85,0x01,0x00,0x02,0xC0,0x40,0x02,0x20,0x01,
	0x05,0x40,0x10,0x00,0x14,0x82,0x01,0x30,0x01,0x04,0x02,0x82,0x00,0x04,0x00,0x00,0x08,0x00,0x40,0x00,
	0x00,0x00,0x80,0x04,0x00,0x00,0x01,0x83,0x00,0x10,0x00,0x80,0x01,0x00,0x04,0x00,0x00,0x08,0x00,0x00,
	0x00,0x84,0x00,0x40,0x00,0xC0,0x01,0x05,0x40,0x10,0x00,0x10,0x80,0x00,0xD0,0x01,0x00,0x06,0x80,0x04,
	0x00,0x00,0x01,0x83,0x00,0x10,0x00,0x80,0x01,0x00,0x04,0x00,0x00,0x08,0x00,0x00,0x00,0x83,0x00,0x40,
	0x00,0xE0,0x01,0x05,0x40,0x00,0x00,0x10,0x00,0x00,0x0A,0x83,0x00,0x10,0x00,0x80,0x01,0x00,0x04,0x00,
	0x00,0x08,0x00,0x00,0x13,0x87,0x00,0x10,0x00,0x40,0x30,0x00,0x0C,0x08,0x00,0x20,0x00,0x00,0x40,0x06,
	0x00,0xEC,0x01,0x00,0xE0,0x01,0x00,0x00,0x00,0x02,0x00,0x84,0x00,0x00,0x01,0x00,0x02,0x00,0x08,0x00,
	0x00,0x00,0x02,0x00,0x80,0x00,0x00,0x00,0x82,0x00,0x00,0x01,0x01,0x10,0x00,0x18,0x00,0x00,0x00,0x80,
	0x08,0x00,0x00,0x00,0x80,0x00,0x10,0x00,0x00,0x82,0x20,0x00,0x00,0x40,0x04,0x00,0x6C,0x00,0x00,0x00,
	0x80,0x00,0x00,0x02,0x01,0x80,0x00,0x02,0x00,0x01,0x80,0x80,0x00,0x00,0x00,0x82,0x00,0x00,0x01,0x00,
	0x10,0x00,0x18,0x00,0x00,0x00,0x80,0x08,0x00,0x00,0x00,0x80,0x00,0x10,0x00,0x00,0x82,0x20,0x00,0x00,
	0x40,0x00,0x00,0x60,0x00,0x00,0x08,0x82,0x00,0x00,0x01,0x00,0x10,0x00,0x18,0x00,0x00,0x00,0x80,0x08,
	0x00,0x00,0x13,0x01,0x87,0x41,0x00,0x04,0x2C,0x00,0x00,0x36,0x01,0x00,0x4B,0x41,0x00,0x08,0x00,0x02,
	0x00,0x03,0x04,0x00,0x08,0x00,0x40,0x00,0x00,0x00,0x80,0x08,0x06,0x00,0x00,0x85,0x48,0x00,0x00,0x02,
	0x00,0x00,0x00,0x04,0x00,0x02,0x10,0x00,0x68,0x08,0x00,0x04,0x04,0x00,0x02,0x85,0x41,0x00,0x04,0x20,
	0x00,0x00,0x34,0x00,0x00,0x53,0x40,0x00,0xF0,0x01,0x02,0x00,0x02,0x04,0x02,0x80,0x00,0x02,0x00,0x00,
	0x85,0x48,0x00,0x00,0x02,0x00,0x00,0x00,0x04,0x00,0x02,0x10,0x00,0x68,0x08,0x00,0x04,0x04,0x00,0x02,
	0x83,0x01,0x00,0x04,0x20,0x00,0x00,0x34,0x00,0x00,0x50,0x00,0x00,0x08,0x83,0x00,0x04,0x00,0x00,0x10,
	0x00,0x68,0x08,0x00,0x04,0x04,0x00,0x14,0x86,0x00,0x20,0x00,0x00,0x48,0x00,0x00,0x01,0x04,0x14,0x00,
	0x00,0x07,0x01,0x04,0x0C,0x01,0x01,0x1F,0x00,0x02,0x02,0x80,0x00,0x01,0x02,0x02,0x83,0x30,0x00,0x00,
	0x04,0x00,0x01,0x01,0x00,0x00,0x08,0x08,0x00,0x00,0x80,0x01,0x00,0x00,0x01,0x84,0x00,0x00,0x04,0x04,
	0x00,0x00,0x06,0x00,0x04,0x08,0x01,0x01,0x08,0x00,0x02,0x07,0x82,0x00,0x00,0x01,0x01,0x00,0x00,0x08,
	0x08,0x00,0x00,0x80,0x01,0x00,0x00,0x01,0x80,0x00,0x00,0x04,0x00,0x81,0x06,0x00,0x04,0x08,0x00,0x00,
	0x08,0x80,0x00,0x00,0x01,0x00,0x80,0x08,0x08,0x00,0x00,0x80,0x01,0x00,0x00,0x13,0x00,0x86,0x80,0x00,
	0x00,0x21,0x06,0x05,0x00,0x00,0x04,0x02,0x00,0x00,0xB6,0x00,0x02,0x1F,0x01,0x00,0x18,0x00,0x00,0x06,
	0x80,0x00,0x04,0x01,0x01,0x80,0x00,0x02,0x00,0x02,0x84,0x20,0x02,0x04,0x00,0x00,0x04,0x02,0x00,0x00,
	0x34,0x00,0x00,0x17,0x00,0x00,0x07,0x80,0x00,0x04,0x01,0x01,0x80,0x00,0x02,0x00,0x02,0x84,0x00,0x02,
	0x04,0x00,0x00,0x04,0x02,0x00,0x00,0x34,0x00,0x00,0x10,0x00,0x00,0x07,0x80,0x00,0x04,0x01,0x01,0x80,
	0x00,0x02,0x00,0x14,0x00,0x82,0x00,0x01,0x00,0x03,0x00,0x00,0x02,0x20,0x00,0x00,0x82,0x0D,0x02,0x00,
	0x8A,0x00,0x00,0xFE,0x00,0x00,0x00,0x81,0x00,0x82,0x00,0x00,0x02,0x00,0x01,0x80,0x22,0x01,0x00,0x00,
	0x80,0x00,0x04,0x00,0x01,0x80,0x00,0x02,0x00,0x02,0x81,0x02,0x00,0x00,0x02,0x20,0x00,0x00,0x82,0x0C,
	0x02,0x00,0x0C,0x00,0x00,0x18,0x00,0x00,0x00,0x81,0x00,0x02,0x00,0x00,0x02,0x00,0x01,0x80,0x20,0x00,
	0x00,0x00,0x80,0x00,0x04,0x00,0x01,0x80,0x00,0x02,0x00,0x02,0x81,0x02,0x00,0x00,0x02,0x00,0x00,0x00,
	0x81,0x0C,0x00,0x00,0x0C,0x00,0x00,0x07,0x80,0x00,0x04,0x00,0x01,0x80,0x00,0x02,0x00,0x14,0x84,0x01,
	0x00,0x00,0x02,0x00,0x02,0x80,0x80,0x00,0x0C,0x40,0x00,0x03,0x00,0x04,0x00,0x82,0xD3,0x00,0x00,0x7B,
	0x00,0x00,0x00,0x02,0x00,0x00,0x80,0x00,0x00,0x04,0x01,0x82,0x14,0x00,0x00,0x00,0x40,0x00,0x02,0x04,
	0x00,0x00,0x81,0x44,0x00,0x00,0x04,0x0A,0x00,0x01,0x83,0x02,0x00,0x00,0x80,0x80,0x00,0x0C,0x00,0x00,
	0x00,0x00,0x04,0x00,0x82,0x92,0x00,0x00,0x66,0x00,0x00,0x00,0x02,0x00,0x03,0x82,0x10,0x00,0x00,0x00,
	0x40,0x00,0x00,0x04,0x00,0x00,0x81,0x44,0x00,0x00,0x04,0x0A,0x00,0x01,0x81,0x02,0x00,0x00,0x00,0x80,
	0x00,0x00,0x80,0x00,0x00,0x04,0x00,0x80,0x12,0x00,0x00,0x06,0x81,0x00,0x40,0x00,0x00,0x04,0x00,0x00,
	0x81,0x44,0x00,0x00,0x04,0x0A,0x00,0x14,0x00,0x89,0x00,0x32,0x02,0x04,0x10,0x00,0x60,0x00,0x04,0x02,
	0x0C,0x00,0x47,0x00,0x00,0x6D,0x00,0x00,0x0F,0x00,0x00,0x06,0x04,0x00,0x00,0x20,0x00,0x40,0x00,0x04,
	0x00,0x85,0x00,0x02,0x00,0x80,0x00,0x00,0x48,0x00,0x00,0x00,0x24,0x00,0x01,0x00,0x00,0x24,0x00,0x00,
	0x02,0x80,0x00,0x20,0x00,0x00,0x81,0x40,0x00,0x04,0x00,0x0C,0x00,0x00,0x81,0x4D,0x00,0x00,0x0D,0x00,
	0x00,0x03,0x80,0x00,0x02,0x00,0x01,0x80,0x00,0x24,0x00,0x00,0x80,0x24,0x00,0x00,0x02,0x80,0x00,0x20,
	0x00,0x00,0x80,0x40,0x00,0x04,0x01,0x81,0x0D,0x00,0x00,0x0C,0x00,0x00,0x06,0x80,0x00,0x24,0x00,0x00,
	0x80,0x24,0x00,0x00,0x15,0x00,0x89,0x00,0x00,0x02,0x41,0x00,0x00,0x10,0x00,0x02,0x00,0x80,0x00,0x00,
	0x01,0x00,0x62,0x00,0x00,0xFB,0x00,0x00,0x43,0x00,0x04,0x00,0x60,0x00,0x80,0x02,0x00,0x01,0x81,0x48,
	0x03,0x00,0x80,0x00,0x00,0x00,0x81,0x02,0x00,0x00,0x20,0x00,0x00,0x03,0x81,0x40,0x00,0x00,0x10,0x00,
	0x02,0x00,0x83,0x00,0x01,0x00,0x22,0x00,0x00,0x6A,0x00,0x00,0x02,0x00,0x04,0x03,0x80,0x00,0x01,0x00,
	0x02,0x80,0x20,0x00,0x00,0x04,0x80,0x00,0x00,0x02,0x01,0x81,0x02,0x00,0x00,0x0A,0x00,0x00,0x08,0x80,
	0x20,0x00,0x00,0x15,0x88,0x02,0x00,0x00,0x01,0x04,0x00,0x10,0x07,0x00,0x00,0x00,0x04,0x00,0x40,0x00,
	0x40,0x24,0x00,0x31,0x80,0x00,0x7D,0x01,0x00,0x41,0x00,0x00,0x00,0x81,0x80,0x02,0x04,0x00,0x04,0x00,
	0x04,0x83,0x00,0x10,0x00,0x02,0x00,0x00,0x02,0x00,0x00,0x02,0x00,0x00,0x00,0x86,0x00,0x05,0x00,0x00,
	0x00,0x04,0x00,0x40,0x00,0x00,0x24,0x00,0x01,0x80,0x00,0x15,0x00,0x00,0x01,0x00,0x00,0x07,0x83,0x00,
	0x10,0x00,0x02,0x00,0x00,0x02,0x00,0x00,0x02,0x00,0x00,0x00,0x81,0x00,0x04,0x00,0x00,0x00,0x04,0x01,
	0x81,0x01,0x00,0x00,0x05,0x00,0x00,0x08,0x82,0x00,0x10,0x00,0x02,0x00,0x00,0x02,0x00,0x00,0x13,0x01,
	0x88,0xA0,0x00,0x00,0xCD,0x40,0x00,0x48,0x42,0x00,0x60,0x00,0x00,0x98,0x01,0x00,0x8E,0x02,0x00,0x02,
	0x00,0x00,0x00,0x32,0x00,0x00,0x01,0x00,0x01,0x81,0x10,0x00,0x00,0x02,0x00,0x00,0x01,0x80,0x06,0x00,
	0x00,0x00,0x80,0x05,0x00,0x00,0x01,0x86,0x80,0x00,0x00,0x88,0x00,0x00,0x08,0x40,0x00,0x40,0x00,0x00,
	0x10,0x01,0x00,0x0A,0x02,0x00,0x02,0x00,0x00,0x04,0x80,0x02,0x00,0x00,0x01,0x80,0x04,0x00,0x00,0x00,
	0x80,0x05,0x00,0x00,0x02,0x81,0x80,0x00,0x00,0x08,0x00,0x00,0x01,0x80,0x02,0x00,0x00,0x08,0x80,0x04,
	0x00,0x00,0x00,0x80,0x05,0x00,0x00,0x13,0x00,0x82,0x00,0x20,0x00,0x08,0x08,0x00,0x20,0x00,0x00,0x00,
	0x84,0x80,0x00,0x00,0x04,0x00,0x00,0x15,0x00,0x00,0x01,0x00,0x00,0x00,0x04,0x00,0x01,0x80,0x80,0x00,
	0x00,0x01,0x81,0x04,0x04,0x00,0x04,0x00,0x00,0x00,0x80,0x01,0x00,0x00,0x02,0x81,0x00,0x08,0x00,0x20,
	0x00,0x00,0x00,0x80,0x80,0x00,0x00,0x00,0x81,0x05,0x00,0x00,0x01,0x00,0x00,0x05,0x80,0x00,0x04,0x00,
	0x01,0x80,0x01,0x00,0x00,0x02,0x80,0x00,0x08,0x00,0x03,0x80,0x01,0x00,0x00,0x06,0x80,0x00,0x04,0x00,
	0x01,0x80,0x01,0x00,0x00,0x14,0x8A,0x06,0x40,0x00,0x03,0x08,0x00,0x00,0x05,0x00,0x88,0x00,0x00,0x10,
	0x90,0x00,0x01,0x0A,0x00,0x1B,0x01,0x00,0x8A,0x00,0x00,0x07,0x02,0x00,0x00,0x10,0x00,0x40,0x02,0x00,
	0x00,0x81,0x00,0x04,0x00,0x20,0x01,0x00,0x00,0x81,0x00,0x04,0x00,0x00,0x08,0x00,0x00,0x80,0x02,0x00,
	0x00,0x00,0x86,0x04,0x00,0x00,0x04,0x00,0x00,0x04,0x01,0x00,0x04,0x00,0x00,0x10,0x10,0x00,0x01,0x0A,
	0x00,0x08,0x00,0x00,0x02,0x80,0x00,0x02,0x00,0x03,0x81,0x00,0x04,0x00,0x00,0x08,0x00,0x00,0x80,0x02,
	0x00,0x00,0x00,0x84,0x04,0x00,0x00,0x04,0x00,0x00,0x04,0x00,0x00,0x04,0x00,0x00,0x10,0x00,0x00,0x09,
	0x81,0x00,0x04,0x00,0x00,0x08,0x00,0x00,0x80,0x02,0x00,0x00,0x14,0x87,0x0B,0x40,0x00,0x18,0x00,0x00,
	0x03,0x20,0x00,0x15,0x05,0x00,0xC0,0x80,0x00,0x80,0x10,0x00,0x04,0x00,0x00,0x03,0x00,0x00,0x00,0x81,
	0x00,0x20,0x00,0x00,0x04,0x00,0x00,0x80,0x50,0x00,0x00,0x00,0x80,0x04,0x00,0x00,0x00,0x82,0x04,0x00,
	0x00,0x02,0x00,0x04,0x02,0x00,0x00,0x00,0x87,0x11,0x00,0x00,0x2D,0x00,0x00,0x71,0x00,0x00,0x71,0x01,
	0x00,0x40,0x00,0x00,0x00,0x10,0x00,0x04,0x00,0x00,0x02,0x00,0x00,0x05,0x80,0x04,0x00,0x00,0x00,0x82,
	0x04,0x00,0x00,0x02,0x00,0x04,0x02,0x00,0x00,0x00,0x83,0x18,0x00,0x00,0x3C,0x00,0x00,0x70,0x00,0x00,
	0x40,0x01,0x00,0x0C,0x81,0x00,0x00,0x04,0x02,0x00,0x00,0x14,0x87,0x0E,0x40,0x00,0x4B,0x00,0x00,0x98,
	0x58,0x00,0x28,0x00,0x00,0x91,0x84,0x00,0x20,0x04,0x00,0x03,0x02,0x00,0x05,0x02,0x00,0x00,0x80,0x00,
	0x30,0x00,0x00,0x81,0x00,0x0A,0x00,0x10,0x00,0x00,0x00,0x81,0x00,0x01,0x00,0x02,0x40,0x00,0x00,0x80,
	0x04,0x00,0x04,0x01,0x87,0x14,0x00,0x00,0x5E,0x00,0x00,0xC8,0x11,0x00,0x98,0x01,0x00,0x91,0x00,0x00,
	0x20,0x04,0x00,0x03,0x02,0x00,0x01,0x00,0x00,0x02,0x80,0x00,0x02,0x00,0x02,0x80,0x00,0x40,0x00,0x00,
	0x80,0x00,0x00,0x04,0x01,0x84,0x1C,0x00,0x00,0x4C,0x00,0x00,0x88,0x11,0x00,0x98,0x01,0x00,0x10,0x00,
	0x00,0x09,0x80,0x00,0x40,0x00,0x00,0x80,0x00,0x00,0x04,0x15,0x87,0x01,0x00,0x00,0x59,0x10,0x00,0x5E,
	0x01,0x00,0xCE,0x13,0x04,0x80,0x02,0x00,0x00,0x0D,0x00,0xC0,0x00,0x00,0x02,0x00,0x00,0x01,0x82,0x40,
	0x06,0x00,0x40,0x04,0x00,0x10,0x0C,0x00,0x00,0x82,0x00,0x04,0x00,0x00,0x14,0x00,0x01,0x00,0x00,0x00,
	0x80,0x02,0x00,0x00,0x00,0x85,0x0B,0x00,0x00,0x78,0x00,0x00,0xB6,0x01,0x00,0x20,0x02,0x00,0x00,0x01,
	0x00,0x40,0x0D,0x00,0x03,0x82,0x00,0x02,0x00,0x00,0x04,0x00,0x00,0x04,0x00,0x00,0x81,0x00,0x04,0x00,
	0x00,0x14,0x00,0x01,0x80,0x02,0x00,0x00,0x00,0x83,0x0A,0x00,0x00,0x78,0x00,0x00,0xF0,0x01,0x00,0x20,
	0x02,0x00,0x09,0x81,0x00,0x04,0x00,0x00,0x14,0x00,0x01,0x80,0x02,0x00,0x00,0x14,0x00,0x89,0x09,0x00,
	0x00,0xA4,0x71,0x00,0x9C,0x00,0x00,0xD0,0x22,0x00,0xE0,0x00,0x00,0x42,0x06,0x00,0x00,0x05,0x00,0x00,
	0x01,0x00,0x00,0x04,0x00,0x00,0x00,0x02,0x00,0x83,0x20,0x10,0x00,0x00,0x02,0x00,0x0A,0x01,0x00,0x00,
	0x04,0x01,0x00,0x81,0x04,0x00,0x00,0x04,0x01,0x00,0x00,0x87,0x08,0x00,0x00,0x0F,0x00,0x00,0x3C,0x20,
	0x00,0xEC,0x01,0x00,0x80,0x21,0x00,0x20,0x04,0x00,0x42,0x04,0x00,0x80,0x04,0x00,0x00,0x80,0x00,0x04,
	0x00,0x02,0x82,0x00,0x02,0x00,0x08,0x01,0x00,0x00,0x04,0x01,0x00,0x81,0x04,0x00,0x00,0x04,0x01,0x00,
	0x00,0x84,0x08,0x00,0x00,0x0C,0x00,0x00,0x38,0x20,0x00,0xE0,0x01,0x00,0x40,0x00,0x00,0x09,0x80,0x00,
	0x04,0x01,0x01,0x80,0x04,0x01,0x00,0x14,0x89,0x00,0x00,0x04,0xE6,0x20,0x04,0x5A,0x00,0x00,0xA3,0x2A,
	0x00,0xA6,0x00,0x00,0xD0,0x0E,0x00,0x55,0x82,0x00,0x41,0x05,0x04,0x00,0x04,0x00,0x00,0x48,0x00,0x00,
	0x84,0x00,0x04,0x00,0x50,0x10,0x00,0x00,0x04,0x00,0x90,0x02,0x00,0x00,0x00,0x01,0x01,0x80,0x02,0x01,
	0x00,0x01,0x88,0x02,0x00,0x00,0x36,0x00,0x00,0x9A,0x00,0x00,0x88,0x00,0x00,0x40,0x09,0x00,0x84,0x87,
	0x00,0x00,0x04,0x04,0x80,0x04,0x00,0x00,0x01,0x00,0x00,0x80,0x00,0x04,0x00,0x01,0x81,0x90,0x00,0x00,
	0x00,0x00,0x01,0x01,0x80,0x02,0x01,0x00,0x01,0x84,0x02,0x00,0x00,0x34,0x00,0x00,0x10,0x00,0x00,0x88,
	0x00,0x00,0xC0,0x00,0x00,0x08,0x80,0x00,0x00,0x01,0x01,0x80,0x02,0x01,0x00,0x14,0x80,0x58,0x00,0x00,
	0x00,0x85,0x13,0x20,0x04,0x7D,0x05,0x00,0x59,0x50,0x00,0x09,0x10,0x00,0x38,0x05,0x00,0x80,0x06,0x00,
	0x00,0x81,0x00,0x30,0x00,0x80,0x06,0x00,0x01,0x83,0x00,0x08,0x00,0x00,0x04,0x00,0x00,0x14,0x01,0x04,
	0x00,0x00,0x04,0x84,0x01,0x00,0x00,0x0C,0x05,0x00,0x48,0x40,0x00,0x00,0x10,0x00,0x18,0x00,0x00,0x02,
	0x80,0x00,0x04,0x00,0x02,0x81,0x00,0x04,0x00,0x00,0x14,0x01,0x06,0x81,0x08,0x04,0x00,0x40,0x00,0x00,
	0x08,0x81,0x00,0x04,0x00,0x00,0x14,0x01,0x17,0x82,0x02,0x00,0x00,0x04,0x41,0x00,0x0C,0x40,0x00,0x00,
	0x86,0x5C,0x08,0x00,0x30,0x08,0x00,0x72,0x00,0x00,0xC4,0x00,0x00,0x00,0x01,0x04,0x80,0x05,0x00,0x00,
	0x04,0x00,0x00,0x81,0x20,0x00,0x00,0x00,0x08,0x00,0x00,0x82,0x04,0x00,0x00,0x08,0x00,0x00,0x0C,0x00,
	0x00,0x00,0x81,0x00,0x08,0x00,0x02,0x00,0x00,0x00,0x80,0x00,0x40,0x00,0x00,0x85,0x5C,0x00,0x00,0x10,
	0x08,0x00,0x72,0x00,0x00,0x40,0x00,0x00,0x00,0x00,0x04,0x00,0x01,0x00,0x04,0x80,0x04,0x00,0x00,0x02,
	0x81,0x00,0x08,0x00,0x02,0x00,0x00,0x00,0x80,0x00,0x40,0x00,0x00,0x80,0x50,0x00,0x00,0x00,0x80,0x40,
	0x00,0x00,0x0B,0x80,0x00,0x08,0x00,0x13,0x89,0x06,0x00,0x00,0x10,0x00,0x00,0x01,0x00,0x00,0x0C,0x0E,
	0x00,0x7A,0x00,0x00,0x20,0x04,0x00,0x20,0x00,0x00,0xE0,0x03,0x02,0x40,0x04,0x00,0x00,0x01,0x00,0x02,
	0x81,0x00,0x04,0x00,0x24,0x02,0x00,0x01,0x81,0x00,0x08,0x00,0x01,0x10,0x00,0x00,0x80,0x04,0x00,0x00,
	0x00,0x83,0x01,0x00,0x00,0x00,0x0A,0x00,0x12,0x00,0x00,0x20,0x00,0x00,0x00,0x81,0x80,0x02,0x02,0x00,
	0x04,0x00,0x03,0x81,0x00,0x04,0x00,0x20,0x02,0x00,0x01,0x81,0x00,0x08,0x00,0x01,0x10,0x00,0x00,0x80,
	0x04,0x00,0x00,0x01,0x82,0x00,0x08,0x00,0x10,0x00,0x00,0x20,0x00,0x00,0x0A,0x81,0x00,0x08,0x00,0x01,
	0x10,0x00,0x14,0x8B,0x0B,0x00,0x00,0x17,0x02,0x00,0x06,0x00,0x00,0x86,0x80,0x00,0x1C,0x01,0x00,0x88,
	0x10,0x00,0x58,0x00,0x00,0xE0,0x04,0x00,0x40,0x00,0x00,0x40,0x20,0x00,0x80,0x00,0x00,0x80,0x00,0x00,
	0x00,0x82,0x00,0x02,0x00,0x08,0x09,0x00,0x08,0x00,0x00,0x00,0x81,0x0A,0x00,0x00,0x02,0x00,0x00,0x00,
	0x88,0x03,0x00,0x00,0x07,0x00,0x00,0x02,0x00,0x00,0x86,0x00,0x00,0x2C,0x01,0x00,0x98,0x10,0x00,0x58,
	0x00,0x00,0x20,0x00,0x00,0xC0,0x00,0x00,0x04,0x80,0x00,0x08,0x00,0x01,0x81,0x0A,0x00,0x00,0x02,0x00,
	0x00,0x01,0x85,0x06,0x00,0x00,0x02,0x00,0x00,0x04,0x00,0x00,0x28,0x01,0x00,0x80,0x00,0x00,0x40,0x00,
	0x00,0x06,0x80,0x00,0x08,0x00,0x02,0x80,0x02,0x00,0x00,0x14,0x90,0x80,0x00,0x00,0x10,0x02,0x00,0x16,
	0x42,0x00,0x0E,0x44,0x00,0xFC,0x00,0x00,0x5E,0x30,0x00,0x94,0x09,0x00,0x80,0x01,0x00,0x40,0x02,0x00,
	0x80,0x4C,0x00,0x40,0x00,0x04,0x00,0x04,0x00,0x80,0x08,0x00,0x20,0x00,0x00,0x40,0x02,0x00,0x00,0x90,
	0x00,0x01,0x00,0x00,0x00,0x81,0x08,0x00,0x00,0x00,0x10,0x00,0x00,0x87,0x02,0x00,0x00,0x06,0x00,0x00,
	0x00,0x04,0x00,0x68,0x00,0x00,0x5E,0x30,0x00,0x84,0x09,0x00,0x50,0x01,0x00,0x60,0x00,0x00,0x01,0x80,
	0x00,0x04,0x00,0x01,0x82,0x40,0x00,0x00,0x00,0x90,0x00,0x01,0x00,0x00,0x00,0x81,0x08,0x00,0x00,0x00,
	0x10,0x00,0x01,0x80,0x06,0x00,0x00,0x00,0x82,0x08,0x00,0x00,0x50,0x00,0x00,0x80,0x01,0x00,0x07,0x80,
	0x00,0x90,0x00,0x01,0x81,0x08,0x00,0x00,0x00,0x10,0x00,0x13,0x80,0x60,0x81,0x00,0x00,0x88,0x12,0x00,
	0x00,0x08,0x18,0x00,0x0C,0x30,0x00,0x04,0x08,0x00,0x52,0x03,0x00,0xFC,0x03,0x00,0x70,0x05,0x00,0x20,
	0x20,0x00,0x80,0x01,0x00,0x04,0x81,0x08,0x00,0x00,0x08,0x00,0x00,0x00,0x80,0x01,0x00,0x00,0x02,0x85,
	0x0C,0x10,0x00,0x16,0x00,0x00,0x0C,0x00,0x00,0x58,0x01,0x00,0xA0,0x03,0x00,0x20,0x04,0x00,0x06,0x80,
	0x08,0x00,0x00,0x01,0x80,0x01,0x00,0x00,0x02,0x83,0x0C,0x10,0x00,0x14,0x00,0x00,0x08,0x00,0x00,0x50,
	0x01,0x00,0x0B,0x80,0x01,0x00,0x00,0x13,0x8F,0x45,0x00,0x00,0x04,0x00,0x00,0x0A,0x00,0x00,0x12,0x00,
	0x00,0x09,0x10,0x00,0x24,0x00,0x00,0x98,0x00,0x00,0xB4,0x01,0x00,0xB8,0x03,0x00,0x50,0x8C,0x00,0x40,
	0x08,0x00,0x00,0x02,0x00,0x00,0x08,0x00,0x00,0x08,0x00,0x00,0x04,0x00,0x04,0x10,0x00,0x00,0x81,0x02,
	0x10,0x00,0x00,0x20,0x00,0x02,0x80,0x0A,0x00,0x00,0x00,0x84,0x04,0x00,0x00,0x20,0x00,0x00,0x9C,0x00,
	0x00,0xE8,0x00,0x00,0x10,0x01,0x00,0x05,0x80,0x00,0x10,0x00,0x00,0x81,0x00,0x10,0x00,0x00,0x20,0x00,
	0x02,0x80,0x08,0x00,0x00,0x00,0x82,0x04,0x00,0x00,0x20,0x00,0x00,0x98,0x00,0x00,0x07,0x80,0x00,0x10,
	0x00,0x00,0x81,0x00,0x10,0x00,0x00,0x20,0x00,0x14,0x89,0x41,0x00,0x00,0x19,0x80,0x00,0x06,0x06,0x00,
	0x07,0x01,0x00,0x13,0x03,0x00,0x1A,0x00,0x01,0x26,0x01,0x00,0x9C,0x02,0x00,0xD8,0x00,0x00,0x00,0x01,
	0x00,0x00,0x80,0x00,0x06,0x00,0x00,0x80,0x40,0x00,0x00,0x00,0x81,0x00,0x01,0x00,0x03,0x00,0x00,0x00,
	0x81,0x02,0x02,0x00,0x00,0x08,0x00,0x00,0x80,0x08,0x00,0x00,0x00,0x85,0x03,0x01,0x00,0x01,0x02,0x00,
	0x1B,0x00,0x01,0x24,0x00,0x00,0x64,0x00,0x00,0x98,0x01,0x00,0x08,0x81,0x02,0x02,0x00,0x00,0x08,0x00,
	0x00,0x80,0x08,0x00,0x00,0x01,0x83,0x00,0x02,0x00,0x18,0x00,0x00,0x24,0x00,0x00,0x20,0x00,0x00,0x09,
	0x81,0x02,0x02,0x00,0x00,0x08,0x00,0x13,0x00,0x8A,0x01,0x00,0x00,0x07,0x00,0x00,0x05,0x00,0x00,0x87,
	0x00,0x00,0x25,0x00,0x00,0x75,0x11,0x00,0x1C,0x00,0x00,0x5C,0x04,0x00,0x48,0x09,0x00,0x40,0x08,0x00,
	0x00,0x08,0x00,0x01,0x83,0x00,0x0C,0x00,0x09,0x01,0x00,0x08,0x00,0x04,0x14,0x00,0x00,0x03,0x89,0x03,
	0x00,0x00,0x02,0x00,0x00,0x80,0x00,0x00,0x20,0x00,0x00,0x68,0x10,0x00,0x3C,0x00,0x00,0xB8,0x00,0x00,
	0x00,0x08,0x00,0x00,0x08,0x00,0x00,0x08,0x00,0x01,0x82,0x00,0x0C,0x00,0x08,0x00,0x00,0x00,0x00,0x04,
	0x07,0x82,0x20,0x00,0x00,0x6C,0x00,0x00,0x30,0x00,0x00,0x05,0x80,0x00,0x08,0x00,0x00,0x80,0x00,0x00,
	0x04,0x16,0x80,0x4C,0x00,0x00,0x00,0x87,0x15,0x00,0x00,0x34,0x00,0x00,0x37,0x00,0x01,0x2E,0x00,0x02,
	0x00,0x11,0x00,0x30,0x04,0x00,0x1C,0x00,0x00,0x18,0x40,0x00,0x02,0x87,0x20,0x08,0x00,0x10,0x01,0x00,
	0x18,0x00,0x00,0x12,0x08,0x04,0x0C,0x20,0x00,0x04,0x00,0x00,0x01,0x00,0x00,0x0C,0x00,0x00,0x00,0x86,
	0x15,0x00,0x00,0x14,0x00,0x00,0x37,0x00,0x00,0x20,0x00,0x00,0x00,0x10,0x00,0x20,0x04,0x00,0x30,0x00,
	0x00,0x03,0x80,0x00,0x08,0x00,0x01,0x84,0x02,0x08,0x04,0x04,0x20,0x00,0x04,0x00,0x00,0x01,0x00,0x00,
	0x08,0x00,0x00,0x00,0x83,0x14,0x00,0x00,0x14,0x00,0x00,0x17,0x00,0x00,0x20,0x00,0x00,0x00,0x80,0x10,
	0x00,0x00,0x07,0x83,0x00,0x08,0x04,0x00,0x20,0x00,0x04,0x00,0x00,0x01,0x00,0x00,0x13,0x8A,0x11,0x00,
	0x00,0x65,0x02,0x00,0x11,0x00,0x01,0xBA,0x00,0x06,0x4A,0x00,0x00,0x38,0x00,0x00,0x00,0x08,0x04,0x42,
	0x00,0x00,0x11,0x01,0x00,0x60,0xC0,0x00,0x40,0x00,0x00,0x02,0x85,0x00,0x04,0x00,0x33,0x00,0x02,0x22,
	0x00,0x04,0x18,0x00,0x00,0x08,0x00,0x00,0x00,0x20,0x00,0x00,0x83,0x04,0x00,0x00,0x76,0x00,0x00,0x79,
	0x00,0x02,0xA8,0x00,0x00,0x00,0x81,0x00,0x08,0x04,0x01,0x00,0x00,0x06,0x84,0x11,0x00,0x02,0x14,0x00,
	0x04,0x1C,0x00,0x00,0x08,0x00,0x00,0x00,0x20,0x00,0x01,0x82,0x74,0x00,0x00,0x78,0x00,0x02,0x68,0x00,
	0x00,0x09,0x84,0x00,0x00,0x02,0x00,0x00,0x04,0x04,0x00,0x00,0x08,0x00,0x00,0x00,0x20,0x00,0x13,0x89,
	0x40,0x00,0x00,0x82,0x04,0x00,0x16,0x89,0x00,0xE9,0x8A,0x01,0xB4,0x03,0x00,0xA0,0x00,0x00,0xA7,0x13,
	0x00,0x15,0x00,0x00,0x00,0x01,0x00,0x01,0x00,0x00,0x03,0x83,0x20,0x10,0x00,0xB6,0x00,0x03,0x04,0x00,
	0x00,0x2A,0x00,0x00,0x03,0x85,0x94,0x00,0x00,0xED,0x0B,0x00,0xB0,0x03,0x00,0x10,0x00,0x00,0x07,0x13,
	0x00,0x05,0x00,0x00,0x05,0x83,0x00,0x10,0x00,0x22,0x00,0x03,0x28,0x00,0x00,0x12,0x00,0x00,0x03,0x83,
	0x90,0x00,0x00,0xEC,0x01,0x00,0xB0,0x03,0x00,0x10,0x00,0x00,0x07,0x81,0x00,0x10,0x00,0x00,0x00,0x03,
	0x00,0x80,0x02,0x00,0x00,0x15,0x89,0x41,0x00,0x00,0xC0,0x04,0x00,0xE1,0x02,0x00,0xF0,0x14,0x00,0xC2,
	0x61,0x00,0x71,0x44,0x00,0x40,0x0C,0x01,0x16,0x00,0x00,0x07,0x00,0x00,0x01,0x40,0x00,0x00,0x80,0x00,
	0x10,0x00,0x01,0x83,0x00,0x18,0x00,0x60,0x00,0x02,0x18,0x00,0x00,0x22,0x00,0x00,0x03,0x85,0xE0,0x00,
	0x00,0xF1,0x06,0x00,0xC0,0x00,0x00,0xF0,0x40,0x00,0x00,0x0C,0x01,0x06,0x00,0x00,0x05,0x83,0x00,0x10,
	0x00,0x00,0x00,0x02,0x40,0x00,0x00,0x02,0x00,0x00,0x03,0x83,0xE0,0x00,0x00,0xF1,0x02,0x00,0xC0,0x00,
	0x00,0xF0,0x00,0x00,0x07,0x81,0x00,0x10,0x00,0x00,0x00,0x02,0x00,0x80,0x02,0x00,0x00,0x15,0x00,0x87,
	0x01,0x00,0x00,0xC2,0x03,0x00,0x64,0x23,0x00,0x05,0x20,0x00,0x12,0x15,0x00,0x40,0x18,0x00,0x83,0x05,
	0x00,0x05,0x08,0x00,0x02,0x81,0x00,0x19,0x00,0x00,0x10,0x00,0x00,0x83,0x40,0x08,0x00,0x40,0x00,0x00,
	0x08,0x08,0x00,0x80,0x00,0x00,0x02,0x86,0x01,0x00,0x00,0x62,0x23,0x00,0x01,0x00,0x00,0x10,0x01,0x00,
	0x80,0x1F,0x00,0x03,0x00,0x00,0x00,0x08,0x00,0x02,0x80,0x00,0x08,0x00,0x01,0x80,0x40,0x08,0x00,0x00,
	0x81,0x08,0x08,0x00,0x80,0x00,0x00,0x03,0x83,0x62,0x23,0x00,0x01,0x00,0x00,0x10,0x01,0x00,0x80,0x00,
	0x00,0x07,0x80,0x00,0x08,0x00,0x00,0x81,0x08,0x08,0x00,0x80,0x00,0x00,0x14,0x00,0x88,0x03,0x04,0x01,
	0x01,0x0C,0x00,0xC4,0x07,0x00,0x42,0x02,0x00,0x04,0x00,0x00,0x20,0x0B,0x00,0xC4,0x06,0x04,0x02,0x07,
	0x00,0x00,0x58,0x00,0x00,0x80,0x00,0x01,0x00,0x01,0x81,0x40,0x00,0x00,0x00,0x20,0x00,0x01,0x80,0x80,
	0x00,0x00,0x01,0x83,0x01,0x00,0x00,0x03,0x00,0x00,0x04,0x04,0x00,0x82,0x03,0x00,0x00,0x81,0x00,0x03,
	0x00,0x85,0x07,0x04,0x06,0x80,0x00,0x20,0x00,0x01,0x80,0x80,0x00,0x00,0x02,0x82,0x01,0x00,0x00,0x04,
	0x00,0x00,0x02,0x03,0x00,0x00,0x80,0x00,0x03,0x00,0x07,0x80,0x00,0x20,0x00,0x01,0x80,0x80,0x00,0x00,
	0x14,0x82,0x00,0x00,0x01,0x31,0x00,0x00,0x02,0x00,0x00,0x00,0x87,0x41,0x00,0x00,0xC0,0x01,0x00,0x42,
	0x1A,0x00,0xC4,0x0B,0x00,0x81,0x0C,0x00,0x00,0x40,0x00,0x00,0x08,0x00,0x00,0x08,0x00,0x00,0x80,0x00,
	0x04,0x00,0x00,0x84,0x02,0x00,0x00,0x00,0x10,0x00,0x40,0x00,0x00,0x10,0x00,0x00,0x00,0x10,0x00,0x00,
	0x81,0x10,0x00,0x00,0x02,0x00,0x00,0x00,0x84,0x40,0x00,0x00,0xC0,0x01,0x00,0x42,0x12,0x00,0x44,0x03,
	0x00,0x00,0x0C,0x00,0x05,0x81,0x02,0x00,0x00,0x00,0x10,0x00,0x00,0x81,0x10,0x00,0x00,0x00,0x10,0x00,
	0x00,0x81,0x10,0x00,0x00,0x02,0x00,0x00,0x01,0x82,0xC0,0x01,0x00,0x40,0x02,0x00,0x00,0x03,0x00,0x07,
	0x80,0x00,0x10,0x00,0x00,0x81,0x10,0x00,0x00,0x00,0x10,0x00,0x13,0x80,0x08,0x00,0x01,0x04,0x8C,0x02,
	0x00,0x00,0x20,0x00,0x00,0x00,0x0D,0x00,0x00,0x80,0x01,0x00,0x10,0x00,0x00,0x02,0x00,0x00,0x10,0x00,
	0x40,0x10,0x00,0x00,0x08,0x00,0x02,0x00,0x00,0x80,0x10,0x00,0x00,0x20,0x00,0x10,0x40,0x00,0x06,0x82,
	0x02,0x00,0x00,0x20,0x00,0x00,0x00,0x03,0x00,0x03,0x85,0x00,0x10,0x00,0x00,0x08,0x00,0x02,0x00,0x00,
	0x00,0x10,0x00,0x00,0x20,0x00,0x10,0x40,0x00,0x10,0x82,0x00,0x10,0x00,0x00,0x20,0x00,0x10,0x40,0x00,
	0x14,0x89,0x00,0x0A,0x01,0x09,0x00,0x00,0x0A,0x08,0x00,0x04,0x02,0x00,0x01,0x00,0x00,0x04,0x00,0x06,
	0x11,0x04,0x00,0x92,0x08,0x00,0xC0,0x01,0x00,0x00,0x08,0x00,0x02,0x80,0x00,0x14,0x00,0x00,0x80,0x00,
	0x03,0x00,0x00,0x80,0x40,0x00,0x00,0x03,0x81,0x02,0x00,0x00,0x04,0x02,0x00,0x00,0x83,0x00,0x00,0x02,
	0x01,0x00,0x00,0x90,0x00,0x00,0x80,0x00,0x00,0x03,0x80,0x00,0x10,0x00,0x07,0x81,0x02,0x00,0x00,0x04,
	0x00,0x00,0x02,0x80,0x80,0x00,0x00,0x1F,0x82,0x11,0x00,0x00,0x21,0x00,0x00,0x00,0x08,0x00,0x00,0x85,
	0x12,0x00,0x00,0x68,0x00,0x00,0x29,0x01,0x00,0x4A,0x00,0x00,0x00,0x07,0x00,0x00,0x08,0x00,0x02,0x80,
	0x00,0x04,0x00,0x03,0x80,0x10,0x00,0x00,0x00,0x87,0x10,0x00,0x00,0x01,0x00,0x00,0x02,0x00,0x00,0x04,
	0x00,0x00,0x12,0x00,0x00,0x68,0x00,0x00,0x21,0x01,0x00,0x08,0x00,0x00,0x09,0x80,0x10,0x00,0x00,0x00,
	0x80,0x10,0x00,0x00,0x02,0x82,0x12,0x00,0x00,0x68,0x00,0x00,0x20,0x01,0x00,0x0A,0x80,0x10,0x00,0x00,
	0x14,0x81,0x20,0x00,0x00,0x03,0x00,0x00,0x00,0x85,0x0A,0x00,0x00,0x0C,0x04,0x00,0x02,0x00,0x00,0x80,
	0x00,0x00,0x65,0x02,0x00,0x60,0x02,0x00,0x02,0x82,0x00,0x08,0x00,0x00,0x04,0x00,0x00,0x01,0x00,0x06,
	0x82,0x01,0x00,0x00,0x02,0x00,0x00,0x0C,0x04,0x00,0x00,0x82,0x80,0x00,0x00,0x44,0x02,0x00,0x40,0x02,
	0x00,0x0C,0x82,0x01,0x00,0x00,0x02,0x00,0x00,0x0C,0x04,0x00,0x00,0x81,0x80,0x00,0x00,0x40,0x02,0x00,
	0x1F,0x00,0x88,0x00,0x08,0x00,0x07,0x00,0x00,0x05,0x00,0x04,0x0B,0x03,0x00,0x1C,0x00,0x00,0x74,0x00,
	0x00,0x32,0x04,0x00,0x78,0x0D,0x00,0x00,0x88,0x00,0x01,0x80,0x00,0x10,0x00,0x01,0x80,0x00,0x04,0x00,
	0x02,0x80,0x10,0x00,0x00,0x01,0x86,0x01,0x00,0x00,0x03,0x00,0x04,0x07,0x01,0x00,0x1C,0x00,0x00,0x70,
	0x00,0x00,0x22,0x00,0x00,0x20,0x05,0x00,0x09,0x80,0x10,0x00,0x00,0x02,0x84,0x01,0x00,0x04,0x03,0x00,
	0x00,0x1C,0x00,0x00,0x70,0x00,0x00,0x20,0x00,0x00,0x0A,0x80,0x10,0x00,0x00,0x13,0x00,0x88,0x00,0x08,
	0x00,0x01,0x00,0x00,0x02,0x00,0x00,0x44,0x00,0x02,0x0D,0x00,0x00,0x12,0x00,0x00,0xD9,0x02,0x00,0x9E,
	0x00,0x00,0x20,0x00,0x00,0x00,0x80,0x00,0x10,0x00,0x01,0x80,0x80,0x18,0x00,0x01,0x82,0x40,0x40,0x00,
	0x0E,0x00,0x00,0x14,0x40,0x00,0x02,0x81,0x01,0x00,0x00,0x42,0x00,0x00,0x00,0x82,0x10,0x00,0x00,0xD1,
	0x01,0x00,0x38,0x00,0x00,0x01,0x80,0x00,0x10,0x00,0x04,0x82,0x00,0x40,0x00,0x0E,0x00,0x00,0x14,0x40,
	0x00,0x04,0x83,0x04,0x00,0x00,0x10,0x00,0x00,0xD0,0x01,0x00,0x20,0x00,0x00,0x07,0x82,0x00,0x40,0x00,
	0x0E,0x00,0x00,0x14,0x40,0x00,0x13,0x84,0x08,0x04,0x00,0x00,0x08,0x00,0x00,0x00,0x01,0x00,0x02,0x00,
	0x00,0x80,0x00,0x00,0x84,0x0C,0x00,0x02,0xAC,0x00,0x00,0x15,0x07,0x00,0x10,0x88,0x00,0x00,0x10,0x00,
	0x00,0x80,0x00,0x16,0x00,0x01,0x82,0x00,0x18,0x00,0x08,0x10,0x00,0x04,0x00,0x00,0x00,0x81,0x04,0x40,
	0x00,0x08,0x00,0x00,0x01,0x85,0x00,0x02,0x00,0x01,0x00,0x00,0x02,0x00,0x00,0x00,0x00,0x02,0x28,0x00,
	0x00,0x84,0x00,0x00,0x00,0x80,0x00,0x10,0x00,0x00,0x80,0x00,0x10,0x00,0x01,0x82,0x00,0x10,0x00,0x00,
	0x10,0x00,0x04,0x00,0x00,0x00,0x80,0x04,0x40,0x00,0x03,0x80,0x01,0x00,0x00,0x01,0x80,0x28,0x00,0x00,
	0x06,0x82,0x00,0x10,0x00,0x00,0x10,0x00,0x04,0x00,0x00,0x00,0x80,0x04,0x40,0x00,0x13,0x83,0x02,0x00,
	0x00,0x0D,0x00,0x00,0x03,0x00,0x00,0x03,0x00,0x01,0x00,0x84,0x01,0x00,0x00,0x15,0x10,0x00,0x10,0x03,
	0x00,0x8C,0x08,0x00,0x30,0x00,0x00,0x01,0x80,0x00,0x06,0x00,0x01,0x80,0x02,0x00,0x00,0x00,0x80,0x00,
	0x10,0x00,0x02,0x80,0x08,0x00,0x00,0x01,0x80,0x01,0x00,0x00,0x00,0x82,0x04,0x10,0x00,0x10,0x03,0x00,
	0x64,0x08,0x00,0x05,0x80,0x02,0x00,0x00,0x00,0x80,0x00,0x10,0x00,0x08,0x81,0x10,0x00,0x00,0x20,0x00,
	0x00,0x07,0x80,0x00,0x10,0x00,0x15,0x81,0x03,0x00,0x01,0x0E,0x00,0x00,0x00,0x86,0x4C,0x10,0x00,0x06,
	0x80,0x00,0x02,0x00,0x00,0x26,0x32,0x00,0x48,0x02,0x00,0x7C,0x00,0x00,0x00,0x10,0x00,0x00,0x81,0x00,
	0x20,0x00,0x00,0x18,0x00,0x01,0x80,0x00,0x18,0x00,0x00,0x82,0x60,0x10,0x00,0x1C,0x00,0x00,0x00,0x40,
	0x00,0x00,0x80,0x08,0x00,0x00,0x00,0x80,0x08,0x10,0x00,0x00,0x84,0x01,0x00,0x00,0x04,0x30,0x00,0x08,
	0x04,0x00,0x24,0x00,0x00,0x00,0x10,0x00,0x01,0x80,0x00,0x10,0x00,0x01,0x80,0x00,0x10,0x00,0x00,0x82,
	0x40,0x10,0x00,0x1C,0x00,0x00,0x00,0x40,0x00,0x06,0x80,0x08,0x00,0x00,0x06,0x80,0x00,0x10,0x00,0x00,
	0x82,0x00,0x10,0x00,0x1C,0x00,0x00,0x00,0x40,0x00,0x13,0x88,0x09,0x00,0x01,0x67,0x00,0x00,0x67,0x00,
	0x00,0x56,0x00,0x00,0x1C,0x80,0x00,0x44,0x00,0x00,0x0C,0x12,0x00,0xBA,0x01,0x00,0x2A,0x08,0x00,0x00,
	0x81,0x00,0x00,0x04,0x00,0x20,0x00,0x00,0x82,0x00,0x14,0x00,0x00,0x01,0x00,0x02,0x02,0x00,0x00,0x81,
	0x44,0x00,0x00,0x1C,0x05,0x00,0x00,0x88,0x08,0x00,0x00,0x34,0x00,0x00,0x10,0x00,0x00,0x60,0x00,0x00,
	0x68,0x00,0x00,0x40,0x00,0x00,0x0C,0x12,0x00,0x80,0x00,0x00,0x1A,0x00,0x00,0x03,0x80,0x00,0x10,0x00,
	0x00,0x80,0x02,0x00,0x00,0x00,0x81,0x44,0x00,0x00,0x1C,0x05,0x00,0x01,0x84,0x20,0x00,0x00,0x20,0x00,
	0x00,0x60,0x00,0x00,0x60,0x00,0x00,0x40,0x00,0x00,0x0A,0x81,0x04,0x00,0x00,0x1C,0x05,0x00,0x14,0x88,
	0x46,0x00,0x00,0x2C,0x01,0x00,0x7C,0x00,0x00,0xD0,0x00,0x00,0x32,0x00,0x00,0x40,0x81,0x00,0x07,0x26,
	0x00,0xEC,0x08,0x00,0x0A,0x00,0x00,0x00,0x82,0x00,0x00,0x04,0x00,0x06,0x00,0x00,0x10,0x00,0x01,0x83,
	0x00,0x40,0x00,0x08,0x00,0x00,0x30,0x00,0x00,0x1C,0x00,0x00,0x01,0x87,0xD4,0x00,0x00,0x38,0x01,0x00,
	0x80,0x01,0x00,0x80,0x01,0x00,0x40,0x81,0x00,0x02,0x24,0x00,0x68,0x08,0x00,0x06,0x00,0x00,0x05,0x80,
	0x00,0x40,0x00,0x00,0x81,0x10,0x00,0x00,0x1C,0x00,0x00,0x01,0x82,0xC0,0x00,0x00,0xC0,0x01,0x00,0x80,
	0x01,0x00,0x00,0x80,0x40,0x01,0x00,0x08,0x80,0x00,0x40,0x00,0x00,0x81,0x10,0x00,0x00,0x1C,0x00,0x00,
	0x14,0x89,0x16,0x10,0x01,0x40,0x02,0x00,0x28,0x06,0x02,0xD1,0x04,0x02,0xA0,0x01,0x00,0x81,0x23,0x00,
	0x00,0x05,0x00,0x17,0x00,0x00,0x03,0x10,0x00,0x00,0x00,0x02,0x01,0x86,0x00,0x10,0x00,0x80,0x00,0x00,
	0x80,0x20,0x00,0x00,0x05,0x04,0x80,0x10,0x00,0x00,0x02,0x00,0x00,0x01,0x00,0x01,0x81,0x28,0x00,0x00,
	0x40,0x03,0x00,0x00,0x81,0x60,0x07,0x00,0x80,0x01,0x00,0x00,0x81,0x14,0x00,0x00,0x00,0x10,0x00,0x04,
	0x84,0x00,0x20,0x00,0x00,0x00,0x04,0x80,0x10,0x00,0x00,0x02,0x00,0x00,0x01,0x00,0x01,0x84,0x20,0x00,
	0x00,0x00,0x02,0x00,0x00,0x06,0x00,0x60,0x07,0x00,0x80,0x01,0x00,0x07,0x84,0x00,0x20,0x00,0x00,0x00,
	0x04,0x00,0x10,0x00,0x00,0x02,0x00,0x00,0x01,0x00,0x14,0x87,0x51,0xA0,0x00,0xFA,0x72,0x01,0xF8,0x0A,
	0x00,0xF1,0x70,0x00,0xE0,0x12,0x00,0x01,0x0A,0x00,0x82,0x01,0x00,0x06,0x08,0x00,0x02,0x80,0x00,0x08,
	0x00,0x00,0x81,0x80,0x04,0x00,0x01,0x10,0x00,0x00,0x83,0x00,0x08,0x00,0x00,0x40,0x00,0x03,0x40,0x00,
	0x00,0x60,0x00,0x00,0x86,0xF8,0x00,0x00,0x50,0x01,0x00,0xB0,0x55,0x00,0x20,0x08,0x00,0x00,0x06,0x00,
	0x00,0x01,0x00,0x03,0x00,0x00,0x07,0x83,0x00,0x08,0x00,0x00,0x40,0x00,0x03,0x40,0x00,0x00,0x60,0x00,
	0x00,0x83,0xF0,0x00,0x00,0xC0,0x00,0x00,0x80,0x48,0x00,0x20,0x00,0x00,0x0A,0x83,0x00,0x08,0x00,0x00,
	0x40,0x00,0x03,0x40,0x00,0x00,0x60,0x00,0x13,0x8C,0x00,0x40,0x00,0xE9,0x81,0x00,0xD6,0x8C,0x04,0x01,
	0x1F,0x02,0xC0,0x07,0x00,0xC8,0x29,0x00,0x80,0x18,0x00,0x02,0x00,0x00,0x00,0x90,0x00,0x00,0x10,0x00,
	0x00,0x10,0x00,0x00,0x02,0x00,0x00,0x50,0x00,0x00,0x81,0x00,0x02,0x03,0x01,0x00,0x00,0x00,0x80,0x82,
	0x00,0x00,0x02,0x85,0x20,0x00,0x00,0xF0,0x83,0x04,0x00,0x18,0x00,0x80,0x07,0x00,0xC8,0x1A,0x00,0x00,
	0x18,0x00,0x04,0x80,0x00,0x30,0x00,0x00,0x80,0x00,0x00,0x03,0x01,0x80,0x02,0x00,0x00,0x02,0x84,0x20,
	0x00,0x00,0xE0,0x03,0x00,0x00,0x0F,0x00,0xC0,0x01,0x00,0xC0,0x00,0x00,0x07,0x80,0x00,0x00,0x03,0x01,
	0x80,0x02,0x00,0x00,0x15,0x00,0x8D,0x14,0x00,0x00,0x38,0x00,0x02,0x20,0x0B,0x00,0xB0,0x1A,0x01,0x00,
	0x36,0x00,0x01,0x0A,0x00,0x60,0x20,0x00,0x00,0x20,0x02,0x00,0x20,0x04,0x00,0x20,0x00,0x00,0x04,0x00,
	0x00,0x70,0x00,0x00,0x64,0x00,0x00,0x02,0x00,0x05,0x82,0x04,0x00,0x00,0xC8,0x00,0x00,0x60,0x0D,0x00,
	0x00,0x83,0x80,0x0F,0x00,0x01,0x02,0x00,0x00,0x34,0x00,0x00,0x20,0x00,0x02,0x80,0x00,0x30,0x00,0x08,
	0x83,0xC0,0x00,0x00,0x40,0x01,0x00,0x00,0x0E,0x00,0x00,0x13,0x00,0x21,0x89,0x0C,0x00,0x00,0x08,0x00,
	0x00,0x08,0x00,0x00,0xD4,0x00,0x00,0xB0,0x03,0x00,0xC0,0x11,0x00,0x00,0x13,0x00,0x08,0x39,0x00,0x00,
	0x44,0x00,0x00,0x20,0x00,0x00,0x83,0x00,0x18,0x00,0x00,0x30,0x00,0x00,0x60,0x00,0x00,0xB2,0x00,0x00,
	0x80,0x00,0x08,0x00,0x02,0x89,0x04,0x00,0x00,0x08,0x00,0x00,0x10,0x00,0x00,0x30,0x01,0x00,0xF0,0x01,
	0x00,0x80,0x15,0x00,0x80,0x12,0x00,0x00,0x34,0x00,0x00,0x22,0x00,0x00,0x24,0x00,0x01,0x82,0x00,0x10,
	0x00,0x00,0x20,0x00,0x00,0xA0,0x00,0x00,0x80,0x00,0x08,0x00,0x03,0x86,0x08,0x00,0x00,0x10,0x00,0x00,
	0x20,0x01,0x00,0x80,0x01,0x00,0x00,0x15,0x00,0x00,0x0F,0x00,0x00,0x02,0x00,0x05,0x80,0x00,0xA0,0x00,
	0x00,0x80,0x00,0x08,0x00,0x16,0x8F,0x08,0x00,0x00,0x10,0x00,0x00,0x0D,0x00,0x00,0x38,0x00,0x00,0x00,
	0x03,0x00,0x90,0x02,0x00,0xC0,0x01,0x00,0xE1,0x09,0x00,0x00,0x0D,0x00,0x00,0x02,0x00,0x00,0x36,0x00,
	0x00,0x24,0x00,0x00,0x1A,0x00,0x00,0x20,0x01,0x80,0x32,0x00,0x02,0x1D,0x00,0x01,0x80,0x00,0x20,0x00,
	0x02,0x84,0x0C,0x00,0x00,0x08,0x00,0x00,0x60,0x02,0x00,0xA0,0x02,0x00,0x80,0x09,0x00,0x00,0x81,0x00,
	0x02,0x00,0x00,0x36,0x00,0x02,0x82,0x00,0x20,0x01,0x00,0x10,0x00,0x00,0x10,0x00,0x01,0x80,0x00,0x20,
	0x00,0x02,0x80,0x08,0x00,0x00,0x00,0x84,0x40,0x01,0x00,0x80,0x02,0x00,0x00,0x09,0x00,0x00,0x0D,0x00,
	0x00,0x12,0x00,0x03,0x80,0x00,0x00,0x01,0x00,0x80,0x00,0x10,0x00,0x01,0x80,0x00,0x20,0x00,0x14,0x92,
	0x08,0x00,0x00,0x18,0x00,0x00,0x28,0x00,0x01,0x0A,0xA0,0x00,0x84,0x00,0x00,0x70,0x06,0x00,0xA0,0x04,
	0x00,0xB0,0x15,0x00,0x00,0x13,0x00,0x00,0x01,0x00,0x00,0x08,0x00,0x00,0x02,0x00,0x00,0x04,0x00,0x00,
	0x00,0x01,0x00,0x01,0x00,0x00,0x92,0x02,0x00,0x10,0x00,0x00,0x12,0x00,0x00,0x28,0x00,0x00,0x88,0x08,
	0x00,0x00,0x18,0x00,0x00,0x00,0x00,0x01,0x10,0xA0,0x00,0xB0,0x00,0x00,0x70,0x06,0x00,0x20,0x04,0x00,
	0xB0,0x0C,0x00,0x00,0x1E,0x00,0x00,0x80,0x00,0x02,0x00,0x01,0x80,0x00,0x00,0x01,0x00,0x83,0x00,0x80,
	0x02,0x00,0x10,0x00,0x00,0x12,0x00,0x00,0x28,0x00,0x01,0x80,0x18,0x00,0x00,0x00,0x85,0x10,0x80,0x00,
	0x20,0x00,0x00,0x40,0x06,0x00,0x00,0x04,0x00,0x00,0x0C,0x00,0x00,0x13,0x00,0x03,0x80,0x00,0x00,0x01,
	0x00,0x83,0x00,0x80,0x02,0x00,0x10,0x00,0x00,0x12,0x00,0x00,0x28,0x00,0x14,0x80,0x14,0x00,0x00,0x00,
	0x8D,0x28,0x00,0x00,0x2C,0x40,0x00,0x18,0x00,0x00,0xB0,0x01,0x00,0xF9,0x01,0x00,0x20,0x05,0x00,0x00,
	0x0C,0x01,0x80,0x1A,0x00,0x00,0x02,0x00,0x00,0x05,0x00,0x00,0x22,0x00,0x00,0x10,0x00,0x00,0x80,0x00,
	0x02,0xAC,0x00,0x00,0x81,0x40,0x00,0x00,0x00,0x20,0x00,0x00,0x8A,0x04,0x00,0x00,0x08,0x00,0x00,0x30,
	0x00,0x00,0x0C,0x00,0x00,0x18,0x00,0x00,0x30,0x01,0x00,0x70,0x01,0x00,0xA0,0x00,0x00,0x00,0x08,0x00,
	0x00,0x03,0x00,0x00,0x03,0x00,0x02,0x81,0x00,0x80,0x00,0x00,0xAC,0x00,0x00,0x81,0x40,0x00,0x00,0x00,
	0x20,0x00,0x02,0x86,0x30,0x00,0x00,0x08,0x00,0x00,0x10,0x00,0x00,0x20,0x01,0x00,0x40,0x01,0x00,0x80,
	0x00,0x00,0x80,0x08,0x00,0x04,0x81,0x00,0x80,0x00,0x00,0xA0,0x00,0x01,0x80,0x00,0x20,0x00,0x14,0x8D,
	0x02,0x00,0x00,0x14,0x00,0x00,0x08,0x00,0x00,0x60,0x00,0x00,0x30,0x11,0x00,0x58,0x00,0x01,0xB0,0x08,
	0x00,0x20,0x01,0x00,0x00,0x0B,0x00,0x00,0x02,0x00,0x00,0x07,0x00,0x80,0x02,0x00,0x00,0x03,0x00,0x00,
	0x24,0x00,0x00,0x80,0x00,0x12,0x00,0x00,0x84,0x80,0x00,0x00,0x00,0x20,0x00,0x00,0x40,0x00,0x02,0x00,
	0x00,0x04,0x00,0x00,0x00,0x87,0x30,0x00,0x00,0x08,0x10,0x00,0x18,0x00,0x01,0x70,0x00,0x00,0x60,0x03,
	0x00,0x00,0x0B,0x00,0xC0,0x01,0x00,0x80,0x01,0x00,0x01,0x80,0x00,0x20,0x00,0x00,0x80,0x00,0x12,0x00,
	0x00,0x82,0x80,0x00,0x00,0x00,0x20,0x00,0x00,0x40,0x00,0x01,0x86,0x08,0x00,0x00,0x30,0x00,0x00,0x08,
	0x10,0x00,0x10,0x00,0x00,0x60,0x00,0x00,0x00,0x03,0x00,0x40,0x0B,0x00,0x08,0x81,0x00,0x20,0x00,0x00,
	0x40,0x00,0x13,0x8D,0x02,0x00,0x00,0x02,0x00,0x00,0x10,0x00,0x04,0x01,0x00,0x00,0x74,0x00,0x00,0x24,
	0x04,0x00,0x48,0x00,0x00,0x70,0x01,0x00,0x00,0x03,0x00,0x60,0x0C,0x00,0x80,0x0B,0x00,0x40,0x01,0x00,
	0x80,0x01,0x00,0x00,0x20,0x00,0x00,0x81,0xC0,0x80,0x00,0x80,0x00,0x00,0x01,0x8B,0x00,0x40,0x00,0x02,
	0x00,0x00,0x02,0x00,0x00,0x00,0x00,0x04,0x08,0x00,0x00,0x24,0x00,0x00,0x08,0x04,0x00,0x30,0x00,0x00,
	0x50,0x00,0x00,0x00,0x03,0x00,0x80,0x08,0x00,0xC0,0x00,0x00,0x01,0x80,0x00,0x20,0x00,0x00,0x80,0x80,
	0x80,0x00,0x02,0x80,0x00,0x40,0x00,0x02,0x85,0x08,0x00,0x00,0x20,0x00,0x00,0x08,0x04,0x00,0x30,0x00,
	0x00,0x40,0x00,0x00,0x20,0x03,0x00,0x05,0x80,0x00,0x80,0x00,0x02,0x80,0x00,0x40,0x00,0x13,0x00,0x8B,
	0x02,0x00,0x00,0x24,0x80,0x00,0x18,0x00,0x00,0x11,0x0D,0x00,0x22,0x00,0x04,0x78,0x00,0x00,0x90,0x00,
	0x00,0xD0,0x01,0x02,0xA0,0x03,0x00,0xA0,0x08,0x00,0x00,0x10,0x00,0x80,0x00,0x00,0x00,0x81,0x00,0x60,
	0x00,0x00,0x01,0x00,0x01,0x80,0x00,0x20,0x00,0x01,0x88,0x02,0x00,0x00,0x24,0x80,0x00,0x09,0x00,0x00,
	0x11,0x04,0x00,0x21,0x00,0x04,0x18,0x00,0x00,0xB0,0x00,0x00,0xC0,0x01,0x00,0x60,0x00,0x00,0x03,0x81,
	0x00,0x40,0x00,0x00,0x01,0x00,0x01,0x80,0x00,0x20,0x00,0x02,0x80,0x20,0x00,0x00,0x00,0x84,0x10,0x00,
	0x00,0x20,0x00,0x00,0x10,0x00,0x00,0xA0,0x00,0x00,0xC0,0x01,0x00,0x04,0x80,0x00,0x40,0x00,0x02,0x80,
	0x00,0x20,0x00,0x14,0x80,0x10,0x00,0x00,0x00,0x80,0x63,0x00,0x00,0x00,0x88,0x1F,0x00,0x00,0x14,0x40,
	0x00,0x30,0x00,0x00,0x68,0x00,0x00,0x20,0x00,0x02,0x50,0x0C,0x00,0x60,0x04,0x00,0x20,0x10,0x00,0x00,
	0x20,0x00,0x00,0x81,0x01,0x80,0x00,0x01,0x00,0x00,0x00,0x80,0x00,0x04,0x00,0x00,0x81,0x00,0x40,0x00,
	0x10,0x00,0x00,0x00,0x88,0x23,0x00,0x00,0x03,0x00,0x00,0x09,0x00,0x00,0x07,0x00,0x00,0x01,0x00,0x00,
	0x50,0x00,0x00,0x30,0x00,0x00,0x00,0x08,0x00,0x60,0x00,0x00,0x02,0x80,0x00,0x80,0x00,0x01,0x80,0x00,
	0x04,0x00,0x00,0x80,0x00,0x40,0x00,0x01,0x83,0x20,0x00,0x00,0x01,0x00,0x00,0x0B,0x00,0x00,0x01,0x00,
	0x00,0x00,0x81,0x50,0x00,0x00,0x20,0x00,0x00,0x04,0x80,0x00,0x80,0x00,0x01,0x80,0x00,0x04,0x00,0x00,
	0x80,0x00,0x40,0x00,0x13,0x00,0x87,0x10,0x00,0x00,0x01,0x00,0x00,0x1B,0x04,0x00,0x14,0x00,0x06,0x5A,
	0x00,0x00,0x3C,0x00,0x00,0x38,0x00,0x00,0x30,0x07,0x02,0x00,0x81,0x70,0x00,0x00,0x40,0x30,0x00,0x00,
	0x80,0x00,0x30,0x00,0x01,0x82,0x00,0x01,0x00,0x02,0x00,0x00,0x00,0x10,0x00,0x01,0x86,0x10,0x00,0x00,
	0x0D,0x00,0x00,0x07,0x04,0x00,0x04,0x00,0x00,0x5E,0x00,0x00,0x1A,0x00,0x00,0x20,0x00,0x00,0x00,0x81,
	0x30,0x00,0x00,0x20,0x00,0x00,0x05,0x81,0x02,0x00,0x00,0x00,0x10,0x00,0x03,0x82,0x0F,0x00,0x00,0x04,
	0x00,0x00,0x5E,0x00,0x00,0x00,0x80,0x30,0x00,0x00,0x08,0x81,0x02,0x00,0x00,0x00,0x10,0x00,0x14,0x8B,
	0x01,0x00,0x00,0x20,0x00,0x00,0x1A,0x00,0x00,0x57,0xC0,0x01,0xD5,0x00,0x00,0x0D,0x00,0x00,0x59,0x00,
	0x04,0x48,0x01,0x00,0x38,0x00,0x02,0x10,0x00,0x00,0x20,0x08,0x00,0x90,0x00,0x00,0x02,0x80,0x03,0x00,
	0x00,0x00,0x8C,0x40,0x10,0x00,0x00,0x20,0x00,0x00,0x40,0x00,0x01,0x00,0x00,0x20,0x00,0x00,0x06,0x00,
	0x00,0x55,0x40,0x01,0xD9,0x00,0x00,0x08,0x00,0x00,0x1C,0x00,0x04,0x20,0x00,0x00,0xF0,0x00,0x00,0x10,
	0x00,0x00,0x04,0x80,0x03,0x00,0x00,0x00,0x82,0x40,0x10,0x00,0x00,0x20,0x00,0x00,0x40,0x00,0x00,0x80,
	0x20,0x00,0x00,0x00,0x82,0x56,0x00,0x01,0x59,0x00,0x00,0x08,0x00,0x00,0x0A,0x82,0x00,0x10,0x00,0x00,
	0x20,0x00,0x00,0x40,0x00,0x13,0x01,0x86,0xA8,0x00,0x00,0x79,0xC1,0x00,0x7A,0x01,0x00,0xAE,0x01,0x00,
	0x3A,0x03,0x00,0x23,0x00,0x00,0x34,0x01,0x02,0x00,0x81,0x10,0x00,0x00,0x30,0x00,0x00,0x04,0x80,0x44,
	0x08,0x00,0x03,0x86,0x38,0x00,0x00,0xF4,0x40,0x00,0xE6,0x00,0x00,0xB0,0x01,0x00,0x00,0x03,0x00,0x24,
	0x00,0x00,0x00,0x01,0x00,0x07,0x80,0x44,0x08,0x00,0x03,0x84,0x20,0x00,0x00,0xF8,0x00,0x00,0xE6,0x01,
	0x00,0xB0,0x01,0x00,0x00,0x03,0x00,0x09,0x80,0x04,0x08,0x00,0x15,0x80,0x20,0x00,0x00,0x00,0x8B,0xA4,
	0x00,0x01,0xA8,0xC6,0x04,0x9D,0x07,0x00,0xA4,0x06,0x00,0x20,0x00,0x00,0x9B,0x01,0x00,0x3A,0x0E,0x00,
	0x04,0x18,0x00,0x04,0x00,0x00,0x00,0x10,0x00,0x00,0x20,0x00,0x00,0x04,0x00,0x00,0x83,0x07,0x00,0x00,
	0x01,0x10,0x00,0x00,0x01,0x00,0x00,0x20,0x00,0x00,0x80,0x20,0x00,0x00,0x00,0x86,0x20,0x00,0x01,0xB0,
	0x40,0x00,0x91,0x01,0x00,0xC0,0x06,0x00,0x60,0x00,0x00,0x1B,0x00,0x00,0x00,0x06,0x00,0x06,0x80,0x00,
	0x10,0x00,0x00,0x80,0x00,0x20,0x00,0x00,0x80,0x20,0x00,0x00,0x00,0x84,0x20,0x00,0x00,0xA0,0x00,0x00,
	0x99,0x07,0x00,0xC0,0x06,0x00,0x60,0x00,0x00,0x08,0x80,0x00,0x10,0x00,0x00,0x80,0x00,0x20,0x00,0x14,
	0x80,0x02,0x00,0x00,0x00,0x89,0x04,0x00,0x02,0x85,0x0F,0x04,0x33,0x0E,0x00,0xA0,0x07,0x00,0x5C,0x06,
	0x00,0xC0,0x19,0x00,0x86,0x07,0x00,0x06,0x00,0x00,0x06,0x34,0x00,0x00,0x20,0x00,0x00,0x81,0x00,0x20,
	0x00,0x00,0x30,0x04,0x00,0x81,0x02,0x00,0x00,0x40,0x00,0x02,0x01,0x80,0x02,0x00,0x00,0x00,0x84,0x00,
	0x00,0x02,0x01,0x08,0x00,0x32,0x06,0x00,0x00,0x07,0x00,0x9C,0x07,0x00,0x00,0x80,0x02,0x00,0x00,0x04,
	0x80,0x00,0x00,0x04,0x01,0x80,0x40,0x00,0x00,0x05,0x82,0x22,0x06,0x00,0x00,0x07,0x00,0x9C,0x07,0x00,
	0x06,0x80,0x00,0x00,0x04,0x18,0x00,0x80,0x41,0x00,0x00,0x00,0x86,0x00,0x08,0x04,0x86,0x22,0x00,0x01,
	0x19,0x02,0x30,0x2A,0x00,0xA0,0x2A,0x00,0x8B,0x40,0x00,0x00,0x10,0x00,0x01,0x83,0x00,0x0C,0x00,0x00,
	0x40,0x02,0x00,0x40,0x00,0x00,0x01,0x00,0x00,0x80,0x04,0x00,0x00,0x02,0x80,0x01,0x00,0x00,0x00,0x86,
	0x01,0x08,0x00,0x00,0x2F,0x00,0x40,0x18,0x02,0x00,0x18,0x00,0x80,0x0F,0x00,0x02,0x07,0x00,0x00,0x10,
	0x00,0x02,0x82,0x00,0x00,0x02,0x00,0x40,0x00,0x00,0x01,0x00,0x00,0x80,0x04,0x00,0x00,0x04,0x84,0x01,
	0x00,0x00,0x00,0x20,0x00,0x40,0x18,0x00,0x00,0x18,0x00,0x80,0x0F,0x00,0x04,0x81,0x00,0x00,0x02,0x00,
	0x40,0x00,0x01,0x80,0x04,0x00,0x00,0x15,0x01,0x88,0x01,0x00,0x00,0x05,0x20,0x04,0x04,0x10,0x00,0x10,
	0x10,0x00,0x85,0x33,0x00,0x50,0x10,0x00,0xE6,0x40,0x02,0x03,0x42,0x00,0x02,0x00,0x00,0x01,0x83,0x00,
	0x10,0x02,0x00,0xE0,0x00,0x00,0x62,0x04,0x02,0x00,0x00,0x04,0x87,0x01,0x00,0x00,0x02,0x00,0x00,0x04,
	0x00,0x00,0x00,0x10,0x00,0x04,0x10,0x00,0x40,0x10,0x00,0xE0,0x0F,0x00,0x00,0x1C,0x00,0x02,0x82,0x00,
	0x10,0x02,0x00,0xA0,0x00,0x00,0x42,0x04,0x07,0x84,0x04,0x00,0x00,0x00,0x10,0x00,0x04,0x10,0x00,0x40,
	0x10,0x00,0x00,0x0F,0x00,0x03,0x82,0x00,0x00,0x02,0x00,0x80,0x00,0x00,0x40,0x04,0x17,0x8B,0x20,0x00,
	0x00,0x20,0x00,0x00,0x21,0x00,0x00,0x02,0x00,0x00,0x01,0x00,0x00,0x32,0x90,0x00,0xC0,0x08,0x00,0x01,
	0x28,0x00,0xD1,0x02,0x00,0x81,0x40,0x00,0x00,0x10,0x00,0x00,0x10,0x00,0x00,0x84,0x00,0x50,0x00,0x00,
	0xC0,0x00,0x00,0x64,0x01,0x11,0x01,0x00,0x20,0x01,0x00,0x04,0x80,0x02,0x00,0x00,0x00,0x85,0x30,0x10,
	0x00,0x80,0x08,0x00,0x01,0x18,0x00,0x10,0x00,0x00,0x00,0x0F,0x00,0x00,0x18,0x00,0x01,0x84,0x00,0x10,
	0x00,0x00,0x80,0x00,0x00,0x44,0x01,0x10,0x01,0x00,0x20,0x01,0x00,0x04,0x80,0x02,0x00,0x00,0x00,0x82,
	0x30,0x10,0x00,0x80,0x08,0x00,0x00,0x18,0x00,0x00,0x80,0x00,0x0C,0x00,0x03,0x81,0x00,0x80,0x00,0x00,
	0x40,0x01,0x00,0x80,0x20,0x00,0x00,0x15,0x80,0x40,0x00,0x00,0x00,0x88,0x01,0x00,0x00,0x32,0x20,0x00,
	0x41,0x00,0x00,0x9A,0x90,0x00,0x65,0x01,0x00,0x69,0x02,0x00,0x0E,0x01,0x00,0x40,0x0B,0x00,0x00,0x04,
	0x00,0x00,0x80,0x00,0x20,0x00,0x00,0x83,0x00,0x60,0x00,0x00,0x18,0x00,0x20,0x00,0x00,0x00,0x00,0x02,
	0x00,0x80,0x01,0x20,0x00,0x02,0x87,0x02,0x00,0x00,0x40,0x00,0x00,0x00,0x10,0x00,0x44,0x01,0x00,0x21,
	0x00,0x00,0x0C,0x00,0x00,0x00,0x0A,0x00,0x00,0x10,0x00,0x02,0x81,0x00,0x60,0x00,0x00,0x18,0x00,0x06,
	0x84,0x02,0x00,0x00,0x40,0x00,0x00,0x00,0x10,0x00,0x44,0x01,0x00,0x20,0x00,0x00,0x00,0x80,0x00,0x0A,
	0x00,0x03,0x80,0x00,0x40,0x00,0x18,0x80,0x21,0x00,0x00,0x01,0x8A,0x41,0x00,0x00,0xB0,0x00,0x00,0x38,
	0x90,0x00,0x70,0x00,0x00,0x50,0x01,0x00,0xA3,0x00,0x00,0xA0,0x10,0x00,0x00,0x04,0x00,0x00,0x20,0x00,
	0x00,0x10,0x00,0x00,0x00,0x02,0x00,0x80,0x00,0x20,0x00,0x00,0x80,0x40,0x00,0x00,0x00,0x81,0x00,0x10,
	0x00,0x20,0x00,0x00,0x01,0x86,0x42,0x00,0x00,0x04,0x00,0x00,0x18,0x10,0x00,0x20,0x00,0x00,0x10,0x00,
	0x00,0x82,0x00,0x00,0x80,0x00,0x00,0x02,0x80,0x00,0x00,0x02,0x00,0x80,0x00,0x20,0x00,0x06,0x85,0x40,
	0x00,0x00,0x04,0x00,0x00,0x08,0x10,0x00,0x20,0x00,0x00,0x10,0x00,0x00,0x80,0x00,0x00,0x03,0x80,0x00,
	0x00,0x02,0x00,0x80,0x00,0x20,0x00,0x17,0x00,0x89,0x22,0x00,0x00,0x60,0x00,0x00,0x81,0x80,0x03,0x14,
	0x04,0x04,0x04,0x00,0x00,0x3A,0x08,0x00,0x24,0x00,0x00,0x80,0x08,0x00,0x10,0x0E,0x00,0x00,0x38,0x00,
	0x01,0x83,0x00,0x20,0x01,0x00,0x30,0x00,0x00,0x10,0x00,0x19,0x00,0x00,0x01,0x80,0x02,0x00,0x00,0x00,
	0x85,0x22,0x00,0x00,0x60,0x00,0x00,0x01,0x80,0x02,0x06,0x00,0x00,0x08,0x00,0x00,0x12,0x08,0x00,0x00,
	0x82,0x00,0x08,0x00,0x00,0x06,0x00,0x00,0x18,0x00,0x01,0x80,0x00,0x00,0x01,0x01,0x80,0x10,0x00,0x00,
	0x04,0x82,0x40,0x00,0x00,0x01,0x00,0x02,0x02,0x00,0x00,0x00,0x80,0x12,0x08,0x00,0x00,0x81,0x00,0x08,
	0x00,0x00,0x06,0x00,0x02,0x80,0x00,0x00,0x01,0x19,0x89,0x05,0x00,0x00,0x40,0x00,0x00,0x81,0x00,0x00,
	0x29,0x00,0x00,0x21,0x40,0x00,0x8F,0x02,0x00,0x25,0x20,0x00,0x3A,0x08,0x00,0x71,0x06,0x00,0xEC,0x00,
	0x00,0x01,0x82,0x00,0x10,0x00,0x00,0x10,0x00,0x00,0x20,0x00,0x00,0x81,0x00,0x0E,0x00,0x01,0x02,0x00,
	0x00,0x82,0x00,0x08,0x00,0x04,0x00,0x00,0x40,0x00,0x00,0x00,0x86,0x20,0x00,0x00,0x22,0x40,0x00,0x80,
	0x00,0x00,0x39,0x00,0x00,0x08,0x00,0x00,0x61,0x04,0x00,0x60,0x00,0x00,0x01,0x82,0x00,0x10,0x00,0x00,
	0x10,0x00,0x00,0x20,0x00,0x00,0x81,0x00,0x0C,0x00,0x01,0x00,0x00,0x02,0x80,0x40,0x00,0x00,0x01,0x84,
	0x00,0x40,0x00,0x84,0x00,0x00,0x09,0x00,0x00,0x08,0x00,0x00,0x60,0x04,0x00,0x04,0x80,0x00,0x20,0x00,
	0x00,0x81,0x00,0x0C,0x00,0x01,0x00,0x00,0x15,0x80,0x42,0x00,0x00,0x00,0x87,0x03,0x00,0x04,0x01,0x4A,
	0x00,0x01,0x12,0x00,0x27,0x00,0x00,0x12,0x00,0x00,0x1C,0x04,0x00,0x58,0x00,0x00,0xDB,0x04,0x00,0x01,
	0x82,0x00,0x02,0x00,0x00,0x00,0x02,0x00,0x10,0x00,0x00,0x81,0x26,0x04,0x00,0x05,0x01,0x00,0x01,0x80,
	0x40,0x00,0x00,0x00,0x87,0x02,0x00,0x04,0x01,0x0A,0x00,0x01,0x10,0x00,0x22,0x00,0x00,0x0C,0x00,0x00,
	0x24,0x04,0x00,0x10,0x00,0x00,0x98,0x00,0x00,0x02,0x81,0x00,0x00,0x02,0x00,0x10,0x00,0x00,0x81,0x00,
	0x04,0x00,0x05,0x00,0x00,0x01,0x80,0x40,0x00,0x00,0x02,0x85,0x01,0x00,0x00,0x02,0x00,0x00,0x04,0x00,
	0x00,0x24,0x04,0x00,0x10,0x00,0x00,0x80,0x00,0x00,0x02,0x80,0x00,0x00,0x02,0x01,0x81,0x00,0x04,0x00,
	0x05,0x00,0x00,0x15,0x8D,0x41,0x00,0x00,0x81,0x00,0x00,0x02,0x00,0x02,0x03,0x02,0x00,0x02,0x21,0x00,
	0x04,0x00,0x00,0x0A,0x00,0x00,0x13,0x00,0x00,0x04,0x07,0x00,0x76,0x08,0x00,0x60,0x00,0x00,0x00,0x10,
	0x00,0x00,0x0A,0x00,0x00,0x14,0x00,0x01,0x81,0x08,0x00,0x00,0x40,0x00,0x00,0x00,0x8A,0x01,0x00,0x00,
	0x01,0x00,0x00,0x01,0x00,0x00,0x03,0x00,0x02,0x00,0x02,0x00,0x01,0x01,0x00,0x02,0x00,0x00,0x04,0x00,
	0x00,0x0A,0x00,0x00,0x00,0x02,0x00,0x46,0x08,0x00,0x00,0x80,0x00,0x10,0x00,0x03,0x80,0x08,0x00,0x00,
	0x09,0x82,0x1A,0x00,0x00,0x00,0x02,0x00,0x40,0x00,0x00,0x1D,0x8E,0x85,0x00,0x00,0x43,0x00,0x00,0x44,
	0x00,0x00,0x53,0x40,0x00,0x84,0x08,0x00,0x1A,0x01,0x07,0xA4,0x02,0x00,0x44,0x03,0x00,0xAA,0x08,0x00,
	0xE9,0x03,0x00,0xFC,0x03,0x00,0x00,0x10,0x00,0x00,0x10,0x00,0x00,0x10,0x01,0x00,0x10,0x00,0x00,0x81,
	0x00,0x08,0x00,0x00,0x02,0x00,0x00,0x83,0x02,0x00,0x00,0x06,0x00,0x00,0x02,0x00,0x00,0x01,0x00,0x00,
	0x00,0x8A,0x80,0x00,0x00,0x01,0x00,0x04,0x02,0x02,0x00,0x4C,0x03,0x00,0x08,0x00,0x00,0x21,0x01,0x00,
	0x60,0x00,0x00,0x00,0x10,0x00,0x00,0x10,0x00,0x00,0x00,0x01,0x00,0x10,0x00,0x00,0x81,0x00,0x08,0x00,
	0x00,0x02,0x00,0x05,0x85,0x80,0x00,0x00,0x01,0x00,0x00,0x02,0x02,0x00,0x44,0x03,0x00,0x08,0x00,0x00,
	0x20,0x01,0x00,0x02,0x80,0x00,0x00,0x01,0x01,0x80,0x00,0x08,0x00,0x16,0x8A,0x42,0x00,0x00,0x07,0x00,
	0x00,0x46,0x00,0x04,0x40,0x00,0x07,0x40,0x05,0x00,0x0D,0x04,0x02,0x02,0x40,0x00,0xA9,0x00,0x00,0x7C,
	0x00,0x00,0x30,0x07,0x00,0xFB,0x1C,0x00,0x00,0x80,0x00,0x14,0x00,0x00,0x81,0x00,0x20,0x00,0x00,0x1F,
	0x02,0x00,0x80,0x08,0x04,0x00,0x00,0x81,0x02,0x40,0x01,0x40,0x00,0x00,0x00,0x81,0x02,0x00,0x04,0x00,
	0x00,0x05,0x00,0x85,0x01,0x00,0x00,0x02,0x00,0x00,0xA5,0x00,0x00,0x1C,0x00,0x00,0x10,0x07,0x00,0x98,
	0x10,0x00,0x02,0x81,0x00,0x20,0x00,0x00,0x0F,0x02,0x00,0x80,0x08,0x04,0x00,0x00,0x80,0x00,0x00,0x01,
	0x02,0x80,0x00,0x00,0x04,0x02,0x82,0x81,0x00,0x00,0x1C,0x00,0x00,0x10,0x01,0x00,0x03,0x81,0x00,0x20,
	0x00,0x00,0x00,0x02,0x00,0x80,0x08,0x04,0x00,0x00,0x80,0x00,0x00,0x01,0x13,0x91,0x44,0x00,0x00,0xCA,
	0x00,0x00,0xC8,0x05,0x00,0xD0,0x14,0x00,0xE1,0xA0,0x00,0x41,0x21,0x02,0x42,0x10,0x00,0xC6,0x00,0x00,
	0x10,0x06,0x04,0x80,0x09,0x00,0x34,0x22,0x00,0x00,0x30,0x00,0x00,0x20,0x00,0x00,0x14,0x02,0x00,0x30,
	0x00,0x80,0x02,0x00,0x02,0x03,0x00,0x40,0x02,0x00,0x00,0x89,0x00,0x00,0x01,0x40,0x00,0x00,0xC0,0x00,
	0x00,0x00,0x04,0x00,0x00,0x15,0x00,0x40,0xA1,0x00,0x00,0x21,0x00,0x41,0x10,0x00,0x02,0x00,0x00,0x10,
	0x04,0x00,0x00,0x80,0x24,0x02,0x00,0x01,0x80,0x00,0x10,0x02,0x00,0x81,0x00,0x02,0x00,0x00,0x02,0x00,
	0x01,0x80,0x00,0x00,0x01,0x00,0x87,0x80,0x00,0x00,0x80,0x00,0x00,0x80,0x01,0x00,0x00,0x81,0x00,0x00,
	0x21,0x00,0x01,0x10,0x00,0x02,0x00,0x00,0x10,0x00,0x00,0x00,0x80,0x20,0x00,0x00,0x01,0x80,0x00,0x00,
	0x02,0x04,0x80,0x00,0x00,0x01,0x13,0x85,0xC8,0x00,0x00,0x83,0x01,0x00,0x50,0x03,0x00,0xC0,0x10,0x00,
	0x80,0x55,0x00,0x40,0x0A,0x00,0x00,0x86,0x02,0x01,0x00,0x00,0x09,0x00,0x04,0x32,0x00,0xC0,0x37,0x00,
	0x00,0x20,0x00,0x00,0x28,0x00,0x00,0x20,0x00,0x00,0x82,0x00,0x2C,0x00,0x2D,0x10,0x00,0x82,0x00,0x00,
	0x00,0x86,0x00,0x08,0x00,0xC0,0x00,0x00,0xC0,0x00,0x00,0x80,0x06,0x00,0xC0,0x10,0x00,0x00,0x0C,0x00,
	0x40,0x0C,0x00,0x01,0x84,0x00,0x09,0x00,0x00,0x12,0x00,0x80,0x26,0x00,0x00,0x20,0x00,0x00,0x20,0x00,
	0x01,0x82,0x00,0x2C,0x00,0x08,0x10,0x00,0x82,0x00,0x00,0x01,0x85,0x80,0x00,0x00,0x80,0x00,0x00,0x00,
	0x03,0x00,0x00,0x06,0x00,0x00,0x06,0x00,0x00,0x0C,0x00,0x01,0x80,0x00,0x01,0x00,0x05,0x82,0x00,0x20,
	0x00,0x00,0x10,0x00,0x02,0x00,0x00,0x15,0x8B,0x08,0x00,0x00,0x80,0x00,0x00,0x87,0x0F,0x00,0xA0,0x99,
	0x00,0x00,0x16,0x00,0x00,0x7E,0x00,0x01,0x21,0x00,0x72,0x08,0x00,0x8C,0x1F,0x00,0x58,0x17,0x00,0x20,
	0x0E,0x00,0x00,0x20,0x00,0x00,0x82,0x00,0x08,0x00,0x00,0x60,0x00,0x02,0x00,0x00,0x00,0x80,0x08,0x05,
	0x00,0x00,0x80,0x04,0x00,0x00,0x00,0x89,0xC0,0x00,0x00,0x83,0x0A,0x00,0x00,0x13,0x00,0x80,0x05,0x00,
	0x00,0x62,0x00,0x01,0x18,0x00,0x7A,0x00,0x00,0x8C,0x02,0x00,0x88,0x03,0x00,0x20,0x04,0x00,0x02,0x80,
	0x00,0x60,0x00,0x01,0x80,0x08,0x00,0x00,0x02,0x85,0x80,0x00,0x00,0x80,0x03,0x00,0x00,0x01,0x00,0x00,
	0x18,0x00,0x00,0x72,0x00,0x00,0x18,0x00,0x00,0x82,0x8C,0x00,0x00,0x88,0x00,0x00,0x20,0x00,0x00,0x02,
	0x80,0x00,0x40,0x00,0x01,0x80,0x08,0x00,0x00,0x15,0x8C,0x84,0x00,0x00,0x88,0x00,0x00,0xD8,0x01,0x00,
	0xA0,0x1C,0x06,0x40,0x18,0x00,0x00,0x0E,0x04,0x41,0x24,0x00,0x2F,0x76,0x00,0xC3,0x63,0x00,0xE0,0x22,
	0x00,0x68,0x6C,0x00,0x00,0x40,0x00,0x00,0x50,0x00,0x01,0x82,0x05,0x00,0x00,0x18,0x04,0x00,0x40,0x00,
	0x00,0x00,0x80,0x00,0x80,0x00,0x01,0x88,0x80,0x01,0x00,0x00,0x16,0x02,0x00,0x17,0x00,0x80,0x01,0x00,
	0x00,0x22,0x00,0x21,0x78,0x00,0x42,0x11,0x00,0xC0,0x20,0x00,0x40,0x00,0x00,0x04,0x81,0x10,0x00,0x00,
	0x40,0x00,0x00,0x03,0x82,0x80,0x01,0x00,0x00,0x06,0x00,0x00,0x1E,0x00,0x00,0x83,0x00,0x04,0x00,0x01,
	0x00,0x00,0x42,0x00,0x00,0x40,0x00,0x00,0x06,0x80,0x40,0x00,0x00,0x15,0x8B,0x00,0x05,0x00,0x04,0x00,
	0x00,0x00,0x11,0x00,0xD0,0x0D,0x01,0xE0,0xE5,0x01,0x20,0xB2,0x00,0x80,0xE5,0x00,0x43,0xC2,0x00,0x86,
	0xC1,0x00,0xC8,0xA0,0x00,0xB0,0xC0,0x00,0x00,0x40,0x00,0x00,0x84,0x00,0xA0,0x00,0x00,0x40,0x00,0x02,
	0x04,0x04,0x00,0x10,0x00,0x05,0x04,0x00,0x00,0x81,0x08,0x00,0x00,0x00,0x04,0x00,0x00,0x89,0x00,0x11,
	0x00,0xC0,0x0C,0x00,0x80,0x5A,0x01,0x00,0xAC,0x00,0x80,0x5D,0x00,0x04,0x56,0x00,0x86,0x40,0x00,0x80,
	0x40,0x00,0x20,0x40,0x00,0x00,0x40,0x00,0x00,0x80,0x00,0x60,0x00,0x00,0x82,0x02,0x00,0x04,0x00,0x10,
	0x00,0x05,0x04,0x00,0x03,0x84,0x00,0x01,0x00,0x80,0x00,0x00,0x00,0x02,0x01,0x00,0xBC,0x00,0x00,0x78,
	0x00,0x00,0x80,0x06,0x00,0x00,0x05,0x82,0x00,0x00,0x04,0x00,0x10,0x00,0x05,0x00,0x00,0x15,0x8C,0xA0,
	0x00,0x00,0xC5,0x30,0x00,0x04,0x00,0x00,0x01,0x80,0x00,0x88,0x03,0x00,0x00,0x01,0x00,0x00,0x08,0x00,
	0x86,0xFC,0x00,0x4A,0xE8,0x00,0x00,0x70,0x00,0x58,0xA0,0x00,0x00,0xC0,0x00,0x00,0x40,0x00,0x00,0x84,
	0x00,0x80,0x01,0x04,0x20,0x00,0x40,0x30,0x00,0x80,0x04,0x00,0x00,0x04,0x00,0x00,0x81,0xA0,0x00,0x00,
	0xC0,0x30,0x00,0x01,0x86,0x00,0x01,0x00,0x00,0x05,0x00,0x00,0x04,0x00,0x86,0x10,0x00,0x02,0x60,0x00,
	0x00,0x20,0x00,0x10,0x80,0x00,0x00,0x80,0x00,0x40,0x00,0x00,0x82,0x00,0x80,0x01,0x04,0x00,0x00,0x00,
	0x30,0x00,0x00,0x80,0x00,0x04,0x00,0x04,0x84,0x00,0x03,0x00,0x00,0x04,0x00,0x00,0x04,0x00,0x04,0x38,
	0x00,0x02,0x10,0x00,0x04,0x80,0x00,0x80,0x01,0x00,0x80,0x00,0x30,0x00,0x00,0x80,0x00,0x04,0x00,0x14,
	0x91,0x01,0x01,0x00,0x02,0x01,0x00,0x80,0x02,0x00,0x00,0x03,0x00,0x00,0x05,0x00,0x00,0x10,0x00,0x0C,
	0x04,0x00,0x1A,0x1E,0x00,0x02,0x19,0x00,0x30,0x11,0x00,0x2D,0x40,0x00,0x00,0x80,0x00,0x00,0xE8,0x00,
	0x00,0x80,0x00,0x00,0xE0,0x01,0x0A,0x47,0x00,0x00,0x06,0x00,0x00,0x08,0x00,0x00,0x86,0x01,0x10,0x00,
	0x00,0x01,0x00,0x00,0x01,0x00,0x80,0x00,0x00,0x00,0x01,0x00,0x00,0x04,0x00,0x00,0x0C,0x00,0x00,0x84,
	0x08,0x0A,0x00,0x02,0x30,0x00,0x20,0x00,0x00,0x0C,0x40,0x00,0x00,0x80,0x00,0x00,0x84,0x00,0x80,0x00,
	0x00,0x40,0x00,0x00,0x42,0x00,0x00,0x04,0x00,0x00,0x08,0x00,0x01,0x82,0x00,0x01,0x00,0x00,0x01,0x00,
	0x80,0x00,0x00,0x01,0x84,0x00,0x0C,0x00,0x00,0x04,0x00,0x08,0x08,0x00,0x02,0x10,0x00,0x20,0x00,0x00,
	0x04,0x80,0x00,0x40,0x00,0x00,0x80,0x00,0x08,0x00,0x15,0x84,0x00,0x08,0x00,0x01,0x00,0x00,0x00,0x20,
	0x00,0x00,0x06,0x02,0x80,0x00,0x02,0x00,0x84,0x14,0x10,0x00,0x03,0x40,0x00,0xE8,0x43,0x00,0x88,0x90,
	0x00,0x1A,0x60,0x00,0x00,0x82,0x00,0xB0,0x00,0x00,0x90,0x00,0x00,0x00,0x01,0x00,0x88,0x32,0x00,0x00,
	0x80,0x0B,0x00,0x02,0x04,0x00,0x10,0x10,0x01,0x00,0x08,0x00,0x01,0x00,0x00,0x00,0x20,0x00,0x00,0x04,
	0x00,0x00,0x00,0x02,0x00,0x84,0x06,0x00,0x00,0x02,0x00,0x00,0x60,0x00,0x00,0x80,0x00,0x00,0x00,0x60,
	0x00,0x00,0x81,0x00,0x80,0x00,0x00,0x80,0x00,0x01,0x82,0x22,0x00,0x00,0x80,0x01,0x00,0x00,0x04,0x00,
	0x04,0x80,0x00,0x00,0x02,0x01,0x81,0x02,0x00,0x00,0x20,0x00,0x00,0x06,0x82,0x02,0x00,0x00,0x80,0x00,
	0x00,0x00,0x04,0x00,0x14,0x8E,0x01,0x31,0x00,0x00,0xCB,0x00,0x88,0xC1,0x00,0x80,0x02,0x04,0x10,0xC4,
	0x00,0x40,0x0E,0x01,0x9B,0x8C,0x01,0x80,0x04,0x00,0xB1,0x38,0x00,0x47,0xF0,0x00,0x04,0xB0,0x00,0x00,
	0xA0,0x00,0x00,0x10,0x01,0x00,0x00,0x04,0x00,0x80,0x01,0x00,0x92,0x00,0x38,0x00,0x00,0x08,0x00,0x00,
	0x80,0x00,0x00,0x08,0x00,0x01,0x30,0x00,0x00,0xC8,0x00,0x80,0xC1,0x00,0x00,0x00,0x04,0x00,0x84,0x00,
	0x00,0x0A,0x01,0x14,0x8C,0x00,0x00,0x08,0x00,0x10,0x10,0x00,0x7B,0x90,0x00,0x00,0x80,0x00,0x00,0x80,
	0x00,0x00,0x00,0x01,0x00,0x00,0x04,0x00,0x80,0x01,0x00,0x81,0x00,0x30,0x00,0x00,0x08,0x00,0x03,0x80,
	0x80,0x01,0x00,0x01,0x84,0x00,0x0A,0x01,0x0C,0x80,0x00,0x00,0x08,0x00,0x10,0x10,0x00,0x18,0x80,0x00,
	0x01,0x82,0x00,0x00,0x01,0x00,0x00,0x04,0x00,0x00,0x01,0x00,0x80,0x00,0x30,0x00,0x16,0x8F,0x05,0xC3,
	0x00,0x02,0x00,0x00,0x80,0x01,0x00,0x50,0x01,0x00,0x20,0x03,0x01,0x04,0x04,0x02,0x14,0x1C,0x00,0x00,
	0x12,0x02,0x9E,0x7A,0x00,0xE3,0xF0,0x00,0x00,0xA0,0x00,0x00,0x20,0x00,0x00,0x80,0x00,0x00,0x80,0x01,
	0x00,0x80,0x00,0x04,0x40,0x00,0x01,0x80,0x00,0x40,0x00,0x00,0x80,0x01,0xC1,0x00,0x01,0x86,0x40,0x01,
	0x00,0x00,0x02,0x00,0x16,0x0C,0x02,0x03,0x0C,0x00,0x00,0x06,0x00,0x0C,0x78,0x00,0x1C,0xE0,0x00,0x01,
	0x82,0x00,0x80,0x00,0x00,0x00,0x01,0x00,0x80,0x00,0x09,0x81,0x08,0x04,0x02,0x02,0x04,0x00,0x00,0x81,
	0x0C,0x50,0x00,0x00,0x80,0x00,0x02,0x80,0x00,0x00,0x01,0x19,0x8A,0x00,0x00,0x02,0x08,0x01,0x00,0x05,
	0x01,0x01,0x02,0x04,0x00,0x16,0x07,0x00,0x21,0x27,0x00,0x37,0x0D,0x00,0x16,0x01,0x00,0x43,0x2C,0x00,
	0x00,0x08,0x00,0x00,0x28,0x00,0x00,0x80,0x00,0x80,0x02,0x00,0x8E,0x04,0x40,0x00,0x00,0x36,0x00,0x84,
	0x00,0x00,0x00,0x09,0x00,0x04,0x00,0x00,0x00,0x00,0x02,0x00,0x00,0x02,0x00,0x01,0x00,0x00,0x01,0x01,
	0x00,0x01,0x00,0x14,0x01,0x00,0x16,0x06,0x00,0x11,0x06,0x00,0x06,0x05,0x00,0x3F,0x30,0x00,0x00,0x80,
	0x00,0x20,0x00,0x00,0x80,0x00,0x00,0x02,0x01,0x81,0x00,0x34,0x00,0x04,0x00,0x00,0x05,0x84,0x00,0x01,
	0x00,0x08,0x00,0x00,0x16,0x06,0x00,0x11,0x00,0x00,0x06,0x04,0x00,0x03,0x80,0x00,0x00,0x02,0x02,0x80,
	0x04,0x00,0x00,0x16,0x8A,0x01,0x06,0x01,0x41,0x02,0x01,0x80,0x00,0x00,0xA4,0x00,0x00,0x3C,0x03,0x00,
	0x43,0x08,0x00,0x30,0x07,0x00,0x37,0x29,0x00,0x0F,0x64,0x00,0x00,0x60,0x00,0x00,0x24,0x00,0x00,0x81,
	0x00,0x10,0x00,0x00,0x40,0x02,0x00,0x83,0x02,0x28,0x00,0x00,0x1C,0x00,0x00,0x92,0x00,0x02,0x00,0x00,
	0x00,0x88,0x00,0x06,0x01,0x41,0x02,0x01,0x80,0x00,0x00,0xAC,0x01,0x00,0x34,0x03,0x00,0x20,0x08,0x00,
	0x70,0x04,0x00,0x18,0x22,0x00,0x00,0x44,0x00,0x03,0x80,0x00,0x40,0x02,0x00,0x82,0x00,0x28,0x00,0x00,
	0x18,0x00,0x00,0x12,0x00,0x01,0x81,0x00,0x02,0x00,0x00,0x02,0x00,0x00,0x85,0x90,0x00,0x00,0x14,0x02,
	0x00,0x01,0x00,0x00,0x10,0x02,0x00,0x08,0x20,0x00,0x00,0x40,0x00,0x03,0x80,0x00,0x00,0x02,0x01,0x81,
	0x00,0x10,0x00,0x00,0x10,0x00,0x15,0x00,0x88,0x20,0x00,0x00,0x1B,0x06,0x00,0xEC,0x0A,0x01,0xF5,0x09,
	0x00,0x39,0x10,0x00,0x5C,0x0E,0x00,0x14,0x05,0x02,0x00,0x32,0x00,0x00,0x64,0x00,0x00,0x84,0x00,0x80,
	0x00,0x00,0x20,0x01,0x01,0x00,0x06,0x04,0x80,0x00,0x07,0x20,0x00,0x00,0x82,0x00,0x15,0x00,0x00,0x00,
	0x01,0x20,0x08,0x00,0x00,0x88,0x20,0x00,0x00,0x30,0x02,0x00,0x2C,0x0A,0x00,0x24,0x09,0x00,0xE0,0x10,
	0x00,0x5C,0x0B,0x00,0x0C,0x02,0x00,0x00,0x3C,0x00,0x00,0x58,0x00,0x01,0x81,0x00,0x00,0x01,0x00,0x00,
	0x06,0x00,0x80,0x02,0x20,0x00,0x00,0x80,0x00,0x01,0x00,0x03,0x87,0x00,0x02,0x00,0x68,0x02,0x00,0x64,
	0x01,0x00,0x20,0x00,0x00,0x1C,0x08,0x00,0x00,0x02,0x00,0x00,0x24,0x00,0x00,0x40,0x00,0x01,0x81,0x00,
	0x00,0x01,0x00,0x00,0x06,0x02,0x80,0x00,0x01,0x00,0x15,0x87,0x00,0x02,0x00,0x81,0x06,0x00,0xB9,0x0B,
	0x02,0x44,0x00,0x04,0xAF,0x83,0x05,0x64,0x08,0x00,0x94,0x06,0x03,0x00,0x08,0x00,0x00,0x81,0x00,0x5C,
	0x00,0x00,0x7A,0x00,0x00,0x80,0x00,0x00,0x01,0x00,0x84,0x01,0x00,0x00,0x04,0x00,0x00,0x06,0x00,0x00,
	0x00,0x40,0x00,0x04,0x08,0x00,0x01,0x89,0x80,0x00,0x00,0x70,0x09,0x02,0x80,0x01,0x00,0x83,0x02,0x05,
	0x44,0x00,0x00,0x14,0x07,0x01,0x00,0x02,0x00,0x00,0x16,0x00,0x00,0x64,0x00,0x00,0x48,0x00,0x00,0x80,
	0x00,0x00,0x01,0x01,0x81,0x04,0x00,0x00,0x07,0x00,0x00,0x00,0x80,0x00,0x08,0x00,0x02,0x87,0xE0,0x00,
	0x00,0x88,0x00,0x00,0x80,0x02,0x04,0x40,0x00,0x00,0x14,0x06,0x01,0x00,0x02,0x00,0x00,0x14,0x00,0x00,
	0x40,0x00,0x01,0x80,0x00,0x00,0x01,0x02,0x80,0x06,0x00,0x00,0x00,0x80,0x00,0x08,0x00,0x14,0x8B,0x10,
	0x06,0x00,0x88,0x03,0x02,0x00,0x01,0x00,0xB0,0x02,0x00,0xFF,0x01,0x00,0xD8,0x04,0x00,0xE0,0x06,0x00,
	0x0C,0x04,0x00,0x00,0x35,0x00,0x00,0x6E,0x00,0x00,0x60,0x00,0x00,0x04,0x02,0x00,0x85,0x02,0x00,0x00,
	0x02,0x00,0x00,0x06,0x40,0x00,0x02,0x00,0x00,0x00,0x00,0x01,0x08,0x08,0x00,0x00,0x8B,0x10,0x02,0x00,
	0x80,0x01,0x02,0x60,0x03,0x00,0x20,0x03,0x00,0x29,0x01,0x00,0x98,0x04,0x00,0xC0,0x02,0x00,0x04,0x0A,
	0x00,0x00,0x2E,0x00,0x00,0x18,0x00,0x00,0x60,0x00,0x00,0x00,0x02,0x02,0x80,0x00,0x40,0x00,0x01,0x80,
	0x00,0x08,0x00,0x02,0x83,0x60,0x03,0x00,0x30,0x03,0x00,0x09,0x01,0x00,0x80,0x04,0x00,0x00,0x81,0x00,
	0x0C,0x00,0x00,0x20,0x00,0x01,0x80,0x00,0x00,0x02,0x05,0x80,0x00,0x08,0x00,0x14,0x93,0x20,0x00,0x00,
	0x00,0x09,0x00,0xC0,0x1F,0x00,0xA0,0x0E,0x00,0xF7,0x5B,0x02,0x24,0x52,0x00,0xF8,0x04,0x00,0xE8,0x54,
	0x00,0x00,0x20,0x00,0x00,0x5D,0x00,0x00,0x5E,0x00,0x00,0xAA,0x00,0x00,0x80,0x00,0x00,0x40,0x04,0x04,
	0x80,0x00,0x08,0x80,0x00,0x66,0x10,0x00,0x00,0x50,0x00,0x01,0x08,0x02,0x00,0x00,0x04,0x00,0x89,0x00,
	0x0B,0x00,0x40,0x13,0x00,0xA1,0x10,0x00,0x95,0x50,0x00,0xA4,0x13,0x00,0x38,0x03,0x00,0x18,0x14,0x00,
	0x00,0x08,0x00,0x00,0x3C,0x00,0x00,0x3C,0x00,0x01,0x80,0x00,0x40,0x04,0x00,0x83,0x00,0x80,0x00,0x42,
	0x00,0x00,0x00,0x10,0x00,0x00,0x08,0x00,0x02,0x86,0x80,0x03,0x00,0xC0,0x00,0x00,0x36,0x40,0x00,0x00,
	0x03,0x00,0x38,0x00,0x00,0x00,0x10,0x00,0x00,0x10,0x00,0x03,0x80,0x00,0x00,0x04,0x00,0x80,0x00,0x80,
	0x00,0x01,0x80,0x00,0x08,0x00,0x04,0x80,0x00,0x40,0x00,0x0E,0x8E,0x45,0x00,0x00,0x10,0x00,0x00,0x08,
	0x1D,0x00,0xAE,0x5C,0x01,0x88,0x3E,0x00,0x40,0x39,0x00,0x30,0x19,0x00,0xBC,0x43,0x04,0x48,0x00,0x00,
	0x80,0x54,0x00,0x00,0x91,0x00,0x00,0x36,0x00,0x00,0x94,0x00,0x05,0xA0,0x00,0x01,0x80,0x00,0x00,0x8E,
	0x1C,0x01,0x00,0x00,0x02,0x00,0x20,0x00,0x00,0x40,0x02,0x00,0x40,0x00,0x00,0x11,0x00,0x00,0x00,0x13,
	0x00,0xA2,0x60,0x00,0xCC,0x20,0x00,0x40,0x47,0x00,0xC0,0x1F,0x00,0xE0,0x03,0x00,0x80,0x00,0x00,0x00,
	0x08,0x00,0x00,0x14,0x00,0x00,0x80,0x00,0x80,0x00,0x00,0x80,0x00,0x80,0x00,0x00,0x80,0x04,0x00,0x00,
	0x04,0x84,0x01,0x00,0x00,0x01,0x03,0x00,0xC8,0x41,0x00,0x00,0x44,0x00,0xC0,0x1F,0x00,0x10,0x80,0x00,
	0x40,0x00,0x0E,0x90,0x00,0x04,0x04,0x03,0x04,0x00,0x13,0x00,0x00,0x0F,0x58,0x01,0x41,0xEE,0x00,0x99,
	0x72,0x00,0x91,0x04,0x01,0xAD,0xA3,0x00,0xF0,0x16,0x00,0xC0,0x04,0x00,0x00,0x8C,0x00,0x00,0x90,0x00,
	0x00,0x8C,0x01,0x06,0xC0,0x03,0x02,0x00,0x00,0x00,0x84,0x00,0x27,0x20,0x00,0x01,0x8F,0x00,0x06,0x00,
	0x02,0x04,0x04,0x03,0x04,0x00,0x10,0x00,0x00,0x09,0x70,0x00,0x59,0x00,0x00,0x98,0x41,0x00,0x81,0x1D,
	0x01,0x01,0x7C,0x00,0x40,0x17,0x00,0x80,0x00,0x00,0x00,0x80,0x00,0x00,0x80,0x00,0x00,0x00,0x01,0x00,
	0x80,0x02,0x00,0x00,0x01,0x00,0x80,0x07,0x20,0x00,0x02,0x87,0x01,0x04,0x00,0x01,0x04,0x00,0x02,0x00,
	0x00,0x06,0x00,0x00,0x10,0x02,0x00,0x00,0x42,0x00,0x01,0x10,0x01,0x00,0x7C,0x00,0x03,0x82,0x00,0x00,
	0x01,0x00,0x00,0x03,0x00,0x00,0x01,0x00,0x80,0x00,0x20,0x00,0x16,0x90,0x42,0x00,0x00,0x20,0x00,0x00,
	0x04,0x04,0x04,0x1A,0x04,0x00,0x73,0x94,0x03,0xA7,0xFB,0x04,0x07,0x6E,0x01,0x85,0xF1,0x05,0x88,0xF1,
	0x02,0x00,0x91,0x00,0x80,0x06,0x00,0x00,0x88,0x00,0x00,0x18,0x04,0x00,0x00,0x07,0x04,0x00,0x05,0x00,
	0x80,0x02,0x03,0x00,0x00,0x01,0x8A,0x00,0x02,0x00,0x02,0x00,0x00,0x06,0x00,0x00,0x00,0x04,0x04,0x1E,
	0x04,0x00,0x72,0x74,0x02,0x21,0x35,0x04,0x06,0x0E,0x01,0x86,0x93,0x00,0x00,0xF8,0x00,0x00,0xA1,0x00,
	0x01,0x83,0x00,0x00,0x04,0x00,0x00,0x05,0x00,0x00,0x07,0x00,0x80,0x03,0x03,0x89,0x02,0x00,0x00,0x02,
	0x00,0x00,0x04,0x04,0x00,0x08,0x04,0x00,0x20,0x04,0x00,0x01,0x05,0x04,0x06,0x00,0x01,0x80,0x83,0x00,
	0x00,0xF0,0x00,0x00,0x80,0x00,0x01,0x83,0x00,0x00,0x04,0x00,0x00,0x04,0x00,0x00,0x06,0x00,0x00,0x03,
	0x17,0x92,0x1C,0x04,0x00,0x4C,0x04,0x00,0x04,0x04,0x00,0x09,0x00,0x00,0x0F,0x00,0x00,0x4B,0x83,0x00,
	0xA2,0x76,0x06,0x14,0x81,0x00,0x10,0x6B,0x03,0x00,0x37,0x03,0x00,0xA2,0x02,0x00,0x80,0x02,0x00,0x00,
	0x03,0x00,0x00,0x02,0x00,0x80,0x00,0x03,0x00,0x02,0x3C,0x00,0x00,0x00,0x90,0x00,0x10,0x50,0x00,0x00,
	0x8C,0x08,0x00,0x00,0x4C,0x00,0x00,0x0C,0x00,0x00,0x18,0x00,0x00,0x2D,0x00,0x00,0x42,0x02,0x00,0x81,
	0x0A,0x02,0x00,0x04,0x00,0x00,0x2C,0x01,0x00,0x6B,0x01,0x00,0x40,0x00,0x00,0x00,0x02,0x00,0x00,0x02,
	0x04,0x80,0x00,0x10,0x00,0x00,0x81,0x04,0x00,0x00,0x04,0x00,0x00,0x00,0x83,0x10,0x00,0x00,0x01,0x00,
	0x00,0x02,0x00,0x00,0x00,0x08,0x02,0x00,0x84,0x00,0x0C,0x01,0x00,0x70,0x01,0x00,0x80,0x00,0x00,0x00,
	0x02,0x00,0x00,0x02,0x04,0x80,0x00,0x10,0x00,0x14,0x94,0x84,0x08,0x00,0x08,0x00,0x00,0x25,0x00,0x04,
	0x34,0x04,0x00,0x44,0x80,0x04,0x95,0x81,0x00,0x0A,0x13,0x00,0x08,0x6E,0x01,0x00,0x3E,0x01,0x00,0x5C,
	0x03,0x00,0xB9,0x02,0x00,0xA0,0x03,0x00,0x80,0x06,0x00,0x00,0x04,0x00,0x00,0x04,0x0D,0x00,0x02,0x0A,
	0x08,0x00,0x00,0x20,0x02,0x02,0x08,0x00,0x80,0x00,0x00,0x80,0x08,0x00,0x00,0x90,0x0C,0x00,0x04,0x04,
	0x00,0x00,0x00,0x80,0x00,0x85,0x01,0x00,0x0A,0x17,0x00,0x08,0x96,0x00,0x00,0x32,0x01,0x00,0x04,0x01,
	0x00,0xD0,0x00,0x00,0xC0,0x00,0x00,0x00,0x04,0x00,0x00,0x04,0x00,0x00,0x04,0x01,0x00,0x00,0x0A,0x00,
	0x00,0x00,0x20,0x00,0x00,0x08,0x00,0x02,0x80,0x08,0x00,0x00,0x00,0x86,0x00,0x80,0x00,0x84,0x00,0x00,
	0x08,0x16,0x00,0x00,0x80,0x00,0x00,0x02,0x01,0x00,0x00,0x01,0x00,0xE0,0x00,0x00,0x82,0x00,0x00,0x04,
	0x00,0x00,0x04,0x00,0x00,0x04,0x00,0x82,0x0A,0x00,0x00,0x00,0x20,0x00,0x00,0x08,0x00,0x04,0x80,0x00,
	0x80,0x00,0x0E,0x82,0x08,0x04,0x00,0x00,0x00,0x04,0x40,0x00,0x04,0x00,0x92,0x60,0x04,0x02,0x80,0x74,
	0x00,0x08,0x02,0x00,0x58,0x1A,0x00,0xB0,0xD3,0x00,0x40,0x2F,0x00,0x40,0x6E,0x00,0x00,0xC0,0x02,0x00,
	0x40,0x07,0x00,0x00,0x01,0x00,0x00,0x02,0x00,0x00,0x03,0x55,0x00,0x00,0x00,0x02,0x00,0x40,0x40,0x00,
	0x00,0x01,0x02,0x00,0x04,0x00,0x00,0x00,0x04,0x40,0x00,0x04,0x00,0x89,0x20,0x00,0x00,0x00,0x50,0x00,
	0x08,0x03,0x00,0x48,0x1E,0x00,0x20,0x91,0x00,0x40,0x29,0x00,0x00,0x18,0x00,0x00,0x30,0x00,0x00,0x00,
	0x05,0x00,0x00,0x01,0x00,0x82,0x00,0x00,0x02,0x15,0x00,0x00,0x00,0x02,0x00,0x00,0x80,0x00,0x00,0x02,
	0x05,0x84,0x08,0x01,0x00,0x40,0x1C,0x00,0x00,0x81,0x00,0x00,0x08,0x00,0x00,0x10,0x00,0x00,0x80,0x00,
	0x00,0x04,0x01,0x82,0x00,0x00,0x02,0x15,0x00,0x00,0x00,0x02,0x00,0x15,0x8B,0x9C,0x00,0x00,0xD8,0x04,
	0x00,0x08,0x0C,0x00,0x48,0x04,0x02,0x44,0x10,0x01,0x91,0x00,0x00,0xA4,0x06,0x04,0xA4,0x04,0x01,0x58,
	0x41,0x00,0x20,0x1D,0x00,0x80,0x4D,0x00,0x00,0x80,0x00,0x00,0x80,0x00,0x00,0x02,0x00,0x8F,0x01,0x20,
	0x00,0x90,0x00,0x02,0x00,0x20,0x00,0x00,0x14,0x00,0x00,0x08,0x00,0x10,0x00,0x00,0x80,0x04,0x00,0x00,
	0x04,0x00,0x58,0x04,0x00,0x60,0x10,0x01,0xC1,0x00,0x00,0x06,0x05,0x04,0x20,0x02,0x00,0x10,0x00,0x00,
	0x00,0x14,0x00,0x00,0x04,0x00,0x01,0x80,0x00,0x00,0x02,0x00,0x81,0x01,0x20,0x00,0x90,0x00,0x00,0x02,
	0x80,0x10,0x00,0x00,0x01,0x84,0x10,0x00,0x00,0x20,0x00,0x01,0x40,0x00,0x00,0x04,0x00,0x04,0x20,0x02,
	0x00,0x00,0x80,0x00,0x04,0x00,0x02,0x80,0x00,0x00,0x02,0x01,0x80,0x10,0x00,0x00,0x06,0x80,0x00,0x00,
	0x01,0x0E,0x8B,0x04,0x01,0x00,0x08,0x08,0x00,0x41,0x00,0x00,0x00,0x10,0x02,0x39,0x04,0x04,0x01,0x00,
	0x01,0x81,0x80,0x00,0x0E,0x76,0x01,0xA0,0x00,0x00,0x00,0x20,0x00,0x40,0x28,0x01,0x00,0xB0,0x04,0x00,
	0x80,0x00,0x00,0x03,0x00,0x89,0x08,0x50,0x00,0x15,0x10,0x00,0x00,0x2C,0x00,0x04,0x10,0x04,0x00,0x00,
	0x01,0x04,0x01,0x00,0x08,0x00,0x00,0x08,0x00,0x00,0x30,0x10,0x00,0x19,0x04,0x04,0x00,0x85,0x80,0x00,
	0x00,0x04,0x14,0x00,0x80,0x00,0x00,0x00,0x20,0x00,0x00,0x08,0x00,0x00,0x90,0x04,0x00,0x80,0x00,0x00,
	0x03,0x00,0x82,0x00,0x50,0x00,0x15,0x10,0x00,0x00,0x24,0x00,0x00,0x81,0x00,0x00,0x01,0x04,0x00,0x00,
	0x00,0x80,0x08,0x00,0x00,0x00,0x80,0x01,0x00,0x00,0x00,0x82,0x80,0x00,0x00,0x00,0x10,0x00,0x80,0x00,
	0x00,0x00,0x81,0x00,0x08,0x00,0x00,0x00,0x04,0x00,0x80,0x00,0x00,0x02,0x01,0x80,0x15,0x00,0x00,0x16,
	0x8C,0x0C,0x08,0x00,0x94,0x00,0x00,0x38,0x00,0x00,0x61,0x00,0x02,0x12,0x00,0x00,0x64,0x44,0x00,0xC3,
	0x41,0x00,0x46,0x81,0x01,0x08,0x80,0x00,0x30,0xCA,0x00,0x80,0x4E,0x00,0x00,0xE8,0x05,0x00,0x00,0x02,
	0x00,0x84,0x00,0x00,0x02,0x06,0x00,0x00,0x1A,0x00,0x04,0x00,0x00,0x04,0x08,0x20,0x00,0x00,0x80,0x08,
	0x00,0x00,0x00,0x81,0x18,0x00,0x00,0x28,0x00,0x00,0x00,0x87,0x04,0x04,0x00,0x03,0x01,0x00,0x02,0x80,
	0x00,0x08,0x80,0x00,0x20,0x8A,0x00,0x00,0x42,0x00,0x00,0x20,0x05,0x00,0x00,0x02,0x00,0x80,0x00,0x00,
	0x02,0x00,0x80,0x1A,0x00,0x00,0x00,0x80,0x00,0x20,0x00,0x03,0x80,0x08,0x00,0x00,0x00,0x87,0x04,0x00,
	0x00,0x02,0x00,0x00,0x00,0x80,0x00,0x00,0x80,0x00,0x00,0x82,0x00,0x00,0x40,0x00,0x00,0x00,0x04,0x00,
	0x00,0x02,0x00,0x80,0x00,0x00,0x02,0x00,0x80,0x1A,0x00,0x00,0x00,0x80,0x00,0x20,0x00,0x14,0x8B,0x04,
	0x08,0x00,0x1C,0x08,0x00,0xB0,0x08,0x00,0x38,0x00,0x04,0x28,0x80,0x00,0x2A,0x91,0x00,0xC1,0x03,0x00,
	0x90,0x4B,0x00,0x14,0x82,0x00,0x80,0x94,0x01,0x40,0x95,0x01,0x00,0x00,0x04,0x00,0x80,0x00,0x00,0x02,
	0x00,0x83,0x00,0x20,0x00,0x00,0x02,0x00,0x00,0x04,0x04,0x88,0x00,0x00,0x00,0x8B,0x14,0x08,0x00,0x34,
	0x08,0x00,0xA0,0x08,0x00,0x60,0x00,0x00,0x38,0x80,0x00,0x62,0x81,0x00,0xC0,0x01,0x00,0x10,0x0A,0x00,
	0x00,0x80,0x00,0x00,0x10,0x00,0x00,0x45,0x00,0x00,0x00,0x04,0x00,0x80,0x00,0x00,0x02,0x05,0x82,0x10,
	0x08,0x00,0x04,0x08,0x00,0x00,0x08,0x00,0x00,0x84,0x10,0x80,0x00,0x22,0x00,0x00,0x40,0x00,0x00,0x10,
	0x09,0x00,0x00,0x80,0x00,0x00,0x81,0x00,0x04,0x00,0x00,0x00,0x04,0x00,0x80,0x00,0x00,0x02,0x09,0x80,
	0x00,0x80,0x00,0x0E,0x8B,0x08,0x09,0x00,0x70,0x09,0x00,0xB0,0x10,0x00,0x10,0x08,0x02,0x70,0x29,0x02,
	0x81,0x08,0x00,0xA0,0x0D,0x00,0x0B,0x0B,0x00,0xC4,0x02,0x00,0x18,0x05,0x00,0xA0,0xA2,0x01,0x00,0x84,
	0x04,0x03,0x8F,0x80,0x20,0x00,0x00,0x20,0x04,0x08,0x08,0x00,0x00,0x00,0x04,0x30,0x00,0x00,0x00,0x01,
	0x00,0xC8,0x10,0x00,0x00,0x08,0x00,0x10,0x08,0x02,0x21,0x09,0x00,0x40,0x00,0x00,0x88,0x08,0x00,0x44,
	0x02,0x00,0x10,0x05,0x00,0x80,0xA0,0x00,0x00,0x00,0x04,0x06,0x80,0x00,0x00,0x04,0x02,0x82,0x00,0x08,
	0x00,0x00,0x08,0x02,0x01,0x08,0x00,0x00,0x84,0x88,0x08,0x00,0x40,0x02,0x00,0x00,0x01,0x00,0x00,0x20,
	0x00,0x00,0x00,0x04,0x0B,0x80,0x00,0x00,0x02,0x0E,0x8B,0xE0,0x02,0x00,0x18,0x01,0x00,0x20,0x00,0x00,
	0x60,0x88,0x00,0x19,0x19,0x04,0x34,0x2A,0x00,0x70,0x06,0x00,0x60,0x20,0x00,0x0A,0x02,0x00,0xE0,0x4B,
	0x00,0x40,0x05,0x00,0x00,0x82,0x00,0x00,0x80,0x00,0x00,0x01,0x00,0x90,0x01,0x00,0x00,0x00,0x00,0x01,
	0x00,0x40,0x00,0x08,0x03,0x00,0x04,0x80,0x00,0x40,0x02,0x00,0xC0,0x01,0x00,0x10,0x00,0x00,0x20,0x08,
	0x00,0x00,0x08,0x00,0x00,0x08,0x00,0x20,0x00,0x00,0x80,0x00,0x00,0x00,0x01,0x00,0x80,0x48,0x00,0x40,
	0x00,0x00,0x00,0x20,0x00,0x00,0x80,0x00,0x00,0x01,0x02,0x80,0x00,0x40,0x00,0x00,0x80,0x04,0x80,0x00,
	0x02,0x83,0x40,0x08,0x00,0x00,0x08,0x00,0x00,0x08,0x00,0x20,0x00,0x00,0x00,0x81,0x00,0x01,0x00,0x80,
	0x40,0x00,0x06,0x80,0x00,0x40,0x00,0x15,0x8C,0x00,0x02,0x00,0xB8,0x10,0x00,0x60,0x30,0x00,0x88,0x20,
	0x00,0x00,0x28,0x00,0x00,0x32,0x02,0x00,0x24,0x01,0x45,0x00,0x00,0x00,0x41,0x00,0x28,0xE1,0x00,0x00,
	0x22,0x01,0x00,0x44,0x01,0x00,0x00,0x01,0x01,0x8C,0x00,0x48,0x01,0x20,0x11,0x01,0x00,0x04,0x00,0x00,
	0x70,0x00,0x08,0x00,0x00,0x80,0x03,0x00,0x18,0x10,0x00,0x60,0x38,0x00,0x88,0x28,0x00,0x00,0x30,0x00,
	0x00,0x38,0x00,0x00,0x20,0x00,0x45,0x00,0x00,0x00,0x82,0x08,0x80,0x00,0x00,0x02,0x01,0x00,0x44,0x00,
	0x03,0x83,0x20,0x01,0x00,0x00,0x04,0x00,0x00,0x10,0x00,0x08,0x00,0x00,0x01,0x85,0x00,0x10,0x00,0x00,
	0x18,0x00,0x00,0x18,0x00,0x00,0x18,0x00,0x00,0x20,0x00,0x44,0x00,0x00,0x01,0x80,0x00,0x02,0x00,0x04,
	0x82,0x20,0x00,0x00,0x00,0x04,0x00,0x00,0x10,0x00,0x14,0x8D,0x00,0x11,0x00,0x44,0x19,0x00,0xE0,0xDA,
	0x00,0x00,0x88,0x00,0x00,0x68,0x00,0x00,0x10,0x00,0x30,0x08,0x00,0x61,0x00,0x00,0x80,0xE2,0x01,0x00,
	0x84,0x00,0x00,0x20,0x01,0x00,0x94,0x02,0x00,0x80,0x02,0x00,0x00,0x02,0x00,0x83,0x70,0x80,0x00,0x50,
	0x40,0x00,0x00,0x48,0x00,0x00,0x20,0x00,0x00,0x8D,0x00,0x10,0x00,0x04,0x50,0x00,0x80,0xC8,0x00,0x00,
	0xB8,0x00,0x00,0xD8,0x00,0x00,0x10,0x00,0x00,0x08,0x00,0x01,0x00,0x00,0x00,0x40,0x00,0x00,0x84,0x00,
	0x00,0x20,0x00,0x00,0x14,0x00,0x00,0x00,0x02,0x00,0x00,0x02,0x00,0x82,0x00,0x80,0x00,0x50,0x40,0x00,
	0x00,0x08,0x00,0x02,0x84,0x04,0x30,0x00,0x00,0x60,0x00,0x00,0x60,0x00,0x00,0x10,0x00,0x00,0x10,0x00,
	0x01,0x80,0x00,0x40,0x00,0x02,0x81,0x00,0x00,0x02,0x00,0x00,0x02,0x01,0x80,0x50,0x40,0x00,0x16,0x84,
	0x04,0x38,0x00,0x10,0x8A,0x01,0x00,0x38,0x01,0x78,0x90,0x03,0x00,0xE8,0x03,0x00,0x85,0x00,0x40,0x00,
	0x04,0xB0,0x00,0x00,0xA2,0x00,0x00,0x62,0x01,0x00,0x98,0x00,0x00,0xE0,0x02,0x00,0x84,0x00,0x00,0x02,
	0x00,0x00,0x03,0x01,0x00,0x00,0x80,0x21,0x00,0x11,0x10,0x00,0x00,0x85,0x40,0x00,0x00,0x04,0x28,0x00,
	0x10,0x70,0x01,0x00,0x48,0x01,0x68,0xF0,0x03,0x00,0xC8,0x00,0x01,0x85,0x04,0x30,0x00,0x00,0xE2,0x00,
	0x00,0x22,0x01,0x00,0x10,0x02,0x00,0x00,0x02,0x00,0x00,0x02,0x00,0x80,0x00,0x00,0x02,0x00,0x80,0x80,
	0x20,0x00,0x01,0x80,0x40,0x00,0x00,0x00,0x83,0x00,0xF0,0x00,0x00,0xA0,0x01,0x40,0xF0,0x01,0x00,0x00,
	0x03,0x01,0x83,0x04,0x30,0x00,0x00,0x22,0x00,0x00,0x20,0x00,0x00,0x10,0x00,0x02,0x80,0x00,0x00,0x02,
	0x00,0x80,0x80,0x00,0x00,0x06,0x80,0x00,0x00,0x03,0x0E,0x85,0xC0,0x31,0x00,0x40,0x6B,0x00,0x80,0x84,
	0x04,0x00,0x24,0x02,0x88,0x80,0x01,0x00,0xAA,0x06,0x00,0x92,0x00,0x86,0x02,0x00,0xA1,0x01,0x00,0x10,
	0x03,0x00,0xB2,0x04,0x00,0x20,0x04,0x00,0x40,0x06,0x08,0x00,0x02,0x00,0x00,0x02,0xC0,0x10,0x00,0x00,
	0x06,0x00,0x06,0x46,0x00,0x00,0x30,0x02,0x80,0x00,0x00,0x00,0x30,0x00,0x00,0xC8,0x00,0x80,0x40,0x04,
	0x00,0x70,0x01,0x00,0x00,0x07,0x00,0x08,0x04,0x00,0x81,0x00,0x04,0x00,0x00,0x00,0x01,0x01,0x82,0x00,
	0x20,0x00,0x00,0x00,0x04,0x00,0x00,0x02,0x00,0x8A,0x40,0x10,0x00,0x00,0x02,0x00,0x00,0x48,0x00,0x00,
	0x20,0x02,0x80,0x00,0x00,0x00,0x10,0x00,0x00,0xC0,0x00,0x00,0xC0,0x02,0x00,0x70,0x06,0x00,0x00,0x06,
	0x00,0x00,0x04,0x05,0x80,0x00,0x00,0x04,0x03,0x81,0x00,0x08,0x00,0x00,0x20,0x00,0x14,0x00,0x84,0x90,
	0x98,0x01,0x40,0x27,0x05,0x48,0x6C,0x00,0x00,0xA0,0x01,0x04,0xC0,0x00,0x00,0x86,0x40,0x08,0x00,0x80,
	0x11,0x01,0x10,0xC1,0x02,0x00,0x10,0x02,0x00,0x00,0x07,0x00,0x00,0x04,0x10,0x00,0x04,0x00,0x84,0x81,
	0x31,0x00,0x00,0x6F,0x02,0x00,0x08,0x01,0x02,0x60,0x02,0x02,0x80,0x01,0x00,0x8A,0x10,0x88,0x01,0x00,
	0xA0,0x05,0x08,0xB0,0x07,0x00,0x70,0x00,0x00,0x00,0x03,0x00,0x00,0x04,0x40,0x00,0x00,0x80,0x01,0x00,
	0x00,0x80,0x02,0x00,0x10,0x00,0x00,0x00,0x04,0x00,0x80,0x00,0x00,0x04,0x00,0x84,0x80,0x00,0x00,0x00,
	0x05,0x00,0x00,0x10,0x00,0x02,0x00,0x02,0x02,0x80,0x01,0x01,0x84,0x00,0x20,0x03,0x00,0x80,0x05,0x00,
	0xF0,0x01,0x00,0x00,0x03,0x00,0x00,0x04,0x00,0x80,0x80,0x01,0x00,0x03,0x80,0x00,0x00,0x04,0x01,0x80,
	0x00,0x01,0x00,0x16,0xA0,0x18,0x04,0x00,0x00,0x50,0x00,0x38,0x61,0x00,0x80,0xC8,0x03,0x00,0x30,0x05,
	0x10,0xF0,0x02,0x20,0x40,0x06,0x00,0x40,0x04,0x00,0x71,0x06,0x00,0x10,0x06,0x00,0x45,0x04,0x00,0x21,
	0x01,0x00,0x20,0x04,0x00,0x80,0x04,0x00,0x00,0x06,0x00,0x42,0x03,0x00,0x5A,0x04,0x00,0x10,0x00,0x02,
	0x00,0x00,0x10,0x01,0x06,0x00,0x04,0x00,0x00,0x40,0x00,0x00,0x50,0x00,0x80,0x30,0x05,0x00,0xB0,0x06,
	0x10,0xF0,0x02,0x20,0xC0,0x00,0x00,0xC0,0x06,0x00,0x30,0x00,0x00,0x10,0x00,0x00,0x01,0x04,0x00,0x20,
	0x00,0x00,0x00,0x04,0x00,0x85,0x00,0x00,0x06,0x00,0x20,0x03,0x00,0x4E,0x00,0x00,0x30,0x00,0x02,0x00,
	0x00,0x10,0x01,0x06,0x01,0x88,0x00,0x30,0x00,0x00,0x00,0x02,0x00,0x80,0x07,0x10,0xF0,0x02,0x00,0xC0,
	0x03,0x00,0xC0,0x00,0x00,0x10,0x00,0x00,0x10,0x00,0x00,0x01,0x00,0x02,0x83,0x00,0x00,0x04,0x00,0x00,
	0x02,0x00,0x06,0x00,0x00,0x10,0x00,0x15,0x91,0x14,0x02,0x00,0x50,0x04,0x00,0x00,0x18,0x00,0x20,0x18,
	0x00,0x00,0x74,0x06,0x00,0x10,0x05,0x00,0xD8,0x05,0x60,0x43,0x07,0x00,0x02,0x04,0x00,0xC3,0x00,0x30,
	0x99,0x04,0x80,0x20,0x04,0x00,0x00,0x04,0x00,0x00,0x04,0x00,0x00,0x04,0xC0,0x4E,0x00,0x02,0x60,0x00,
	0x00,0x70,0x00,0x01,0x8B,0x10,0x02,0x00,0x00,0x04,0x00,0x00,0x08,0x00,0x00,0xA8,0x00,0x00,0x30,0x01,
	0x00,0x20,0x04,0x00,0x80,0x05,0x20,0x82,0x03,0x00,0x00,0x06,0x00,0x43,0x04,0x20,0x08,0x00,0x00,0x20,
	0x00,0x00,0x80,0x00,0x00,0x04,0x00,0x82,0x00,0x43,0x00,0x00,0x98,0x00,0x00,0x20,0x00,0x04,0x84,0x00,
	0x60,0x00,0x00,0x40,0x02,0x00,0x00,0x05,0x00,0x00,0x06,0x20,0x00,0x04,0x01,0x80,0x00,0x08,0x00,0x04,
	0x81,0x00,0x88,0x00,0x00,0x60,0x00,0x05,0x80,0x00,0x00,0x02,0x0E,0x8A,0x00,0x30,0x00,0x08,0x12,0x00,
	0x40,0x34,0x00,0x40,0x20,0x02,0x08,0x34,0x01,0x12,0x30,0x01,0x20,0xC0,0x01,0x08,0x18,0x07,0xC0,0x18,
	0x06,0x24,0x28,0x00,0x80,0x08,0x05,0x00,0x80,0x00,0x20,0x00,0x01,0x82,0x00,0xD4,0x02,0x14,0xD0,0x00,
	0x08,0xC0,0x00,0x00,0x89,0x00,0x00,0x04,0x00,0x20,0x00,0x00,0x12,0x00,0x40,0x24,0x00,0x40,0x30,0x00,
	0x00,0xE0,0x01,0x00,0x70,0x00,0x00,0x60,0x01,0x08,0x08,0x07,0xC0,0x00,0x02,0x05,0x81,0x00,0x84,0x00,
	0x10,0xB0,0x00,0x01,0x80,0x00,0x00,0x04,0x00,0x80,0x00,0x10,0x00,0x00,0x86,0x00,0x10,0x00,0x00,0x20,
	0x00,0x00,0x80,0x01,0x00,0x00,0x01,0x08,0x00,0x06,0xC0,0x00,0x04,0x00,0x00,0x04,0x05,0x80,0x10,0x10,
	0x00,0x16,0x8B,0x14,0x00,0x00,0x20,0x18,0x00,0x0C,0x18,0x00,0x08,0x2C,0x03,0x08,0xB0,0x00,0x13,0x84,
	0x01,0x10,0x90,0x01,0x21,0xE5,0x04,0x86,0x00,0x05,0x80,0x41,0x02,0x80,0x08,0x00,0x40,0x08,0x04,0x00,
	0x80,0x00,0x00,0x01,0x00,0x82,0x10,0x80,0x00,0x0B,0x60,0x01,0x04,0xC2,0x00,0x00,0x8C,0x02,0x00,0x06,
	0x10,0x00,0x00,0x04,0x08,0x00,0x08,0x10,0x00,0x00,0x24,0x00,0x08,0x38,0x00,0x10,0xF0,0x00,0x10,0xD0,
	0x00,0x01,0x45,0x01,0x02,0x00,0x06,0x00,0x01,0x00,0x80,0x08,0x04,0x00,0x08,0x00,0x03,0x80,0x02,0x60,
	0x01,0x01,0x80,0x02,0x00,0x06,0x00,0x81,0x04,0x00,0x00,0x00,0x10,0x00,0x00,0x84,0x08,0x10,0x00,0x00,
	0x60,0x01,0x10,0x00,0x00,0x00,0x00,0x01,0x00,0x00,0x06,0x00,0x80,0x80,0x00,0x00,0x04,0x80,0x00,0x20,
	0x01,0x16,0x90,0x34,0x05,0x00,0x1D,0x01,0x00,0x60,0x1A,0x03,0x84,0x40,0x00,0x00,0x11,0x04,0x1E,0xF8,
	0x00,0x11,0x20,0x00,0xB0,0x2A,0x02,0x60,0x38,0x01,0x04,0x0C,0x04,0x00,0x0A,0x02,0x00,0x34,0x00,0x00,
	0x00,0x04,0x00,0x00,0x01,0x08,0x00,0x00,0x00,0x07,0x00,0x05,0x00,0x01,0x01,0x8C,0x00,0x00,0x04,0x04,
	0x05,0x00,0x05,0x01,0x00,0x24,0x02,0x00,0x00,0x40,0x00,0x08,0x00,0x04,0x00,0x58,0x00,0x01,0x20,0x00,
	0x30,0xA2,0x00,0x60,0x18,0x01,0x04,0x08,0x06,0x00,0x04,0x00,0x00,0x14,0x00,0x02,0x81,0x00,0x06,0x00,
	0x05,0x00,0x00,0x01,0x80,0x00,0x00,0x04,0x01,0x80,0x04,0x00,0x00,0x00,0x86,0x00,0x00,0x04,0x00,0x10,
	0x00,0x01,0x00,0x00,0x10,0x00,0x00,0x60,0x08,0x00,0x00,0x08,0x04,0x00,0x04,0x00,0x0C,0x80,0x00,0x00,
	0x04,0x0E,0x91,0x04,0x00,0x00,0x17,0x05,0x00,0x24,0x28,0x00,0x44,0xB8,0x00,0x0C,0x40,0x04,0x00,0x80,
	0x00,0x10,0x60,0x01,0x29,0x92,0x02,0x40,0x00,0x03,0x5A,0x30,0x02,0x98,0x80,0x06,0x00,0x00,0x04,0x00,
	0x00,0x04,0x00,0x00,0x04,0x00,0x00,0x04,0x40,0x10,0x00,0x00,0x20,0x00,0x0B,0x00,0x00,0x00,0x83,0x04,
	0x00,0x00,0x02,0x00,0x00,0x11,0x05,0x00,0x04,0x08,0x00,0x00,0x89,0x00,0x40,0x04,0x08,0x00,0x00,0x10,
	0x80,0x00,0x08,0x92,0x02,0x01,0x00,0x00,0x40,0x20,0x02,0x10,0x00,0x02,0x00,0x00,0x04,0x00,0x00,0x04,
	0x00,0x00,0x04,0x01,0x80,0x00,0x20,0x00,0x01,0x81,0x04,0x00,0x00,0x02,0x00,0x00,0x01,0x84,0x04,0x00,
	0x00,0x00,0x00,0x04,0x08,0x00,0x00,0x00,0x80,0x00,0x08,0x80,0x02,0x00,0x80,0x40,0x00,0x02,0x05,0x80,
	0x00,0x20,0x00,0x06,0x80,0x00,0x00,0x04,0x0E,0x8B,0x00,0x02,0x00,0x18,0x01,0x00,0x12,0x40,0x01,0x00,
	0x10,0x00,0x04,0x28,0x00,0x04,0x0C,0x00,0x1E,0x20,0x00,0x24,0xE7,0x00,0x12,0x84,0x03,0x12,0x20,0x02,
	0x80,0x03,0x06,0x40,0x14,0x04,0x00,0x84,0x08,0x00,0x00,0x10,0x00,0x04,0x80,0x09,0x00,0x09,0x00,0x00,
	0x10,0x04,0x00,0x00,0x91,0x88,0x01,0x00,0x02,0x02,0x00,0x0A,0x01,0x00,0x10,0x40,0x00,0x00,0x10,0x00,
	0x00,0x20,0x00,0x08,0x48,0x00,0x08,0x40,0x00,0x04,0x44,0x00,0x10,0x00,0x03,0x02,0x00,0x03,0x00,0x02,
	0x02,0x00,0x04,0x00,0x00,0x00,0x04,0x00,0x00,0x04,0x00,0x00,0x04,0x00,0x01,0x00,0x08,0x00,0x00,0x01,
	0x80,0x88,0x01,0x00,0x00,0x80,0x02,0x00,0x00,0x00,0x81,0x00,0x10,0x00,0x04,0x00,0x00,0x00,0x84,0x08,
	0x40,0x00,0x04,0x00,0x00,0x10,0x00,0x03,0x00,0x00,0x02,0x00,0x02,0x00,0x00,0x82,0x00,0x00,0x04,0x00,
	0x00,0x04,0x00,0x00,0x04,0x18,0x93,0x0B,0x00,0x00,0x03,0x20,0x00,0x12,0x04,0x02,0x02,0x94,0x00,0x06,
	0x00,0x04,0x00,0x60,0x00,0x08,0x40,0x00,0x12,0x7C,0x01,0xA0,0x04,0x01,0x04,0x12,0x01,0x10,0x18,0x01,
	0x80,0x08,0x02,0x00,0x00,0x02,0x00,0x00,0x02,0x04,0x00,0x00,0xC0,0x04,0x01,0x12,0x11,0x00,0x01,0x30,
	0x00,0x00,0x02,0x00,0x40,0x00,0x04,0x00,0x84,0x02,0x00,0x00,0x02,0x04,0x00,0x00,0x04,0x00,0x00,0x00,
	0x04,0x04,0x40,0x00,0x00,0x84,0x12,0x00,0x00,0x80,0x00,0x01,0x00,0x10,0x00,0x10,0x00,0x00,0x00,0x08,
	0x00,0x00,0x80,0x00,0x00,0x02,0x00,0x82,0xC0,0x00,0x00,0x00,0x11,0x00,0x01,0x00,0x00,0x00,0x80,0x40,
	0x00,0x04,0x01,0x80,0x02,0x00,0x00,0x00,0x81,0x00,0x00,0x04,0x04,0x40,0x00,0x00,0x81,0x12,0x00,0x00,
	0x00,0x00,0x01,0x06,0x81,0x00,0x11,0x00,0x01,0x00,0x00,0x05,0x80,0x00,0x00,0x04,0x0E,0x8B,0x81,0x01,
	0x00,0x08,0x02,0x00,0x01,0x00,0x00,0x00,0x0C,0x01,0x00,0xB0,0x00,0x00,0x60,0x00,0x00,0x68,0x00,0xA0,
	0xE0,0x00,0x80,0x99,0x00,0x81,0x38,0x00,0x80,0x14,0x00,0x00,0x1E,0x00,0x00,0x80,0x10,0x00,0x02,0x00,
	0x86,0x20,0x02,0x01,0x22,0x2A,0x00,0x01,0x08,0x00,0x10,0x0C,0x00,0x10,0x00,0x00,0x81,0x00,0x00,0x00,
	0x02,0x00,0x00,0x80,0x00,0x0C,0x00,0x00,0x86,0x00,0x60,0x00,0x00,0x20,0x00,0x20,0x61,0x00,0x80,0x89,
	0x00,0x00,0x08,0x00,0x80,0x18,0x00,0x00,0x0E,0x00,0x03,0x81,0x20,0x0A,0x00,0x01,0x00,0x00,0x00,0x81,
	0x10,0x00,0x00,0x01,0x00,0x00,0x03,0x85,0x00,0x60,0x00,0x00,0x20,0x00,0x00,0x40,0x00,0x00,0x18,0x00,
	0x00,0x18,0x00,0x80,0x00,0x00,0x04,0x81,0x20,0x0A,0x00,0x01,0x00,0x00,0x15,0x80,0x00,0x02,0x00,0x00,
	0x8A,0x08,0x02,0x00,0x00,0x04,0x00,0x00,0x10,0x00,0x02,0x18,0x06,0x08,0x50,0x00,0x70,0x31,0x02,0x00,
	0x99,0x03,0x41,0x2E,0x01,0x00,0xAE,0x02,0x00,0x0F,0x02,0x00,0x2C,0x02,0x00,0x82,0x38,0x00,0x02,0xC0,
	0x01,0x00,0xC0,0x54,0x00,0x01,0x81,0x00,0x04,0x00,0x00,0x02,0x00,0x00,0x8A,0x00,0x02,0x00,0x00,0x04,
	0x00,0x00,0x10,0x00,0x02,0x18,0x02,0x00,0x50,0x00,0x00,0x06,0x02,0x00,0x11,0x00,0x40,0x20,0x00,0x00,
	0x3E,0x02,0x00,0x31,0x02,0x00,0x10,0x02,0x00,0x80,0x18,0x00,0x02,0x00,0x80,0xC0,0x44,0x00,0x06,0x86,
	0x00,0x10,0x00,0x00,0x10,0x00,0x00,0x40,0x00,0x00,0x00,0x02,0x00,0x10,0x00,0x40,0x00,0x00,0x00,0x1E,
	0x00,0x04,0x80,0xC0,0x04,0x00,0x16,0x8D,0x01,0x00,0x00,0x22,0x00,0x00,0x4B,0x00,0x00,0x80,0x00,0x00,
	0x02,0x1D,0x02,0x00,0x38,0x01,0x10,0x30,0x00,0x21,0x3E,0x04,0x30,0x63,0x00,0x86,0x21,0x00,0x00,0x19,
	0x00,0x00,0x20,0x00,0x00,0x5E,0x00,0x00,0x28,0x02,0x01,0x81,0x01,0x08,0x00,0x00,0x00,0x01,0x00,0x83,
	0x00,0x04,0x00,0x01,0x00,0x00,0x02,0x00,0x00,0x02,0x00,0x00,0x00,0x89,0x00,0x0C,0x02,0x04,0x20,0x00,
	0x08,0x00,0x00,0x21,0x30,0x00,0x10,0x00,0x00,0x82,0x30,0x00,0x00,0x21,0x00,0x00,0x40,0x00,0x00,0x2C,
	0x00,0x00,0x10,0x02,0x05,0x80,0x01,0x00,0x00,0x00,0x80,0x02,0x00,0x00,0x00,0x86,0x00,0x00,0x02,0x04,
	0x20,0x00,0x08,0x00,0x00,0x21,0x20,0x00,0x10,0x00,0x00,0x80,0x10,0x00,0x00,0x01,0x00,0x01,0x80,0x00,
	0x00,0x02,0x09,0x80,0x00,0x00,0x02,0x0E,0x00,0x9E,0x83,0x20,0x00,0x00,0x41,0x00,0x02,0x82,0x01,0x06,
	0x00,0x02,0x00,0x58,0x00,0x10,0x2C,0x00,0xA1,0x38,0x00,0x00,0x92,0x00,0x02,0x91,0x00,0xA8,0x3A,0x00,
	0x00,0x3B,0x00,0x00,0x08,0x00,0x08,0x60,0x02,0x18,0x10,0x00,0x00,0x00,0x01,0x00,0x18,0x05,0x01,0x08,
	0x00,0x10,0x0C,0x00,0x00,0x00,0x04,0x02,0x00,0x00,0x80,0x00,0x00,0x00,0x41,0x00,0x00,0x02,0x00,0x02,
	0x00,0x02,0x0C,0x00,0x00,0x00,0x28,0x00,0x41,0x00,0x00,0x00,0x8E,0x00,0x00,0x61,0x00,0x20,0x02,0x00,
	0x00,0x59,0x00,0x00,0x81,0x00,0x20,0x02,0x18,0x00,0x00,0x03,0x80,0x00,0x00,0x04,0x03,0x80,0x00,0x00,
	0x02,0x00,0x85,0x10,0x20,0x00,0x01,0x00,0x00,0x00,0x8E,0x00,0x00,0x01,0x00,0x00,0x02,0x00,0x00,0x18,
	0x00,0x00,0x80,0x00,0x00,0x02,0x09,0x80,0x00,0x00,0x02,0x0E,0x95,0x80,0x82,0x00,0x02,0x81,0x00,0x02,
	0x80,0x03,0x00,0x02,0x00,0x02,0x84,0x00,0x1A,0x82,0x00,0x12,0x10,0x00,0x90,0x30,0x00,0x63,0x07,0x02,
	0x4C,0x32,0x00,0xD0,0xDF,0x00,0x00,0x3F,0x00,0x00,0x7A,0x00,0x00,0x10,0x00,0x24,0x10,0x00,0x00,0x00,
	0x01,0x4F,0x06,0x06,0x00,0x10,0x00,0x00,0x02,0x02,0x08,0x00,0x01,0x02,0x00,0x00,0x02,0x00,0x00,0x00,
	0x88,0x00,0x02,0x00,0x06,0x04,0x00,0x0A,0x00,0x00,0x20,0x00,0x00,0xC0,0x10,0x00,0x21,0x02,0x00,0x04,
	0x30,0x00,0xC0,0x1C,0x00,0x00,0x3A,0x00,0x00,0x80,0x00,0x10,0x00,0x01,0x80,0x4F,0x06,0x00,0x00,0x83,
	0x00,0x00,0x02,0x08,0x00,0x01,0x02,0x00,0x00,0x02,0x00,0x00,0x02,0x80,0x08,0x00,0x00,0x00,0x84,0x40,
	0x10,0x00,0x20,0x02,0x00,0x00,0x30,0x00,0x00,0x1C,0x00,0x00,0x18,0x00,0x03,0x80,0x40,0x06,0x00,0x16,
	0x8A,0x04,0x40,0x00,0x04,0x02,0x03,0x08,0x20,0x00,0x00,0x00,0x02,0x0C,0x00,0x00,0x09,0x08,0x00,0x40,
	0x00,0x00,0x82,0x01,0x00,0x07,0x16,0x02,0x3C,0xD6,0x01,0x20,0x41,0x01,0x00,0x81,0x00,0x44,0x00,0x00,
	0x20,0x01,0x00,0x82,0x80,0x01,0x00,0x90,0x09,0x04,0x02,0x00,0x00,0x00,0x80,0x10,0x00,0x00,0x00,0x80,
	0x00,0x02,0x00,0x00,0x80,0x04,0x00,0x00,0x00,0x88,0x18,0x08,0x00,0x20,0x00,0x00,0x02,0x00,0x00,0x02,
	0x00,0x00,0x08,0x82,0x00,0x00,0x21,0x00,0x00,0x20,0x00,0x00,0x04,0x00,0x00,0x20,0x00,0x01,0x80,0x80,
	0x09,0x00,0x01,0x80,0x10,0x00,0x00,0x03,0x80,0x04,0x00,0x00,0x00,0x81,0x20,0x00,0x00,0x02,0x00,0x00,
	0x00,0x80,0x00,0x02,0x00,0x05,0x80,0x80,0x09,0x00,0x16,0x81,0x01,0x05,0x01,0x04,0x00,0x00,0x02,0x98,
	0x26,0x00,0x00,0x45,0x00,0x00,0x01,0x19,0x00,0xC2,0xEC,0x01,0x80,0xC0,0x00,0x00,0xA4,0x00,0x00,0x0E,
	0x02,0x00,0x04,0x02,0x00,0x00,0x02,0x08,0x00,0x02,0x80,0x00,0x01,0x0D,0x88,0x00,0x08,0x20,0x00,0x00,
	0x00,0x06,0x40,0x00,0x00,0x00,0x05,0x00,0x04,0x00,0x00,0x04,0x00,0x00,0x04,0x00,0x00,0x08,0x00,0x00,
	0x14,0x00,0x00,0x61,0x00,0x00,0x80,0x11,0x00,0x40,0xE4,0x00,0x00,0x40,0x01,0x00,0x81,0x00,0x04,0x02,
	0x00,0x00,0x02,0x00,0x80,0x00,0x00,0x02,0x00,0x80,0x00,0x08,0x00,0x00,0x82,0x00,0x00,0x06,0x40,0x00,
	0x00,0x00,0x01,0x00,0x01,0x80,0x04,0x00,0x00,0x00,0x84,0x10,0x00,0x00,0x01,0x00,0x00,0x80,0x10,0x00,
	0x40,0x84,0x00,0x00,0x40,0x01,0x05,0x80,0x00,0x08,0x00,0x16,0x02,0x8A,0x08,0x42,0x00,0x19,0x00,0x00,
	0x10,0x00,0x00,0xE8,0x00,0x00,0xAF,0x02,0x01,0x0C,0x54,0x02,0x18,0xA5,0x00,0xC0,0xC2,0x01,0x00,0x40,
	0x00,0x00,0x40,0x00,0x00,0x88,0x02,0x00,0x81,0x01,0x00,0x01,0x02,0x80,0x00,0x00,0x85,0x00,0x00,0x04,
	0x00,0x00,0x01,0x04,0x00,0x00,0x04,0x00,0x00,0x04,0x00,0x00,0x00,0x42,0x00,0x00,0x85,0x30,0x00,0x00,
	0x60,0x00,0x00,0x8D,0x01,0x00,0x04,0x40,0x00,0x10,0x04,0x01,0x00,0x02,0x01,0x00,0x81,0x00,0x40,0x00,
	0x00,0x00,0x02,0x03,0x81,0x00,0x00,0x04,0x00,0x00,0x01,0x00,0x81,0x04,0x00,0x00,0x04,0x00,0x00,0x00,
	0x80,0x08,0x00,0x00,0x00,0x81,0x40,0x00,0x00,0x0C,0x01,0x00,0x00,0x80,0x00,0x04,0x01,0x1D,0x91,0x44,
	0x00,0x00,0x0E,0x40,0x00,0x08,0x00,0x00,0x48,0x02,0x00,0x96,0x00,0x00,0x6D,0x04,0x00,0x93,0x10,0x00,
	0xD3,0x13,0x00,0x8C,0x09,0x00,0x30,0x08,0x01,0x00,0x48,0x02,0x00,0x54,0x00,0x00,0x08,0x02,0x08,0x00,
	0x00,0x10,0x00,0x00,0x02,0x00,0x00,0x21,0x00,0x00,0x00,0x00,0x01,0x00,0x81,0x50,0x00,0x00,0x44,0x00,
	0x00,0x01,0x89,0x00,0x02,0x00,0x04,0x00,0x00,0x09,0x04,0x00,0x82,0x00,0x00,0x92,0x02,0x00,0x88,0x00,
	0x00,0x20,0x00,0x00,0x00,0x40,0x00,0x00,0x40,0x00,0x00,0x08,0x00,0x02,0x80,0x21,0x00,0x00,0x01,0x81,
	0x50,0x00,0x00,0x04,0x00,0x00,0x01,0x85,0x08,0x00,0x00,0x10,0x00,0x00,0x21,0x00,0x00,0x02,0x00,0x00,
	0x10,0x00,0x00,0x80,0x00,0x00,0x06,0x80,0x21,0x00,0x00,0x16,0x83,0x41,0x05,0x00,0x00,0x40,0x00,0x08,
	0x00,0x00,0x11,0x22,0x00,0x00,0x86,0x1E,0x00,0x00,0x20,0x08,0x00,0x26,0x0F,0x01,0x10,0x20,0x00,0x40,
	0x80,0x00,0x00,0x61,0x03,0x00,0x40,0x02,0x02,0x82,0x74,0x00,0x01,0x1C,0x01,0x02,0x08,0x00,0x00,0x00,
	0x81,0x10,0x00,0x00,0x40,0x05,0x00,0x00,0x88,0x08,0x00,0x00,0x08,0x02,0x00,0x30,0x00,0x00,0x56,0x00,
	0x00,0x81,0x00,0x00,0x20,0x01,0x00,0x00,0x20,0x00,0x40,0x80,0x00,0x00,0x20,0x00,0x04,0x80,0x1C,0x01,
	0x00,0x01,0x81,0x10,0x00,0x00,0x00,0x01,0x00,0x03,0x82,0x06,0x00,0x00,0x80,0x00,0x00,0x20,0x00,0x00,
	0x01,0x80,0x00,0x20,0x00,0x04,0x80,0x1C,0x01,0x00,0x16,0x8A,0x0E,0x20,0x00,0x09,0x40,0x00,0x09,0x00,
	0x00,0x10,0x00,0x00,0x0D,0x40,0x00,0x01,0x88,0x00,0x86,0x81,0x00,0xC4,0x03,0x01,0x18,0x89,0x00,0x20,
	0x02,0x01,0x00,0x00,0x01,0x00,0x80,0x00,0x40,0x00,0x00,0x83,0x00,0x00,0x04,0x89,0x00,0x00,0x00,0x01,
	0x00,0x08,0x04,0x00,0x00,0x82,0x10,0x00,0x00,0x00,0x20,0x00,0x08,0x00,0x00,0x00,0x86,0x10,0x00,0x00,
	0x29,0x40,0x00,0x40,0x88,0x00,0x04,0x00,0x00,0x44,0x03,0x00,0x10,0x09,0x00,0x00,0x00,0x01,0x03,0x82,
	0x00,0x00,0x04,0x01,0x00,0x00,0x00,0x01,0x00,0x01,0x80,0x10,0x00,0x00,0x03,0x84,0x21,0x00,0x00,0x40,
	0x80,0x00,0x04,0x00,0x00,0x40,0x02,0x00,0x00,0x09,0x00,0x04,0x80,0x00,0x00,0x04,0x00,0x80,0x00,0x01,
	0x00,0x07,0x80,0x00,0x80,0x00,0x0D,0x80,0x40,0x00,0x00,0x00,0x88,0x08,0x00,0x00,0x02,0x00,0x00,0x60,
	0x14,0x00,0xA0,0x00,0x00,0x00,0x01,0x00,0x08,0x06,0x00,0x20,0x3A,0x02,0x80,0xC8,0x01,0x00,0x06,0x00,
	0x00,0x81,0x00,0xC0,0x04,0x00,0x00,0x01,0x01,0x81,0x01,0x80,0x00,0x00,0x04,0x00,0x01,0x80,0x40,0x00,
	0x00,0x00,0x80,0x08,0x00,0x00,0x00,0x86,0x00,0x04,0x00,0x20,0x00,0x00,0x00,0x01,0x00,0x00,0x04,0x00,
	0x00,0x20,0x00,0x80,0x88,0x01,0x00,0x04,0x00,0x00,0x80,0x00,0x00,0x04,0x02,0x80,0x01,0x00,0x00,0x04,
	0x80,0x08,0x00,0x00,0x05,0x80,0x00,0x08,0x00,0x01,0x80,0x00,0x00,0x04,0x02,0x80,0x01,0x00,0x00,0x16,
	0x8D,0x01,0x00,0x02,0x09,0x02,0x00,0x28,0x40,0x00,0x02,0x00,0x04,0x29,0x20,0x00,0x00,0x40,0x00,0x00,
	0x43,0x00,0x00,0x86,0x00,0x00,0xC0,0x02,0x40,0xD0,0x03,0x00,0x80,0x03,0x00,0x10,0x00,0x00,0x08,0x00,
	0x00,0xF0,0x00,0x00,0x84,0x00,0x02,0x00,0x01,0x80,0x02,0x34,0x04,0x01,0x04,0x00,0x04,0xD6,0x00,0x00,
	0x00,0x81,0x08,0x02,0x00,0x08,0x00,0x00,0x00,0x84,0x09,0x00,0x00,0x00,0x40,0x00,0x00,0x40,0x00,0x00,
	0x02,0x00,0x00,0xF0,0x00,0x00,0x80,0x00,0x00,0x03,0x04,0x80,0x01,0x00,0x00,0x00,0x81,0x04,0x00,0x04,
	0xD6,0x00,0x00,0x01,0x80,0x08,0x00,0x00,0x00,0x80,0x01,0x00,0x00,0x00,0x80,0x00,0x40,0x00,0x00,0x80,
	0x00,0x30,0x00,0x06,0x80,0x01,0x00,0x00,0x16,0x80,0x1C,0x02,0x00,0x00,0x8B,0x0D,0x00,0x00,0x1D,0x00,
	0x00,0x64,0x00,0x00,0x27,0x28,0x00,0x87,0x4B,0x00,0x08,0xE0,0x00,0x00,0x3A,0x02,0x00,0xAF,0x02,0x00,
	0x24,0x03,0x00,0x58,0x04,0x00,0x70,0x05,0x08,0x00,0x02,0x00,0x82,0x01,0x00,0x01,0x02,0x08,0x00,0x00,
	0xC0,0x00,0x00,0x80,0x00,0x01,0x01,0x01,0x8B,0x04,0x00,0x00,0x1C,0x00,0x00,0x20,0x00,0x00,0x26,0x00,
	0x00,0x84,0x23,0x00,0x00,0xBC,0x00,0x00,0xD6,0x00,0x00,0xC3,0x03,0x00,0x20,0x00,0x00,0x08,0x00,0x00,
	0x70,0x06,0x00,0x00,0x02,0x00,0x81,0x01,0x00,0x00,0x02,0x08,0x00,0x01,0x80,0x00,0x01,0x01,0x03,0x86,
	0x20,0x00,0x00,0x06,0x00,0x00,0x04,0x21,0x00,0x00,0xF4,0x00,0x00,0x46,0x00,0x00,0x40,0x00,0x00,0x20,
	0x00,0x00,0x80,0x00,0x00,0x04,0x02,0x80,0x02,0x08,0x00,0x16,0x81,0x84,0x00,0x00,0x9C,0x00,0x00,0x00,
	0x9A,0x18,0x02,0x00,0x1F,0x00,0x00,0x55,0x1D,0x00,0x22,0x34,0x00,0x01,0xC9,0x03,0xC8,0x2F,0x02,0x80,
	0x57,0x07,0x00,0x40,0x01,0x00,0xD0,0x07,0x00,0xB0,0x00,0x10,0x00,0x00,0x00,0x00,0x01,0x83,0x00,0x01,
	0x0F,0x80,0x01,0x00,0x80,0x00,0x00,0x00,0x03,0x00,0x80,0x00,0x80,0x00,0x00,0x04,0x00,0x00,0x0C,0x00,
	0x00,0x08,0x02,0x00,0x34,0x00,0x00,0x19,0x14,0x00,0x03,0xB7,0x00,0x06,0x32,0x03,0x00,0x98,0x03,0x00,
	0x54,0x00,0x00,0x81,0x00,0x70,0x03,0x00,0x80,0x03,0x01,0x81,0x80,0x00,0x00,0x0F,0x00,0x00,0x00,0x83,
	0x00,0x00,0x03,0x00,0x80,0x00,0x84,0x00,0x00,0x04,0x00,0x00,0x00,0x80,0x08,0x00,0x00,0x00,0x84,0x01,
	0x10,0x00,0x02,0xF2,0x00,0x00,0x68,0x03,0x00,0x48,0x00,0x00,0x10,0x00,0x01,0x80,0x00,0x00,0x02,0x02,
	0x80,0x0F,0x00,0x00,0x16,0x95,0x47,0x00,0x00,0x10,0x20,0x00,0x22,0x00,0x00,0x02,0x10,0x00,0xB6,0x74,
	0x00,0x47,0x0F,0x00,0x90,0x39,0x02,0x83,0x00,0x00,0x60,0x83,0x02,0x00,0x90,0x04,0x00,0xC8,0x01,0x00,
	0x78,0x03,0x00,0xC0,0x00,0x14,0x80,0x00,0x00,0x40,0x07,0xCC,0x81,0x02,0x01,0x68,0x03,0x00,0xC0,0x01,
	0x04,0x00,0x01,0x00,0x41,0x00,0x02,0x00,0x00,0x06,0x20,0x00,0x00,0x89,0x0A,0x00,0x00,0x1A,0x5C,0x00,
	0x84,0x97,0x01,0x80,0x4B,0x00,0x81,0x9F,0x03,0xE0,0x23,0x02,0x00,0x20,0x00,0x00,0xF8,0x00,0x00,0xC0,
	0x03,0x00,0x80,0x00,0x00,0x91,0x00,0x00,0x06,0x40,0x01,0x00,0x00,0x28,0x01,0x00,0x80,0x00,0x04,0x00,
	0x01,0x00,0x41,0x00,0x02,0x00,0x00,0x02,0x00,0x00,0x04,0x00,0x00,0x04,0x00,0x00,0x10,0x10,0x00,0x00,
	0x70,0x00,0x00,0x0C,0x01,0x80,0x67,0x00,0x00,0x20,0x00,0x00,0x20,0x03,0x00,0x00,0x03,0x00,0x00,0x03,
	0x01,0x80,0x00,0x00,0x04,0x00,0x81,0x00,0x08,0x00,0x00,0x80,0x00,0x06,0x80,0x00,0x80,0x00,0x0D,0x91,
	0x21,0x02,0x00,0x03,0x00,0x00,0x03,0x00,0x00,0x40,0xB0,0x00,0x2F,0x33,0x01,0xC2,0x5E,0x00,0x31,0x2F,
	0x03,0x31,0xDD,0x03,0x78,0x6B,0x02,0x00,0x7C,0x02,0x00,0x58,0x02,0x00,0x80,0x03,0x00,0x00,0x01,0x00,
	0xE0,0x01,0x00,0xC0,0x02,0x68,0x04,0x01,0x0A,0x60,0x01,0x00,0x20,0x01,0x00,0x8C,0x02,0x40,0x00,0x23,
	0x00,0x00,0x02,0x00,0x00,0x00,0x18,0x00,0x06,0x30,0x00,0xC1,0xB7,0x00,0x42,0xDE,0x01,0xC1,0xE1,0x00,
	0xC0,0x19,0x00,0x00,0xB0,0x01,0x00,0xF8,0x02,0x00,0x40,0x02,0x00,0x40,0x03,0x01,0x83,0x00,0x00,0x01,
	0x20,0x00,0x00,0x08,0x20,0x01,0x00,0x00,0x01,0x00,0x81,0x02,0x40,0x00,0x01,0x00,0x00,0x00,0x89,0x02,
	0x10,0x00,0x00,0x60,0x00,0x00,0xF0,0x00,0x80,0x0F,0x01,0xC1,0x17,0x01,0x00,0x98,0x03,0x00,0x10,0x00,
	0x00,0x00,0x02,0x00,0x00,0x02,0x00,0x00,0x03,0x03,0x81,0x08,0x00,0x00,0x00,0x00,0x01,0x15,0x91,0x01,
	0x05,0x00,0x20,0x29,0x00,0xC3,0x51,0x00,0xE5,0xAE,0x00,0x9C,0xD9,0x01,0x59,0x41,0x00,0xAC,0x67,0x01,
	0xC3,0xC7,0x00,0x00,0x40,0x00,0x00,0x58,0x01,0x00,0x70,0x01,0x00,0x00,0x02,0x00,0xE0,0x01,0x0C,0xE0,
	0x00,0xA0,0x30,0x02,0x2C,0x7B,0x02,0x07,0xA8,0x01,0x20,0x60,0x01,0x01,0x91,0x01,0x05,0x00,0x00,0x08,
	0x00,0x00,0x09,0x00,0x80,0xF9,0x00,0xA8,0xFB,0x00,0x39,0x4E,0x00,0xDC,0x09,0x00,0x3C,0x1E,0x00,0x00,
	0x5C,0x00,0x00,0x40,0x01,0x00,0xC0,0x01,0x00,0x80,0x01,0x00,0x80,0x03,0x00,0x00,0x02,0x40,0x00,0x02,
	0x18,0x02,0x00,0x04,0x08,0x00,0x00,0x00,0x01,0x01,0x87,0x00,0x01,0x00,0x01,0x20,0x00,0x01,0x70,0x00,
	0x00,0x06,0x00,0xF0,0x83,0x00,0xC0,0x4F,0x01,0x3C,0xC8,0x00,0x00,0x40,0x00,0x00,0x81,0x00,0x00,0x01,
	0x00,0x00,0x01,0x00,0x82,0x00,0x00,0x02,0x00,0x00,0x03,0x00,0x00,0x02,0x00,0x81,0x04,0x08,0x00,0x00,
	0x00,0x01,0x06,0x80,0x00,0x80,0x00,0x0D,0x9B,0x70,0x13,0x00,0xC0,0x5B,0x00,0x60,0x06,0x00,0x67,0x74,
	0x00,0xAC,0xD3,0x00,0xF3,0x4F,0x00,0x67,0x0F,0x00,0x0D,0xAE,0x00,0x00,0x18,0x01,0x00,0xE8,0x00,0x00,
	0x58,0x03,0x00,0xA0,0x02,0x00,0x60,0x01,0x00,0xB8,0x00,0x30,0x19,0x01,0x0E,0x04,0x03,0x00,0x90,0x03,
	0x00,0x80,0x01,0x00,0xC0,0x01,0x80,0x40,0x00,0xA0,0x36,0x00,0x80,0x37,0x00,0x80,0x03,0x00,0xB0,0xDA,
	0x00,0xB0,0x0B,0x00,0xDF,0x28,0x00,0x1B,0x2E,0x00,0x03,0x20,0x00,0x00,0x83,0x00,0x80,0x01,0x00,0x40,
	0x01,0x00,0xC0,0x01,0x00,0x00,0x02,0x00,0x86,0x20,0x70,0x00,0x04,0xC4,0x01,0x00,0x90,0x01,0x00,0x80,
	0x00,0x00,0xC0,0x01,0x80,0x40,0x00,0x80,0x01,0x00,0x00,0x84,0x00,0x40,0x00,0xFC,0x66,0x00,0xC0,0x63,
	0x00,0x38,0x00,0x00,0x03,0x00,0x00,0x04,0x80,0x00,0x00,0x03,0x02,0x81,0x00,0x10,0x01,0x00,0x80,0x00,
	0x15,0x9F,0x20,0x1E,0x00,0x40,0x45,0x00,0xDE,0x66,0x00,0x55,0x2B,0x00,0xC6,0x0E,0x00,0xAF,0x0E,0x00,
	0x0A,0x06,0x00,0x01,0xF8,0x01,0x00,0x30,0x01,0x00,0x2C,0x01,0x00,0x28,0x02,0x40,0xE0,0x00,0xC0,0xFF,
	0x00,0xE0,0x07,0x02,0x78,0x96,0x00,0x85,0x20,0x03,0x02,0x80,0x01,0x00,0x80,0x00,0x00,0x20,0x04,0x10,
	0x00,0x00,0xC0,0x0E,0x00,0x80,0x0F,0x00,0x50,0x32,0x00,0xFF,0x14,0x00,0xFC,0x08,0x00,0x14,0x27,0x00,
	0x04,0x00,0x00,0x00,0xA0,0x00,0x00,0xC0,0x01,0x00,0xC0,0x01,0x00,0x80,0x00,0x00,0x40,0x00,0x00,0x83,
	0x00,0x40,0x00,0x10,0x80,0x00,0x80,0x20,0x02,0x02,0x00,0x00,0x00,0x81,0x00,0x20,0x04,0x10,0x00,0x00,
	0x00,0x84,0x00,0x20,0x00,0x20,0x20,0x00,0xC0,0x00,0x00,0x30,0x00,0x00,0x04,0x20,0x00,0x00,0x80,0x00,
	0xC0,0x00,0x01,0x80,0x00,0x00,0x01,0x01,0x80,0x00,0x80,0x00,0x00,0x81,0x80,0x00,0x02,0x02,0x00,0x00,
	0x16,0x92,0x40,0x2E,0x00,0x58,0x24,0x00,0x87,0x05,0x00,0x8C,0x26,0x00,0xC6,0x03,0x00,0x02,0x0E,0x00,
	0x01,0x84,0x00,0x00,0xEC,0x00,0x00,0xDA,0x01,0x00,0x84,0x01,0x00,0x20,0x01,0x80,0xBF,0x00,0x00,0xE0,
	0x00,0x10,0x40,0x00,0x5C,0x08,0x01,0x42,0x4B,0x03,0x01,0x60,0x00,0x00,0x02,0x00,0x00,0x10,0x00,0x00,
	0x88,0x80,0x3E,0x00,0x50,0x32,0x00,0x39,0x06,0x00,0xF8,0x20,0x00,0x3A,0x17,0x00,0x0E,0x10,0x00,0x02,
	0x60,0x00,0x00,0x80,0x00,0x00,0x20,0x01,0x00,0x82,0x00,0x00,0x01,0x00,0x40,0x00,0x00,0xA0,0x00,0x00,
	0x82,0x08,0x08,0x01,0x42,0x49,0x01,0x01,0xC0,0x00,0x00,0x80,0x00,0x10,0x00,0x01,0x85,0x20,0x00,0x00,
	0x36,0x00,0x00,0x30,0x00,0x00,0x08,0x00,0x00,0x02,0x00,0x00,0x00,0x40,0x00,0x02,0x80,0x00,0x00,0x01,
	0x00,0x80,0x00,0xC0,0x00,0x00,0x82,0x00,0x00,0x01,0x40,0x41,0x01,0x01,0x80,0x00,0x16,0x88,0x70,0x1F,
	0x00,0x26,0x24,0x00,0xE1,0x06,0x00,0xCE,0x01,0x00,0x13,0x17,0x00,0x07,0x5C,0x00,0x01,0xB8,0x00,0x00,
	0x57,0x02,0x00,0xD2,0x00,0x00,0x86,0xC0,0x6F,0x00,0x00,0x20,0x00,0x20,0x20,0x00,0x00,0x28,0x00,0xC0,
	0x10,0x00,0x22,0xA4,0x00,0x00,0x10,0x00,0x01,0x89,0x44,0x00,0x00,0x60,0x09,0x00,0x30,0x04,0x00,0xD7,
	0x04,0x00,0x3C,0x07,0x00,0x0D,0x10,0x00,0x01,0x20,0x00,0x01,0xC0,0x00,0x00,0xA0,0x02,0x00,0xD0,0x00,
	0x01,0x80,0x00,0x20,0x00,0x00,0x83,0x00,0x28,0x00,0x80,0x10,0x00,0x20,0x80,0x00,0x00,0x50,0x00,0x01,
	0x80,0x44,0x00,0x00,0x00,0x86,0x30,0x00,0x00,0x11,0x00,0x00,0x08,0x00,0x00,0x04,0x10,0x00,0x01,0x20,
	0x00,0x00,0x80,0x00,0x00,0x00,0x02,0x05,0x82,0x00,0x10,0x00,0x20,0x80,0x00,0x00,0x50,0x00,0x16,0x8B,
	0x08,0x06,0x00,0x60,0x04,0x00,0xC9,0x05,0x00,0x1A,0x05,0x00,0x07,0x20,0x00,0x03,0xA6,0x02,0x01,0xB7,
	0x00,0x00,0xEB,0x05,0x00,0x10,0x00,0xF0,0x03,0x00,0x00,0x30,0x00,0x00,0x20,0x00,0x00,0x83,0x08,0x14,
	0x02,0x0E,0x80,0x00,0x01,0xC2,0x01,0x00,0x40,0x00,0x02,0x88,0x10,0x06,0x00,0x56,0x04,0x00,0x35,0x03,
	0x00,0x0E,0x00,0x00,0x06,0x10,0x00,0x02,0xB0,0x02,0x00,0x80,0x00,0x00,0x90,0x00,0x00,0x10,0x00,0x00,
	0x80,0x00,0x20,0x00,0x01,0x83,0x00,0x14,0x00,0x04,0x00,0x00,0x01,0x02,0x00,0x00,0x20,0x00,0x03,0x80,
	0x10,0x00,0x00,0x00,0x84,0x04,0x00,0x00,0x02,0x10,0x00,0x00,0xC0,0x00,0x00,0x80,0x00,0x00,0xC0,0x00,
	0x06,0x81,0x00,0x02,0x00,0x00,0x20,0x00,0x07,0x80,0x00,0x80,0x00,0x0D,0x89,0xF4,0x04,0x00,0xD1,0x03,
	0x00,0x1C,0x05,0x00,0x0F,0x10,0x00,0x06,0x0E,0x00,0x02,0xF0,0x00,0x00,0x8B,0x00,0x00,0x08,0x00,0x20,
	0x10,0x00,0x00,0x14,0x00,0x00,0x80,0x00,0x40,0x00,0x00,0x81,0x20,0xC8,0x00,0xC0,0x79,0x00,0x00,0x81,
	0x00,0x18,0x04,0x08,0x00,0x00,0x01,0x87,0xC0,0x04,0x00,0xA2,0x03,0x00,0x0C,0x00,0x00,0x01,0x20,0x00,
	0x00,0x50,0x00,0x00,0x40,0x00,0x00,0x30,0x00,0x00,0x10,0x00,0x02,0x80,0x00,0x40,0x00,0x00,0x81,0x20,
	0x80,0x00,0x40,0x39,0x00,0x00,0x80,0x00,0x10,0x00,0x03,0x81,0x02,0x00,0x00,0x04,0x00,0x00,0x00,0x80,
	0x00,0x60,0x00,0x00,0x80,0x00,0x40,0x00,0x03,0x80,0x00,0x40,0x00,0x00,0x81,0x00,0x80,0x00,0x40,0x30,
	0x00,0x00,0x80,0x00,0x10,0x00,0x16,0x89,0x34,0x0B,0x00,0x85,0x03,0x00,0x0F,0x60,0x00,0x02,0x4E,0x00,
	0x03,0x80,0x00,0x00,0x1A,0x00,0x00,0x08,0x00,0x00,0x30,0x01,0x40,0x08,0x00,0x00,0x04,0x00,0x01,0x84,
	0x00,0x60,0x00,0x64,0xA4,0x00,0x84,0xD7,0x00,0x00,0x7C,0x00,0x00,0x34,0x00,0x00,0x80,0x00,0x10,0x02,
	0x00,0x86,0x36,0x03,0x00,0x11,0x00,0x00,0x03,0x10,0x00,0x06,0xD0,0x00,0x03,0x50,0x00,0x00,0xC0,0x00,
	0x00,0x10,0x00,0x00,0x80,0x00,0x10,0x00,0x02,0x83,0x00,0x40,0x00,0x40,0x14,0x00,0x80,0xC6,0x00,0x00,
	0x14,0x00,0x01,0x80,0x00,0x10,0x02,0x02,0x83,0x00,0x20,0x00,0x02,0x60,0x00,0x01,0x20,0x00,0x00,0xF0,
	0x00,0x05,0x83,0x00,0x40,0x00,0x00,0x10,0x00,0x80,0xC0,0x00,0x00,0x04,0x00,0x08,0x80,0x00,0x80,0x00,
	0x0D,0x88,0xF2,0x03,0x01,0x0F,0x5C,0x00,0x04,0xDE,0x00,0x03,0x50,0x00,0x01,0xAA,0x04,0x01,0xD8,0x05,
	0x00,0x30,0x00,0x60,0x3C,0x00,0x10,0x00,0x00,0x01,0x88,0x00,0x40,0x00,0x10,0xD8,0x00,0xC0,0xF8,0x00,
	0x03,0x1F,0x00,0x01,0x28,0x00,0x00,0x04,0x00,0x04,0x00,0x00,0x00,0xC0,0x01,0x00,0x00,0x04,0x00,0x84,
	0x04,0x30,0x00,0x06,0x60,0x00,0x00,0xF0,0x00,0x00,0x10,0x04,0x01,0xE0,0x00,0x00,0x80,0x00,0x10,0x00,
	0x02,0x84,0x00,0x40,0x00,0x00,0x98,0x00,0x80,0x30,0x00,0x02,0x39,0x00,0x00,0x18,0x00,0x01,0x81,0x00,
	0xC0,0x01,0x00,0x00,0x04,0x00,0x84,0x00,0x60,0x00,0x02,0x40,0x00,0x00,0x60,0x00,0x00,0x50,0x04,0x00,
	0xF0,0x00,0x04,0x84,0x00,0x40,0x00,0x00,0x80,0x00,0x00,0x30,0x00,0x00,0x21,0x00,0x00,0x18,0x00,0x07,
	0x81,0x00,0x00,0x04,0x00,0xC0,0x00,0x0D,0x87,0x0D,0x7E,0x02,0x02,0x50,0x00,0x07,0xA2,0x00,0x03,0x1A,
	0x00,0x02,0x38,0x00,0x00,0x30,0x00,0x00,0x3C,0x00,0x10,0x80,0x00,0x00,0x80,0x00,0x0C,0x00,0x00,0x84,
	0x00,0x20,0x00,0x00,0x10,0x00,0x82,0xDB,0x00,0x00,0x1E,0x00,0x10,0x70,0x01,0x00,0x81,0x40,0x00,0x00,
	0x00,0x20,0x00,0x00,0x83,0x04,0x38,0x00,0x02,0x60,0x00,0x00,0x60,0x00,0x03,0x10,0x00,0x00,0x81,0x00,
	0x20,0x00,0x00,0x10,0x00,0x05,0x82,0x00,0xCB,0x00,0x00,0x16,0x00,0x10,0x20,0x00,0x01,0x80,0x00,0x20,
	0x00,0x00,0x85,0x00,0x60,0x00,0x02,0x40,0x00,0x00,0x70,0x00,0x01,0x10,0x00,0x00,0x10,0x00,0x00,0x20,
	0x00,0x06,0x82,0x00,0xC0,0x00,0x00,0x06,0x00,0x10,0x20,0x00,0x17,0x89,0x00,0x60,0x00,0x04,0x18,0x01,
	0x02,0x08,0x00,0x01,0x18,0x06,0x02,0x00,0x00,0x00,0x2E,0x00,0x60,0x00,0x00,0x40,0x00,0x00,0x08,0x00,
	0x00,0x00,0x0C,0x00,0x00,0x84,0x00,0x40,0x00,0x00,0xE0,0x00,0x80,0x20,0x00,0x02,0x20,0x00,0x00,0x90,
	0x00,0x00,0x80,0x02,0x00,0x00,0x00,0x83,0x08,0x00,0x00,0x00,0x10,0x00,0x00,0x40,0x00,0x02,0x00,0x00,
	0x00,0x80,0x00,0x20,0x00,0x06,0x81,0x00,0x80,0x00,0x00,0x20,0x00,0x04,0x82,0x08,0x00,0x00,0x00,0x60,
	0x00,0x00,0x30,0x00,0x00,0x80,0x00,0x10,0x00,0x00,0x80,0x00,0x10,0x00,0x05,0x81,0x00,0x80,0x00,0x00,
	0x20,0x00,0x19,0x01,0x80,0x00,0x04,0x00,0x01,0x82,0x00,0x01,0x00,0x50,0x02,0x02,0x20,0x00,0x00,0x00,
	0x80,0x00,0x0C,0x00,0x01,0x84,0x00,0x40,0x00,0x30,0x20,0x00,0x02,0x30,0x00,0x00,0x40,0x02,0x00,0x08,
	0x00,0x01,0x81,0x00,0x40,0x00,0x00,0x30,0x00,0x02,0x80,0x00,0x10,0x00,0x06,0x82,0x00,0x40,0x00,0x30,
	0x20,0x00,0x00,0x20,0x00,0x03,0x81,0x00,0x40,0x00,0x00,0x10,0x00,0x0A,0x82,0x00,0x40,0x00,0x20,0x20,
	0x00,0x00,0x20,0x00,0x18,0x00,0x84,0x01,0xA0,0x02,0x00,0x00,0x02,0x01,0x08,0x01,0x00,0x10,0x00,0x00,
	0x13,0x00,0x00,0x80,0x08,0x00,0x00,0x03,0x82,0x28,0x00,0x00,0x84,0x21,0x00,0x00,0x24,0x00,0x00,0x80,
	0x01,0x00,0x00,0x01,0x82,0x00,0x00,0x02,0x00,0x10,0x00,0x01,0x00,0x00,0x00,0x82,0x00,0x10,0x00,0x00,
	0x10,0x00,0x00,0x10,0x00,0x05,0x82,0x20,0x00,0x00,0x04,0x20,0x00,0x00,0x24,0x00,0x00,0x80,0x01,0x00,
	0x00,0x01,0x82,0x00,0x00,0x02,0x00,0x10,0x00,0x01,0x00,0x00,0x02,0x80,0x00,0x10,0x00,0x06,0x81,0x00,
	0x20,0x00,0x00,0x24,0x00,0x00,0x80,0x01,0x00,0x00,0x16,0x85,0x00,0xD0,0x00,0x00,0x60,0x00,0x00,0xC4,
	0x00,0x00,0x10,0x00,0x00,0x20,0x00,0x00,0x2C,0x00,0x02,0x80,0x00,0x04,0x00,0x02,0x82,0x28,0x34,0x00,
	0x00,0x0C,0x00,0x01,0x00,0x00,0x00,0x83,0x11,0x00,0x00,0x10,0x00,0x00,0x00,0x80,0x00,0x00,0x10,0x00,
	0x01,0x80,0x00,0x10,0x00,0x00,0x80,0x00,0x10,0x00,0x06,0x81,0x28,0x14,0x00,0x00,0x0C,0x00,0x03,0x81,
	0x00,0x80,0x00,0x00,0x20,0x00,0x01,0x81,0x00,0x10,0x00,0x00,0x20,0x00,0x07,0x81,0x20,0x00,0x00,0x00,
	0x0C,0x00,0x18,0x01,0x83,0x02,0x00,0x00,0x00,0x40,0x00,0x00,0x20,0x00,0x01,0x30,0x00,0x00,0x80,0x10,
	0x00,0x00,0x02,0x80,0x00,0x80,0x00,0x00,0x80,0x06,0x48,0x00,0x01,0x81,0x00,0x00,0x02,0x41,0x00,0x00,
	0x00,0x80,0x00,0x00,0x01,0x01,0x80,0x02,0x00,0x00,0x01,0x80,0x01,0x20,0x00,0x06,0x80,0x04,0x48,0x00,
	0x04,0x80,0x00,0x00,0x01,0x04,0x80,0x00,0x20,0x00,0x06,0x80,0x00,0x40,0x00,0x19,0x82,0x01,0x00,0x00,
	0x02,0x00,0x00,0x00,0x04,0x01,0x01,0x81,0x00,0x20,0x00,0x20,0x00,0x00,0x00,0x81,0x40,0x00,0x00,0x00,
	0x02,0x00,0x00,0x83,0x00,0x10,0x00,0x00,0x08,0x00,0x00,0x02,0x00,0x00,0x02,0x00,0x00,0x81,0x00,0x40,
	0x00,0x00,0x02,0x00,0x01,0x81,0x01,0x00,0x00,0x02,0x00,0x00,0x08,0x81,0x00,0x10,0x00,0x00,0x08,0x00,
	0x00,0x80,0x00,0x02,0x00,0x05,0x80,0x02,0x00,0x00,0x0B,0x80,0x00,0x02,0x00,0x18,0x81,0x04,0x40,0x00,
	0x01,0x20,0x00,0x00,0x80,0x02,0x00,0x00,0x00,0x81,0x00,0x40,0x00,0x00,0x00,0x01,0x01,0x81,0x10,0x01,
	0x00,0x00,0x40,0x00,0x00,0x82,0x40,0x00,0x04,0x10,0x04,0x00,0x03,0x35,0x00,0x01,0x80,0x01,0x00,0x00,
	0x01,0x80,0x04,0x40,0x00,0x01,0x80,0x02,0x00,0x00,0x00,0x80,0x00,0x40,0x00,0x05,0x80,0x40,0x00,0x04,
	0x00,0x80,0x02,0x35,0x00,0x09,0x80,0x00,0x40,0x00,0x05,0x80,0x00,0x00,0x04,0x00,0x80,0x00,0x35,0x00,
	0x09,0x80,0x00,0x40,0x00,0x0D,0x80,0x00,0x30,0x00,0x00,0x85,0x01,0x00,0x00,0x00,0x04,0x00,0x00,0x30,
	0x00,0x00,0x20,0x00,0x00,0x00,0x01,0x10,0x00,0x00,0x00,0x80,0x00,0x20,0x00,0x01,0x80,0x00,0x10,0x04,
	0x02,0x81,0x00,0x40,0x00,0x00,0x00,0x04,0x0A,0x80,0x00,0x20,0x00,0x01,0x80,0x00,0x00,0x04,0x12,0x80,
	0x00,0x00,0x04,0x1A,0x84,0x04,0x60,0x00,0x04,0x00,0x00,0x02,0x00,0x00,0x01,0x80,0x00,0x00,0x20,0x02,
	0x00,0x81,0x00,0x10,0x01,0x10,0x00,0x00,0x03,0x81,0x00,0x00,0x04,0x20,0x40,0x00,0x01,0x81,0x00,0x40,
	0x00,0x00,0x00,0x04,0x01,0x80,0x00,0x20,0x00,0x01,0x81,0x01,0x00,0x00,0x00,0x20,0x02,0x06,0x81,0x00,
	0x00,0x04,0x20,0x40,0x00,0x08,0x81,0x01,0x00,0x00,0x00,0x20,0x02,0x06,0x81,0x00,0x00,0x04,0x20,0x40,
	0x00,0x09,0x80,0x00,0x00,0x02,0x0E,0x87,0x02,0x40,0x00,0x06,0x10,0x00,0x06,0x00,0x00,0x03,0x22,0x00,
	0x02,0x28,0x02,0x00,0x20,0x00,0x00,0x88,0x00,0x00,0x40,0x00,0x00,0x80,0x80,0x40,0x00,0x00,0x87,0x00,
	0x08,0x00,0x80,0x50,0x00,0x24,0x00,0x00,0x84,0x00,0x00,0x13,0x00,0x00,0x00,0x80,0x01,0x00,0x00,0x04,
	0x08,0x00,0x00,0x00,0x85,0x0E,0x40,0x00,0x00,0x10,0x00,0x02,0x00,0x00,0x00,0x20,0x00,0x02,0x10,0x02,
	0x00,0x20,0x00,0x00,0x80,0x00,0x40,0x00,0x02,0x84,0x00,0x08,0x00,0x80,0x40,0x00,0x20,0x00,0x00,0x80,
	0x00,0x00,0x11,0x00,0x00,0x03,0x82,0x06,0x40,0x00,0x04,0x10,0x00,0x02,0x00,0x00,0x00,0x81,0x00,0x00,
	0x02,0x00,0x20,0x00,0x00,0x80,0x00,0x40,0x00,0x03,0x83,0x00,0x40,0x00,0x20,0x00,0x00,0x80,0x00,0x00,
	0x10,0x00,0x00,0x07,0x80,0x00,0x00,0x02,0x0E,0x88,0x2D,0x2E,0x00,0x16,0xD8,0x00,0x0E,0x2D,0x00,0x02,
	0x07,0x00,0x01,0x57,0x02,0x00,0x4C,0x00,0x10,0x16,0x00,0x00,0x4C,0x00,0x30,0x00,0x00,0x02,0x86,0xA8,
	0x88,0x00,0x18,0x2A,0x00,0x0E,0x18,0x00,0x02,0x00,0x00,0x02,0x10,0x00,0x00,0x04,0x00,0x00,0x06,0x00,
	0x00,0x84,0x1F,0xF0,0x00,0x02,0xF0,0x00,0x00,0x30,0x00,0x06,0x00,0x00,0x00,0x10,0x02,0x00,0x81,0x00,
	0x10,0x00,0x00,0x50,0x00,0x03,0x84,0xA0,0x88,0x00,0x08,0x0C,0x00,0x04,0x18,0x00,0x02,0x00,0x00,0x02,
	0x00,0x00,0x02,0x85,0x0A,0x00,0x00,0x08,0x60,0x00,0x04,0x10,0x00,0x02,0x00,0x00,0x00,0x10,0x02,0x00,
	0x10,0x00,0x00,0x80,0x00,0x40,0x00,0x03,0x80,0x00,0x80,0x00,0x00,0x80,0x00,0x18,0x00,0x00,0x80,0x02,
	0x00,0x00,0x06,0x80,0x00,0x00,0x02,0x0E,0x90,0x1E,0x52,0x00,0x2D,0xFC,0x00,0x16,0x1D,0x00,0x0C,0xD9,
	0x00,0x06,0x4F,0x00,0x00,0xCD,0x01,0x00,0x0E,0x00,0x08,0x0E,0x00,0x08,0x00,0x00,0x60,0x08,0x00,0x80,
	0x5F,0x00,0x00,0xF9,0x01,0x58,0x0C,0x03,0xB8,0x23,0x00,0x4C,0x14,0x00,0x25,0x07,0x00,0x0D,0x20,0x00,
	0x00,0x89,0x40,0x09,0x00,0x00,0x0E,0x00,0xDA,0xC1,0x00,0x14,0xD0,0x00,0x0A,0x00,0x00,0x00,0xE0,0x00,
	0x00,0xC0,0x00,0x00,0x30,0x00,0x00,0x10,0x00,0x00,0x10,0x00,0x02,0x85,0x00,0xF8,0x00,0x40,0x04,0x03,
	0x10,0x32,0x00,0x48,0x08,0x00,0x20,0x07,0x00,0x0C,0x00,0x00,0x02,0x81,0x14,0x60,0x00,0x00,0x60,0x00,
	0x00,0x82,0x00,0x30,0x00,0x00,0xF0,0x01,0x00,0xF0,0x01,0x05,0x84,0x00,0x00,0x03,0x00,0x20,0x00,0x40,
	0x00,0x00,0x20,0x07,0x00,0x0C,0x00,0x00,0x16,0xA5,0x14,0x2E,0x00,0x78,0x02,0x00,0x19,0x0C,0x00,0x00,
	0xE8,0x00,0x00,0xE8,0x00,0x01,0x01,0x01,0x00,0x7E,0x00,0x00,0xDE,0x00,0x00,0x20,0x03,0x00,0xE2,0x00,
	0x40,0x7C,0x00,0xC0,0xC6,0x01,0xF0,0xD3,0x02,0x70,0xE7,0x00,0x10,0x1E,0x00,0xCE,0x00,0x00,0x13,0x00,
	0x00,0x80,0xE8,0x00,0xA1,0x00,0x00,0x00,0x20,0x00,0x10,0x2E,0x00,0xB8,0x01,0x00,0x19,0x00,0x00,0x00,
	0xF0,0x00,0x00,0xC0,0x00,0x01,0x60,0x00,0x00,0x50,0x00,0x00,0xB0,0x00,0x00,0xE0,0x01,0x00,0x20,0x00,
	0x00,0x20,0x00,0x00,0xC0,0x00,0x00,0x0C,0x02,0x20,0xE1,0x00,0x00,0x0C,0x00,0xC4,0x00,0x00,0x11,0x00,
	0x00,0x80,0x00,0x00,0x02,0x86,0x10,0x00,0x00,0x08,0x00,0x00,0x00,0x20,0x00,0x00,0xF0,0x01,0x00,0xE0,
	0x01,0x00,0x40,0x00,0x00,0xC0,0x00,0x03,0x81,0x00,0x00,0x02,0x00,0xE0,0x00,0x00,0x82,0xC0,0x00,0x00,
	0x10,0x00,0x00,0x80,0x00,0x00,0x15,0x98,0xC7,0x21,0x00,0x40,0x6A,0x00,0x03,0x30,0x00,0x03,0x18,0x00,
	0x06,0x48,0x00,0x01,0x18,0x00,0x00,0x78,0x00,0x00,0xC0,0x00,0x00,0x38,0x03,0x00,0x92,0x00,0x00,0xA4,
	0x00,0x00,0x40,0x00,0x00,0xB4,0x01,0xCC,0x05,0x00,0x38,0x2F,0x00,0x00,0x18,0x00,0xC0,0x01,0x00,0x00,
	0x68,0x01,0x01,0x00,0x00,0x00,0x29,0x00,0x23,0x50,0x00,0x61,0x72,0x00,0x03,0x00,0x00,0x02,0x00,0x00,
	0x00,0x50,0x00,0x00,0x82,0x00,0x50,0x00,0x00,0xB0,0x00,0x00,0xF0,0x01,0x00,0x86,0x00,0x40,0x00,0x00,
	0x40,0x00,0x00,0x10,0x01,0xC0,0x08,0x00,0x10,0x26,0x00,0x00,0x18,0x00,0xC0,0x01,0x00,0x02,0x81,0x00,
	0x20,0x00,0x20,0x20,0x00,0x00,0x81,0x02,0x00,0x00,0x00,0x10,0x00,0x00,0x81,0x00,0x40,0x00,0x00,0xC0,
	0x00,0x03,0x80,0x00,0x00,0x01,0x00,0x82,0x00,0x20,0x00,0x00,0x18,0x00,0xC0,0x01,0x00,0x16,0x86,0x36,
	0x58,0x00,0x7C,0x00,0x00,0x1F,0x80,0x00,0x0D,0x40,0x00,0x00,0x20,0x00,0x00,0x08,0x00,0x00,0x08,0x00,
	0x00,0x92,0x00,0x18,0x00,0x00,0x10,0x00,0x00,0x68,0x00,0x00,0x38,0x00,0x20,0x6C,0x00,0xF2,0x48,0x00,
	0xF6,0x31,0x00,0x1C,0x18,0x00,0x06,0x00,0x00,0x01,0x00,0x00,0x01,0x00,0x00,0x00,0x09,0x00,0x32,0x48,
	0x00,0x3C,0x20,0x00,0x18,0xD0,0x00,0x01,0x30,0x00,0x03,0x30,0x00,0x00,0x10,0x00,0x00,0x10,0x00,0x00,
	0x80,0x00,0x10,0x00,0x02,0x85,0x00,0x20,0x00,0x00,0x40,0x00,0x20,0x31,0x00,0x08,0x18,0x00,0x02,0x00,
	0x00,0x01,0x00,0x00,0x01,0x84,0x27,0x40,0x00,0x30,0x40,0x00,0x08,0x60,0x00,0x01,0x60,0x00,0x00,0x20,
	0x00,0x07,0x82,0x00,0x40,0x00,0x00,0x30,0x00,0x00,0x18,0x00,0x00,0x80,0x01,0x00,0x00,0x15,0x91,0x5B,
	0xC0,0x00,0x74,0x50,0x00,0x1B,0x40,0x01,0x03,0x40,0x00,0x01,0xE0,0x01,0x00,0x30,0x00,0x00,0x10,0x00,
	0x00,0x20,0x00,0x00,0x18,0x02,0x00,0x08,0x00,0x00,0x80,0x01,0x00,0x80,0x01,0x00,0x00,0x01,0x2C,0x1C,
	0x00,0xEB,0x14,0x00,0x30,0x08,0x00,0x20,0x00,0x00,0x03,0x08,0x00,0x00,0x85,0x00,0x11,0x00,0x4B,0x80,
	0x00,0x0B,0x00,0x00,0x0F,0x00,0x01,0x06,0xE0,0x01,0x00,0x60,0x00,0x00,0x82,0x00,0x20,0x00,0x00,0x10,
	0x00,0x00,0x10,0x00,0x00,0x87,0x00,0x80,0x00,0x00,0x80,0x00,0x00,0x00,0x01,0x0C,0x08,0x00,0xC2,0x14,
	0x00,0x10,0x08,0x00,0x20,0x00,0x00,0x02,0x00,0x00,0x01,0x85,0x40,0x00,0x00,0x08,0x80,0x00,0x07,0x80,
	0x00,0x00,0x80,0x00,0x00,0xC0,0x00,0x00,0x20,0x00,0x05,0x80,0x00,0x00,0x01,0x00,0x83,0x00,0x10,0x00,
	0x00,0x08,0x00,0x20,0x00,0x00,0x02,0x00,0x00,0x15,0xA4,0x66,0x0D,0x05,0xCE,0x07,0x07,0x02,0x40,0x07,
	0x00,0x00,0x02,0x00,0x00,0x02,0x00,0xA0,0x00,0x00,0x20,0x00,0x00,0x40,0x00,0x00,0x30,0x00,0x00,0xC0,
	0x01,0x00,0x10,0x03,0x00,0x00,0x03,0x40,0x0C,0x02,0xF0,0x04,0x00,0xB5,0x07,0x00,0xE7,0x03,0x00,0x2C,
	0x06,0x00,0x00,0x70,0x02,0x00,0x10,0x04,0x00,0x20,0x00,0x79,0x44,0x05,0xF9,0x83,0x07,0x07,0x00,0x06,
	0x01,0x00,0x00,0x00,0xC0,0x00,0x00,0x80,0x00,0x00,0x40,0x00,0x00,0x60,0x00,0x00,0x20,0x00,0x00,0x40,
	0x00,0x00,0x00,0x01,0x00,0x00,0x01,0x00,0x00,0x02,0x30,0x00,0x00,0x05,0x08,0x00,0x20,0x00,0x00,0x24,
	0x06,0x00,0x02,0x87,0x7F,0x80,0x00,0x07,0x00,0x01,0x00,0x00,0x01,0x00,0x00,0x03,0x00,0x00,0x01,0x00,
	0x40,0x00,0x00,0x40,0x00,0x00,0x40,0x00,0x03,0x80,0x00,0x00,0x02,0x02,0x80,0x20,0x06,0x00,0x16,0x86,
	0xC3,0x84,0x03,0xC6,0x03,0x01,0x01,0x80,0x06,0x00,0x00,0x06,0x00,0x80,0x05,0x00,0xC0,0x01,0x00,0x80,
	0x00,0x01,0x89,0x00,0x88,0x07,0x00,0x00,0x06,0x00,0x00,0x06,0x98,0x40,0x00,0xC1,0x18,0x00,0x98,0x00,
	0x00,0xC0,0x07,0x00,0x20,0x0C,0x00,0x00,0x01,0x00,0x00,0x20,0x00,0x00,0x81,0x3F,0x02,0x00,0x01,0x00,
	0x00,0x00,0x84,0x00,0x00,0x02,0x00,0x00,0x02,0x00,0x80,0x01,0x00,0xC0,0x00,0x00,0x40,0x00,0x00,0x88,
	0x00,0x80,0x01,0x00,0x00,0x02,0x00,0x00,0x02,0x18,0x00,0x00,0xC0,0x08,0x00,0x18,0x00,0x00,0xC0,0x03,
	0x00,0x20,0x0C,0x00,0x00,0x01,0x00,0x01,0x83,0x00,0x00,0x03,0x00,0x00,0x02,0x00,0x00,0x02,0x00,0x00,
	0x04,0x00,0x81,0x00,0x80,0x00,0x00,0x80,0x00,0x08,0x81,0x20,0x0C,0x00,0x00,0x01,0x00,0x15,0x81,0x3C,
	0x6F,0x01,0x08,0x10,0x02,0x00,0x8F,0x00,0x00,0x04,0x00,0x00,0x05,0x00,0x80,0x02,0x00,0x80,0x00,0x00,
	0x80,0x06,0x00,0x80,0x04,0x00,0xC0,0x04,0x00,0x10,0x00,0x00,0x00,0x04,0x18,0x1C,0x00,0x05,0xCC,0x04,
	0x60,0x01,0x00,0x03,0x10,0x00,0x10,0x04,0x00,0x80,0x01,0x00,0x08,0x00,0x00,0x00,0x81,0x28,0x31,0x02,
	0x00,0x00,0x02,0x01,0x81,0x00,0x00,0x01,0x00,0x80,0x06,0x00,0x80,0x00,0x80,0x02,0x00,0x80,0x00,0xC0,
	0x00,0x00,0x86,0x00,0x00,0x04,0x18,0x00,0x00,0x04,0xC1,0x04,0x60,0x08,0x00,0x03,0x10,0x00,0x00,0x04,
	0x00,0x80,0x01,0x00,0x01,0x80,0x00,0x00,0x02,0x02,0x80,0x00,0x00,0x06,0x01,0x80,0x00,0x80,0x02,0x04,
	0x80,0x00,0xC0,0x04,0x00,0x82,0x00,0x10,0x00,0x00,0x04,0x00,0x80,0x01,0x00,0x15,0x81,0xE0,0xA0,0x01,
	0x78,0x3C,0x06,0x00,0x84,0x00,0x00,0x04,0x00,0x00,0x02,0x00,0x80,0x00,0x00,0x80,0x01,0x00,0x40,0x04,
	0x00,0x80,0x00,0x00,0x01,0x01,0x86,0x08,0x81,0x00,0x00,0x12,0x00,0x1C,0x04,0x00,0x04,0x10,0x00,0x80,
	0x09,0x00,0x03,0x00,0x00,0x01,0x00,0x00,0x00,0x87,0xE8,0x60,0x00,0x00,0x10,0x02,0x00,0x00,0x04,0x00,
	0x00,0x04,0x00,0x00,0x04,0x00,0x00,0x01,0x00,0x80,0x00,0x00,0x00,0x04,0x00,0x80,0x00,0x00,0x01,0x02,
	0x80,0x00,0x08,0x00,0x00,0x82,0x04,0x10,0x00,0x00,0x08,0x00,0x02,0x00,0x00,0x01,0x80,0x00,0x20,0x00,
	0x00,0x80,0x00,0x00,0x04,0x01,0x80,0x00,0x00,0x01,0x00,0x80,0x00,0x00,0x04,0x06,0x82,0x00,0x10,0x00,
	0x00,0x08,0x00,0x02,0x00,0x00,0x15,0x82,0x40,0x50,0x03,0x80,0xF3,0x04,0x70,0x2C,0x06,0x00,0x80,0x00,
	0x00,0x02,0x00,0x82,0x00,0x00,0x05,0x00,0x80,0x00,0x00,0x60,0x02,0x00,0x86,0x00,0x10,0x00,0x00,0x20,
	0x00,0x30,0x41,0x03,0x0A,0x3E,0x02,0x81,0x0E,0x00,0x00,0x04,0x00,0x20,0x01,0x00,0x00,0x85,0xD0,0x00,
	0x00,0x00,0x01,0x00,0x40,0x80,0x02,0x00,0x40,0x00,0x00,0x10,0x04,0x00,0x00,0x04,0x00,0x81,0x00,0x00,
	0x05,0x00,0x00,0x03,0x00,0x80,0x00,0x40,0x01,0x02,0x82,0x00,0x40,0x00,0x08,0x12,0x02,0x81,0x04,0x00,
	0x04,0x82,0x00,0x40,0x00,0x00,0x20,0x02,0x00,0x00,0x04,0x01,0x80,0x00,0x00,0x02,0x01,0x80,0x00,0x00,
	0x01,0x03,0x80,0x00,0x00,0x02,0x19,0x92,0x50,0x00,0x05,0x00,0xC0,0x03,0x90,0x53,0x00,0x00,0x10,0x00,
	0x00,0x00,0x04,0x00,0x00,0x03,0x00,0x80,0x05,0x00,0x80,0x05,0x00,0x00,0x06,0x00,0x50,0x04,0x00,0x80,
	0x06,0x00,0x20,0x00,0xC0,0x20,0x04,0x00,0x3C,0x03,0x81,0x2C,0x04,0x08,0x32,0x00,0x80,0x04,0x00,0x01,
	0x00,0x00,0x21,0x00,0x00,0x00,0x82,0x50,0x80,0x04,0x00,0x80,0x02,0x00,0x20,0x02,0x00,0x84,0x00,0x00,
	0x04,0x00,0x00,0x06,0x00,0x00,0x04,0x00,0x80,0x04,0x00,0x00,0x02,0x00,0x80,0x00,0x80,0x02,0x01,0x84,
	0x00,0x24,0x03,0x81,0x20,0x04,0x08,0x32,0x00,0x00,0x04,0x00,0x01,0x00,0x00,0x01,0x81,0x00,0x80,0x01,
	0x00,0x40,0x00,0x02,0x83,0x00,0x00,0x04,0x00,0x00,0x01,0x00,0x00,0x04,0x00,0x00,0x02,0x03,0x84,0x00,
	0x00,0x03,0x00,0x20,0x04,0x00,0x30,0x00,0x00,0x04,0x00,0x01,0x00,0x00,0x15,0x82,0x00,0x00,0x01,0x00,
	0x40,0x00,0x00,0x40,0x00,0x01,0x8B,0x00,0x00,0x06,0x00,0x00,0x01,0x00,0x00,0x04,0x00,0xC0,0x00,0x00,
	0xE0,0x00,0x00,0x20,0x04,0x00,0x40,0x00,0x80,0xC0,0x00,0x00,0x90,0x02,0x02,0x42,0x00,0x10,0x40,0x00,
	0x08,0x00,0x00,0x00,0x80,0x00,0x40,0x00,0x01,0x81,0x00,0x40,0x00,0x00,0x40,0x00,0x01,0x80,0x00,0x00,
	0x04,0x00,0x80,0x00,0x00,0x04,0x03,0x84,0x00,0x80,0x00,0x00,0xC0,0x02,0x00,0x42,0x00,0x10,0x40,0x00,
	0x08,0x00,0x00,0x09,0x80,0x00,0x00,0x04,0x04,0x82,0x00,0x80,0x02,0x00,0x40,0x00,0x00,0x40,0x00,0x17,
	0x83,0x00,0x80,0x01,0x10,0x80,0x01,0x10,0xA0,0x00,0xE0,0x0C,0x06,0x01,0x81,0x00,0x00,0x05,0x00,0x80,
	0x02,0x00,0x88,0x00,0x40,0x01,0x00,0x00,0x05,0x20,0x00,0x04,0x80,0xA0,0x01,0x10,0x60,0x00,0x20,0x83,
	0x00,0x3E,0x02,0x00,0xB0,0x00,0x00,0x19,0x00,0x00,0x01,0x83,0x00,0x80,0x01,0x10,0x00,0x00,0x00,0x60,
	0x02,0x00,0x30,0x04,0x01,0x80,0x00,0x00,0x07,0x01,0x88,0x00,0x40,0x00,0x00,0x00,0x01,0x00,0x00,0x04,
	0x00,0x00,0x01,0x10,0xE0,0x00,0x00,0x81,0x00,0x20,0x00,0x00,0x70,0x00,0x00,0x19,0x00,0x00,0x02,0x82,
	0x00,0x00,0x01,0x00,0x60,0x02,0x00,0x00,0x04,0x09,0x80,0x00,0x80,0x00,0x01,0x80,0x19,0x00,0x00,0x15,
	0x84,0x20,0x38,0x00,0x20,0x50,0x00,0x20,0x40,0x02,0x00,0x03,0x06,0x20,0x30,0x00,0x00,0x82,0x00,0x00,
	0x07,0x00,0x00,0x06,0x00,0x80,0x00,0x00,0x8F,0x00,0x00,0x04,0x20,0x00,0x00,0x00,0x40,0x00,0x24,0x00,
	0x00,0x81,0x01,0x00,0x03,0x01,0x00,0x96,0x01,0x00,0x85,0x00,0x00,0x0A,0x00,0x02,0x00,0x40,0x00,0x20,
	0x18,0x00,0x20,0xD0,0x01,0x20,0x00,0x02,0x00,0x60,0x00,0x00,0x00,0x04,0x00,0x00,0x04,0x00,0x81,0x00,
	0x00,0x02,0x00,0x80,0x00,0x03,0x84,0x20,0x00,0x00,0x80,0x00,0x00,0x02,0x01,0x00,0x9E,0x00,0x00,0xFA,
	0x00,0x00,0x01,0x84,0x00,0x10,0x00,0x00,0x90,0x00,0x00,0x00,0x01,0x00,0x20,0x02,0x00,0x00,0x04,0x00,
	0x80,0x00,0x00,0x02,0x07,0x80,0x02,0x00,0x00,0x00,0x80,0xE6,0x00,0x00,0x15,0x86,0x16,0x00,0x00,0xF0,
	0x80,0x00,0x10,0x80,0x00,0x00,0x80,0x00,0xC0,0x18,0x00,0x00,0x00,0x04,0x00,0x00,0x04,0x01,0x81,0x00,
	0x40,0x00,0x00,0x40,0x00,0x00,0x86,0x00,0x40,0x00,0x42,0x00,0x01,0xC1,0x00,0x00,0x20,0x01,0x00,0x14,
	0x20,0x00,0x60,0x00,0x00,0xF0,0x00,0x00,0x00,0x84,0x94,0x00,0x00,0x88,0x80,0x00,0x10,0x80,0x00,0x00,
	0x40,0x00,0x00,0x10,0x00,0x00,0x81,0x00,0x00,0x04,0x00,0x00,0x01,0x04,0x80,0x40,0x00,0x00,0x00,0x82,
	0xC0,0x00,0x00,0x20,0x20,0x00,0xE0,0x01,0x00,0x01,0x81,0x78,0x00,0x00,0x40,0x00,0x00,0x00,0x80,0x00,
	0x40,0x00,0x01,0x81,0x00,0x00,0x04,0x00,0x00,0x01,0x07,0x81,0x00,0x20,0x00,0x00,0x01,0x00,0x15,0x86,
	0x1A,0x00,0x04,0xD8,0x08,0x00,0x30,0x50,0x01,0x10,0x50,0x02,0x78,0x20,0x04,0x60,0x00,0x04,0x00,0x00,
	0x04,0x00,0x81,0x00,0x80,0x01,0x00,0x80,0x02,0x02,0x80,0x02,0x00,0x00,0x01,0x89,0xA2,0x01,0x00,0x08,
	0x00,0x00,0x58,0x00,0x00,0xC0,0x01,0x00,0x8C,0x00,0x04,0xC8,0x08,0x00,0x38,0xD0,0x01,0x38,0x10,0x02,
	0x20,0x20,0x04,0x00,0x00,0x04,0x00,0x81,0x00,0x00,0x01,0x00,0x00,0x01,0x05,0x83,0x03,0x00,0x00,0x5E,
	0x00,0x00,0x8F,0x01,0x00,0xB0,0x00,0x00,0x00,0x84,0x50,0x00,0x00,0x78,0x00,0x00,0x70,0x90,0x01,0x40,
	0x10,0x02,0x40,0x00,0x04,0x02,0x80,0x00,0x00,0x01,0x05,0x83,0x02,0x00,0x00,0x80,0x00,0x00,0x03,0x01,
	0x00,0xF0,0x00,0x00,0x00,0x80,0x10,0x00,0x00,0x12,0x86,0x44,0x00,0x00,0xE8,0x21,0x00,0x80,0x08,0x01,
	0x00,0x28,0x00,0x78,0x68,0x00,0x60,0x00,0x04,0x00,0x00,0x04,0x00,0x81,0x00,0x00,0x01,0x00,0x80,0x02,
	0x00,0x80,0x00,0x10,0x04,0x01,0x8A,0x01,0x80,0x04,0x1E,0x00,0x00,0x60,0x00,0x00,0x34,0x01,0x00,0xE0,
	0x03,0x00,0xC0,0x01,0x00,0xF8,0x00,0x00,0xC0,0x01,0x00,0x88,0x89,0x00,0x38,0x88,0x02,0x20,0x00,0x04,
	0x00,0x80,0x00,0x00,0x04,0x01,0x80,0x00,0x80,0x00,0x00,0x80,0x00,0x00,0x04,0x01,0x84,0x01,0x80,0x04,
	0x02,0x00,0x00,0xA0,0x00,0x00,0xAC,0x02,0x00,0x30,0x03,0x00,0x00,0x84,0x48,0x00,0x00,0xF8,0x00,0x00,
	0x70,0x00,0x00,0x40,0x00,0x00,0x40,0x00,0x00,0x08,0x80,0x00,0x80,0x04,0x00,0x82,0x80,0x00,0x00,0x1C,
	0x03,0x00,0x70,0x03,0x00,0x00,0x80,0x10,0x00,0x00,0x12,0x87,0xC8,0x00,0x00,0xF8,0x01,0x00,0x88,0x28,
	0x00,0x00,0x08,0x02,0x10,0x30,0x04,0x10,0x00,0x00,0x00,0x00,0x06,0x00,0x00,0x03,0x02,0x80,0x80,0x10,
	0x00,0x00,0x85,0x52,0x00,0x00,0x3E,0x00,0x00,0x1C,0x01,0x00,0x00,0x0F,0x00,0xC0,0x01,0x00,0x40,0x03,
	0x00,0x00,0x84,0x68,0x00,0x00,0xB0,0x01,0x00,0x80,0x09,0x02,0x00,0x08,0x04,0x00,0x10,0x00,0x00,0x81,
	0x00,0x00,0x04,0x00,0x00,0x02,0x04,0x80,0x50,0x00,0x00,0x00,0x83,0xFC,0x00,0x00,0x3F,0x0C,0x00,0x20,
	0x02,0x00,0x80,0x03,0x00,0x00,0x81,0x60,0x00,0x00,0xC0,0x00,0x00,0x00,0x80,0x00,0x00,0x04,0x0B,0x82,
	0x00,0x0C,0x00,0xE0,0x03,0x00,0x80,0x03,0x00,0x14,0x85,0xA0,0x10,0x00,0x08,0x00,0x03,0x00,0x08,0x02,
	0x08,0x98,0x00,0x08,0x30,0x00,0x10,0x00,0x00,0x00,0x83,0x00,0x00,0x02,0x00,0x00,0x01,0x00,0x80,0x00,
	0x00,0x81,0x00,0x01,0x83,0x50,0x00,0x00,0x3E,0x82,0x00,0x00,0x05,0x00,0x3F,0x01,0x00,0x02,0x84,0xA0,
	0x00,0x00,0x08,0x00,0x03,0x00,0x08,0x01,0x00,0x98,0x04,0x00,0x20,0x00,0x02,0x80,0x00,0x00,0x01,0x00,
	0x80,0x00,0x80,0x00,0x01,0x83,0x50,0x00,0x00,0xFE,0x81,0x00,0x00,0x03,0x00,0xFF,0x00,0x00,0x04,0x81,
	0x00,0x00,0x03,0x00,0x90,0x00,0x09,0x80,0x00,0x80,0x00,0x00,0x80,0xFF,0x00,0x00,0x16,0x84,0x14,0x10,
	0x00,0x00,0x40,0x03,0x00,0x00,0x07,0x00,0x00,0x04,0x00,0x60,0x00,0x02,0x80,0x00,0x00,0x02,0x01,0x80,
	0x80,0x00,0x00,0x00,0x83,0x82,0x03,0x00,0x00,0x06,0x02,0x3F,0x07,0x00,0x00,0x04,0x00,0x02,0x81,0x10,
	0x00,0x00,0x00,0x40,0x01,0x04,0x81,0x00,0x00,0x02,0x00,0x00,0x02,0x03,0x83,0x80,0x03,0x00,0x00,0x02,
	0x02,0xFF,0x03,0x00,0x00,0x06,0x00,0x09,0x81,0x00,0x00,0x02,0x00,0x00,0x02,0x04,0x80,0x00,0x00,0x02,
	0x00,0x80,0x00,0x06,0x00,0x16,0x84,0x00,0xD0,0x01,0x0C,0x98,0x02,0x04,0x5C,0x02,0x00,0x2C,0x00,0x88,
	0x00,0x00,0x01,0x80,0x00,0x00,0x02,0x01,0x81,0x00,0x00,0x04,0x00,0x20,0x00,0x00,0x83,0x18,0x24,0x00,
	0x04,0x07,0x05,0x00,0x03,0x00,0x00,0x02,0x00,0x00,0x80,0x00,0x80,0x00,0x00,0x83,0x00,0xC0,0x01,0x08,
	0x80,0x02,0x00,0x44,0x04,0x00,0x04,0x00,0x02,0x80,0x00,0x00,0x02,0x01,0x80,0x00,0x00,0x04,0x01,0x81,
	0x18,0x04,0x00,0x00,0x03,0x05,0x00,0x80,0x00,0x02,0x00,0x03,0x81,0x00,0x00,0x02,0x00,0x00,0x04,0x0A,
	0x80,0x00,0x00,0x05,0x00,0x80,0x00,0x02,0x00,0x16,0x81,0x08,0x0C,0x02,0x00,0x0C,0x05,0x00,0x81,0x00,
	0x38,0x00,0x10,0x00,0x00,0x02,0x83,0x00,0x00,0x01,0x00,0x00,0x01,0x00,0x08,0x00,0x01,0x80,0x00,0x00,
	0x85,0x00,0x08,0x00,0x00,0x01,0x00,0xC0,0x00,0x00,0x00,0x10,0x00,0x04,0x00,0x00,0x00,0x00,0x01,0x00,
	0x83,0x08,0x04,0x02,0x00,0x0C,0x01,0x00,0x00,0x04,0x00,0x20,0x00,0x08,0x81,0x00,0x08,0x00,0x00,0x01,
	0x00,0x00,0x80,0x00,0x10,0x00,0x03,0x80,0x00,0x08,0x00,0x00,0x80,0x00,0x20,0x00,0x0B,0x80,0x00,0x10,
	0x00,0x16,0x83,0x84,0x08,0x00,0x00,0x00,0x06,0x04,0x0C,0x02,0x08,0x60,0x01,0x00,0x80,0x04,0x00,0x00,
	0x00,0x81,0x00,0x00,0x06,0x00,0x00,0x02,0x00,0x8C,0x00,0x90,0x00,0x08,0x20,0x00,0x00,0x08,0x00,0x20,
	0x00,0x00,0x04,0x06,0x00,0x01,0x00,0x00,0x20,0x48,0x00,0x08,0x00,0x00,0x80,0x00,0x00,0x00,0x00,0x04,
	0x84,0x08,0x00,0x00,0x00,0x06,0x00,0x08,0x02,0x09,0x81,0x20,0x00,0x00,0x00,0x02,0x00,0x00,0x80,0x20,
	0x48,0x00,0x02,0x82,0x00,0x08,0x00,0x00,0x00,0x06,0x00,0x08,0x00,0x0C,0x80,0x20,0x48,0x00,0x16,0x84,
	0x04,0x32,0x00,0x00,0x34,0x06,0x00,0xA2,0x00,0x00,0x46,0x00,0x60,0x00,0x00,0x00,0x81,0x00,0x00,0x04,
	0x00,0x00,0x04,0x01,0x80,0x00,0x02,0x01,0x00,0x84,0x00,0x36,0x00,0x2A,0x30,0x00,0x00,0x04,0x00,0xF6,
	0x80,0x00,0x30,0x00,0x00,0x00,0x80,0x00,0x00,0x04,0x00,0x83,0x04,0x0A,0x00,0x00,0x0C,0x00,0x00,0x82,
	0x00,0x00,0x42,0x00,0x01,0x81,0x00,0x00,0x04,0x00,0x00,0x04,0x01,0x80,0x00,0x00,0x01,0x01,0x83,0x28,
	0x10,0x00,0x00,0x04,0x00,0x00,0x80,0x00,0x30,0x00,0x00,0x00,0x80,0x00,0x00,0x04,0x00,0x81,0x00,0x08,
	0x00,0x00,0x08,0x00,0x00,0x80,0x00,0x40,0x00,0x02,0x80,0x00,0x00,0x04,0x06,0x81,0x00,0x80,0x00,0x30,
	0x00,0x00,0x00,0x80,0x00,0x00,0x04,0x14,0x84,0x04,0x48,0x00,0x84,0x62,0x04,0x80,0x74,0x02,0x02,0x60,
	0x00,0x02,0x00,0x00,0x03,0x87,0x00,0x00,0x01,0x00,0x24,0x00,0x08,0x00,0x00,0x02,0x20,0x00,0x5A,0x14,
	0x00,0x00,0x08,0x00,0x0B,0x06,0x00,0x00,0x10,0x00,0x03,0x82,0x80,0x2E,0x04,0x80,0x24,0x00,0x00,0x20,
	0x00,0x04,0x80,0x00,0x00,0x01,0x02,0x80,0x10,0x04,0x00,0x00,0x81,0x03,0x00,0x00,0x00,0x10,0x00,0x03,
	0x81,0x00,0x28,0x00,0x00,0x24,0x00,0x0B,0x81,0x03,0x00,0x00,0x00,0x10,0x00,0x16,0x88,0x06,0x58,0x00,
	0x00,0x3A,0x00,0x02,0x17,0x00,0x80,0x21,0x00,0x40,0x00,0x00,0x02,0x00,0x00,0x00,0x00,0x04,0x00,0x00,
	0x04,0x00,0x00,0x02,0x00,0x86,0x00,0x01,0x00,0x00,0x00,0x01,0x04,0x00,0x00,0x20,0x20,0x00,0x7E,0x01,
	0x00,0x00,0x06,0x00,0x20,0x80,0x00,0x02,0x83,0x00,0x08,0x00,0x00,0x28,0x00,0x00,0x25,0x00,0x80,0x21,
	0x00,0x03,0x80,0x00,0x00,0x02,0x04,0x80,0x7E,0x01,0x00,0x00,0x80,0x20,0x80,0x00,0x02,0x82,0x00,0x08,
	0x00,0x00,0x28,0x00,0x00,0x24,0x00,0x0C,0x80,0x20,0x80,0x00,0x16,0x83,0x01,0x23,0x00,0x07,0x6D,0x00,
	0x05,0x44,0x00,0x03,0x02,0x01,0x05,0x84,0x0E,0x02,0x03,0x0F,0x00,0x02,0x01,0x00,0x03,0x56,0x04,0x00,
	0x00,0x02,0x00,0x04,0x83,0x00,0x05,0x00,0x00,0x0D,0x00,0x00,0x04,0x00,0x00,0x00,0x01,0x05,0x80,0x00,
	0x00,0x02,0x00,0x82,0x00,0x00,0x02,0x00,0x04,0x00,0x80,0x02,0x00,0x04,0x82,0x00,0x04,0x00,0x00,0x0C,
	0x00,0x00,0x04,0x00,0x24,0x84,0x01,0x00,0x00,0x01,0x00,0x00,0x01,0x10,0x00,0x0E,0x20,0x00,0x3D,0x00,
	0x00,0x01,0x80,0x00,0x00,0x04,0x00,0x85,0x0A,0x00,0x01,0x10,0x00,0x00,0x18,0x00,0x00,0x08,0x02,0x00,
	0x08,0x00,0x00,0x0F,0x0D,0x00,0x00,0x81,0x80,0x20,0x00,0x08,0x00,0x00,0x01,0x83,0x01,0x00,0x00,0x01,
	0x00,0x00,0x01,0x00,0x00,0x00,0x20,0x00,0x02,0x80,0x00,0x00,0x04,0x02,0x80,0x08,0x00,0x00,0x01,0x80,
	0x01,0x04,0x00,0x00,0x80,0x80,0x20,0x00,0x12,0x80,0x80,0x20,0x00,0x16,0x01,0x83,0x00,0x00,0x02,0x40,
	0xC0,0x00,0x80,0x00,0x00,0x18,0x00,0x00,0x01,0x86,0x01,0x00,0x04,0x15,0x00,0x00,0x11,0x04,0x00,0x14,
	0x00,0x00,0x10,0x01,0x02,0x71,0x17,0x00,0x41,0x07,0x00,0x00,0x80,0x00,0x20,0x00,0x04,0x81,0x00,0x00,
	0x02,0x40,0xC0,0x00,0x05,0x81,0x10,0x00,0x00,0x14,0x00,0x00,0x00,0x81,0x00,0x07,0x00,0xC0,0x00,0x00,
	0x00,0x80,0x00,0x20,0x00,0x04,0x81,0x00,0x00,0x02,0x00,0x80,0x00,0x0B,0x80,0x00,0x20,0x00,0x16,0x00,
	0x80,0x00,0x04,0x04,0x00,0x80,0x80,0x80,0x00,0x01,0x81,0x10,0x00,0x00,0x00,0x00,0x04,0x00,0x81,0x00,
	0x30,0x00,0x08,0x00,0x00,0x00,0x85,0x01,0x03,0x00,0xDF,0x11,0x00,0xD0,0x00,0x00,0x00,0x04,0x00,0x50,
	0x00,0x00,0x00,0x00,0x02,0x02,0x80,0x00,0x04,0x06,0x07,0x80,0x08,0x00,0x00,0x00,0x82,0x01,0x00,0x00,
	0x1F,0x01,0x00,0xC0,0x06,0x00,0x00,0x81,0x50,0x00,0x00,0x00,0x00,0x02,0x02,0x80,0x00,0x04,0x02,0x0D,
	0x81,0x50,0x00,0x00,0x00,0x00,0x02,0x15,0x01,0x81,0x00,0x06,0x00,0xC0,0x02,0x01,0x03,0x8B,0x21,0x00,
	0x00,0x00,0x30,0x00,0x04,0x38,0x00,0x01,0x00,0x00,0x00,0x42,0x00,0xE0,0x17,0x00,0x80,0x3F,0x00,0x00,
	0x04,0x01,0x00,0x0C,0x00,0x08,0x00,0x00,0x40,0x00,0x00,0x00,0x80,0x02,0x01,0x81,0x00,0x04,0x00,0x40,
	0x00,0x01,0x05,0x80,0x04,0x00,0x00,0x01,0x83,0x60,0x06,0x00,0x00,0x06,0x00,0x00,0x00,0x01,0x00,0x0C,
	0x00,0x04,0x80,0x00,0x04,0x00,0x0B,0x81,0x00,0x00,0x01,0x00,0x0C,0x00,0x16,0x85,0x00,0x04,0x00,0x00,
	0x00,0x06,0x00,0x20,0x02,0x40,0x84,0x00,0x40,0x00,0x00,0x20,0x00,0x00,0x00,0x80,0x20,0x00,0x00,0x01,
	0x84,0x02,0x10,0x00,0x02,0x00,0x00,0x00,0x04,0x00,0xB0,0x39,0x00,0x00,0x3F,0x00,0x00,0x80,0x00,0x10,
	0x01,0x02,0x84,0x00,0x04,0x00,0x00,0x00,0x04,0x00,0x00,0x02,0x40,0x80,0x00,0x40,0x00,0x00,0x04,0x81,
	0x02,0x00,0x00,0x02,0x00,0x00,0x00,0x80,0xB0,0x18,0x00,0x01,0x80,0x00,0x10,0x01,0x02,0x80,0x00,0x04,
	0x00,0x00,0x80,0x00,0x00,0x02,0x0C,0x80,0x00,0x10,0x01,0x16,0x84,0x02,0x02,0x00,0x00,0x22,0x02,0x00,
	0x00,0x02,0x00,0x40,0x00,0x80,0x00,0x00,0x00,0x80,0x20,0x00,0x00,0x00,0x82,0x00,0x00,0x02,0x00,0x20,
	0x00,0x00,0x28,0x00,0x00,0x83,0x21,0x08,0x00,0xCF,0x70,0x00,0x10,0x02,0x00,0x01,0x00,0x00,0x00,0x80,
	0x00,0x00,0x01,0x01,0x81,0x02,0x00,0x00,0x00,0x00,0x02,0x01,0x80,0x80,0x00,0x00,0x06,0x83,0x01,0x00,
	0x00,0xCF,0x10,0x00,0x01,0x00,0x00,0x01,0x00,0x00,0x00,0x80,0x00,0x00,0x01,0x10,0x80,0x01,0x00,0x00,
	0x00,0x80,0x00,0x00,0x01,0x15,0x83,0x01,0x00,0x00,0x02,0x50,0x00,0x00,0x49,0x00,0x00,0x01,0x00,0x05,
	0x85,0x20,0x08,0x00,0x21,0x00,0x00,0x18,0x00,0x00,0x00,0x00,0x01,0x8A,0x00,0x00,0x03,0x00,0x00,0x00,
	0x80,0x0C,0x00,0x00,0x01,0x83,0x01,0x00,0x00,0x02,0x00,0x00,0x00,0x09,0x00,0x00,0x01,0x00,0x07,0x81,
	0x18,0x00,0x00,0x00,0x00,0x01,0x00,0x80,0x02,0x00,0x00,0x05,0x80,0x00,0x08,0x00,0x0B,0x80,0x02,0x00,
	0x00,0x17,0x85,0x05,0xA6,0x01,0x00,0x52,0x07,0x02,0x4A,0x00,0xC3,0xF8,0x01,0xC0,0x03,0x00,0x40,0x00,
	0x00,0x02,0x8F,0x00,0x20,0x00,0x02,0x00,0x00,0x02,0x00,0x02,0x04,0x10,0x02,0x40,0x77,0x01,0x02,0x04,
	0x00,0x01,0x00,0x04,0x01,0x00,0x00,0x00,0x00,0x02,0x01,0x00,0x04,0x40,0x00,0x00,0x04,0x44,0x00,0x01,
	0xC0,0x04,0x02,0xC8,0x03,0xC3,0xA0,0x01,0xC0,0x00,0x00,0x04,0x88,0x02,0x00,0x00,0x02,0x00,0x00,0x04,
	0x00,0x00,0x00,0x10,0x01,0x02,0x00,0x00,0x03,0x00,0x04,0x01,0x00,0x00,0x00,0x00,0x02,0x00,0x00,0x04,
	0x00,0x82,0x00,0x44,0x00,0x00,0xC0,0x02,0x00,0xC8,0x01,0x0B,0x83,0x00,0x00,0x04,0x01,0x00,0x00,0x00,
	0x00,0x02,0x00,0x00,0x04,0x14,0x98,0x08,0x80,0x01,0x0C,0x64,0x07,0x0C,0x35,0x00,0x84,0x3F,0x01,0x05,
	0x2E,0x01,0x80,0x0F,0x00,0xCE,0x00,0x00,0x10,0x00,0x04,0x62,0x00,0x04,0x5C,0x00,0x00,0x1C,0x10,0x01,
	0x24,0x10,0x01,0x27,0x60,0x00,0x80,0x49,0x00,0xE1,0x0B,0x00,0x01,0x02,0x01,0x20,0x00,0x01,0x18,0x02,
	0x00,0x43,0x00,0x00,0x40,0xC0,0x06,0x0A,0x40,0x00,0x0E,0xE4,0x04,0x0F,0xA5,0x01,0x87,0xD9,0x01,0x04,
	0x6E,0x00,0x04,0x87,0x1C,0x00,0x00,0x24,0x00,0x00,0x24,0x00,0x00,0x00,0x40,0x00,0xE4,0x03,0x00,0x04,
	0x00,0x01,0x23,0x00,0x01,0x00,0x02,0x00,0x01,0x84,0x00,0x40,0x00,0x00,0xE4,0x04,0x00,0xA4,0x07,0x00,
	0x98,0x00,0x00,0x90,0x00,0x09,0x82,0x00,0x00,0x01,0x22,0x00,0x01,0x00,0x02,0x00,0x15,0x9C,0x1C,0xF2,
	0x00,0x1C,0x76,0x00,0x18,0x30,0x06,0x1C,0xC0,0x01,0x8E,0x3B,0x05,0x0F,0x60,0x04,0x03,0x03,0x00,0x4C,
	0x00,0x00,0x62,0x00,0x02,0x07,0x00,0x00,0x39,0x20,0x03,0x3A,0x20,0x00,0x04,0x00,0x01,0x40,0x42,0x00,
	0xC0,0x45,0x00,0x28,0x04,0x02,0x03,0x00,0x00,0x0A,0x82,0x00,0x06,0x00,0x00,0x80,0x20,0x00,0x14,0xC4,
	0x00,0x14,0x24,0x00,0x14,0x60,0x00,0x1C,0x40,0x02,0x8D,0xD9,0x00,0x0D,0x9E,0x00,0x01,0x00,0x04,0x01,
	0x00,0x04,0x00,0x00,0x04,0x00,0x81,0x00,0x00,0x03,0x38,0x00,0x00,0x01,0x83,0x00,0x04,0x00,0xC0,0x01,
	0x02,0x06,0x00,0x00,0x02,0x82,0x00,0x00,0x85,0x01,0x00,0x00,0x00,0x04,0x00,0x00,0x24,0x00,0x00,0x60,
	0x00,0x00,0x40,0x05,0x00,0xD8,0x00,0x02,0x80,0x00,0x00,0x04,0x05,0x84,0x00,0x00,0x02,0x04,0x00,0x00,
	0x03,0x82,0x00,0x03,0x00,0x00,0x01,0x00,0x00,0x13,0xA5,0xB4,0x30,0x00,0xB4,0x0C,0x00,0xB8,0x22,0x00,
	0xB5,0x62,0x07,0x9C,0xE3,0x02,0x13,0xDA,0x02,0x15,0x2E,0x06,0x8E,0x07,0x00,0x59,0x00,0x02,0x47,0x00,
	0x04,0x4F,0x00,0x00,0x31,0xA0,0x00,0x5B,0x80,0x00,0x23,0x02,0x00,0x98,0x35,0x00,0x0B,0x00,0x01,0x02,
	0x80,0x00,0x12,0x00,0x01,0x11,0x00,0x00,0x93,0x06,0x00,0xA0,0x28,0x00,0xA0,0x28,0x00,0xA0,0x04,0x00,
	0xA0,0x20,0x02,0x99,0x81,0x00,0x14,0xA8,0x00,0x1A,0x5E,0x04,0x08,0x00,0x06,0x00,0x00,0x02,0x02,0x00,
	0x06,0x02,0x00,0x04,0x02,0x00,0x00,0x18,0x00,0x00,0x22,0x20,0x00,0x1A,0x04,0x00,0x08,0x00,0x01,0x0C,
	0x80,0x00,0x02,0x00,0x01,0x00,0x94,0x16,0x00,0x00,0x00,0x08,0x00,0x00,0x08,0x00,0x00,0x04,0x00,0x00,
	0x20,0x02,0x01,0x80,0x07,0x01,0x48,0x04,0x01,0x00,0x04,0x03,0x00,0x04,0x03,0x00,0x00,0x01,0x00,0x06,
	0x01,0x00,0x00,0x01,0x00,0x00,0x01,0x00,0x00,0x01,0x00,0x00,0x01,0x00,0x00,0x03,0x00,0x01,0x08,0x80,
	0x00,0x04,0x00,0x01,0x0C,0x00,0x00,0x06,0x00,0x00,0x13,0x90,0x68,0x08,0x04,0x68,0x30,0x00,0x60,0x08,
	0x00,0x68,0x24,0x00,0x38,0x35,0x01,0x31,0xEC,0x00,0x39,0x18,0x00,0x0A,0x6A,0x00,0x14,0x03,0x06,0x3A,
	0x00,0x07,0x4B,0x00,0x05,0x0E,0x10,0x02,0x23,0x10,0x00,0x02,0x00,0x04,0xC2,0x06,0x00,0x1F,0x05,0x00,
	0x03,0x00,0x00,0x00,0x8E,0x0B,0x00,0x00,0x27,0x08,0x04,0x58,0x00,0x04,0x48,0x20,0x00,0x48,0x08,0x00,
	0x48,0x00,0x00,0x21,0x31,0x00,0x29,0x20,0x00,0x2B,0x28,0x00,0x1A,0x1E,0x02,0x17,0x00,0x02,0x01,0x00,
	0x00,0x03,0x00,0x06,0x02,0x00,0x06,0x20,0x00,0x00,0x00,0x85,0x00,0x06,0x00,0x0D,0x01,0x00,0x1D,0x00,
	0x00,0x10,0x00,0x00,0x22,0x00,0x00,0x2B,0x00,0x00,0x01,0x80,0x00,0x08,0x00,0x00,0x8F,0x01,0x30,0x00,
	0x01,0xA0,0x03,0x03,0x08,0x02,0x01,0x00,0x02,0x01,0x00,0x02,0x07,0x00,0x00,0x07,0x00,0x06,0x07,0x00,
	0x00,0x07,0x00,0x00,0x05,0x00,0x00,0x05,0x00,0x00,0x07,0x00,0x00,0x10,0x00,0x00,0x19,0x00,0x00,0x31,
	0x00,0x00,0x0B,0x00,0x00,0x13,0xA7,0xD0,0x00,0x04,0xF0,0x20,0x02,0xD0,0x10,0x00,0x49,0x0A,0x02,0x70,
	0x22,0x00,0x71,0x8B,0x01,0x61,0x26,0x01,0x18,0x1C,0x02,0x6B,0x08,0x00,0x03,0x00,0x02,0x12,0x80,0x01,
	0x0C,0x80,0x07,0x64,0x40,0x02,0x23,0x11,0x02,0x0C,0x21,0x00,0x1D,0x00,0x00,0x7D,0x40,0x04,0x05,0xC0,
	0x00,0x08,0x80,0x00,0x1C,0x10,0x00,0xA0,0x00,0x04,0x90,0x20,0x02,0x90,0x00,0x00,0x10,0x0A,0x02,0x41,
	0x02,0x00,0x40,0x03,0x00,0x52,0xE2,0x00,0x25,0x28,0x01,0x25,0x04,0x01,0x05,0x00,0x01,0x07,0x00,0x01,
	0x00,0x80,0x05,0x00,0x00,0x06,0x26,0x00,0x00,0x0E,0x21,0x00,0x0D,0x00,0x00,0x7F,0x40,0x04,0x30,0xC0,
	0x00,0x22,0x00,0x00,0x04,0x00,0x00,0x02,0x80,0x00,0x08,0x00,0x01,0x8D,0x02,0x60,0x01,0x02,0x08,0x00,
	0x06,0x00,0x00,0x02,0x00,0x00,0x0A,0x00,0x01,0x0A,0x00,0x04,0x0A,0x00,0x04,0x0C,0x00,0x00,0x0C,0x00,
	0x00,0x0C,0x00,0x00,0x61,0x40,0x04,0x22,0xC0,0x00,0x06,0x00,0x00,0x14,0x00,0x00,0x13,0xA7,0xE0,0x10,
	0x02,0x80,0x00,0x00,0xE1,0x20,0x02,0xB1,0x3A,0x00,0xC1,0x00,0x02,0xC2,0x30,0x00,0xD4,0xC0,0x00,0x40,
	0x6A,0x01,0x2F,0x00,0x05,0xBF,0x82,0x05,0xE5,0x00,0x04,0xB5,0x80,0x06,0x20,0x00,0x01,0x04,0x40,0x04,
	0xD8,0x1B,0x04,0x21,0x01,0x00,0xB2,0x00,0x00,0x0F,0x00,0x00,0xED,0x03,0x00,0x7B,0x04,0x04,0x40,0x10,
	0x02,0x60,0x00,0x00,0x20,0x20,0x02,0xA0,0x2A,0x00,0xB0,0x00,0x02,0x90,0x10,0x00,0x82,0x80,0x00,0x52,
	0xEA,0x01,0x16,0x38,0x01,0x22,0x00,0x01,0x0A,0x00,0x00,0x14,0x00,0x03,0x10,0x00,0x03,0x14,0x00,0x00,
	0x45,0x1B,0x00,0x31,0x01,0x00,0x8E,0x00,0x00,0x20,0x00,0x00,0x40,0x00,0x00,0x6B,0x04,0x00,0x02,0x80,
	0x00,0x08,0x00,0x00,0x87,0x00,0x10,0x00,0x00,0x80,0x00,0x00,0x28,0x01,0x04,0x00,0x01,0x0C,0x00,0x01,
	0x04,0x00,0x00,0x04,0x00,0x03,0x04,0x00,0x02,0x00,0x85,0x18,0x00,0x00,0x18,0x00,0x00,0x92,0x00,0x00,
	0x04,0x00,0x00,0x48,0x00,0x00,0x08,0x00,0x00,0x13,0xAA,0x01,0xC0,0x00,0x41,0x17,0x00,0x80,0x19,0x00,
	0xC2,0x10,0x00,0xA2,0x12,0x03,0xE3,0x12,0x00,0x24,0x31,0x00,0x08,0xC0,0x00,0x28,0xB8,0x00,0x6E,0xB4,
	0x02,0x56,0x00,0x02,0x48,0x80,0x02,0x08,0x90,0x07,0x43,0x00,0x06,0x53,0x04,0x02,0x2F,0x06,0x00,0xEC,
	0x00,0x02,0x03,0x40,0x00,0x48,0x54,0x00,0x05,0x00,0x00,0x80,0xCF,0x00,0x80,0x18,0x00,0x40,0x18,0x00,
	0x40,0x10,0x00,0x40,0x02,0x03,0x20,0x02,0x00,0x20,0x11,0x00,0x24,0xC0,0x00,0x6C,0x80,0x00,0x6C,0x88,
	0x00,0x5C,0x80,0x00,0x15,0x80,0x00,0x19,0x80,0x00,0x11,0x00,0x04,0x48,0x00,0x00,0x32,0x02,0x00,0xDC,
	0x00,0x02,0x48,0x40,0x00,0x50,0x00,0x00,0x75,0x00,0x00,0x00,0x0F,0x00,0x00,0x08,0x00,0x00,0x08,0x00,
	0x02,0x81,0x00,0x10,0x00,0x00,0xC0,0x00,0x00,0x80,0x08,0x00,0x00,0x00,0x82,0x10,0x80,0x00,0x18,0x00,
	0x00,0x18,0x00,0x04,0x00,0x82,0x10,0x00,0x00,0xD4,0x00,0x02,0x40,0x40,0x00,0x00,0x80,0x30,0x00,0x00,
	0x13,0xAB,0x82,0x00,0x00,0x82,0x06,0x00,0x02,0x21,0x00,0x80,0x0E,0x00,0x44,0x19,0x02,0x84,0x18,0x02,
	0xC3,0x12,0x02,0xE8,0x39,0x00,0x01,0x28,0x00,0xE8,0x80,0x01,0xF0,0xC6,0x01,0x4D,0x40,0x01,0x6C,0xC0,
	0x01,0x3E,0xA8,0x06,0xDC,0xD2,0x05,0x82,0x03,0x04,0x58,0x01,0x01,0xCA,0x00,0x00,0xD2,0x20,0x02,0x4A,
	0x05,0x00,0x00,0x01,0x00,0x00,0x06,0x00,0x80,0x2F,0x00,0x80,0x01,0x00,0x80,0x10,0x02,0x40,0x10,0x02,
	0x40,0x02,0x02,0xC0,0x19,0x00,0x88,0xA0,0x00,0x98,0x90,0x00,0x90,0x80,0x00,0x41,0x00,0x00,0x2A,0x40,
	0x01,0x22,0x80,0x03,0x32,0x40,0x00,0xB4,0x03,0x00,0x30,0x00,0x01,0x58,0x00,0x00,0x12,0x00,0x00,0x5A,
	0x05,0x00,0x00,0x01,0x00,0x00,0x06,0x00,0x00,0x07,0x00,0x00,0x01,0x00,0x02,0x8C,0x00,0x18,0x00,0x00,
	0xE0,0x00,0x00,0x80,0x00,0x18,0x80,0x00,0x08,0x00,0x00,0x00,0x00,0x01,0x00,0x00,0x03,0x10,0x00,0x00,
	0x20,0x00,0x00,0x20,0x00,0x01,0x08,0x00,0x00,0x10,0x00,0x00,0x40,0x00,0x00,0x13,0xA7,0xD4,0x37,0x00,
	0x04,0x32,0x00,0x04,0x0B,0x01,0x04,0x2E,0x01,0x80,0x09,0x00,0x00,0x0B,0x00,0x84,0x19,0x06,0xC7,0x13,
	0x04,0x80,0x6B,0x04,0x95,0x3D,0x00,0x84,0x4A,0x00,0x58,0x00,0x00,0xA9,0xC0,0x05,0x14,0x88,0x06,0x3D,
	0x41,0x06,0x9C,0x60,0x02,0xB0,0x80,0x00,0xC4,0x00,0x00,0x87,0x08,0x01,0xD4,0x02,0x00,0x20,0x31,0x00,
	0x00,0x31,0x00,0x00,0x08,0x01,0x00,0x2F,0x01,0x00,0x0E,0x00,0x80,0x08,0x00,0x80,0x10,0x06,0x80,0x02,
	0x04,0x40,0x1B,0x04,0x50,0x34,0x00,0x40,0x50,0x00,0xD0,0x40,0x00,0x15,0x80,0x04,0x24,0x00,0x00,0x34,
	0x40,0x04,0x80,0x00,0x00,0x30,0x80,0x00,0x10,0x00,0x00,0xA6,0x00,0x00,0x64,0x02,0x00,0x01,0x82,0x00,
	0x01,0x00,0x00,0x07,0x00,0x00,0x06,0x00,0x02,0x86,0x00,0x18,0x00,0x00,0x50,0x00,0x10,0x00,0x00,0x10,
	0x00,0x00,0x10,0x80,0x00,0x30,0x00,0x00,0x20,0x00,0x04,0x00,0x83,0x20,0x80,0x00,0x10,0x00,0x00,0x80,
	0x00,0x00,0x60,0x00,0x00,0x13,0xA9,0x28,0x08,0x02,0x08,0x22,0x04,0x68,0x1D,0x03,0x08,0x12,0x01,0x08,
	0x12,0x02,0x08,0x11,0x01,0x08,0x1C,0x06,0x88,0x03,0x02,0x80,0x09,0x02,0x96,0x42,0x02,0x78,0x8E,0x00,
	0x68,0xC1,0x00,0xFE,0x61,0x06,0x90,0xC0,0x05,0x7A,0x08,0x05,0xD0,0x19,0x01,0xA8,0x40,0x00,0x09,0x01,
	0x00,0xFD,0x00,0x00,0x6B,0x48,0x00,0xB8,0x08,0x02,0x60,0x00,0x04,0x40,0x18,0x03,0x00,0x11,0x01,0x00,
	0x11,0x02,0x00,0x17,0x01,0x00,0x1B,0x06,0x00,0x08,0x02,0x80,0x00,0x02,0x80,0x23,0x02,0x80,0x4D,0x00,
	0x30,0x40,0x00,0xB6,0x40,0x06,0x08,0xC0,0x00,0x28,0x00,0x02,0x68,0x01,0x04,0xA8,0x40,0x00,0xA0,0x01,
	0x00,0x3C,0x00,0x00,0x2B,0x48,0x00,0x10,0x0E,0x00,0xB0,0x00,0x00,0x02,0x81,0x00,0x06,0x00,0x00,0x02,
	0x00,0x01,0x89,0x00,0x20,0x00,0x00,0x40,0x00,0x00,0x40,0x00,0x20,0x40,0x00,0x00,0x80,0x00,0x20,0x00,
	0x02,0x20,0x00,0x04,0x08,0x40,0x00,0x80,0x01,0x00,0x20,0x00,0x00,0x14,0xA3,0x86,0x0A,0x04,0xA0,0x3E,
	0x02,0xB0,0x01,0x02,0x00,0x0E,0x04,0x80,0x0F,0x06,0x00,0x04,0x05,0x00,0x01,0x02,0x00,0x02,0x06,0x0F,
	0x07,0x00,0x00,0x15,0x04,0xAF,0x7B,0x06,0x80,0x2D,0x04,0x00,0xA0,0x02,0x10,0xA0,0x06,0x30,0x90,0x01,
	0x30,0x62,0x04,0x10,0x00,0x00,0xA1,0x01,0x00,0x68,0x00,0x02,0x74,0x00,0x00,0x08,0x0A,0x04,0x50,0x10,
	0x02,0x70,0x0E,0x02,0xA0,0x08,0x00,0x00,0x08,0x06,0x00,0x00,0x05,0x00,0x04,0x02,0x00,0x07,0x06,0x00,
	0x01,0x00,0x00,0x09,0x04,0x00,0x23,0x06,0xA0,0x03,0x04,0x20,0x20,0x02,0x20,0x60,0x06,0x00,0x00,0x01,
	0x30,0x22,0x02,0x00,0x87,0x80,0x02,0x00,0x68,0x00,0x00,0x44,0x00,0x00,0x30,0x08,0x04,0xA0,0x06,0x04,
	0x20,0x06,0x04,0x40,0x01,0x04,0x00,0x00,0x04,0x00,0x81,0x00,0x04,0x00,0x00,0x06,0x00,0x00,0x80,0x00,
	0x08,0x00,0x01,0x83,0x20,0x00,0x00,0x20,0x40,0x00,0x00,0x00,0x01,0x00,0x00,0x02,0x00,0x80,0x00,0x02,
	0x00,0x15,0xAD,0x29,0x0E,0x00,0x7F,0x1A,0x02,0x15,0x08,0x06,0xA1,0x19,0x00,0xB1,0x03,0x02,0x91,0x0A,
	0x07,0x11,0x08,0x06,0x11,0x0E,0x00,0x11,0x08,0x07,0x0F,0x20,0x01,0x00,0x3D,0x00,0x11,0x54,0x02,0x10,
	0x22,0x06,0xF1,0x21,0x00,0x10,0xE0,0x05,0x10,0xB7,0x07,0x70,0x00,0x04,0x70,0x01,0x00,0x02,0x00,0x00,
	0x78,0x14,0x00,0xB0,0x00,0x04,0x70,0x12,0x04,0x00,0x06,0x00,0xD0,0x12,0x00,0xC0,0x02,0x06,0x80,0x0A,
	0x05,0x00,0x09,0x06,0x00,0x0A,0x00,0x00,0x0C,0x07,0x00,0x00,0x01,0x00,0x38,0x00,0x00,0x2D,0x02,0xA0,
	0x00,0x06,0x31,0x00,0x00,0x10,0xA0,0x04,0x00,0x34,0x04,0x70,0x00,0x04,0x20,0x00,0x00,0x42,0x00,0x00,
	0x98,0x14,0x00,0xE0,0x00,0x00,0x30,0x00,0x00,0x00,0x00,0x02,0x60,0x07,0x02,0x40,0x02,0x02,0x00,0x03,
	0x06,0x00,0x81,0x00,0x02,0x00,0x00,0x04,0x00,0x00,0x80,0x00,0x38,0x00,0x02,0x80,0x00,0x80,0x00,0x00,
	0x82,0x10,0x00,0x04,0x20,0x00,0x00,0x40,0x00,0x00,0x14,0xA4,0x42,0x08,0x02,0x20,0x04,0x02,0x7A,0x03,
	0x02,0x32,0x1A,0x02,0xE2,0x17,0x03,0x40,0x03,0x06,0x82,0x01,0x05,0x80,0x02,0x00,0x02,0x08,0x01,0x10,
	0x06,0x00,0x00,0x0A,0x01,0x06,0x22,0x00,0x00,0x23,0x00,0x06,0x21,0x01,0x00,0x80,0x02,0x60,0x08,0x07,
	0x80,0x11,0x02,0x80,0x01,0x00,0x54,0x00,0x00,0x10,0x20,0x00,0x60,0x0A,0x00,0xC0,0x00,0x02,0x10,0x03,
	0x00,0x10,0x12,0x02,0xA0,0x10,0x01,0x80,0x02,0x02,0x00,0x03,0x05,0x00,0x01,0x00,0x00,0x0A,0x01,0x00,
	0x06,0x00,0x00,0x02,0x01,0x00,0x22,0x00,0x00,0x20,0x00,0x06,0x20,0x01,0x00,0x00,0x02,0x60,0x08,0x07,
	0x00,0x03,0x02,0x00,0x84,0x14,0x00,0x00,0x10,0x20,0x00,0x00,0x08,0x00,0x60,0x00,0x02,0x60,0x00,0x00,
	0x01,0x81,0x80,0x01,0x00,0x00,0x03,0x00,0x01,0x80,0x00,0x04,0x00,0x00,0x82,0x00,0x20,0x00,0x00,0x20,
	0x00,0x00,0x20,0x00,0x00,0x81,0x00,0x00,0x01,0x00,0x00,0x02,0x16,0x8B,0xC0,0x08,0x00,0x62,0x09,0x00,
	0x40,0x01,0x00,0xC0,0x00,0x00,0xA0,0x12,0x00,0x40,0x10,0x01,0x80,0x02,0x00,0x80,0x01,0x00,0x00,0x02,
	0x00,0x00,0x06,0x00,0x00,0x06,0x00,0x00,0x02,0x00,0x00,0x80,0x60,0x20,0x00,0x00,0x82,0x00,0x80,0x00,
	0x00,0x06,0x00,0x00,0x02,0x00,0x01,0x87,0x40,0x00,0x00,0x40,0x01,0x00,0x20,0x01,0x00,0x60,0x00,0x00,
	0xA0,0x12,0x00,0x00,0x00,0x01,0x00,0x03,0x00,0x00,0x03,0x00,0x01,0x80,0x00,0x04,0x00,0x01,0x80,0x00,
	0x20,0x00,0x08,0x80,0x40,0x00,0x00,0x01,0x80,0x00,0x01,0x00,0x02,0x80,0x00,0x04,0x00,0x01,0x80,0x00,
	0x20,0x00,0x19,0x88,0x80,0x00,0x00,0xC0,0x0C,0x02,0x60,0x08,0x00,0x40,0x00,0x00,0x40,0x10,0x00,0x80,
	0x0B,0x00,0x00,0x03,0x05,0x00,0x01,0x00,0x00,0x05,0x00,0x00,0x81,0x00,0x08,0x00,0x00,0x4C,0x00,0x00,
	0x8A,0x00,0x00,0x02,0x00,0x80,0x00,0x20,0x44,0x00,0x00,0x05,0x00,0x00,0x05,0x04,0x04,0x02,0x00,0x00,
	0x20,0x00,0xC0,0x00,0x00,0xC0,0x08,0x00,0x40,0x00,0x00,0x60,0x08,0x00,0x00,0x82,0x00,0x01,0x00,0x00,
	0x01,0x01,0x00,0x01,0x00,0x00,0x82,0x00,0x04,0x00,0x00,0x04,0x00,0x00,0x0C,0x00,0x00,0x80,0x00,0x00,
	0x02,0x01,0x85,0x00,0x04,0x00,0x00,0x07,0x04,0x04,0x00,0x00,0x00,0x20,0x00,0x40,0x00,0x00,0x80,0x08,
	0x00,0x00,0x80,0x20,0x08,0x00,0x01,0x80,0x00,0x01,0x00,0x01,0x82,0x00,0x04,0x00,0x00,0x04,0x00,0x00,
	0x08,0x00,0x04,0x80,0x00,0x04,0x04,0x15,0x84,0xC0,0x09,0x00,0xC2,0x09,0x00,0x82,0x0C,0x00,0xE0,0x08,
	0x00,0xA0,0x04,0x00,0x00,0x87,0x00,0x02,0x00,0x00,0x07,0x00,0x00,0x01,0x00,0x00,0x00,0x01,0x00,0x04,
	0x01,0x00,0x04,0x00,0x20,0x20,0x00,0x20,0x00,0x01,0x00,0x85,0x00,0x08,0x00,0x20,0x08,0x00,0x01,0x01,
	0x00,0x40,0x00,0x00,0x40,0x11,0x00,0x00,0x09,0x00,0x00,0x88,0x80,0x0C,0x00,0x20,0x00,0x00,0x00,0x04,
	0x00,0x00,0x01,0x00,0x00,0x01,0x00,0x00,0x01,0x00,0x00,0x04,0x00,0x00,0x04,0x01,0x00,0x04,0x01,0x00,
	0x81,0x00,0x20,0x00,0x40,0x00,0x01,0x02,0x80,0x00,0x04,0x00,0x00,0x80,0x00,0x11,0x00,0x01,0x80,0x00,
	0x08,0x00,0x00,0x82,0x00,0x04,0x00,0x00,0x01,0x00,0x00,0x01,0x00,0x00,0x80,0x00,0x04,0x00,0x02,0x80,
	0x00,0x20,0x00,0x1A,0x92,0x40,0x01,0x02,0x00,0x0A,0x00,0x80,0x02,0x00,0x20,0x00,0x00,0xC0,0x1C,0x00,
	0x02,0x19,0x00,0x00,0x01,0x02,0x00,0x05,0x04,0x00,0x04,0x00,0x00,0x04,0x00,0x00,0x04,0x00,0x18,0x98,
	0x00,0x40,0x80,0x00,0x48,0x80,0x00,0x00,0x20,0x00,0x40,0x00,0x00,0xE0,0x38,0x00,0x00,0x06,0x00,0x00,
	0x0B,0x00,0x00,0x82,0x40,0x00,0x02,0x40,0x0A,0x00,0x40,0x02,0x00,0x00,0x84,0xC0,0x00,0x00,0x00,0x14,
	0x00,0x00,0x07,0x02,0x00,0x06,0x04,0x00,0x04,0x00,0x01,0x80,0x00,0x18,0x00,0x00,0x85,0x08,0x00,0x00,
	0x40,0x20,0x00,0x40,0x00,0x00,0x60,0x18,0x00,0x00,0x08,0x00,0x00,0x07,0x00,0x00,0x81,0x00,0x00,0x02,
	0x40,0x00,0x00,0x01,0x83,0x80,0x00,0x00,0x00,0x14,0x00,0x00,0x04,0x00,0x00,0x04,0x00,0x02,0x80,0x00,
	0x08,0x00,0x03,0x82,0x20,0x00,0x00,0x00,0x08,0x00,0x00,0x07,0x00,0x14,0x87,0x80,0x0C,0x00,0xC0,0x00,
	0x00,0x00,0x08,0x02,0x00,0x08,0x00,0x40,0x14,0x00,0xC0,0x17,0x00,0x00,0x16,0x04,0x00,0x04,0x00,0x00,
	0x92,0x00,0x40,0x04,0x00,0xC8,0x00,0x40,0x28,0x00,0x40,0x00,0x00,0x10,0x60,0x00,0x80,0x00,0x00,0xC0,
	0x80,0x00,0x40,0x06,0x00,0x00,0x08,0x00,0x82,0x0E,0x00,0x11,0x44,0x00,0x00,0x01,0x00,0xC0,0x00,0x00,
	0xC0,0x00,0x02,0xC0,0x08,0x00,0x80,0x1C,0x00,0x80,0x11,0x00,0x00,0x02,0x04,0x00,0x06,0x00,0x00,0x84,
	0x00,0x00,0x04,0x00,0x08,0x00,0x00,0x20,0x00,0x40,0x00,0x00,0x10,0x60,0x00,0x02,0x83,0x00,0x08,0x00,
	0x82,0x08,0x00,0x11,0x44,0x00,0x00,0x01,0x00,0x00,0x80,0xC0,0x00,0x00,0x00,0x83,0x00,0x08,0x00,0x80,
	0x10,0x00,0x00,0x02,0x04,0x00,0x04,0x00,0x01,0x81,0x00,0x08,0x00,0x00,0x20,0x00,0x00,0x80,0x00,0x60,
	0x00,0x03,0x80,0x00,0x08,0x00,0x14,0x8D,0x00,0x10,0x00,0x80,0x1B,0x00,0xC0,0x09,0x00,0xC0,0x10,0x00,
	0x00,0x18,0x00,0x00,0x06,0x00,0x40,0x80,0x02,0x00,0x02,0x00,0x00,0x08,0x01,0x00,0x80,0x00,0x00,0x08,
	0x00,0x00,0x08,0x02,0x00,0x00,0x02,0x80,0x00,0x00,0x00,0x8A,0x80,0x00,0x00,0x01,0x26,0x04,0x00,0x37,
	0x00,0x00,0x96,0x01,0x80,0x04,0x00,0x80,0x01,0x00,0x00,0x03,0x00,0xC0,0x09,0x00,0x40,0x00,0x00,0x40,
	0x18,0x00,0x00,0x06,0x00,0x02,0x80,0x00,0x08,0x00,0x00,0x81,0x00,0x08,0x02,0x00,0x00,0x02,0x01,0x84,
	0x80,0x00,0x00,0x01,0x20,0x00,0x00,0x30,0x00,0x00,0x0E,0x00,0x80,0x08,0x00,0x00,0x80,0x00,0x01,0x00,
	0x00,0x81,0xC0,0x00,0x00,0x40,0x00,0x00,0x03,0x80,0x00,0x08,0x00,0x05,0x81,0x01,0x00,0x00,0x00,0x30,
	0x00,0x15,0x98,0x80,0x02,0x00,0x02,0x13,0x00,0x00,0x15,0x00,0xC0,0x0A,0x00,0xC0,0x02,0x00,0x00,0x38,
	0x00,0x40,0x28,0x04,0x40,0x80,0x00,0x40,0x8C,0x02,0x40,0x18,0x00,0x41,0x08,0x02,0x40,0x30,0x00,0x80,
	0x20,0x01,0xC0,0x00,0x05,0x00,0x00,0x05,0x05,0x21,0x02,0xA0,0x4D,0x00,0x44,0xC0,0x00,0x40,0x48,0x00,
	0x00,0x32,0x00,0x80,0x12,0x00,0x80,0x10,0x00,0x00,0x04,0x00,0x40,0x0A,0x00,0x40,0x10,0x00,0x00,0x80,
	0x40,0x00,0x00,0x00,0x80,0x00,0x08,0x00,0x00,0x81,0x00,0x08,0x02,0x40,0x20,0x00,0x00,0x88,0x80,0x00,
	0x04,0x00,0x00,0x04,0x00,0x20,0x02,0xA0,0x00,0x00,0x40,0xC0,0x00,0x40,0x10,0x00,0x00,0x1A,0x00,0x80,
	0x10,0x00,0x00,0x10,0x00,0x01,0x80,0x00,0x10,0x00,0x02,0x80,0x00,0x08,0x00,0x01,0x80,0x00,0x20,0x00,
	0x03,0x83,0x20,0x00,0x00,0x00,0xC0,0x00,0x40,0x10,0x00,0x00,0x18,0x00,0x13,0x83,0x02,0x13,0x00,0x00,
	0x08,0x00,0x80,0x02,0x00,0x84,0x17,0x00,0x00,0x87,0x00,0x38,0x00,0x00,0x94,0x02,0x40,0x08,0x01,0x40,
	0x08,0x00,0x00,0x48,0x02,0x42,0x08,0x00,0x00,0x08,0x00,0x00,0x20,0x00,0x00,0x80,0x80,0x00,0x00,0x00,
	0x8E,0x00,0x01,0x00,0x00,0x34,0x01,0x00,0x29,0x00,0x08,0x38,0x04,0x00,0x12,0x00,0x80,0x11,0x00,0x80,
	0x13,0x00,0x00,0x16,0x00,0x00,0x11,0x00,0x00,0x08,0x00,0x00,0x08,0x02,0x40,0x0C,0x00,0x40,0x00,0x00,
	0x00,0x08,0x02,0x40,0x00,0x00,0x00,0x80,0x00,0x20,0x00,0x00,0x80,0x80,0x00,0x00,0x00,0x87,0x00,0x01,
	0x00,0x00,0x00,0x01,0x00,0x09,0x00,0x08,0x3C,0x00,0x00,0x02,0x00,0x80,0x00,0x00,0x00,0x11,0x00,0x00,
	0x11,0x00,0x00,0x82,0x00,0x08,0x00,0x00,0x08,0x02,0x00,0x04,0x00,0x08,0x80,0x00,0x00,0x01,0x00,0x80,
	0x00,0x24,0x00,0x13,0x9B,0x00,0x1A,0x00,0x00,0x10,0x00,0x00,0x1F,0x00,0x08,0x14,0x00,0x00,0x01,0x00,
	0x00,0x22,0x00,0x00,0x08,0x00,0x80,0x84,0x01,0x00,0x90,0x00,0x40,0x08,0x00,0x00,0x20,0x00,0x00,0x10,
	0x00,0x80,0x10,0x00,0x80,0x00,0x00,0x40,0x00,0x01,0x00,0x80,0x00,0x0A,0xD0,0x00,0x00,0x5A,0x00,0x00,
	0x08,0x00,0x00,0x52,0x00,0x00,0x01,0x00,0x00,0x02,0x00,0x80,0x1D,0x00,0x80,0x05,0x00,0x80,0x20,0x00,
	0x00,0x08,0x00,0x80,0x0C,0x00,0x00,0x04,0x00,0x00,0x80,0x40,0x00,0x00,0x00,0x81,0x00,0x10,0x00,0x80,
	0x00,0x00,0x02,0x86,0x0A,0x40,0x00,0x00,0x10,0x00,0x00,0x10,0x00,0x00,0x20,0x00,0x00,0x02,0x00,0x00,
	0x02,0x00,0x80,0x00,0x00,0x00,0x80,0x00,0x21,0x00,0x00,0x80,0x00,0x04,0x00,0x03,0x80,0x00,0x10,0x00,
	0x03,0x80,0x0A,0x00,0x00,0x00,0x80,0x00,0x10,0x00,0x00,0x80,0x00,0x02,0x00,0x12,0x9F,0x00,0x20,0x02,
	0x00,0x12,0x02,0x00,0x2A,0x02,0x8E,0x21,0x00,0x02,0x02,0x02,0x42,0x63,0x00,0x82,0x77,0x04,0x80,0x18,
	0x04,0xC2,0x08,0x01,0x80,0x80,0x00,0x82,0x40,0x00,0x80,0x00,0x00,0x00,0x10,0x00,0x40,0x00,0x00,0x80,
	0x00,0x03,0x02,0x90,0x00,0x04,0x01,0x00,0xD0,0xF1,0x00,0xE0,0x28,0x00,0x01,0x56,0x00,0x00,0x24,0x02,
	0x00,0x27,0x00,0x00,0x0A,0x02,0x80,0x02,0x00,0x80,0x21,0x00,0x40,0x21,0x00,0x00,0x06,0x02,0x80,0x08,
	0x04,0x00,0x08,0x00,0x00,0x10,0x00,0x00,0x10,0x00,0x00,0x10,0x00,0x00,0x81,0x40,0x00,0x00,0x00,0x00,
	0x02,0x00,0x8A,0x04,0x01,0x00,0x40,0x61,0x00,0x20,0x38,0x00,0x01,0x06,0x00,0x00,0x20,0x02,0x00,0x20,
	0x00,0x00,0x02,0x00,0x80,0x00,0x00,0x80,0x01,0x00,0x00,0x22,0x00,0x00,0x02,0x02,0x01,0x82,0x00,0x10,
	0x00,0x00,0x10,0x00,0x00,0x10,0x00,0x03,0x80,0x04,0x00,0x00,0x00,0x81,0x00,0x30,0x00,0x00,0x02,0x00,
	0x03,0x80,0x00,0x01,0x00,0x0E,0xAF,0x00,0x17,0x00,0x02,0x04,0x00,0x00,0x34,0x00,0x04,0x38,0x00,0x40,
	0x42,0x00,0x00,0x51,0x00,0x00,0x41,0x04,0x80,0x14,0x00,0x40,0x00,0x01,0x80,0x10,0x04,0x82,0x00,0x04,
	0xC0,0x20,0x04,0xE0,0x00,0x04,0x80,0x21,0x00,0x81,0x11,0x01,0x18,0xA1,0x00,0x10,0x00,0x00,0x42,0x81,
	0x02,0x00,0x68,0x00,0x80,0x09,0x00,0x00,0x21,0x00,0x00,0x27,0x00,0x00,0x13,0x00,0x00,0x2B,0x00,0x40,
	0x01,0x00,0x00,0x40,0x00,0x00,0x50,0x02,0x00,0x04,0x00,0x80,0x10,0x00,0x80,0x10,0x00,0x80,0x10,0x04,
	0x80,0x10,0x04,0x00,0x00,0x04,0x00,0x20,0x00,0x81,0x00,0x00,0x00,0x20,0x00,0x10,0x00,0x00,0x40,0x80,
	0x02,0x00,0x50,0x00,0x00,0x3A,0x00,0x00,0x07,0x00,0x00,0x07,0x00,0x00,0x20,0x00,0x00,0x22,0x00,0x00,
	0x03,0x00,0x00,0x50,0x00,0x00,0x50,0x02,0x00,0x10,0x00,0x04,0x81,0x00,0x20,0x00,0x80,0x00,0x00,0x00,
	0x82,0x10,0x00,0x00,0x00,0x00,0x02,0x00,0x40,0x00,0x00,0x81,0x00,0x02,0x00,0x00,0x02,0x00,0x01,0x80,
	0x00,0x01,0x00,0x0E,0x98,0x40,0x0A,0x00,0x40,0x3A,0x02,0x02,0x5D,0x00,0x40,0x37,0x00,0x00,0x02,0x02,
	0x00,0xEA,0x00,0x00,0x9C,0x06,0x00,0x95,0x00,0x40,0x09,0x00,0xD1,0x30,0x00,0xC0,0x00,0x00,0x80,0x00,
	0x00,0x01,0x00,0x00,0x80,0x20,0x00,0x80,0x21,0x00,0xE0,0x21,0x00,0x00,0x00,0x02,0x00,0x01,0x01,0x00,
	0x65,0x01,0xC5,0x69,0x00,0x40,0x4C,0x00,0x40,0x5C,0x00,0x00,0x1D,0x00,0x40,0x06,0x00,0x00,0x43,0x00,
	0x00,0x82,0x00,0x15,0x04,0x00,0x08,0x00,0x00,0x08,0x00,0x00,0x81,0x00,0x20,0x00,0x00,0x20,0x00,0x01,
	0x81,0x80,0x21,0x00,0x00,0x20,0x00,0x01,0x84,0x00,0xA1,0x01,0xC5,0x09,0x00,0x00,0x44,0x00,0x00,0x42,
	0x00,0x00,0x05,0x00,0x00,0x80,0x00,0x40,0x00,0x01,0x84,0x00,0x08,0x00,0x00,0x10,0x00,0x00,0x10,0x00,
	0x00,0x20,0x00,0x00,0x20,0x00,0x01,0x80,0x80,0x00,0x00,0x02,0x83,0x00,0x80,0x01,0x80,0x01,0x00,0x00,
	0x04,0x00,0x00,0x02,0x00,0x11,0x9C,0x08,0x04,0x02,0x00,0x3A,0x00,0x50,0x4C,0x02,0x00,0x11,0x00,0x00,
	0x01,0x00,0x10,0x65,0x00,0x10,0xC1,0x03,0x50,0x25,0x00,0x10,0x28,0x06,0x00,0x29,0x02,0x00,0x91,0x00,
	0x00,0x41,0x00,0x10,0x01,0x00,0x40,0x61,0x00,0xA4,0x40,0x00,0x00,0xC0,0x00,0x80,0x60,0x00,0x88,0x00,
	0x00,0x04,0xC0,0x03,0xC0,0xE8,0x00,0x00,0x4C,0x02,0x00,0x54,0x00,0x40,0x00,0x02,0x00,0x55,0x00,0x00,
	0x05,0x00,0x00,0x65,0x00,0x00,0xE1,0x02,0x00,0x2C,0x00,0x00,0x39,0x00,0x00,0x81,0x00,0x20,0x00,0x00,
	0x20,0x00,0x00,0x90,0x40,0x61,0x00,0x24,0x41,0x00,0x00,0x81,0x00,0x00,0x60,0x00,0x80,0x00,0x00,0x00,
	0xC1,0x02,0x00,0x71,0x00,0x00,0x0C,0x02,0x00,0x04,0x00,0x00,0x40,0x00,0x00,0x45,0x00,0x00,0x01,0x00,
	0x00,0x01,0x00,0x00,0xE1,0x00,0x00,0x25,0x00,0x00,0x28,0x00,0x00,0x20,0x00,0x02,0x82,0x00,0x40,0x00,
	0x00,0x41,0x00,0x00,0x80,0x00,0x01,0x83,0x00,0x01,0x02,0x00,0x40,0x00,0x00,0x04,0x00,0x00,0x04,0x00,
	0x11,0x8C,0x50,0x20,0x02,0x18,0x40,0x02,0x08,0x76,0x02,0x12,0x65,0x02,0x50,0x93,0x01,0x40,0x87,0x00,
	0x40,0x66,0x05,0x20,0x2E,0x00,0x20,0x2D,0x04,0xA0,0x31,0x01,0x8C,0x28,0x00,0x80,0xA0,0x00,0xA6,0x81,
	0x01,0x00,0x99,0x12,0x21,0x00,0x00,0x02,0x04,0x00,0x01,0x01,0x00,0x01,0x00,0x01,0x02,0x07,0xD2,0x15,
	0x00,0x00,0x0C,0x00,0x00,0x08,0x02,0x00,0x36,0x00,0x00,0x01,0x00,0x00,0x15,0x00,0x00,0x81,0x01,0x00,
	0x06,0x01,0x00,0x20,0x00,0x00,0x21,0x00,0x80,0x08,0x00,0x80,0x11,0x00,0x80,0x01,0x00,0x80,0x00,0x00,
	0x00,0x01,0x00,0x12,0x20,0x00,0x00,0x01,0x00,0x00,0x01,0x01,0x00,0x01,0x00,0x00,0x00,0x05,0xD2,0xC1,
	0x03,0x00,0x80,0x00,0x08,0x00,0x00,0x83,0x00,0x01,0x00,0x00,0x05,0x00,0x00,0x81,0x01,0x00,0x02,0x01,
	0x00,0x88,0x00,0x01,0x00,0x80,0x11,0x00,0x80,0x00,0x00,0x80,0x00,0x00,0x80,0x01,0x00,0x00,0x01,0x00,
	0x00,0x01,0x00,0x00,0x01,0x00,0x00,0x00,0x01,0x00,0x81,0x00,0x00,0x04,0x40,0x80,0x03,0x13,0x00,0x9B,
	0x41,0x2D,0x02,0x40,0x98,0x01,0x40,0x6C,0x00,0x00,0x14,0x01,0x00,0x00,0x01,0x20,0xA4,0x02,0x80,0xA4,
	0x01,0x80,0x2E,0x01,0x00,0x15,0x04,0x20,0x08,0x02,0x20,0x10,0x00,0x08,0x60,0x00,0xC0,0x80,0x01,0x48,
	0x81,0x00,0x80,0x42,0x01,0x01,0x80,0x01,0x00,0x60,0x06,0x54,0x00,0x00,0xA0,0x03,0x07,0x00,0x00,0x02,
	0x00,0xAD,0x00,0x00,0x0C,0x00,0x00,0x4C,0x01,0x00,0x04,0x01,0x00,0x84,0x00,0x00,0xA6,0x00,0x80,0x06,
	0x04,0x80,0x00,0x00,0x00,0x81,0x00,0x19,0x02,0x00,0x09,0x00,0x00,0x86,0x80,0x00,0x00,0x48,0x00,0x00,
	0x00,0x42,0x00,0x00,0x03,0x00,0x40,0x60,0x06,0x00,0x01,0x00,0x20,0x00,0x04,0x00,0x87,0x00,0x85,0x00,
	0x00,0x0C,0x00,0x00,0x00,0x01,0x00,0x00,0x01,0x00,0x04,0x00,0x00,0x80,0x00,0x80,0x00,0x04,0x80,0x0C,
	0x00,0x00,0x81,0x00,0x09,0x00,0x00,0x01,0x00,0x00,0x80,0x80,0x00,0x00,0x00,0x84,0x00,0x41,0x00,0x00,
	0x01,0x00,0x40,0x00,0x06,0x00,0x01,0x00,0x00,0x00,0x04,0x00,0x81,0x00,0x04,0x00,0x00,0x04,0x00,0x10,
	0xAF,0x81,0x0B,0x01,0x81,0x26,0x00,0xA0,0x89,0x00,0xA1,0x80,0x00,0xA1,0xA1,0x00,0xA1,0x03,0x01,0xA1,
	0x05,0x00,0x21,0xA5,0x01,0x21,0x0B,0x04,0x21,0x0E,0x03,0x20,0x94,0x01,0x21,0x9C,0x03,0x20,0x0B,0x03,
	0x30,0x63,0x00,0xC0,0x40,0x00,0x80,0x21,0x04,0x82,0xC2,0x04,0x17,0xE2,0x05,0x02,0x21,0x04,0x10,0x80,
	0x03,0xA0,0x09,0x00,0xA0,0x28,0x01,0x80,0x81,0x01,0x80,0x00,0x01,0x80,0x20,0x01,0x80,0x00,0x00,0xA0,
	0x40,0x01,0x20,0x86,0x02,0x20,0x06,0x04,0x20,0x08,0x00,0x20,0x80,0x01,0x20,0x88,0x03,0x20,0x00,0x03,
	0x20,0x00,0x00,0x40,0x00,0x00,0x80,0x22,0x00,0x00,0x83,0x00,0x17,0x81,0x00,0x40,0x21,0x04,0x50,0x80,
	0x03,0x80,0x01,0x00,0x80,0x08,0x01,0x80,0x81,0x01,0x80,0x00,0x00,0x80,0x00,0x00,0x80,0x00,0x00,0x80,
	0x40,0x01,0x00,0x02,0x02,0x00,0x82,0x00,0x04,0x00,0x00,0x08,0x00,0x00,0x08,0x00,0x03,0x83,0x00,0x83,
	0x00,0x17,0x00,0x00,0x40,0x00,0x04,0x40,0x00,0x00,0x00,0x80,0x00,0x08,0x00,0x11,0xA8,0x2D,0x01,0x01,
	0x2C,0x08,0x00,0x0C,0x10,0x00,0x0D,0x8D,0x01,0x0B,0xD4,0x05,0xC8,0x18,0x05,0x68,0xC6,0x01,0x78,0x92,
	0x07,0x78,0x86,0x03,0x78,0x40,0x04,0xE8,0x02,0x06,0xE2,0x06,0x00,0x60,0x80,0x00,0x78,0x00,0x03,0x60,
	0x00,0x00,0x80,0xC0,0x01,0x8C,0xC2,0x04,0x48,0x82,0x06,0x28,0x71,0x04,0x80,0x01,0x00,0x00,0x08,0x00,
	0x00,0x00,0x01,0x20,0x00,0x01,0x20,0x90,0x00,0x20,0x04,0x00,0x60,0x10,0x00,0x40,0x04,0x05,0x40,0x86,
	0x04,0x40,0x82,0x03,0x40,0x42,0x04,0x40,0x08,0x06,0x40,0x04,0x00,0x40,0x84,0x00,0x40,0x00,0x03,0x20,
	0x00,0x00,0x00,0x00,0x01,0x80,0x47,0x00,0x48,0x04,0x05,0x80,0x41,0x00,0x00,0x01,0x00,0x00,0x08,0x01,
	0x01,0x80,0x00,0x80,0x00,0x00,0x88,0x40,0x00,0x00,0x40,0x84,0x00,0x40,0x04,0x04,0x40,0x06,0x00,0x40,
	0x00,0x00,0x40,0x04,0x00,0x40,0x0C,0x00,0x40,0x00,0x00,0x40,0x00,0x00,0x01,0x81,0x00,0x42,0x00,0x48,
	0x02,0x01,0x15,0xAF,0x50,0xC8,0x01,0x50,0x89,0x05,0x50,0x11,0x00,0x50,0x68,0x04,0xD0,0xC2,0x04,0x10,
	0x74,0x05,0x90,0xC6,0x02,0x80,0x88,0x01,0x90,0x42,0x02,0x90,0x46,0x02,0x00,0xC2,0x03,0x14,0x4C,0x04,
	0x90,0x4E,0x04,0x91,0xA3,0x06,0x60,0xA0,0x05,0x4B,0xA0,0x00,0xB0,0x66,0x04,0x60,0x85,0x00,0x44,0xC5,
	0x07,0x80,0x31,0x00,0x40,0x40,0x00,0x40,0x00,0x00,0x40,0x90,0x04,0x40,0x88,0x04,0x40,0x00,0x00,0x00,
	0x60,0x05,0x00,0x42,0x00,0x00,0x86,0x07,0x10,0x46,0x02,0x10,0x40,0x02,0x10,0xC0,0x03,0x00,0x42,0x04,
	0x00,0x40,0x04,0x10,0x82,0x06,0x40,0xA0,0x05,0x4B,0x80,0x00,0x40,0x06,0x04,0x20,0x80,0x00,0x80,0x82,
	0x05,0x00,0x20,0x00,0x40,0x00,0x00,0x40,0x00,0x00,0x40,0x00,0x00,0x40,0x08,0x00,0x40,0x80,0x04,0x00,
	0x00,0x04,0x00,0x02,0x04,0x00,0x82,0x03,0x00,0x83,0x00,0x06,0x00,0x00,0x06,0x00,0x00,0x04,0x00,0x00,
	0x02,0x00,0x00,0x80,0x40,0x00,0x00,0x01,0x82,0x20,0x80,0x00,0x80,0x00,0x00,0x80,0x00,0x00,0x05,0x81,
	0x00,0x02,0x00,0x00,0x02,0x00,0x0B,0xBB,0xA6,0x80,0x00,0x86,0x58,0x04,0x86,0x08,0x00,0x86,0x90,0x06,
	0x26,0xEC,0x02,0x64,0x86,0x05,0x64,0x0C,0x06,0x24,0xC3,0x01,0x3C,0x25,0x00,0x7C,0xC6,0x05,0x7C,0x44,
	0x04,0x64,0x04,0x00,0x20,0x06,0x00,0x36,0x40,0x02,0x30,0x20,0x00,0x04,0x40,0x04,0x00,0x86,0x00,0x81,
	0x48,0x02,0xCB,0x8E,0x03,0x41,0x71,0x02,0x30,0x00,0x00,0x10,0x80,0x04,0x10,0x08,0x00,0x10,0x00,0x00,
	0x30,0x48,0x04,0x30,0x06,0x06,0x30,0x04,0x00,0x30,0xC3,0x02,0x20,0x01,0x04,0x20,0xC2,0x01,0x20,0x42,
	0x00,0x30,0x06,0x00,0x30,0x06,0x00,0x20,0x40,0x02,0x30,0x00,0x00,0x04,0x60,0x04,0x00,0xA0,0x00,0x80,
	0xC6,0x02,0xCB,0x04,0x00,0x00,0x40,0x02,0x20,0x80,0x04,0x00,0x08,0x04,0x00,0x00,0x04,0x00,0x00,0x04,
	0x20,0x00,0x00,0x20,0x06,0x00,0x20,0x00,0x06,0x20,0x42,0x04,0x20,0x00,0x00,0x20,0x00,0x00,0x20,0x00,
	0x00,0x20,0x02,0x00,0x20,0x00,0x00,0x20,0x00,0x00,0x20,0x00,0x00,0x00,0x20,0x00,0x00,0x20,0x00,0x00,
	0x42,0x00,0xCB,0x00,0x02,0x00,0x11,0x00,0x00,0x80,0x00,0x08,0x00,0x02,0x80,0x00,0x02,0x00,0x00,0x80,
	0x00,0x02,0x00,0x0B,0x9E,0x01,0xD8,0x00,0x21,0x48,0x00,0x20,0xAC,0x00,0x20,0x3C,0x00,0x40,0x02,0x02,
	0x01,0x32,0x00,0x08,0x01,0x01,0x48,0x87,0x01,0xC8,0x13,0x05,0x08,0x03,0x02,0x08,0x61,0x05,0x08,0xA0,
	0x01,0x48,0x20,0x04,0x48,0x22,0x04,0xD4,0x63,0x06,0x20,0x20,0x03,0x60,0x20,0x02,0x66,0x66,0x04,0x24,
	0x92,0x01,0x2E,0xE6,0x03,0x08,0x48,0x06,0x28,0x08,0x02,0x28,0x28,0x00,0x28,0x1C,0x00,0x08,0x02,0x02,
	0x08,0x02,0x00,0x00,0x01,0x03,0x00,0x40,0x01,0x88,0x80,0x05,0x08,0x03,0x00,0x08,0x41,0x01,0x00,0x87,
	0x00,0x01,0x00,0x00,0x22,0x00,0x00,0x60,0x02,0x00,0x20,0x03,0x20,0x00,0x02,0x40,0x02,0x00,0x24,0x88,
	0x01,0x00,0xB0,0x05,0x00,0x84,0x20,0x08,0x00,0x20,0x00,0x02,0x20,0x0C,0x02,0x00,0x02,0x02,0x00,0x02,
	0x02,0x00,0x85,0x00,0x00,0x01,0x00,0x02,0x04,0x00,0x02,0x00,0x00,0x02,0x00,0x00,0x02,0x00,0x00,0x02,
	0x00,0x00,0x80,0x00,0x20,0x00,0x02,0x81,0x24,0x80,0x01,0x00,0x30,0x04,0x02,0x82,0x00,0x04,0x00,0x00,
	0x02,0x00,0x00,0x02,0x00,0x0D,0xB7,0x5E,0x20,0x00,0x5E,0x1C,0x01,0x5F,0x18,0x01,0x5F,0x08,0x06,0x1B,
	0x4C,0x05,0x7B,0x14,0x05,0x72,0x19,0x03,0x72,0xC1,0x05,0xDE,0x69,0x05,0x3E,0xA1,0x07,0x7E,0xC1,0x06,
	0x32,0x83,0x03,0x31,0x83,0x02,0x30,0x23,0x02,0x13,0x21,0x02,0x38,0x00,0x01,0x15,0x62,0x00,0xC8,0xE9,
	0x03,0x30,0xE0,0x00,0x10,0xC8,0x07,0x10,0x20,0x00,0x10,0x0C,0x00,0x10,0x00,0x02,0x10,0x00,0x07,0x10,
	0x04,0x01,0x50,0x10,0x05,0x58,0x1A,0x05,0x58,0x03,0x06,0xD0,0xA1,0x05,0x10,0x02,0x00,0x50,0xC2,0x00,
	0x18,0x01,0x00,0x18,0x03,0x00,0x18,0x00,0x00,0x18,0x01,0x00,0x28,0x00,0x01,0x15,0x40,0x00,0x00,0xC1,
	0x01,0x10,0x44,0x01,0x00,0x58,0x06,0x10,0x00,0x02,0x10,0x00,0x02,0x10,0x00,0x00,0x10,0x00,0x00,0x10,
	0x04,0x04,0x10,0x00,0x04,0x10,0x02,0x02,0x10,0x01,0x01,0x10,0xC1,0x00,0x10,0x00,0x00,0x10,0x00,0x00,
	0x10,0x00,0x00,0x10,0x01,0x00,0x10,0x00,0x00,0x10,0x00,0x00,0x20,0x00,0x00,0x01,0x81,0x10,0x40,0x00,
	0x00,0x40,0x02,0x05,0x82,0x00,0x02,0x00,0x00,0x01,0x01,0x00,0x01,0x00,0x02,0x80,0x00,0x01,0x00,0x06,
	0xAD,0x21,0x1C,0x00,0x21,0x00,0x00,0x21,0x18,0x05,0x21,0x2C,0x06,0x25,0xB6,0x05,0x44,0xC1,0x03,0x40,
	0xA2,0x05,0x40,0x83,0x05,0x6C,0xA5,0x03,0x84,0x21,0x07,0xCC,0x40,0x05,0x80,0xA1,0x05,0x84,0xE0,0x05,
	0x84,0x41,0x01,0xE4,0x23,0x00,0x58,0x10,0x06,0x2A,0xA2,0x07,0xB0,0x21,0x05,0xD1,0xC2,0x05,0xE7,0x87,
	0x04,0x04,0x04,0x00,0x04,0x00,0x00,0x04,0x04,0x05,0x04,0x20,0x00,0x04,0x14,0x04,0x44,0x41,0x06,0x44,
	0x22,0x01,0x44,0x82,0x03,0x4C,0x60,0x03,0x84,0x20,0x02,0xCC,0x41,0x04,0x84,0x21,0x00,0x80,0x20,0x00,
	0x80,0x01,0x00,0x00,0x20,0x00,0x10,0x00,0x00,0x0A,0xA2,0x01,0x20,0x20,0x00,0x00,0x8A,0x00,0xE7,0x89,
	0x03,0x00,0x00,0x05,0x00,0x00,0x05,0x00,0x0C,0x05,0x00,0x00,0x05,0x00,0x04,0x01,0x00,0x00,0x01,0x00,
	0x83,0x00,0x02,0x03,0x08,0x00,0x02,0x00,0x00,0x04,0x08,0x00,0x04,0x00,0x80,0x00,0x01,0x00,0x01,0x80,
	0x10,0x00,0x00,0x00,0x80,0x00,0x20,0x00,0x00,0x80,0xE7,0x89,0x01,0x01,0x80,0x00,0x04,0x00,0x03,0x80,
	0x00,0x00,0x01,0x01,0x80,0x00,0x00,0x04,0x00,0x80,0x00,0x01,0x00,0x06,0xB7,0x18,0x54,0x02,0x08,0x4E,
	0x01,0x08,0x84,0x06,0x0A,0x28,0x03,0x0A,0x3C,0x03,0x0B,0xE0,0x01,0x3F,0xA8,0x03,0x3F,0x08,0x01,0x37,
	0x07,0x00,0x2F,0x3A,0x02,0x17,0xA1,0x02,0x1F,0x80,0x00,0x19,0xA0,0x03,0x98,0x21,0x02,0x98,0x01,0x01,
	0xAB,0x01,0x01,0x18,0x91,0x01,0xA8,0x83,0x06,0x6E,0x63,0x03,0x18,0xA0,0x03,0x0A,0xF4,0x07,0x0A,0x82,
	0x07,0x0A,0x84,0x00,0x08,0x04,0x00,0x08,0x30,0x02,0x08,0x88,0x00,0x28,0x88,0x02,0x28,0x88,0x03,0x20,
	0x80,0x03,0x28,0x00,0x06,0x00,0x20,0x02,0x08,0x01,0x00,0x0C,0x01,0x00,0x8C,0x20,0x02,0x8C,0x01,0x00,
	0x2C,0x00,0x00,0x18,0x80,0x00,0x08,0xA0,0x00,0x60,0x60,0x00,0x18,0x28,0x01,0x08,0x20,0x00,0x08,0x00,
	0x00,0x08,0x00,0x02,0x08,0x80,0x02,0x08,0x80,0x02,0x08,0x80,0x02,0x08,0x80,0x00,0x08,0x80,0x00,0x00,
	0x80,0x00,0x08,0x00,0x02,0x00,0x00,0x02,0x08,0x01,0x00,0x08,0x01,0x00,0x88,0x21,0x02,0x88,0x01,0x00,
	0x28,0x00,0x00,0x01,0x81,0x00,0x20,0x00,0x18,0x28,0x00,0x09,0x80,0x00,0x00,0x02,0x01,0x80,0x80,0x00,
	0x02,0x05,0xAB,0x07,0x22,0x02,0x17,0x44,0x00,0x13,0xCE,0x03,0x11,0x08,0x00,0x10,0xBE,0x03,0x10,0xA2,
	0x02,0x20,0xA2,0x00,0x20,0xFD,0x01,0x20,0x42,0x00,0xB0,0xA6,0x05,0x80,0x60,0x04,0x82,0xC1,0x00,0x00,
	0x60,0x00,0x00,0xE1,0x05,0x00,0x80,0x06,0x70,0x00,0x00,0x0C,0x02,0x00,0x07,0xC1,0x03,0xB0,0xB8,0x01,
	0x09,0xA1,0x05,0x04,0x22,0x00,0x04,0x44,0x00,0x00,0x06,0x03,0x02,0xC8,0x03,0x02,0xDC,0x01,0x02,0x62,
	0x00,0x22,0xC0,0x01,0x22,0xB0,0x00,0x22,0x02,0x01,0x22,0x42,0x03,0x02,0x00,0x05,0x02,0x00,0x00,0x02,
	0x20,0x00,0x82,0x00,0x05,0x02,0x01,0x06,0x02,0x00,0x00,0x04,0x12,0x00,0x17,0x51,0x00,0x90,0x20,0x00,
	0x00,0xA8,0x00,0x04,0xA0,0x02,0x04,0x84,0x02,0x00,0x84,0x00,0x00,0x04,0x00,0x00,0x83,0x00,0x02,0x01,
	0x00,0x00,0x01,0x00,0xC0,0x01,0x00,0x00,0x01,0x00,0x80,0x00,0x00,0x04,0x00,0x82,0x00,0x20,0x00,0x80,
	0x00,0x05,0x80,0x01,0x06,0x03,0x80,0x00,0x20,0x00,0x02,0x80,0x00,0x04,0x00,0x00,0x80,0x00,0x02,0x00,
	0x03,0x80,0x00,0x00,0x04,0x01,0x81,0x80,0x00,0x05,0x80,0x00,0x06,0x04,0xB8,0x08,0x27,0x01,0x08,0xF3,
	0x01,0x0C,0xC3,0x00,0x0C,0x8C,0x01,0x0D,0x40,0x00,0x0C,0xF6,0x01,0x0C,0x2D,0x00,0x0C,0x68,0x01,0x0D,
	0x4C,0x01,0x0D,0xE6,0x04,0x0C,0xBA,0x01,0x0F,0x20,0x07,0x0F,0xC0,0x06,0x0E,0x21,0x04,0xCE,0x00,0x01,
	0xA6,0x80,0x02,0x1A,0x83,0x00,0x80,0xD2,0x01,0x50,0x10,0x04,0x34,0x88,0x02,0x01,0x03,0x01,0x01,0x33,
	0x01,0x05,0x43,0x00,0x05,0x04,0x00,0x05,0x04,0x00,0x05,0x18,0x01,0x05,0x2D,0x01,0x05,0x40,0x00,0x04,
	0x88,0x00,0x04,0xA2,0x00,0x05,0xA0,0x07,0x04,0x00,0x06,0x04,0x00,0x00,0x84,0x21,0x04,0x04,0x00,0x01,
	0x44,0x01,0x02,0x1E,0x01,0x00,0x00,0x40,0x00,0x00,0x10,0x00,0x00,0x40,0x00,0x00,0x00,0x01,0x00,0x00,
	0x01,0x04,0x40,0x01,0x04,0x40,0x01,0x04,0x04,0x01,0x04,0x00,0x00,0x04,0x01,0x00,0x04,0x40,0x00,0x04,
	0x80,0x00,0x04,0xC0,0x01,0x04,0xA0,0x02,0x04,0x00,0x06,0x04,0x00,0x00,0x04,0x00,0x04,0x04,0x00,0x01,
	0x84,0x00,0x02,0x0C,0x00,0x00,0x06,0x80,0x00,0x04,0x00,0x00,0x80,0x00,0x01,0x00,0x01,0x82,0x00,0x80,
	0x00,0x00,0x80,0x02,0x00,0x00,0x06,0x00,0x82,0x00,0x00,0x04,0x00,0x00,0x01,0x00,0x00,0x02,0x03,0xAE,
	0x00,0xA1,0x01,0x02,0x55,0x01,0x02,0x85,0x01,0x00,0xC2,0x04,0x00,0x8E,0x04,0x21,0x86,0x00,0x01,0x02,
	0x00,0x01,0xB8,0x04,0x08,0xE6,0x04,0x80,0x01,0x05,0x01,0x05,0x02,0x00,0x21,0x02,0x00,0x21,0x05,0x81,
	0xE0,0x05,0xE0,0xC1,0x00,0xF8,0x51,0x05,0x53,0x10,0x00,0x88,0x80,0x00,0x08,0x50,0x04,0x52,0x40,0x02,
	0x00,0x05,0x00,0x02,0x41,0x00,0x02,0x01,0x00,0x00,0x26,0x00,0x00,0xC2,0x00,0x00,0xC6,0x04,0x00,0x40,
	0x04,0x00,0x98,0x04,0x09,0xE2,0x00,0x01,0x00,0x04,0x00,0x80,0x05,0x01,0xA0,0x00,0x01,0x21,0x04,0x81,
	0xA0,0x07,0x81,0x81,0x00,0xE1,0x00,0x05,0x81,0x01,0x00,0x80,0x01,0x00,0x08,0x10,0x00,0x10,0x20,0x00,
	0x00,0x84,0x00,0x02,0xC0,0x00,0x02,0x80,0x00,0x00,0x84,0x00,0x00,0xC2,0x00,0x00,0xC4,0x00,0x00,0xC0,
	0x00,0x00,0x89,0x00,0x00,0x04,0x00,0x80,0x04,0x00,0x80,0x02,0x00,0x20,0x00,0x00,0x20,0x04,0x00,0x80,
	0x07,0x80,0x80,0x00,0x60,0x00,0x05,0x00,0x01,0x00,0x00,0x01,0x00,0x05,0x80,0x00,0x02,0x00,0x03,0x81,
	0x00,0x80,0x00,0x00,0x80,0x00,0x00,0x83,0x00,0x00,0x04,0x00,0x80,0x07,0x80,0x80,0x00,0x00,0x00,0x05,
	0x03,0xB8,0x06,0xE2,0x04,0x04,0xC2,0x00,0x04,0x12,0x04,0x06,0x66,0x04,0x06,0xE6,0x00,0x16,0xD3,0x00,
	0x36,0xE1,0x02,0x06,0x40,0x06,0x0E,0x46,0x06,0x06,0x81,0x00,0x06,0x85,0x06,0x06,0x21,0x02,0x86,0x01,
	0x00,0x04,0xA0,0x01,0x07,0x00,0x00,0x81,0x81,0x00,0x31,0x51,0x01,0x45,0x50,0x00,0x4F,0x03,0x00,0x3C,
	0x20,0x02,0x02,0xA4,0x04,0x00,0xC4,0x00,0x00,0xD4,0x00,0x02,0xC4,0x04,0x02,0x04,0x04,0x02,0x57,0x04,
	0x02,0x43,0x04,0x02,0x00,0x04,0x0A,0x40,0x00,0x02,0x81,0x06,0x02,0xE1,0x07,0x02,0x01,0x01,0x02,0x01,
	0x00,0x00,0x80,0x02,0x02,0x00,0x00,0x00,0x81,0x00,0x80,0x11,0x01,0x05,0x00,0x00,0x07,0x00,0x00,0x2C,
	0x00,0x00,0x02,0x20,0x00,0x00,0x40,0x04,0x00,0x00,0x04,0x02,0x00,0x04,0x02,0x04,0x04,0x02,0x40,0x00,
	0x02,0x41,0x00,0x02,0x00,0x00,0x02,0x00,0x04,0x02,0x81,0x04,0x02,0x20,0x07,0x02,0x01,0x01,0x02,0x00,
	0x00,0x00,0x80,0x02,0x02,0x00,0x00,0x00,0x80,0x00,0x80,0x01,0x01,0x06,0x87,0x00,0x04,0x00,0x00,0x00,
	0x04,0x00,0x01,0x04,0x00,0x00,0x04,0x00,0x00,0x04,0x00,0x01,0x04,0x00,0x00,0x04,0x00,0x00,0x01,0x00,
	0x80,0x00,0x80,0x02,0x00,0x81,0x00,0x80,0x00,0x00,0x00,0x01,0x02,0xB0,0x01,0x22,0x06,0x19,0x02,0x02,
	0x00,0x02,0x04,0x10,0x22,0x00,0x10,0x22,0x06,0x00,0x02,0x00,0x08,0x0D,0x00,0x12,0x27,0x02,0x10,0x49,
	0x00,0x80,0x02,0x00,0x80,0xA0,0x01,0x80,0x92,0x00,0x80,0x80,0x02,0x02,0x60,0x01,0x40,0x00,0x04,0x86,
	0x01,0x04,0xEA,0x30,0x06,0x85,0x11,0x04,0x84,0xB2,0x04,0x98,0x02,0x06,0x01,0x40,0x04,0x01,0x40,0x00,
	0x00,0x00,0x02,0x00,0x00,0x06,0x00,0x24,0x06,0x00,0x44,0x00,0x00,0x4A,0x00,0x00,0x67,0x02,0x00,0x09,
	0x02,0x80,0x82,0x02,0x00,0x21,0x01,0x00,0x01,0x00,0x00,0x81,0x02,0x02,0x21,0x00,0x00,0x01,0x04,0x82,
	0x01,0x04,0x6A,0x00,0x02,0x03,0x11,0x00,0x80,0x02,0x00,0x00,0x00,0x04,0x01,0x02,0x00,0x01,0x02,0x04,
	0x00,0x42,0x04,0x00,0x42,0x04,0x00,0x42,0x04,0x00,0x04,0x02,0x00,0x02,0x02,0x00,0x03,0x02,0x00,0x01,
	0x02,0x00,0x80,0x00,0x01,0x02,0x00,0x85,0x00,0x01,0x02,0x02,0x20,0x00,0x00,0x00,0x04,0x02,0x00,0x04,
	0x0A,0x00,0x02,0x00,0x01,0x00,0x01,0x8A,0x00,0x00,0x04,0x00,0x00,0x04,0x00,0x00,0x04,0x00,0x00,0x04,
	0x00,0x00,0x04,0x00,0x04,0x00,0x00,0x02,0x00,0x00,0x01,0x00,0x00,0x01,0x00,0x00,0x00,0x02,0x00,0x01,
	0x02,0x00,0x80,0x00,0x00,0x02,0x00,0x82,0x00,0x00,0x04,0x00,0x00,0x04,0x00,0x00,0x02,0x02,0xB9,0x0A,
	0x23,0x00,0x02,0x03,0x02,0x1B,0x02,0x00,0x0B,0x22,0x00,0x03,0x26,0x03,0x2B,0x06,0x01,0x22,0x14,0x03,
	0x09,0x09,0x00,0x03,0x02,0x02,0x13,0x47,0x05,0x82,0x09,0x04,0x82,0xC8,0x04,0x82,0x82,0x01,0x82,0xA1,
	0x01,0x92,0x60,0x04,0x48,0x61,0x04,0x80,0xA0,0x00,0xC7,0x32,0x00,0xE1,0xC0,0x00,0x54,0x00,0x05,0x00,
	0x21,0x02,0x00,0x01,0x00,0x01,0x01,0x02,0x01,0x21,0x02,0x01,0x27,0x02,0x01,0x01,0x00,0x00,0x15,0x00,
	0x01,0x0A,0x03,0x01,0x02,0x03,0x01,0x01,0x05,0x80,0xC2,0x05,0x80,0x01,0x04,0x80,0x01,0x05,0x80,0x00,
	0x05,0x80,0x61,0x00,0x00,0x61,0x00,0x50,0x81,0x00,0xC3,0x00,0x00,0x40,0x00,0x00,0x40,0x02,0x04,0x00,
	0x01,0x02,0x00,0x01,0x00,0x01,0x01,0x00,0x01,0x01,0x00,0x01,0x05,0x00,0x01,0x03,0x02,0x00,0x04,0x02,
	0x01,0x00,0x02,0x01,0x02,0x02,0x01,0x01,0x04,0x00,0xC0,0x04,0x00,0x01,0x04,0x00,0x00,0x05,0x00,0x01,
	0x05,0x00,0x41,0x00,0x00,0x41,0x00,0x40,0x81,0x00,0x82,0x00,0x00,0x02,0x8F,0x00,0x00,0x02,0x00,0x00,
	0x02,0x00,0x00,0x02,0x00,0x00,0x02,0x00,0x02,0x02,0x00,0x00,0x02,0x00,0x00,0x02,0x00,0x00,0x02,0x00,
	0x01,0x04,0x00,0x00,0x04,0x00,0x01,0x04,0x00,0x00,0x05,0x00,0x00,0x05,0x00,0x40,0x00,0x00,0x40,0x00,
	0x00,0x80,0x00,0x02,0xA8,0x04,0x18,0x03,0x14,0x04,0x01,0x14,0x21,0x00,0x14,0x05,0x07,0x0C,0x29,0x04,
	0x04,0x0D,0x07,0x05,0x0A,0x06,0x04,0x05,0x06,0x09,0x07,0x04,0x08,0x08,0x01,0x09,0x65,0x05,0x01,0x41,
	0x04,0x11,0x20,0x04,0x11,0x82,0x04,0x21,0x02,0x06,0x03,0x00,0x02,0x91,0x02,0x06,0x24,0x22,0x02,0xE1,
	0x61,0x02,0xC2,0x21,0x01,0x00,0x11,0x03,0x00,0x01,0x01,0x00,0x21,0x00,0x00,0x01,0x04,0x00,0x01,0x04,
	0x00,0x0F,0x05,0x01,0x0C,0x05,0x00,0x03,0x05,0x00,0x04,0x05,0x00,0x02,0x01,0x01,0x03,0x01,0x01,0x41,
	0x00,0x01,0x22,0x00,0x01,0x02,0x00,0x01,0x02,0x02,0x01,0x01,0x06,0x31,0x23,0x02,0x45,0x23,0x04,0xA0,
	0x21,0x04,0x42,0x00,0x06,0x00,0x00,0x02,0x00,0x92,0x00,0x00,0x01,0x00,0x00,0x05,0x00,0x00,0x05,0x00,
	0x02,0x05,0x01,0x01,0x05,0x00,0x03,0x04,0x00,0x01,0x04,0x00,0x03,0x00,0x01,0x03,0x00,0x01,0x03,0x00,
	0x01,0x20,0x00,0x01,0x00,0x00,0x01,0x00,0x02,0x01,0x03,0x06,0x31,0x01,0x02,0x41,0x01,0x04,0x80,0x01,
	0x04,0x00,0x00,0x04,0x00,0x00,0x02,0x01,0x88,0x00,0x00,0x04,0x00,0x00,0x04,0x00,0x00,0x04,0x00,0x00,
	0x04,0x00,0x02,0x05,0x00,0x00,0x05,0x00,0x00,0x01,0x00,0x01,0x01,0x00,0x01,0x00,0x01,0x85,0x00,0x00,
	0x02,0x00,0x00,0x06,0x00,0x00,0x02,0x00,0x00,0x04,0x00,0x00,0x04,0x00,0x00,0x04,0xCA,0x02,0xA4,0x05,
	0x02,0x90,0x07,0x82,0x84,0x06,0x80,0x84,0x01,0x90,0x80,0x03,0x92,0x1A,0x00,0x90,0x04,0x07,0x91,0xA1,
	0x06,0x94,0xA0,0x02,0x11,0x07,0x02,0x01,0xC4,0x02,0x09,0x4D,0x06,0x18,0x85,0x00,0x19,0x44,0x04,0x08,
	0x64,0x02,0x20,0x03,0x06,0x02,0x63,0x06,0xA8,0x40,0x01,0xE1,0x03,0x01,0x12,0x64,0x02,0x00,0x20,0x05,
	0x00,0x00,0x05,0x80,0x00,0x04,0x80,0x00,0x00,0x80,0x00,0x00,0x80,0x80,0x01,0x80,0x86,0x05,0x80,0x84,
	0x04,0x80,0xA3,0x06,0x80,0x07,0x06,0x80,0xC6,0x06,0x00,0x22,0x06,0x00,0x01,0x06,0x00,0x03,0x06,0x00,
	0x41,0x04,0x00,0x04,0x00,0x00,0x66,0x04,0x20,0x63,0x01,0x41,0x26,0x01,0x00,0x63,0x02,0x80,0x00,0x04,
	0x80,0x00,0x04,0x80,0x00,0x05,0x80,0x00,0x01,0x80,0x00,0x01,0x80,0x00,0x01,0x80,0x06,0x05,0x80,0x04,
	0x04,0x80,0x00,0x06,0x80,0x80,0x06,0x80,0x81,0x06,0x00,0x20,0x06,0x00,0x02,0x06,0x00,0x02,0x06,0x00,
	0x41,0x04,0x00,0x02,0x00,0x00,0x60,0x04,0x00,0x65,0x01,0x40,0x20,0x01,0x00,0x61,0x00,0x00,0x00,0x05,
	0x00,0x00,0x05,0x00,0x00,0x05,0x00,0x00,0x01,0x00,0x00,0x01,0x00,0x00,0x01,0x00,0x06,0x05,0x00,0x00,
	0x04,0x00,0x00,0x06,0x00,0x00,0x06,0x00,0x00,0x06,0x00,0x00,0x06,0x00,0x00,0x06,0x00,0x00,0x06,0x00,
	0x40,0x04,0x00,0x83,0x00,0x40,0x04,0x00,0x40,0x01,0x00,0x00,0x01,0x00,0x40,0x00,0xB1,0xC8,0x22,0x06,
	0xC8,0xB6,0x00,0x00,0xD2,0x01,0x02,0x02,0x05,0x02,0x06,0x05,0x00,0x0E,0x05,0x02,0x02,0x03,0x02,0x86,
	0x03,0x00,0x8A,0x04,0x84,0x4E,0x00,0x04,0x5E,0x00,0x00,0x77,0x00,0x01,0x60,0x02,0x00,0x26,0x06,0x11,
	0x22,0x01,0x04,0x0A,0x05,0x4A,0x24,0x05,0x12,0xAE,0x04,0x33,0x02,0x00,0xE0,0x6E,0x01,0x00,0x04,0x06,
	0x00,0x94,0x06,0x80,0x94,0x06,0x80,0x84,0x02,0x80,0x84,0x02,0x80,0x8E,0x02,0x80,0x8A,0x06,0x80,0x82,
	0x06,0x80,0x8C,0x04,0x80,0x02,0x00,0x80,0x01,0x00,0x00,0x41,0x00,0x00,0x42,0x04,0x00,0x02,0x00,0x00,
	0x26,0x03,0x00,0x00,0x03,0x08,0x0C,0x07,0x22,0xA8,0x03,0x20,0x2C,0x03,0xA1,0x40,0x02,0x00,0x80,0x06,
	0x00,0x80,0x06,0x00,0x80,0x06,0x00,0x80,0x06,0x00,0x84,0x06,0x00,0x08,0x06,0x00,0x08,0x02,0x00,0x06,
	0x02,0x00,0x04,0x00,0x00,0x80,0x00,0x00,0x92,0x00,0x44,0x00,0x00,0x44,0x04,0x00,0x06,0x04,0x00,0x20,
	0x07,0x00,0x00,0x07,0x08,0x00,0x03,0x22,0x84,0x07,0x20,0x00,0x03,0x80,0x40,0x02,0x00,0x00,0x06,0x00,
	0x00,0x06,0x00,0x00,0x06,0x00,0x00,0x06,0x00,0x00,0x06,0x00,0x80,0x06,0x00,0x80,0x02,0x00,0x86,0x02,
	0x00,0x80,0x00,0x00,0x80,0x00,0x01,0x87,0x00,0x40,0x04,0x00,0x00,0x04,0x00,0x00,0x07,0x00,0x00,0x07,
	0x00,0x00,0x07,0x00,0x80,0x07,0x00,0x00,0x03,0x00,0x40,0x02,0xB7,0x40,0x8E,0x01,0x40,0x20,0x05,0x08,
	0x42,0x00,0x08,0x96,0x06,0x08,0x96,0x07,0x48,0xCA,0x05,0x48,0x46,0x05,0x49,0xC4,0x05,0x4B,0x04,0x07,
	0x4A,0xDA,0x03,0x8A,0x42,0x01,0x8E,0x6F,0x02,0x0E,0x86,0x06,0x06,0x41,0x04,0x84,0x40,0x01,0x93,0x00,
	0x05,0x00,0x1D,0x01,0x44,0x45,0x00,0x11,0xC0,0x00,0x70,0x58,0x00,0x00,0x6C,0x04,0x00,0xC0,0x04,0x00,
	0xC0,0x04,0x00,0xC4,0x02,0x00,0xC0,0x02,0x40,0x40,0x02,0x40,0x4E,0x02,0x40,0x48,0x02,0x40,0x06,0x01,
	0x40,0x0C,0x05,0x40,0x04,0x07,0x00,0xA2,0x05,0x00,0x8E,0x01,0x00,0x4A,0x07,0x80,0x4C,0x04,0x80,0x0C,
	0x02,0x00,0x09,0x04,0x14,0x58,0x04,0x10,0x98,0x00,0x50,0x40,0x04,0x40,0xA6,0x00,0x40,0x82,0x00,0x40,
	0x82,0x00,0x40,0x86,0x02,0x40,0x82,0x02,0x40,0x02,0x02,0x40,0x00,0x02,0x40,0x08,0x02,0x40,0x40,0x03,
	0x40,0x44,0x03,0x40,0x06,0x03,0x00,0x80,0x07,0x00,0x02,0x07,0x00,0x40,0x07,0x00,0x40,0x04,0x00,0x00,
	0x04,0x00,0x91,0x00,0x40,0x04,0x00,0x80,0x00,0x40,0x00,0x00,0x00,0x80,0x00,0x00,0x80,0x00,0x00,0x80,
	0x00,0x00,0x80,0x02,0x00,0x80,0x02,0x00,0x00,0x02,0x00,0x00,0x02,0x00,0x00,0x02,0x00,0x00,0x03,0x00,
	0x00,0x03,0x00,0x00,0x03,0x00,0x00,0x07,0x00,0x00,0x03,0x00,0x40,0x03,0x00,0x40,0x00,0x01,0x81,0x00,
	0x40,0x00,0x00,0x80,0x00,0x00,0xB1,0x54,0x65,0x06,0x54,0x1B,0x06,0x54,0x81,0x02,0x60,0x81,0x00,0x60,
	0xA3,0x01,0x20,0x51,0x01,0x00,0xE5,0x05,0x00,0x63,0x05,0x00,0x0F,0x03,0x01,0xDB,0x04,0x41,0x8F,0x04,
	0xC1,0xC9,0x07,0x01,0x1D,0x00,0x09,0x34,0x01,0x0B,0x94,0x02,0x01,0xA8,0x02,0x80,0x88,0x00,0x1C,0x38,
	0x02,0x59,0x41,0x00,0xA8,0xB0,0x06,0x20,0x66,0x05,0x20,0x02,0x05,0x20,0x02,0x05,0x00,0x02,0x07,0x00,
	0x40,0x07,0x40,0x42,0x07,0x40,0x4E,0x07,0x40,0x4A,0x07,0x40,0x06,0x01,0x40,0x06,0x00,0x40,0x8C,0x04,
	0x80,0x03,0x06,0x00,0x09,0x04,0x00,0x28,0x04,0x00,0x80,0x07,0x00,0xB8,0x05,0x80,0xA0,0x03,0x18,0xB0,
	0x07,0x01,0xF0,0x05,0x20,0x40,0x05,0x20,0x44,0x07,0x20,0x00,0x07,0x20,0x00,0x07,0x00,0x40,0x05,0x00,
	0x00,0x05,0x00,0x00,0x05,0x00,0x0A,0x05,0x00,0x02,0x05,0x00,0x46,0x01,0x00,0x42,0x00,0x00,0x92,0x80,
	0x0B,0x04,0x00,0x0C,0x06,0x00,0x2C,0x06,0x00,0x80,0x05,0x00,0x80,0x01,0x00,0xA0,0x05,0x10,0x80,0x05,
	0x00,0x80,0x05,0x20,0x40,0x01,0x00,0x00,0x03,0x00,0x00,0x03,0x00,0x00,0x03,0x00,0x00,0x01,0x00,0x40,
	0x01,0x00,0x40,0x01,0x00,0x4A,0x01,0x00,0x42,0x01,0x00,0x44,0x01,0x00,0x40,0x00,0x00,0x88,0x00,0x00,
	0x04,0x00,0x00,0x02,0x00,0x00,0x02,0x00,0x80,0x03,0x00,0x80,0x03,0x00,0x80,0x03,0x00,0x80,0x03,0x00,
	0x80,0x05,0x00,0x00,0x01,0xC7,0x28,0x42,0x03,0x28,0x05,0x05,0x28,0x91,0x04,0x34,0xC5,0x00,0x34,0xA0,
	0x04,0x34,0x0C,0x06,0x14,0x14,0x07,0x00,0x0C,0x07,0x04,0x84,0x02,0x24,0xE8,0x03,0x24,0xF4,0x04,0x24,
	0xF8,0x06,0x80,0x2C,0x06,0x00,0xA4,0x07,0x40,0x90,0x00,0x08,0x30,0x06,0x20,0xD0,0x01,0x09,0x71,0x04,
	0x19,0x80,0x02,0x18,0x60,0x04,0x20,0x46,0x05,0x20,0x05,0x07,0x20,0x05,0x07,0x00,0x41,0x03,0x00,0x24,
	0x03,0x00,0x84,0x03,0x00,0x94,0x06,0x00,0xA4,0x06,0x00,0x8C,0x03,0x20,0xAC,0x00,0x20,0xC8,0x07,0xC0,
	0xA5,0x07,0x80,0xB0,0x04,0x00,0x18,0x07,0x40,0x38,0x05,0x00,0x10,0x00,0x00,0x20,0x05,0x01,0x21,0x01,
	0x18,0xA1,0x06,0x08,0x40,0x04,0x00,0x41,0x05,0x00,0x01,0x07,0x00,0x01,0x07,0x20,0x05,0x07,0x20,0x05,
	0x07,0x20,0xA1,0x07,0x20,0xA1,0x03,0x20,0x81,0x03,0x20,0x8D,0x06,0x20,0x89,0x05,0x20,0x0D,0x05,0x40,
	0x05,0x05,0x00,0x00,0x02,0x00,0x08,0x03,0x00,0x20,0x01,0x00,0x20,0x04,0x00,0x60,0x01,0x01,0x40,0x05,
	0x10,0x41,0x06,0x00,0x00,0x04,0x00,0x00,0x01,0x00,0x00,0x01,0x00,0x00,0x01,0x00,0x00,0x01,0x00,0x00,
	0x01,0x00,0x80,0x01,0x00,0x80,0x05,0x00,0x80,0x05,0x00,0x84,0x04,0x00,0x80,0x05,0x00,0x00,0x05,0x00,
	0x00,0x05,0x00,0x81,0x00,0x00,0x01,0x00,0x00,0x01,0x00,0x83,0x00,0x40,0x01,0x00,0x00,0x05,0x00,0x00,
	0x06,0x00,0x00,0x04,0xCC,0x96,0xDE,0x06,0x82,0xE4,0x07,0x80,0xA4,0x06,0xA8,0x80,0x00,0x28,0x43,0x06,
	0x38,0x92,0x02,0x38,0x80,0x05,0x2C,0x9A,0x03,0x30,0xAA,0x03,0x10,0x4A,0x07,0x10,0xCC,0x03,0x60,0xE6,
	0x05,0x04,0x9E,0x05,0xA4,0xF0,0x07,0x44,0x31,0x06,0x40,0x71,0x05,0x40,0x41,0x03,0xA8,0xE1,0x02,0x2C,
	0x41,0x01,0x5C,0x80,0x05,0x80,0xD2,0x01,0x90,0xE0,0x01,0x90,0xA0,0x01,0x90,0x80,0x05,0x90,0x03,0x07,
	0x90,0x90,0x03,0x90,0xA0,0x06,0x90,0x98,0x04,0x80,0xAA,0x04,0xA0,0xC5,0x06,0xA0,0x01,0x03,0xC0,0xF1,
	0x03,0x00,0xDC,0x00,0x80,0xD8,0x01,0x40,0xF0,0x00,0x40,0xC1,0x07,0x40,0xC0,0x04,0x88,0x00,0x00,0x00,
	0x41,0x01,0x10,0x01,0x02,0x10,0xC2,0x06,0x10,0xC2,0x04,0x10,0x82,0x04,0x10,0x82,0x04,0x10,0x02,0x06,
	0x10,0xA2,0x02,0x10,0x80,0x06,0x10,0x88,0x06,0x00,0x82,0x06,0x00,0xC5,0x04,0x00,0x81,0x04,0x20,0x01,
	0x04,0x00,0xD8,0x07,0x00,0xD0,0x06,0x00,0xE0,0x07,0x00,0x80,0x06,0x00,0xC0,0x07,0x08,0x80,0x03,0x00,
	0x80,0x01,0x10,0x81,0x02,0x00,0x80,0x04,0x00,0x80,0x04,0x00,0x80,0x04,0x00,0x80,0x04,0x00,0x00,0x04,
	0x00,0xA0,0x00,0x00,0x80,0x04,0x00,0x88,0x04,0x00,0x80,0x04,0x00,0xC0,0x04,0x00,0x80,0x04,0x00,0x00,
	0x04,0x00,0x40,0x04,0x00,0xC0,0x05,0x00,0xC0,0x04,0x00,0xC0,0x05,0x00,0x80,0x04,0x00,0x81,0x00,0x00,
	0x01,0x00,0x00,0x02,0xC5,0x5A,0x25,0x04,0x4E,0x80,0x06,0xC6,0xC0,0x04,0xC6,0xC0,0x06,0xC6,0x00,0x04,
	0xD6,0xC5,0x04,0xD6,0xFB,0x07,0xD2,0xC5,0x01,0x02,0x5A,0x02,0x82,0xD4,0x01,0x92,0x55,0x00,0x12,0x95,
	0x03,0x42,0x52,0x00,0x32,0x71,0x01,0x00,0x30,0x06,0x04,0xA0,0x00,0x91,0x60,0x00,0xC4,0xA0,0x02,0x09,
	0x01,0x05,0x20,0x81,0x04,0x88,0x82,0x02,0x98,0x03,0x05,0x10,0x03,0x07,0x10,0x03,0x07,0x90,0xC3,0x05,
	0x90,0xCE,0x05,0x90,0xE0,0x05,0x90,0xE4,0x07,0x00,0xD0,0x04,0x80,0xD0,0x04,0x80,0x94,0x00,0x90,0x9C,
	0x01,0x40,0x58,0x03,0x00,0x31,0x03,0x00,0x60,0x07,0x00,0x40,0x00,0x81,0xA0,0x03,0xC4,0x00,0x03,0x0C,
	0x80,0x06,0x04,0xC0,0x01,0x88,0x80,0x07,0x88,0x80,0x03,0x80,0x80,0x01,0x80,0x80,0x01,0x80,0x40,0x03,
	0x80,0x48,0x03,0x80,0x62,0x03,0x80,0x60,0x03,0x90,0x40,0x00,0x90,0x40,0x00,0x90,0x40,0x00,0x90,0x98,
	0x00,0x00,0x10,0x03,0x00,0xB0,0x03,0x00,0x80,0x03,0x00,0x80,0x02,0x01,0x20,0x03,0x04,0x40,0x03,0x08,
	0xC0,0x06,0x00,0x00,0x05,0x00,0x80,0x04,0x00,0x80,0x04,0x00,0x80,0x06,0x00,0x80,0x06,0x00,0x40,0x06,
	0x00,0x40,0x02,0x00,0x62,0x02,0x00,0x40,0x02,0x00,0x40,0x00,0x00,0x40,0x00,0x01,0x87,0x00,0x00,0x02,
	0x00,0x80,0x02,0x00,0x80,0x02,0x00,0x80,0x02,0x00,0x80,0x02,0x00,0x00,0x02,0x00,0x00,0x06,0x00,0x80,
	0x05,0xBB,0x08,0xD0,0x04,0x08,0x04,0x02,0x82,0x00,0x04,0x02,0x40,0x05,0x8B,0x0C,0x05,0x8A,0xCC,0x00,
	0x0A,0xF0,0x01,0x0C,0xE9,0x03,0x44,0x42,0x00,0xCC,0x80,0x07,0x98,0x81,0x03,0xE0,0xD1,0x00,0x80,0x1B,
	0x00,0x50,0x40,0x07,0x42,0xC0,0x03,0x22,0xA0,0x03,0xA8,0x20,0x02,0x12,0x40,0x04,0x40,0xE0,0x00,0x58,
	0x01,0x05,0x08,0x50,0x06,0x08,0xC0,0x02,0x80,0xC0,0x04,0x00,0x80,0x04,0x80,0xC0,0x04,0x80,0xA8,0x01,
	0x00,0xB0,0x01,0x00,0xA8,0x03,0x00,0x82,0x00,0x08,0x41,0x02,0x88,0x29,0x02,0x98,0xD9,0x03,0x80,0xE1,
	0x03,0x40,0xD0,0x07,0x40,0xC0,0x03,0x20,0xE0,0x00,0xA0,0x20,0x02,0x02,0x20,0x00,0x42,0x00,0x03,0x4A,
	0x01,0x06,0x40,0x81,0x05,0x40,0x81,0x01,0x48,0xC1,0x07,0x48,0x81,0x07,0x48,0xC1,0x07,0x48,0xE1,0x02,
	0x48,0xF1,0x02,0x48,0xC9,0x00,0x48,0xC1,0x03,0x48,0x00,0x01,0xC8,0x48,0x01,0xC8,0x90,0x01,0x00,0x80,
	0x00,0x00,0x80,0x00,0x00,0xC0,0x00,0x00,0xA0,0x01,0x00,0x40,0x01,0x02,0x00,0x01,0x00,0x00,0x03,0x08,
	0x40,0x06,0x01,0x89,0x00,0x00,0x02,0x00,0x00,0x02,0x00,0x40,0x02,0x00,0x60,0x03,0x00,0x60,0x03,0x00,
	0x48,0x03,0x00,0x40,0x01,0x00,0x00,0x01,0x00,0x40,0x01,0x00,0x80,0x01,0x03,0x83,0x00,0x00,0x01,0x00,
	0x00,0x01,0x00,0x00,0x03,0x00,0x00,0x02,0xBE,0x04,0xE8,0x05,0x24,0xC8,0x06,0x24,0x48,0x02,0xA4,0x00,
	0x02,0xA9,0x80,0x02,0xA8,0xC8,0x01,0x08,0x62,0x01,0x4E,0x5D,0x03,0x4E,0x6C,0x06,0x47,0x60,0x00,0xC7,
	0x20,0x00,0xCE,0xB5,0x02,0xD0,0x62,0x02,0x01,0x16,0x01,0x09,0xC0,0x01,0x00,0x20,0x00,0x41,0x40,0x02,
	0x68,0x20,0x01,0x57,0x80,0x00,0xC2,0x61,0x01,0x00,0x80,0x07,0x20,0xC8,0x06,0x20,0x80,0x02,0xA0,0xC0,
	0x03,0xA4,0x40,0x03,0xA4,0x04,0x00,0x24,0x2A,0x00,0x64,0x20,0x02,0x64,0x26,0x02,0xAC,0x00,0x00,0xE8,
	0x20,0x00,0xE8,0x60,0x00,0x40,0xA1,0x00,0x00,0x40,0x00,0x00,0x20,0x00,0x00,0xA0,0x00,0x41,0x20,0x03,
	0x60,0x00,0x00,0x45,0x60,0x00,0xC0,0xC0,0x04,0xA4,0xC0,0x06,0x84,0xC0,0x06,0x84,0xC0,0x02,0x84,0x80,
	0x02,0x84,0x80,0x02,0x84,0x84,0x01,0x84,0xA8,0x01,0x84,0xA0,0x03,0x84,0xA6,0x03,0x84,0x80,0x01,0x40,
	0xA0,0x01,0x40,0x80,0x01,0x00,0x21,0x01,0x00,0xC0,0x01,0x00,0x80,0x01,0x00,0x80,0x01,0x01,0xE0,0x00,
	0x00,0xE0,0x00,0x04,0x00,0x00,0x00,0xC0,0x06,0x00,0x40,0x00,0x00,0x40,0x00,0x00,0x40,0x00,0x01,0x8B,
	0x00,0x04,0x01,0x00,0x28,0x01,0x00,0x20,0x01,0x00,0x06,0x01,0x00,0x80,0x01,0x00,0x80,0x01,0x00,0xC0,
	0x01,0x00,0x00,0x01,0x00,0x00,0x01,0x00,0x00,0x01,0x00,0x00,0x01,0x00,0x20,0x00,0x01,0x80,0x00,0xC0,
	0x00,0xBC,0xE4,0x68,0x00,0x84,0xA4,0x00,0x94,0x00,0x01,0x96,0x44,0x00,0x92,0x84,0x06,0x92,0xB0,0x04,
	0xF0,0x7A,0x05,0xB4,0xD4,0x05,0x14,0xE8,0x00,0x75,0x02,0x02,0xE1,0x60,0x02,0xE0,0x33,0x01,0xF4,0xF1,
	0x01,0xE7,0x22,0x00,0x0D,0xC1,0x00,0x12,0x00,0x01,0x74,0xE0,0x05,0x61,0x80,0x04,0x8B,0x00,0x05,0x0C,
	0x40,0x07,0x52,0x48,0x00,0x72,0xA4,0x00,0x62,0xA0,0x00,0x62,0xE0,0x01,0x66,0x24,0x03,0x66,0x14,0x01,
	0x24,0x2E,0x00,0x64,0x30,0x00,0xC4,0x08,0x00,0xE4,0xE4,0x00,0x20,0xC0,0x00,0x20,0xB2,0x00,0x38,0x30,
	0x00,0x20,0xC2,0x00,0x00,0xC0,0x00,0x10,0x40,0x01,0x70,0xA0,0x01,0x61,0xC0,0x00,0x02,0x80,0x05,0x05,
	0x40,0x05,0x42,0xE4,0x01,0x62,0x40,0x01,0x62,0x40,0x01,0x62,0x00,0x01,0x62,0x20,0x03,0x62,0x00,0x01,
	0x20,0x00,0x00,0x20,0x10,0x00,0x20,0x20,0x00,0x60,0xA4,0x00,0x24,0x80,0x00,0x24,0xA0,0x00,0x98,0xA0,
	0x00,0x00,0xC0,0x00,0x00,0xC0,0x00,0x00,0xE0,0x00,0x00,0x80,0x00,0x01,0xE0,0x00,0x02,0x80,0x05,0x04,
	0x60,0x00,0x00,0x80,0x00,0x01,0x80,0x00,0x40,0x00,0x03,0x8B,0x00,0x20,0x00,0x00,0x80,0x00,0x00,0x80,
	0x00,0x00,0x80,0x00,0x00,0x80,0x00,0x00,0x80,0x00,0x00,0x80,0x00,0x00,0x80,0x00,0x00,0xA0,0x00,0x00,
	0x80,0x00,0x00,0x80,0x05,0x00,0x40,0x01,0xCB,0x39,0xD0,0x07,0x51,0x50,0x03,0x40,0x22,0x06,0x42,0x72,
	0x06,0x42,0x12,0x01,0x42,0x24,0x01,0x00,0x70,0x00,0x02,0xD8,0x02,0x02,0x70,0x02,0x42,0x10,0x00,0x22,
	0x20,0x05,0x20,0x32,0x04,0x0A,0x71,0x04,0x14,0xE2,0x00,0x2A,0xD1,0x02,0x42,0x50,0x00,0x90,0x31,0x00,
	0x84,0x10,0x00,0x40,0x70,0x02,0xCB,0x70,0x00,0x53,0x90,0x02,0x53,0x20,0x02,0x42,0x22,0x02,0x42,0x62,
	0x02,0x42,0x02,0x01,0x42,0x26,0x01,0x00,0x3C,0x00,0x00,0x20,0x00,0x00,0xA0,0x00,0x40,0xE6,0x00,0x60,
	0xE0,0x04,0x62,0xB2,0x04,0x74,0x71,0x04,0x10,0x90,0x00,0x20,0x81,0x02,0x40,0x00,0x00,0x10,0x00,0x00,
	0x80,0x00,0x00,0x40,0xA0,0x02,0xC2,0x00,0x04,0x11,0x42,0x02,0x11,0xE2,0x02,0x10,0xE0,0x02,0x10,0xA0,
	0x02,0x10,0xC0,0x01,0x10,0xC4,0x01,0x52,0xEC,0x00,0x52,0xE0,0x00,0x52,0x40,0x00,0x12,0x62,0x00,0x32,
	0x60,0x00,0x32,0x20,0x00,0x54,0x40,0x00,0x00,0x40,0x00,0x00,0x41,0x00,0x00,0x40,0x00,0x00,0x40,0x00,
	0x00,0x40,0x00,0x00,0xE0,0x02,0x02,0xA0,0x06,0x00,0xA0,0x00,0x00,0x20,0x00,0x00,0x20,0x00,0x00,0x60,
	0x00,0x00,0x60,0x00,0x00,0x60,0x00,0x00,0x44,0x00,0x00,0x40,0x00,0x00,0x40,0x00,0x00,0x60,0x00,0x00,
	0x60,0x00,0x00,0x20,0x00,0x00,0x40,0x00,0x00,0x40,0x00,0x00,0x40,0x00,0x00,0x40,0x00,0x00,0x82,0x00,
	0x40,0x00,0x00,0xC0,0x02,0x00,0xA0,0x04,0xBC,0x29,0x0E,0x01,0x01,0x03,0x05,0x01,0x24,0x01,0x09,0x23,
	0x01,0x09,0x87,0x02,0x09,0x87,0x02,0x00,0x8D,0x02,0x22,0x81,0x00,0x02,0x0B,0x01,0x23,0x04,0x05,0x13,
	0xA0,0x00,0x39,0xE0,0x00,0x9C,0x56,0x02,0x28,0x20,0x02,0x08,0x33,0x01,0x10,0x61,0x00,0x62,0x30,0x00,
	0xA0,0x10,0x02,0x20,0x00,0x01,0x88,0x00,0x03,0x01,0x7F,0x01,0x01,0x72,0x01,0x00,0x53,0x01,0x08,0x12,
	0x01,0x08,0x92,0x00,0x08,0x92,0x00,0x09,0x9E,0x00,0x29,0x80,0x00,0x09,0x11,0x00,0x29,0x12,0x04,0x19,
	0x10,0x00,0x33,0x50,0x00,0x66,0x42,0x02,0x08,0x40,0x02,0x00,0x50,0x01,0x10,0x11,0x00,0x20,0x70,0x00,
	0x20,0x50,0x00,0xA0,0x30,0x01,0x80,0xF0,0x02,0x28,0x20,0x01,0x28,0x30,0x01,0x29,0x32,0x01,0x21,0x72,
	0x01,0x21,0xF2,0x00,0x21,0xF2,0x00,0x21,0xF0,0x00,0x21,0xF0,0x00,0x21,0x60,0x00,0x21,0x60,0x00,0x11,
	0x60,0x00,0x11,0x20,0x00,0x22,0x10,0x00,0x00,0x20,0x00,0x00,0x20,0x00,0x00,0x20,0x00,0x00,0x60,0x00,
	0x00,0x20,0x00,0x00,0x00,0x01,0x00,0xF0,0x03,0x00,0x10,0x00,0x01,0x88,0x00,0x40,0x00,0x00,0x40,0x00,
	0x00,0x40,0x00,0x00,0x50,0x00,0x00,0x50,0x00,0x00,0x70,0x00,0x00,0x70,0x00,0x00,0x70,0x00,0x00,0x30,
	0x00,0x03,0x80,0x00,0x40,0x00,0x00,0x81,0x00,0x00,0x01,0x00,0x60,0x02,0xC1,0x2C,0x30,0x00,0x2C,0xBC,
	0x00,0x2D,0xA3,0x00,0x25,0xF2,0x02,0x35,0x43,0x00,0x35,0x47,0x04,0x38,0x0F,0x05,0x08,0x19,0x05,0x08,
	0x31,0x04,0x09,0xB7,0x00,0x19,0x3D,0x00,0x31,0x50,0x02,0x0A,0x50,0x00,0x82,0x0A,0x01,0x90,0x0D,0x00,
	0x76,0x11,0x04,0x00,0x29,0x00,0x40,0x59,0x00,0x85,0xD8,0x00,0x20,0x60,0x06,0x10,0x40,0x00,0x10,0xD1,
	0x00,0x10,0xDA,0x00,0x18,0xD9,0x00,0x08,0x49,0x00,0x08,0x4D,0x04,0x09,0x19,0x04,0x29,0x11,0x04,0x29,
	0x38,0x04,0x29,0x3F,0x00,0x29,0x24,0x00,0x01,0x28,0x02,0x33,0x38,0x00,0x00,0x30,0x01,0x10,0x31,0x00,
	0x70,0x38,0x00,0x00,0x01,0x00,0x00,0x60,0x00,0x01,0xF0,0x00,0x20,0xC8,0x01,0x10,0x79,0x00,0x10,0xE1,
	0x00,0x10,0xC1,0x00,0x18,0xC1,0x00,0x08,0x51,0x00,0x08,0x51,0x00,0x08,0x01,0x00,0x08,0x09,0x00,0x08,
	0x21,0x00,0x08,0x27,0x00,0x08,0x29,0x00,0x08,0x21,0x00,0x19,0x31,0x00,0x00,0x30,0x00,0x00,0x30,0x00,
	0x00,0x30,0x00,0x00,0x20,0x00,0x00,0x20,0x00,0x01,0xF0,0x00,0x00,0x80,0x01,0x00,0x20,0x00,0x00,0x30,
	0x00,0x00,0x10,0x00,0x00,0x10,0x00,0x00,0x10,0x00,0x00,0x10,0x00,0x00,0x8C,0x00,0x08,0x00,0x00,0x20,
	0x00,0x00,0x26,0x00,0x00,0x20,0x00,0x00,0x20,0x00,0x00,0x30,0x00,0x00,0x20,0x00,0x00,0x20,0x00,0x00,
	0x20,0x00,0x00,0x20,0x00,0x00,0x20,0x00,0x00,0xE0,0x00,0x00,0x00,0x01,0xB4,0x10,0x8D,0x02,0x10,0x00,
	0x02,0x10,0x22,0x02,0x14,0x6A,0x04,0x14,0x7B,0x01,0x10,0x69,0x01,0x14,0x39,0x00,0x04,0xB1,0x00,0x04,
	0xA0,0x00,0x00,0x69,0x02,0x18,0x70,0x00,0x18,0x15,0x01,0x1D,0x21,0x01,0x60,0x00,0x04,0x04,0x8B,0x04,
	0x44,0x28,0x00,0x30,0x38,0x02,0x30,0x38,0x01,0x10,0x21,0x00,0x8C,0x19,0x03,0x90,0x80,0x00,0x90,0x08,
	0x00,0x90,0x28,0x00,0x90,0x6A,0x04,0x80,0x7A,0x00,0x84,0x68,0x00,0x84,0x28,0x00,0x84,0x20,0x00,0x84,
	0x20,0x00,0x84,0x20,0x02,0x9C,0x31,0x00,0x9C,0x39,0x01,0x95,0x39,0x01,0x00,0x38,0x00,0x00,0xBA,0x00,
	0x40,0x11,0x00,0x10,0x18,0x00,0x10,0x08,0x00,0x10,0x38,0x00,0x00,0xA0,0x00,0x04,0xB8,0x00,0x04,0x30,
	0x00,0x04,0x10,0x00,0x04,0x50,0x00,0x14,0x40,0x00,0x10,0x50,0x00,0x10,0x10,0x00,0x10,0x10,0x00,0x10,
	0x18,0x00,0x10,0x18,0x00,0x08,0x18,0x00,0x08,0x10,0x00,0x08,0x10,0x00,0x01,0x91,0x00,0x01,0x00,0x00,
	0x10,0x00,0x00,0x10,0x00,0x00,0x20,0x00,0x00,0x28,0x00,0x00,0x28,0x00,0x00,0x28,0x00,0x00,0x08,0x00,
	0x00,0x08,0x00,0x00,0x08,0x00,0x00,0x18,0x00,0x00,0x18,0x00,0x00,0x10,0x00,0x00,0x18,0x00,0x00,0x18,
	0x00,0x00,0x18,0x00,0x00,0x18,0x00,0x00,0x18,0x00,0x04,0x81,0x00,0x20,0x00,0x00,0x20,0x00,0xB7,0x00,
	0x62,0x05,0x02,0x7E,0x05,0x02,0x7A,0x05,0x06,0x38,0x01,0x1E,0x20,0x04,0x1A,0x92,0x00,0x18,0x9E,0x00,
	0x10,0x16,0x00,0x10,0x06,0x02,0x14,0x0C,0x00,0x14,0x2C,0x02,0x14,0x28,0x04,0x1F,0x80,0x04,0xEC,0x8C,
	0x00,0x68,0x4A,0x00,0x90,0x01,0x02,0x00,0x05,0x01,0x02,0x8D,0x00,0x42,0x44,0x00,0x10,0xA9,0x00,0x0A,
	0x7C,0x04,0x08,0x74,0x04,0x08,0x74,0x04,0x08,0x34,0x00,0x00,0x2C,0x04,0x04,0x1E,0x00,0x04,0x1E,0x00,
	0x04,0x14,0x00,0x04,0x12,0x02,0x04,0x18,0x00,0x04,0x18,0x02,0x04,0x14,0x00,0x04,0x94,0x00,0x6C,0x9C,
	0x00,0x08,0x54,0x00,0x10,0x15,0x00,0x00,0x10,0x00,0x00,0x11,0x00,0x00,0x50,0x00,0x10,0xF5,0x00,0x88,
	0x7C,0x00,0x88,0x78,0x00,0x88,0x78,0x00,0x88,0x38,0x00,0x80,0x20,0x00,0x84,0x10,0x00,0x84,0x10,0x00,
	0x84,0x10,0x00,0x84,0x10,0x00,0x84,0x10,0x00,0x84,0x10,0x00,0x84,0x10,0x00,0x84,0x10,0x00,0x00,0x18,
	0x00,0x00,0x10,0x00,0x00,0x10,0x00,0x00,0x86,0x00,0x10,0x00,0x00,0x50,0x00,0x00,0x90,0x00,0x00,0x14,
	0x00,0x00,0x14,0x00,0x00,0x10,0x00,0x00,0x10,0x00,0x00,0x8A,0x00,0x10,0x00,0x00,0x10,0x00,0x00,0x10,
	0x00,0x00,0x10,0x00,0x00,0x10,0x00,0x00,0x10,0x00,0x00,0x10,0x00,0x00,0x10,0x00,0x00,0x10,0x00,0x00,
	0x10,0x00,0x00,0x10,0x00,0x00,0x82,0x00,0x10,0x00,0x00,0x50,0x00,0x00,0x90,0x00,0xB4,0xC6,0x14,0x00,
	0x8A,0x08,0x00,0x8A,0x00,0x00,0x8A,0x24,0x00,0x82,0xB0,0x00,0x80,0x14,0x00,0x8A,0x1A,0x00,0x82,0x10,
	0x02,0x82,0x56,0x00,0x82,0x38,0x00,0x86,0x18,0x01,0x84,0x98,0x00,0x8A,0x19,0x00,0x5C,0x59,0x00,0x00,
	0x14,0x00,0x48,0x10,0x00,0x00,0x08,0x00,0x00,0x18,0x00,0x00,0x09,0x04,0x81,0x04,0x03,0x08,0x1C,0x00,
	0x02,0x1C,0x00,0x02,0x18,0x00,0x02,0x3C,0x00,0x0A,0x28,0x00,0x08,0x08,0x00,0x08,0x0E,0x00,0x08,0x08,
	0x02,0x08,0x0E,0x00,0x08,0x00,0x00,0x00,0x04,0x01,0x00,0x8C,0x00,0x08,0x0C,0x00,0x1C,0x40,0x00,0x00,
	0x08,0x00,0x48,0x08,0x00,0x00,0x10,0x00,0x00,0x08,0x00,0x00,0x09,0x04,0x01,0x40,0x02,0x00,0x18,0x00,
	0x00,0x18,0x00,0x00,0x1C,0x00,0x00,0x3C,0x00,0x08,0x24,0x00,0x08,0x04,0x00,0x08,0x04,0x00,0x08,0x00,
	0x00,0x08,0x00,0x00,0x08,0x00,0x00,0x00,0x04,0x00,0x00,0x0C,0x00,0x00,0x0C,0x00,0x00,0x89,0x00,0x08,
	0x00,0x00,0x08,0x00,0x00,0x10,0x00,0x00,0x08,0x00,0x00,0x08,0x04,0x01,0x40,0x02,0x00,0x10,0x00,0x00,
	0x10,0x00,0x00,0x10,0x00,0x00,0x10,0x00,0x01,0x80,0x00,0x04,0x00,0x03,0x81,0x00,0x08,0x00,0x00,0x08,
	0x00,0x02,0x80,0x00,0x10,0x00,0x00,0x81,0x00,0x00,0x04,0x00,0x40,0x02,0xB4,0x4E,0x1B,0x00,0x00,0x8A,
	0x00,0x00,0xA6,0x00,0x00,0x82,0x00,0x08,0x02,0x00,0x08,0x06,0x00,0x40,0x42,0x02,0x40,0x44,0x00,0x40,
	0x06,0x01,0x42,0x04,0x01,0x4E,0x82,0x00,0x48,0x08,0x00,0x46,0x5B,0x00,0x38,0x1D,0x00,0x40,0x39,0x02,
	0x08,0x0A,0x01,0x18,0x8C,0x00,0x08,0x04,0x00,0x24,0x15,0x00,0x8C,0xA0,0x00,0x42,0x1C,0x00,0x4A,0x1C,
	0x00,0x4A,0x3C,0x00,0x4A,0x1C,0x00,0x4A,0x1C,0x00,0x4A,0x18,0x00,0x0A,0x1C,0x02,0x0A,0x18,0x00,0x0A,
	0x18,0x01,0x0A,0x1C,0x01,0x0E,0x98,0x00,0x0E,0x10,0x00,0x06,0x52,0x00,0x08,0x18,0x00,0x00,0x38,0x00,
	0x08,0x08,0x00,0x08,0x0D,0x00,0x08,0x0D,0x00,0x00,0x1C,0x00,0x00,0x21,0x00,0x02,0x04,0x00,0x02,0x04,
	0x00,0x02,0x20,0x00,0x02,0x04,0x00,0x02,0x08,0x00,0x00,0x0C,0x00,0x00,0x08,0x00,0x00,0x08,0x00,0x00,
	0x08,0x00,0x00,0x08,0x00,0x04,0x0C,0x00,0x04,0x04,0x00,0x04,0x04,0x00,0x02,0x83,0x00,0x09,0x00,0x00,
	0x01,0x00,0x00,0x10,0x00,0x00,0x05,0x00,0x01,0x8A,0x00,0x04,0x00,0x00,0x04,0x00,0x00,0x0C,0x00,0x00,
	0x0C,0x00,0x00,0x08,0x00,0x00,0x08,0x00,0x00,0x08,0x00,0x00,0x08,0x00,0x00,0x0C,0x00,0x00,0x04,0x00,
	0x00,0x04,0x00,0x04,0x80,0x00,0x10,0x00,0x00,0xA1,0x45,0xBE,0x00,0x44,0x1F,0x00,0x40,0x1F,0x02,0x42,
	0x17,0x00,0x4A,0x1B,0x02,0x48,0x5F,0x02,0x08,0x0D,0x01,0x08,0x03,0x01,0x08,0x23,0x00,0x08,0x05,0x00,
	0x08,0x06,0x00,0x08,0x5C,0x00,0x0A,0x0C,0x00,0x60,0x0A,0x02,0x42,0x0A,0x00,0x22,0x88,0x00,0x00,0x0A,
	0x00,0x00,0x4D,0x04,0x20,0x28,0x00,0x00,0x6F,0x02,0x00,0x3A,0x00,0x00,0x1A,0x00,0x00,0x1A,0x02,0x00,
	0x1E,0x00,0x00,0x12,0x02,0x02,0x16,0x02,0x42,0x06,0x01,0x42,0x00,0x01,0x42,0x00,0x00,0x42,0x00,0x00,
	0x42,0x06,0x00,0x42,0x46,0x00,0x40,0x02,0x00,0x20,0x02,0x00,0x00,0x80,0x20,0x02,0x00,0x00,0x91,0x00,
	0x04,0x04,0x00,0x21,0x00,0x00,0x00,0x02,0x00,0x3A,0x00,0x00,0x1A,0x00,0x00,0x1A,0x00,0x00,0x1E,0x00,
	0x00,0x12,0x00,0x02,0x16,0x00,0x02,0x06,0x00,0x02,0x00,0x00,0x02,0x00,0x00,0x02,0x00,0x00,0x02,0x02,
	0x00,0x02,0x02,0x00,0x00,0x02,0x00,0x20,0x02,0x00,0x00,0x02,0x00,0x01,0x89,0x00,0x00,0x04,0x00,0x21,
	0x00,0x00,0x00,0x02,0x00,0x0A,0x00,0x00,0x0A,0x00,0x00,0x0A,0x00,0x00,0x0A,0x00,0x00,0x02,0x00,0x00,
	0x02,0x00,0x00,0x02,0x00,0x09,0x82,0x00,0x00,0x04,0x00,0x20,0x00,0x00,0x00,0x02,0xB7,0x04,0x02,0x02,
	0x05,0x26,0x02,0x41,0x06,0x00,0x01,0x0A,0x02,0x05,0x4C,0x00,0x04,0x1C,0x00,0x04,0x0A,0x00,0x00,0x0E,
	0x00,0x00,0x0E,0x04,0x02,0x0A,0x00,0x02,0x04,0x04,0x02,0x0C,0x00,0x00,0x0C,0x02,0x58,0x2C,0x00,0x00,
	0x9E,0x01,0x40,0x04,0x00,0x20,0x01,0x00,0x00,0x2D,0x00,0x24,0x09,0x02,0x00,0xA8,0x00,0x44,0x00,0x02,
	0x44,0x20,0x02,0x04,0x00,0x00,0x44,0x00,0x02,0x40,0x06,0x00,0x40,0x16,0x00,0x40,0x06,0x00,0x40,0x02,
	0x00,0x40,0x02,0x00,0x40,0x04,0x00,0x40,0x0C,0x00,0x40,0x0C,0x00,0x42,0x08,0x00,0x50,0x2E,0x00,0x00,
	0x18,0x00,0x00,0x02,0x00,0x00,0x0B,0x00,0x00,0x0F,0x00,0x00,0x0B,0x02,0x00,0x2A,0x00,0x44,0x00,0x00,
	0x44,0x20,0x00,0x44,0x00,0x00,0x44,0x00,0x00,0x40,0x04,0x00,0x40,0x14,0x00,0x40,0x04,0x00,0x40,0x00,
	0x00,0x40,0x00,0x00,0x40,0x00,0x00,0x40,0x0A,0x00,0x40,0x0A,0x00,0x42,0x0A,0x00,0x10,0x0C,0x00,0x00,
	0x08,0x00,0x00,0x02,0x00,0x00,0x82,0x00,0x08,0x00,0x00,0x08,0x02,0x00,0x28,0x00,0x09,0x84,0x00,0x0A,
	0x00,0x00,0x0A,0x00,0x00,0x0A,0x00,0x00,0x08,0x00,0x00,0x08,0x00,0x01,0x82,0x00,0x08,0x00,0x00,0x08,
	0x02,0x00,0x28,0x00,0x8D,0x45,0x0A,0x00,0x05,0x0E,0x00,0x45,0x0E,0x00,0x04,0x0A,0x00,0x04,0x1C,0x00,
	0x05,0x0C,0x00,0x45,0x0C,0x00,0x45,0x0C,0x04,0x04,0x0C,0x00,0x44,0x0E,0x00,0x04,0x1E,0x00,0x00,0x0E,
	0x00,0x40,0x0C,0x00,0x48,0x02,0x00,0x00,0x83,0x00,0x08,0x00,0x10,0x08,0x00,0x10,0x04,0x00,0x08,0x04,
	0x00,0x00,0x92,0x41,0x0E,0x00,0x41,0x0E,0x00,0x01,0x0E,0x00,0x40,0x0E,0x00,0x44,0x18,0x00,0x44,0x08,
	0x00,0x44,0x0C,0x00,0x40,0x0C,0x00,0x40,0x0C,0x00,0x40,0x0A,0x00,0x40,0x00,0x00,0x40,0x00,0x00,0x40,
	0x04,0x00,0x08,0x00,0x00,0x00,0x02,0x00,0x00,0x0A,0x00,0x00,0x0A,0x00,0x00,0x02,0x00,0x08,0x02,0x00,
	0x00,0x89,0x00,0x0C,0x00,0x00,0x0C,0x00,0x00,0x0C,0x00,0x00,0x0C,0x00,0x04,0x18,0x00,0x04,0x08,0x00,
	0x04,0x08,0x00,0x00,0x08,0x00,0x00,0x08,0x00,0x00,0x08,0x00,0x01,0x81,0x00,0x04,0x00,0x08,0x00,0x00,
	0x00,0x8E,0x00,0x0A,0x00,0x00,0x0A,0x00,0x00,0x02,0x00,0x00,0x02,0x00,0x00,0x02,0x00,0x00,0x08,0x00,
	0x00,0x08,0x00,0x00,0x08,0x00,0x00,0x08,0x00,0x00,0x08,0x00,0x00,0x08,0x00,0x00,0x08,0x00,0x00,0x08,
	0x00,0x00,0x08,0x00,0x00,0x08,0x00,0x01,0x80,0x00,0x04,0x00,0x01,0x81,0x00,0x08,0x00,0x00,0x08,0x00,
	0x02,0x01,0x91,0x00,0x04,0x00,0x00,0x10,0x01,0x04,0x00,0x00,0x00,0x04,0x01,0x40,0x00,0x00,0x44,0x00,
	0x00,0x05,0x84,0x00,0x40,0x98,0x04,0x00,0x40,0x00,0x04,0x04,0x00,0x44,0x20,0x00,0x00,0x1C,0x01,0x04,
	0x06,0x00,0x00,0x04,0x00,0x00,0x42,0x04,0x00,0x02,0x00,0x00,0x82,0x01,0x00,0x04,0x00,0x02,0x80,0x00,
	0x10,0x01,0x00,0x80,0x00,0x04,0x01,0x00,0x8C,0x04,0x00,0x00,0x04,0x80,0x00,0x00,0x80,0x00,0x00,0x40,
	0x00,0x04,0x04,0x00,0x04,0x20,0x00,0x00,0x10,0x00,0x04,0x04,0x00,0x00,0x04,0x00,0x00,0x00,0x04,0x00,
	0x02,0x00,0x00,0x82,0x01,0x00,0x04,0x00,0x02,0x80,0x00,0x10,0x00,0x02,0x81,0x04,0x00,0x00,0x04,0x00,
	0x00,0x01,0x80,0x00,0x04,0x00,0x01,0x84,0x00,0x04,0x00,0x00,0x04,0x00,0x00,0x00,0x04,0x00,0x02,0x00,
	0x00,0x82,0x01,0x0B,0x80,0x00,0x04,0x00,0x03,0x80,0x00,0x00,0x04,0x00,0x80,0x00,0x80,0x01,0x00,0x02,
	0x8A,0x01,0x40,0x00,0x00,0x0C,0x01,0x04,0x08,0x04,0x00,0x00,0x04,0x00,0x8C,0x00,0x00,0x08,0x00,0x05,
	0x40,0x00,0x02,0x04,0x00,0x02,0x00,0x02,0x00,0x00,0x01,0x00,0x02,0x00,0x00,0x84,0x04,0x42,0x04,0x00,
	0x24,0x00,0x00,0x0C,0x02,0x02,0x00,0x00,0x08,0x00,0x00,0x02,0x81,0x01,0x00,0x00,0x00,0x04,0x01,0x01,
	0x80,0x00,0x80,0x00,0x00,0x81,0x04,0x40,0x00,0x00,0x04,0x00,0x01,0x80,0x00,0x02,0x00,0x00,0x80,0x04,
	0x00,0x04,0x00,0x80,0x00,0x04,0x02,0x00,0x80,0x08,0x00,0x00,0x08,0x81,0x04,0x00,0x00,0x00,0x04,0x00,
	0x03,0x80,0x00,0x00,0x04,0x00,0x80,0x00,0x04,0x02,0x0B,0x80,0x00,0x04,0x00,0x03,0x80,0x00,0x00,0x04,
	0x00,0x80,0x00,0x00,0x02,0x01,0x99,0x00,0x0C,0x04,0x40,0x08,0x04,0x41,0x04,0x05,0x03,0x00,0x04,0x44,
	0x0C,0x04,0x04,0x0C,0x00,0x40,0x00,0x00,0x40,0x2C,0x00,0x45,0x08,0x00,0x45,0x0A,0x00,0x42,0x04,0x02,
	0x02,0x20,0x01,0x04,0x10,0x00,0x08,0x8E,0x00,0x04,0x40,0x04,0x04,0x02,0x00,0x00,0x04,0x02,0x10,0x0C,
	0x01,0x42,0x01,0x00,0x00,0x30,0x04,0x00,0x0C,0x00,0x00,0x08,0x00,0x01,0x00,0x01,0x01,0x00,0x00,0x00,
	0x04,0x00,0x00,0x04,0x00,0x01,0x8D,0x04,0x00,0x00,0x04,0x02,0x00,0x00,0x04,0x00,0x00,0x20,0x00,0x04,
	0x10,0x00,0x08,0x02,0x00,0x04,0x00,0x04,0x04,0x00,0x00,0x00,0x00,0x02,0x00,0x04,0x01,0x00,0x01,0x00,
	0x00,0x10,0x00,0x00,0x0C,0x00,0x00,0x08,0x00,0x05,0x82,0x04,0x00,0x00,0x04,0x00,0x00,0x00,0x04,0x00,
	0x01,0x81,0x08,0x00,0x00,0x00,0x00,0x04,0x00,0x81,0x00,0x00,0x02,0x00,0x04,0x01,0x00,0x82,0x00,0x10,
	0x00,0x00,0x08,0x00,0x00,0x08,0x00,0x07,0x80,0x00,0x04,0x00,0x02,0x80,0x00,0x00,0x04,0x00,0x81,0x00,
	0x00,0x02,0x00,0x00,0x01,0x00,0x80,0x00,0x10,0x00,0x8F,0x41,0x06,0x00,0x45,0x06,0x00,0x04,0x4E,0x00,
	0x44,0x0C,0x00,0x40,0x0C,0x00,0x44,0x08,0x00,0x47,0xAC,0x00,0x47,0x00,0x00,0x40,0x04,0x00,0x00,0x00,
	0x02,0x00,0x08,0x00,0x44,0x0C,0x00,0x40,0x88,0x00,0x40,0x01,0x00,0x00,0x07,0x00,0x00,0x04,0x00,0x00,
	0x8B,0x00,0x02,0x00,0x24,0x08,0x00,0x08,0x00,0x00,0x41,0x02,0x00,0x41,0x06,0x00,0x00,0x0E,0x00,0x00,
	0x08,0x00,0x40,0x08,0x00,0x04,0x08,0x00,0x44,0x8C,0x00,0x44,0x00,0x00,0x40,0x00,0x00,0x01,0x80,0x04,
	0x04,0x00,0x00,0x82,0x00,0x01,0x00,0x00,0x05,0x00,0x00,0x04,0x00,0x00,0x82,0x00,0x02,0x00,0x00,0x08,
	0x00,0x08,0x00,0x00,0x00,0x86,0x00,0x04,0x00,0x00,0x0C,0x00,0x00,0x08,0x00,0x00,0x08,0x00,0x04,0x08,
	0x00,0x04,0x08,0x00,0x04,0x00,0x00,0x02,0x80,0x00,0x04,0x00,0x01,0x81,0x00,0x04,0x00,0x00,0x04,0x00,
	0x00,0x81,0x00,0x02,0x00,0x00,0x08,0x00,0x02,0x84,0x00,0x08,0x00,0x00,0x08,0x00,0x00,0x08,0x00,0x00,
	0x08,0x00,0x00,0x08,0x00,0x03,0x80,0x00,0x04,0x00,0x05,0x80,0x00,0x08,0x00,0x00,0x93,0x44,0x0A,0x00,
	0x44,0x0E,0x00,0x05,0x0A,0x00,0x05,0x1E,0x00,0x43,0x0E,0x00,0x07,0x0E,0x00,0x44,0x0C,0x00,0x46,0x06,
	0x00,0x44,0x0E,0x00,0x04,0x0C,0x00,0x00,0x0C,0x01,0x00,0x0A,0x00,0x00,0x05,0x00,0x10,0x0A,0x04,0x20,
	0x0A,0x00,0x60,0x0F,0x02,0x00,0x0B,0x01,0x20,0x17,0x00,0x48,0x46,0x00,0x00,0x20,0x00,0x00,0x84,0x04,
	0x00,0x00,0x44,0x00,0x00,0x44,0x16,0x00,0x04,0x06,0x00,0x40,0x02,0x00,0x00,0x8B,0x00,0x0E,0x00,0x00,
	0x0E,0x00,0x40,0x08,0x00,0x40,0x08,0x00,0x40,0x08,0x00,0x40,0x05,0x00,0x10,0x08,0x04,0x00,0x0A,0x00,
	0x20,0x0B,0x02,0x00,0x09,0x01,0x00,0x01,0x00,0x08,0x42,0x00,0x01,0x83,0x04,0x00,0x00,0x04,0x00,0x00,
	0x04,0x14,0x00,0x04,0x04,0x00,0x01,0x89,0x00,0x08,0x00,0x00,0x08,0x00,0x00,0x08,0x00,0x00,0x08,0x00,
	0x00,0x08,0x00,0x00,0x04,0x00,0x10,0x08,0x04,0x00,0x08,0x00,0x00,0x0A,0x02,0x00,0x08,0x01,0x00,0x80,
	0x00,0x42,0x00,0x07,0x89,0x00,0x08,0x00,0x00,0x08,0x00,0x00,0x08,0x00,0x00,0x08,0x00,0x00,0x08,0x00,
	0x00,0x04,0x00,0x00,0x08,0x04,0x00,0x08,0x00,0x00,0x08,0x02,0x00,0x08,0x01,0x00,0x80,0x00,0x40,0x00,
	0x00,0x83,0x85,0x06,0x00,0x01,0x0E,0x00,0x00,0x1A,0x00,0x00,0x18,0x00,0x00,0xB1,0x00,0x06,0x00,0x0A,
	0x04,0x00,0x08,0x06,0x02,0x08,0x0E,0x02,0x08,0x0A,0x00,0x08,0x0E,0x00,0x08,0x08,0x00,0x08,0x17,0x00,
	0x78,0x0E,0x00,0x42,0x0C,0x00,0x02,0x28,0x00,0x20,0x10,0x00,0x48,0x0C,0x00,0x40,0x34,0x00,0x80,0x9C,
	0x00,0x44,0x1A,0x00,0x40,0x12,0x00,0x40,0x12,0x00,0x40,0x12,0x00,0x40,0x02,0x00,0x40,0x04,0x00,0x42,
	0x06,0x00,0x42,0x00,0x00,0x42,0x00,0x00,0x42,0x04,0x00,0x42,0x04,0x00,0x42,0x04,0x00,0x42,0x1B,0x00,
	0x60,0x06,0x00,0x00,0x02,0x00,0x00,0x02,0x00,0x00,0x0A,0x00,0x08,0x0E,0x00,0x00,0x26,0x00,0x00,0x1C,
	0x00,0x44,0x1A,0x00,0x40,0x12,0x00,0x40,0x12,0x00,0x40,0x12,0x00,0x40,0x02,0x00,0x40,0x04,0x00,0x42,
	0x04,0x00,0x42,0x00,0x00,0x42,0x00,0x00,0x42,0x00,0x00,0x42,0x00,0x00,0x42,0x00,0x00,0x42,0x0A,0x00,
	0x20,0x06,0x00,0x00,0x02,0x00,0x01,0x87,0x00,0x08,0x00,0x00,0x20,0x00,0x00,0x18,0x00,0x00,0x0A,0x00,
	0x00,0x02,0x00,0x00,0x02,0x00,0x00,0x02,0x00,0x00,0x02,0x00,0x06,0x82,0x00,0x0A,0x00,0x00,0x02,0x00,
	0x00,0x02,0x00,0x01,0x82,0x00,0x08,0x00,0x00,0x20,0x00,0x00,0x18,0x00,0xB7,0x08,0x03,0x00,0x88,0x13,
	0x01,0x88,0x03,0x00,0x08,0x0B,0x00,0x0C,0x07,0x00,0x04,0x3D,0x00,0x0E,0x0D,0x02,0x4C,0x0D,0x00,0x48,
	0x0D,0x00,0x48,0x05,0x01,0x44,0x07,0x00,0x44,0x87,0x04,0x47,0x0A,0x04,0x38,0x5B,0x00,0x09,0x0B,0x02,
	0x00,0x09,0x01,0x4C,0x09,0x00,0x04,0x89,0x00,0x80,0x14,0x04,0x00,0x0A,0x01,0x42,0x1C,0x00,0x42,0x1C,
	0x01,0x42,0x1C,0x00,0x42,0x1C,0x00,0x42,0x1C,0x00,0x4A,0x06,0x00,0x48,0x16,0x00,0x4A,0x12,0x00,0x4A,
	0x12,0x00,0x4A,0x02,0x00,0x42,0x06,0x00,0x42,0x06,0x04,0x40,0x08,0x04,0x18,0x1B,0x00,0x09,0x0B,0x02,
	0x00,0x09,0x01,0x08,0x01,0x00,0x00,0x81,0x00,0x00,0x0C,0x00,0x00,0x20,0x00,0x02,0x04,0x00,0x02,0x0C,
	0x00,0x02,0x0C,0x00,0x02,0x0C,0x00,0x02,0x0C,0x00,0x02,0x06,0x00,0x00,0x06,0x00,0x00,0x02,0x00,0x00,
	0x02,0x00,0x00,0x02,0x00,0x00,0x02,0x00,0x00,0x02,0x04,0x00,0x00,0x04,0x00,0x02,0x00,0x01,0x02,0x02,
	0x00,0x00,0x01,0x00,0x80,0x00,0x80,0x00,0x00,0x80,0x00,0x20,0x00,0x00,0x8E,0x00,0x08,0x00,0x00,0x08,
	0x00,0x00,0x08,0x00,0x00,0x08,0x00,0x00,0x02,0x00,0x00,0x02,0x00,0x00,0x02,0x00,0x00,0x02,0x00,0x00,
	0x02,0x00,0x00,0x02,0x00,0x00,0x02,0x04,0x00,0x00,0x04,0x00,0x02,0x00,0x00,0x02,0x02,0x00,0x00,0x01,
	0x00,0x80,0x00,0x80,0x00,0x00,0x80,0x00,0x20,0x00,0xC6,0x80,0x07,0x01,0x88,0x5B,0x00,0x08,0x1B,0x00,
	0x88,0x13,0x02,0x88,0x1A,0x02,0x80,0xA0,0x02,0x80,0x18,0x00,0xC2,0x04,0x00,0x46,0x44,0x05,0x42,0x14,
	0x04,0x4A,0xB6,0x04,0x42,0x0E,0x00,0xCB,0x07,0x00,0xE8,0x01,0x02,0x90,0x31,0x01,0x40,0x07,0x00,0xA4,
	0x95,0x04,0x84,0x49,0x04,0x1A,0x27,0x02,0x19,0xCF,0x02,0x0A,0x1A,0x01,0x02,0x16,0x00,0x82,0x16,0x00,
	0x82,0x16,0x00,0x82,0x1E,0x00,0x8A,0x84,0x00,0x8A,0x14,0x00,0x88,0x1C,0x00,0x88,0x5C,0x04,0x88,0x0C,
	0x04,0x8C,0x28,0x04,0x84,0x10,0x00,0x0F,0x1A,0x00,0x68,0x1E,0x02,0x10,0x0E,0x01,0x40,0x1A,0x00,0x00,
	0x9A,0x00,0x00,0x46,0x00,0x10,0x0B,0x00,0x11,0x8B,0x00,0x80,0x1C,0x00,0x88,0x18,0x00,0x08,0x18,0x00,
	0x08,0x18,0x00,0x08,0x10,0x00,0x08,0x18,0x00,0x08,0x18,0x00,0x08,0x18,0x00,0x08,0x18,0x04,0x08,0x18,
	0x04,0x04,0x18,0x04,0x04,0x00,0x00,0x04,0x00,0x00,0x00,0x0C,0x02,0x00,0x0C,0x01,0x00,0x18,0x00,0x00,
	0x98,0x00,0x00,0x48,0x00,0x00,0x08,0x00,0x01,0x00,0x00,0x00,0x14,0x00,0x00,0x10,0x00,0x00,0x10,0x00,
	0x00,0x10,0x00,0x00,0x10,0x00,0x00,0x18,0x00,0x00,0x18,0x00,0x00,0x18,0x00,0x00,0x18,0x04,0x00,0x18,
	0x04,0x00,0x18,0x04,0x01,0x84,0x00,0x00,0x02,0x00,0x00,0x01,0x00,0x10,0x00,0x00,0x90,0x00,0x00,0x40,
	0x00,0x01,0xCA,0x98,0x0A,0x00,0x80,0x4E,0x00,0x00,0x36,0x02,0x00,0x22,0x00,0x00,0x2D,0x00,0x04,0x1F,
	0x00,0x04,0x37,0x04,0x84,0x2F,0x04,0x04,0x3E,0x00,0x00,0x38,0x00,0x18,0x1D,0x00,0x10,0x09,0x00,0x79,
	0x57,0x00,0x07,0x1B,0x00,0x24,0x3F,0x00,0x8A,0x0F,0x04,0x1A,0x19,0x00,0x1A,0x11,0x02,0x01,0x54,0x01,
	0x20,0x20,0x03,0x8C,0x06,0x00,0x94,0x02,0x00,0x14,0x3A,0x00,0x14,0x3E,0x00,0x14,0x36,0x00,0x10,0x24,
	0x00,0x10,0x24,0x04,0x10,0x2C,0x04,0x10,0x2C,0x00,0x10,0x24,0x00,0x00,0x04,0x00,0x08,0x1C,0x00,0x16,
	0x06,0x00,0x01,0x06,0x00,0x20,0x06,0x00,0x00,0x12,0x00,0x10,0x18,0x00,0x10,0x08,0x00,0x01,0x00,0x00,
	0x20,0x98,0x03,0x0C,0x38,0x00,0x04,0x3C,0x00,0x84,0x1C,0x00,0x84,0x1C,0x00,0x84,0x14,0x00,0x84,0x04,
	0x00,0x84,0x04,0x04,0x84,0x04,0x04,0x84,0x04,0x00,0x84,0x04,0x00,0x84,0x04,0x00,0x84,0x1C,0x00,0x84,
	0x14,0x00,0x01,0x10,0x00,0x00,0x10,0x00,0x00,0x04,0x00,0x00,0x04,0x00,0x00,0x14,0x00,0x01,0x04,0x00,
	0x00,0x50,0x00,0x00,0x30,0x00,0x00,0x34,0x00,0x00,0x14,0x00,0x00,0x14,0x00,0x00,0x14,0x00,0x00,0x04,
	0x00,0x00,0x04,0x04,0x00,0x04,0x04,0x00,0x04,0x00,0x00,0x04,0x00,0x00,0x04,0x00,0x00,0x1C,0x00,0x00,
	0x14,0x00,0x00,0x10,0x00,0x00,0x10,0x00,0x01,0x80,0x00,0x10,0x00,0x00,0x80,0x00,0x50,0x00,0xCD,0x38,
	0x44,0x01,0x28,0xC4,0x01,0x28,0x3C,0x03,0x20,0x0A,0x03,0x20,0x10,0x02,0x25,0x84,0x02,0x25,0xC4,0x06,
	0xA5,0xE4,0x04,0xA5,0x37,0x05,0x85,0x49,0x04,0xBD,0xCC,0x00,0x93,0xE0,0x00,0x0E,0x2C,0x00,0x3A,0x24,
	0x00,0xC8,0x3D,0x01,0x57,0x20,0x04,0x35,0x8E,0x00,0x57,0x1E,0x02,0x52,0xCE,0x01,0xF2,0x5A,0x06,0x25,
	0x17,0x01,0x35,0x17,0x01,0x35,0x2F,0x01,0x35,0x2B,0x01,0x35,0x23,0x00,0x31,0x93,0x00,0x31,0x93,0x04,
	0x31,0x93,0x04,0x31,0x51,0x04,0x31,0x39,0x04,0x09,0x39,0x00,0x29,0x39,0x00,0x9E,0x01,0x00,0x32,0x10,
	0x00,0xC0,0x19,0x01,0x41,0x30,0x00,0x21,0x9A,0x00,0x63,0x1A,0x00,0x62,0x06,0x01,0xC2,0x26,0x05,0x18,
	0x69,0x00,0x18,0x69,0x00,0x18,0x49,0x00,0x18,0x49,0x00,0x18,0x49,0x00,0x18,0x59,0x00,0x18,0x59,0x04,
	0x18,0x59,0x04,0x18,0x59,0x04,0x18,0x39,0x04,0x10,0x39,0x00,0x10,0x39,0x00,0xFE,0x20,0x00,0x02,0x38,
	0x00,0x00,0x38,0x01,0x01,0x18,0x00,0x01,0xB8,0x00,0x03,0x38,0x00,0x02,0x08,0x00,0x02,0xE0,0x03,0x00,
	0x68,0x00,0x00,0x68,0x00,0x00,0x48,0x00,0x00,0x48,0x00,0x00,0x48,0x00,0x00,0x58,0x00,0x00,0x58,0x04,
	0x00,0x58,0x04,0x00,0x58,0x04,0x00,0x38,0x04,0x00,0x38,0x00,0x00,0x38,0x00,0x00,0x20,0x00,0x00,0x20,
	0x00,0x00,0x20,0x01,0x00,0x20,0x00,0x00,0xA0,0x00,0x00,0x20,0x00,0x00,0x80,0x00,0xE0,0x03,0xCC,0x2F,
	0x40,0x07,0x2F,0xE8,0x07,0x2F,0xEC,0x07,0x23,0x4E,0x07,0x23,0x16,0x00,0x22,0xB2,0x01,0x22,0xF2,0x01,
	0x22,0x12,0x03,0xE2,0xB0,0x02,0x86,0x88,0x01,0xA6,0x80,0x01,0x08,0x70,0x01,0x3F,0xA0,0x00,0xFA,0x81,
	0x02,0x50,0x9A,0x02,0xA6,0xE0,0x01,0xA6,0x50,0x04,0xCC,0x50,0x03,0xCE,0xF5,0x06,0x5A,0xC4,0x00,0x82,
	0x74,0x02,0x82,0x5C,0x02,0x82,0xDC,0x02,0x86,0xDC,0x02,0x86,0x94,0x01,0x86,0x34,0x00,0x86,0x34,0x00,
	0x86,0x74,0x00,0x46,0xF6,0x00,0x46,0x96,0x00,0x66,0x92,0x00,0x26,0x05,0x00,0x8F,0x61,0x00,0xCA,0x71,
	0x02,0x00,0x7A,0x02,0xC6,0x10,0x01,0xC6,0xB0,0x00,0x8D,0x70,0x00,0x8D,0x95,0x00,0x1D,0xD4,0x03,0x50,
	0x76,0x01,0x50,0x76,0x01,0x50,0x76,0x01,0x50,0x76,0x01,0x50,0x76,0x01,0x50,0xF6,0x00,0x50,0xF6,0x00,
	0x50,0xF6,0x00,0x10,0xF6,0x00,0x10,0x96,0x00,0x10,0x96,0x00,0xE8,0xD2,0x00,0x0F,0x80,0x00,0x0A,0x90,
	0x02,0x00,0x90,0x02,0x06,0xB0,0x01,0x06,0x90,0x00,0x0C,0x10,0x00,0x0C,0x00,0x03,0x1C,0x40,0x07,0x00,
	0x70,0x01,0x00,0x70,0x01,0x00,0x70,0x01,0x00,0x70,0x01,0x00,0x70,0x01,0x00,0xF0,0x00,0x00,0xF0,0x00,
	0x00,0xF0,0x00,0x00,0xF0,0x00,0x00,0x90,0x00,0x00,0x90,0x00,0x00,0xD0,0x00,0x00,0xC0,0x00,0x00,0xC0,
	0x02,0x00,0xC0,0x02,0x00,0xC0,0x01,0x00,0xC0,0x00,0x00,0x81,0x00,0x00,0x03,0x00,0x40,0x07,0xCB,0x18,
	0xFA,0x05,0x18,0xD2,0x06,0x18,0xD6,0x04,0x1C,0x56,0x00,0x9C,0x06,0x05,0x9C,0x06,0x00,0x9C,0x06,0x03,
	0x8C,0xD5,0x03,0x4C,0xB4,0x00,0x08,0xFC,0x03,0xF8,0xED,0x07,0x1C,0x31,0x07,0x75,0xF7,0x06,0x4A,0x5E,
	0x00,0xAE,0x50,0x03,0x98,0x92,0x00,0x9F,0x12,0x00,0x9B,0xD6,0x02,0xB9,0xEB,0x05,0xC5,0x26,0x03,0x2C,
	0xF0,0x05,0x2C,0xD8,0x07,0x2C,0xD8,0x07,0x28,0xD8,0x07,0x28,0x88,0x06,0x28,0x08,0x03,0x28,0x08,0x02,
	0x38,0x49,0x02,0xF8,0x09,0x00,0xF8,0x09,0x00,0x18,0x1F,0x05,0x1C,0x95,0x05,0xB5,0xD7,0x05,0x0A,0x5E,
	0x03,0x0E,0x50,0x00,0x18,0x13,0x01,0x18,0x93,0x04,0x16,0x17,0x04,0x36,0xCA,0x02,0x7E,0xA7,0x06,0x40,
	0xD9,0x05,0x40,0xD9,0x05,0x40,0xD9,0x05,0x40,0xD9,0x05,0x40,0xD9,0x07,0x40,0x59,0x02,0x40,0x59,0x02,
	0x40,0x58,0x02,0x00,0x58,0x02,0x00,0x58,0x02,0x80,0x48,0x07,0x1C,0x03,0x06,0x35,0x40,0x06,0x0A,0x40,
	0x02,0x0E,0x40,0x02,0x18,0x40,0x00,0x18,0x40,0x01,0x10,0x00,0x04,0x30,0x00,0x02,0x60,0xC0,0x07,0x00,
	0xC0,0x05,0x00,0xC0,0x05,0x00,0xC0,0x05,0x00,0xC0,0x05,0x00,0xC0,0x07,0x00,0x40,0x02,0x00,0x40,0x02,
	0x00,0x40,0x02,0x00,0x40,0x02,0x00,0x40,0x02,0x00,0x40,0x07,0x00,0x00,0x07,0x00,0x00,0x07,0x00,0x00,
	0x03,0x00,0x00,0x03,0x00,0x00,0x01,0x00,0x82,0x00,0x00,0x04,0x00,0x00,0x02,0x00,0xC0,0x07,0xC8,0x20,
	0xD4,0x04,0x20,0xD6,0x07,0x20,0x56,0x06,0x20,0x16,0x06,0xA0,0x06,0x01,0xA0,0xC6,0x07,0xA0,0xC6,0x00,
	0xB0,0xD3,0x00,0xB0,0xD6,0x04,0xB0,0xF2,0x01,0x00,0xE9,0x05,0xE4,0xCD,0x04,0x04,0x7B,0x06,0xBC,0x4B,
	0x06,0x30,0x47,0x00,0x68,0xCE,0x00,0x78,0xDA,0x01,0xF4,0x7A,0x06,0x84,0x76,0x04,0x52,0x0E,0x00,0xB0,
	0xA6,0x05,0xB0,0xA4,0x07,0xB0,0x24,0x06,0xB0,0x64,0x02,0xB0,0x74,0x05,0xB0,0x74,0x03,0xB0,0x74,0x02,
	0xA0,0x77,0x02,0xA0,0x73,0x06,0x60,0x76,0x06,0x00,0x7B,0x05,0xE4,0x4E,0x06,0x04,0x78,0x06,0x3C,0x48,
	0x00,0x30,0x44,0x01,0x60,0x4C,0x02,0x6F,0x5C,0x02,0xE8,0xF8,0x00,0xF8,0xF4,0x07,0x90,0x8B,0x05,0x00,
	0x61,0x07,0x00,0x63,0x07,0x00,0x63,0x07,0x00,0x23,0x07,0x00,0x23,0x05,0x00,0x23,0x03,0x00,0x23,0x03,
	0x00,0x20,0x03,0x00,0x20,0x05,0x00,0x20,0x05,0x00,0x0F,0x00,0xE4,0x00,0x03,0x04,0x00,0x03,0x3C,0x00,
	0x07,0x30,0x00,0x07,0x60,0x00,0x07,0x60,0x00,0x01,0xE0,0x00,0x04,0xC0,0x00,0x05,0x80,0x03,0x03,0x00,
	0x00,0x07,0x00,0x00,0x07,0x00,0x00,0x07,0x00,0x00,0x07,0x00,0x00,0x05,0x00,0x00,0x03,0x00,0x00,0x03,
	0x00,0x00,0x03,0x00,0x00,0x05,0x00,0x00,0x05,0x00,0x00,0x04,0x00,0x00,0x04,0x00,0x00,0x04,0x03,0x82,
	0x00,0x00,0x04,0x00,0x00,0x05,0x00,0x00,0x03,0xBD,0x0E,0x4A,0x03,0x0E,0x48,0x03,0x4E,0xC8,0x04,0x4E,
	0x08,0x00,0x4E,0x0C,0x04,0x4F,0xCC,0x04,0xCF,0x48,0x00,0xCF,0x44,0x00,0xDF,0x80,0x02,0xDF,0xBB,0x02,
	0x9F,0xD7,0x04,0x1F,0x8F,0x05,0x4F,0xB4,0x02,0xC1,0x7C,0x02,0xEF,0x6D,0x07,0xC4,0x25,0x04,0xC0,0x1D,
	0x04,0x91,0x33,0x06,0x8D,0x29,0x04,0x0C,0x6A,0x04,0x31,0x46,0x04,0x31,0x44,0x04,0x31,0x44,0x01,0x31,
	0x84,0x05,0x31,0x80,0x01,0x31,0x80,0x03,0x31,0x0C,0x03,0x31,0x0E,0x03,0x21,0x4A,0x01,0xE1,0x31,0x05,
	0x61,0x24,0x03,0xE1,0x0C,0x04,0xB1,0x3F,0x00,0x3F,0x87,0x02,0x3F,0x86,0x00,0x50,0x8E,0x02,0x50,0x9A,
	0x06,0xB0,0xB8,0x04,0x00,0xA9,0x04,0x0D,0xE4,0x06,0x7F,0x8C,0x04,0x7F,0x8E,0x04,0x7F,0x8E,0x00,0x7F,
	0x4E,0x00,0x7F,0x4E,0x00,0x7F,0x4E,0x02,0x7F,0x46,0x02,0x7F,0x44,0x02,0x7F,0x44,0x00,0xFF,0x4F,0x04,
	0x7F,0x00,0x04,0xFF,0x00,0x06,0x3F,0x00,0x02,0x3F,0x00,0x00,0x3F,0x00,0x00,0x40,0x00,0x02,0x40,0x00,
	0x00,0x80,0x00,0x00,0x00,0x01,0x04,0x00,0x04,0x00,0x00,0x00,0x04,0x00,0x00,0x04,0x02,0x82,0x00,0x00,
	0x02,0x00,0x00,0x02,0x00,0x00,0x02,0x00,0x80,0x00,0x00,0x04,0x02,0x81,0x00,0x00,0x02,0x00,0x00,0x02,
	0x02,0x80,0x00,0x00,0x04,0x00,0xB1,0xC0,0x00,0x05,0x40,0x10,0x04,0x11,0x90,0x01,0x13,0x10,0x01,0x13,
	0x18,0x00,0x12,0x80,0x06,0x92,0x84,0x06,0x92,0x96,0x06,0x02,0x99,0x02,0x02,0x3A,0x04,0x02,0x35,0x06,
	0x80,0x84,0x06,0x10,0xB9,0x07,0x02,0x09,0x01,0x40,0x18,0x05,0x0D,0xFE,0x07,0xC1,0x82,0x03,0x50,0x59,
	0x02,0x06,0x0F,0x02,0x42,0x1C,0x02,0x81,0x80,0x01,0x01,0x90,0x01,0x10,0x90,0x04,0x12,0x10,0x04,0x12,
	0x18,0x04,0x12,0x10,0x04,0x12,0x94,0x04,0x12,0x84,0x04,0x02,0x04,0x00,0x02,0xEA,0x04,0x02,0x04,0x00,
	0x82,0x04,0x04,0x12,0x01,0x04,0x00,0x01,0x06,0x00,0x00,0x02,0x2C,0x06,0x00,0x60,0x02,0x00,0x80,0x00,
	0x00,0x00,0x0A,0x00,0x02,0x28,0x00,0x01,0x14,0x00,0x81,0x04,0x00,0x80,0x04,0x04,0x80,0x84,0x04,0x80,
	0x84,0x04,0x80,0x84,0x04,0x80,0x84,0x04,0x80,0x84,0x04,0x80,0x84,0x00,0x00,0x70,0x04,0x02,0x86,0x00,
	0x00,0x02,0x00,0x00,0x06,0x00,0x00,0x04,0x40,0x00,0x00,0x80,0x00,0x00,0x00,0x02,0x00,0x00,0x08,0x00,
	0x01,0x85,0x00,0x00,0x04,0x00,0x00,0x04,0x00,0x00,0x04,0x00,0x00,0x04,0x00,0x00,0x04,0x00,0x00,0x04,
	0x00,0x80,0x00,0x00,0x04,0x01,0x82,0x00,0x00,0x04,0x00,0x00,0x06,0x00,0x00,0x02,0x04,0x96,0x90,0x3D,
	0x05,0x10,0x2D,0x04,0x80,0x2D,0x05,0x82,0x35,0x04,0x82,0x19,0x05,0x82,0x11,0x04,0x82,0x99,0x05,0xA2,
	0x99,0x04,0x22,0x0E,0x05,0x22,0x10,0x06,0x22,0x41,0x06,0xA4,0x43,0x06,0xA4,0xC0,0x02,0x01,0x20,0x02,
	0x11,0x22,0x00,0xFB,0x58,0x00,0x23,0x19,0x05,0x42,0x49,0x06,0x17,0x0E,0x06,0x80,0x51,0x06,0x92,0x00,
	0x00,0x12,0x10,0x00,0x02,0x10,0x01,0x00,0x98,0x00,0x0C,0x00,0x00,0x14,0x00,0x00,0x04,0x01,0x20,0x1C,
	0x01,0x20,0x93,0x00,0x20,0x60,0x00,0x20,0x00,0x00,0xA4,0x43,0x00,0xA4,0x00,0x04,0x01,0x00,0x04,0x01,
	0x02,0x00,0x41,0x08,0x00,0x01,0x08,0x00,0x40,0x09,0x02,0x13,0x04,0x02,0x00,0x50,0x02,0x80,0x00,0x01,
	0x00,0x10,0x01,0x00,0x10,0x01,0x00,0x10,0x01,0x00,0x10,0x01,0x00,0x10,0x01,0x00,0x08,0x00,0x00,0x08,
	0x00,0x00,0x08,0x00,0x02,0x83,0x00,0x00,0x04,0x01,0x00,0x04,0x01,0x00,0x00,0x40,0x00,0x00,0x00,0x82,
	0x00,0x01,0x00,0x00,0x04,0x00,0x00,0x10,0x00,0x0B,0x81,0x00,0x00,0x04,0x00,0x00,0x04,0x05,0xB4,0x80,
	0x28,0x07,0x80,0x08,0x07,0x00,0x08,0x01,0x24,0x18,0x02,0x25,0x18,0x00,0x24,0x19,0x05,0x24,0x11,0x05,
	0x05,0x21,0x04,0x05,0x16,0x00,0x05,0xB4,0x01,0x07,0x88,0x01,0x01,0xCF,0x00,0x01,0x52,0x04,0x64,0x7A,
	0x04,0xC1,0xDC,0x03,0x03,0x00,0x07,0x41,0x10,0x06,0x30,0x11,0x06,0x20,0x18,0x06,0x00,0xE0,0x05,0x00,
	0x01,0x02,0x00,0x21,0x02,0x00,0x21,0x02,0x24,0x39,0x01,0x25,0x39,0x01,0x24,0x28,0x01,0x24,0x20,0x00,
	0x05,0x08,0x00,0x05,0x39,0x00,0x05,0x84,0x00,0x05,0x08,0x00,0x01,0xCF,0x00,0x01,0x02,0x04,0x20,0x0A,
	0x04,0x40,0x0C,0x04,0x43,0x00,0x00,0x01,0x00,0x00,0x00,0x02,0x02,0x20,0x18,0x02,0x00,0xA0,0x01,0x00,
	0x28,0x00,0x00,0x08,0x00,0x00,0x08,0x00,0x00,0x08,0x00,0x01,0x08,0x00,0x00,0x09,0x00,0x00,0x09,0x01,
	0x01,0x09,0x01,0x01,0x11,0x01,0x01,0x00,0x00,0x01,0x00,0x00,0x01,0x00,0x00,0x01,0x00,0x00,0x00,0x80,
	0x40,0x00,0x00,0x01,0x82,0x00,0x02,0x00,0x00,0x08,0x00,0x00,0x20,0x00,0x13,0xB0,0x25,0x29,0x02,0x24,
	0x08,0x02,0x25,0x28,0x06,0x01,0x20,0x06,0x00,0x20,0x00,0x07,0x39,0x02,0x07,0x19,0x03,0x06,0x21,0x01,
	0x04,0xD4,0x05,0x44,0x28,0x01,0x47,0x00,0x00,0x05,0x88,0x01,0x05,0x00,0x04,0x41,0x08,0x04,0x52,0x20,
	0x04,0x00,0x31,0x06,0xC4,0x32,0x06,0x84,0x00,0x04,0x04,0x10,0x04,0x40,0xC0,0x04,0x25,0x01,0x00,0x24,
	0x21,0x00,0x25,0x01,0x02,0x01,0x09,0x00,0x00,0x29,0x00,0x01,0x08,0x02,0x01,0x18,0x00,0x00,0x38,0x00,
	0x00,0x26,0x01,0x40,0x08,0x00,0x40,0x00,0x00,0x00,0x88,0x00,0x00,0x00,0x04,0x00,0x08,0x04,0x12,0x00,
	0x04,0x00,0x10,0x04,0xC0,0x10,0x04,0x80,0x00,0x04,0x04,0x00,0x04,0x00,0x40,0x04,0x01,0x01,0x02,0x00,
	0x21,0x02,0x01,0x21,0x02,0x01,0x21,0x02,0x00,0x21,0x02,0x01,0x00,0x00,0x01,0x10,0x00,0x00,0x10,0x00,
	0x00,0x26,0x00,0x04,0x80,0x12,0x00,0x00,0x00,0x80,0x80,0x00,0x00,0x01,0x80,0x00,0x40,0x00,0x13,0x9C,
	0x05,0x02,0x02,0x04,0x42,0x02,0x04,0x62,0x02,0x04,0x52,0x00,0x04,0x72,0x04,0x41,0x2A,0x04,0x43,0x0A,
	0x02,0x43,0x08,0x02,0x41,0x54,0x04,0x01,0x40,0x00,0x00,0x00,0x06,0x48,0x60,0x04,0x4A,0x80,0x04,0x02,
	0x84,0x00,0xA0,0x09,0x02,0xC0,0x20,0x04,0xC4,0x00,0x00,0x20,0x16,0x00,0x08,0x20,0x00,0x04,0x00,0x00,
	0x01,0x50,0x00,0x00,0x10,0x00,0x00,0x30,0x02,0x00,0x00,0x02,0x00,0x20,0x02,0x40,0x20,0x02,0x40,0x00,
	0x00,0x40,0x12,0x02,0x40,0x50,0x02,0x01,0x87,0x48,0x40,0x00,0x4A,0x00,0x00,0x02,0x04,0x00,0xA0,0x08,
	0x00,0x80,0x00,0x04,0x04,0x00,0x00,0x00,0x10,0x00,0x08,0x20,0x00,0x00,0x82,0x01,0x10,0x00,0x00,0x10,
	0x00,0x00,0x10,0x00,0x01,0x81,0x00,0x20,0x02,0x00,0x00,0x02,0x04,0x83,0x02,0x00,0x00,0x02,0x00,0x00,
	0xA0,0x00,0x00,0x80,0x00,0x00,0x17,0xA2,0x00,0x41,0x00,0x00,0x10,0x00,0x01,0x50,0x02,0x01,0x60,0x02,
	0x49,0x50,0x02,0x0A,0x60,0x02,0x08,0x40,0x00,0x08,0x42,0x04,0x08,0x78,0x00,0x0A,0xA0,0x00,0x0E,0x00,
	0x00,0x06,0xE0,0x00,0x04,0x64,0x00,0xE0,0x20,0x04,0xA0,0x08,0x00,0x80,0x00,0x00,0x00,0x01,0x04,0x10,
	0x04,0x00,0x00,0x10,0x00,0x22,0x00,0x01,0x00,0x12,0x04,0x00,0x42,0x04,0x00,0x42,0x00,0x00,0x72,0x00,
	0x48,0x52,0x00,0x08,0x32,0x02,0x08,0x12,0x02,0x08,0x10,0x02,0x08,0x10,0x02,0x0A,0x00,0x00,0x0A,0x00,
	0x00,0x02,0xC0,0x00,0x00,0x04,0x00,0x60,0x00,0x00,0x00,0x08,0x00,0x00,0x82,0x00,0x01,0x04,0x00,0x04,
	0x00,0x00,0x10,0x00,0x03,0x88,0x00,0x10,0x00,0x00,0x10,0x00,0x00,0x30,0x00,0x00,0x10,0x00,0x00,0x00,
	0x02,0x00,0x00,0x02,0x02,0x00,0x00,0x02,0x00,0x00,0x02,0x00,0x00,0x03,0x82,0x00,0x01,0x00,0x00,0x04,
	0x00,0x00,0x10,0x00,0x14,0x9F,0x09,0x02,0x00,0x09,0x12,0x04,0x48,0x12,0x04,0x48,0x52,0x04,0x02,0x62,
	0x00,0x00,0x72,0x02,0x02,0x72,0x02,0x06,0x22,0x06,0x02,0xC0,0x02,0x04,0x10,0x00,0x00,0x10,0x04,0x04,
	0x06,0x03,0x04,0x00,0x00,0x08,0x50,0x00,0x02,0x20,0x01,0x00,0x18,0x00,0x88,0x64,0x00,0x08,0x00,0x04,
	0x00,0x61,0x00,0x08,0xE0,0x00,0x08,0x42,0x04,0x08,0x52,0x04,0x48,0x52,0x00,0x48,0x12,0x04,0x02,0x32,
	0x00,0x00,0x62,0x00,0x02,0x42,0x00,0x02,0x12,0x02,0x02,0xC0,0x00,0x00,0x10,0x00,0x00,0x10,0x00,0x00,
	0x06,0x01,0x00,0x80,0x00,0x10,0x00,0x00,0x8D,0x00,0x18,0x00,0x80,0x00,0x00,0x00,0x00,0x04,0x00,0x40,
	0x00,0x00,0xE0,0x00,0x00,0x42,0x04,0x00,0x42,0x04,0x00,0x42,0x04,0x00,0x02,0x00,0x02,0x02,0x00,0x00,
	0x22,0x00,0x02,0x02,0x00,0x02,0x12,0x00,0x02,0x40,0x00,0x09,0x80,0x00,0xE0,0x00,0x13,0x8F,0x20,0x12,
	0x04,0x02,0x52,0x04,0x62,0x52,0x04,0x22,0x02,0x00,0x00,0x42,0x00,0x06,0x12,0x04,0x04,0x12,0x04,0x00,
	0x46,0x02,0x08,0x50,0x01,0x0C,0x00,0x00,0x0C,0x00,0x04,0x0A,0x00,0x00,0x0A,0x12,0x00,0x02,0x00,0x00,
	0x80,0x50,0x01,0x86,0x10,0x00,0x00,0x8B,0x00,0x18,0x00,0x00,0x00,0x04,0x20,0x10,0x00,0x20,0x00,0x04,
	0x02,0x40,0x00,0x62,0x00,0x00,0x22,0x40,0x04,0x00,0x40,0x04,0x02,0x10,0x04,0x00,0x10,0x00,0x00,0x40,
	0x00,0x00,0x10,0x01,0x02,0x80,0x00,0x12,0x00,0x00,0x81,0x80,0x10,0x00,0x86,0x10,0x00,0x00,0x82,0x00,
	0x10,0x00,0x00,0x00,0x04,0x00,0x10,0x00,0x00,0x84,0x02,0x00,0x00,0x02,0x00,0x00,0x02,0x40,0x04,0x00,
	0x40,0x00,0x02,0x00,0x00,0x0C,0x80,0x00,0x10,0x00,0x13,0x91,0x06,0x82,0x04,0x24,0x40,0x04,0x48,0x40,
	0x04,0x18,0x50,0x04,0x08,0x50,0x04,0x08,0x60,0x04,0x08,0x20,0x04,0x0C,0x30,0x04,0x00,0x80,0x00,0x00,
	0x40,0x00,0x02,0x00,0x04,0x00,0xC2,0x00,0x00,0x12,0x05,0xC0,0x08,0x01,0x04,0x00,0x00,0x09,0x20,0x00,
	0x04,0x21,0x00,0x00,0x10,0x00,0x00,0x85,0x00,0x00,0x02,0x06,0x00,0x00,0x24,0x40,0x04,0x40,0x40,0x04,
	0x10,0x40,0x00,0x00,0x00,0x04,0x00,0x81,0x00,0x20,0x04,0x00,0x30,0x00,0x02,0x86,0x00,0x82,0x00,0x00,
	0x12,0x00,0x40,0x08,0x00,0x04,0x00,0x00,0x01,0x20,0x00,0x04,0x20,0x00,0x00,0x10,0x00,0x01,0x81,0x06,
	0x00,0x00,0x04,0x00,0x00,0x01,0x80,0x00,0x00,0x04,0x00,0x81,0x00,0x20,0x00,0x00,0x20,0x00,0x05,0x80,
	0x04,0x00,0x00,0x18,0x89,0x08,0x24,0x00,0x0C,0xA4,0x04,0x40,0xC4,0x00,0x00,0x04,0x04,0x20,0x64,0x04,
	0x00,0x34,0x04,0x04,0x34,0x04,0x02,0x20,0x04,0x02,0x20,0x00,0x02,0x00,0x00,0x00,0x88,0x00,0x08,0x04,
	0x00,0x08,0x02,0x00,0x11,0x06,0x00,0x40,0x00,0x00,0x0A,0x00,0x02,0x02,0x00,0x00,0x04,0x00,0x00,0x06,
	0x00,0x42,0x10,0x00,0x00,0x84,0x04,0x00,0x00,0x40,0x40,0x00,0x00,0x00,0x04,0x20,0x60,0x00,0x00,0x20,
	0x04,0x00,0x81,0x00,0x00,0x04,0x00,0x20,0x00,0x01,0x82,0x00,0x08,0x00,0x00,0x08,0x00,0x00,0x10,0x00,
	0x00,0x81,0x00,0x08,0x00,0x00,0x02,0x00,0x01,0x80,0x00,0x10,0x00,0x00,0x80,0x04,0x00,0x00,0x02,0x80,
	0x00,0x00,0x04,0x09,0x80,0x00,0x02,0x00,0x01,0x80,0x00,0x10,0x00,0x13,0x88,0x04,0xA0,0x00,0x00,0x22,
	0x00,0x00,0x20,0x04,0x40,0xE0,0x00,0x00,0x20,0x04,0x06,0x00,0x04,0x02,0x00,0x04,0x00,0x3C,0x04,0x00,
	0x00,0x04,0x01,0x8A,0x00,0x00,0x02,0x10,0x00,0x00,0x04,0x42,0x00,0x70,0x22,0x00,0x80,0x01,0x00,0x0A,
	0x00,0x00,0x02,0x48,0x00,0x00,0xA0,0x00,0x00,0x00,0x01,0x04,0xA0,0x00,0x00,0x20,0x00,0x00,0x81,0x40,
	0x40,0x00,0x00,0x20,0x04,0x00,0x82,0x00,0x00,0x04,0x00,0x24,0x00,0x00,0x00,0x04,0x01,0x8A,0x00,0x00,
	0x02,0x10,0x00,0x00,0x04,0x00,0x00,0x60,0x20,0x00,0x00,0x01,0x00,0x08,0x00,0x00,0x02,0x08,0x00,0x00,
	0xA0,0x00,0x00,0x00,0x01,0x04,0x20,0x00,0x00,0x20,0x00,0x03,0x80,0x00,0x00,0x04,0x05,0x80,0x04,0x00,
	0x00,0x00,0x80,0x00,0x01,0x00,0x00,0x82,0x00,0x08,0x00,0x00,0x20,0x00,0x00,0x00,0x01,0x13,0x8E,0x10,
	0x25,0x00,0x10,0x84,0x00,0x04,0x26,0x00,0x04,0x24,0x04,0x52,0xA0,0x00,0x40,0xA0,0x04,0x00,0x00,0x04,
	0x00,0x00,0x04,0x10,0x90,0x01,0x10,0x84,0x00,0x10,0x00,0x00,0x14,0x00,0x00,0x04,0x20,0x00,0x01,0x70,
	0x00,0x11,0x01,0x00,0x00,0x81,0x00,0x40,0x00,0x04,0xA0,0x00,0x00,0x86,0x00,0x20,0x00,0x10,0x04,0x00,
	0x10,0x84,0x00,0x04,0x24,0x00,0x04,0x24,0x00,0x50,0x00,0x00,0x40,0x20,0x04,0x00,0x87,0x00,0x00,0x04,
	0x10,0x90,0x00,0x10,0x00,0x00,0x10,0x00,0x00,0x14,0x00,0x00,0x04,0x20,0x00,0x01,0x30,0x00,0x01,0x01,
	0x00,0x01,0x80,0x04,0xA0,0x00,0x00,0x80,0x00,0x20,0x00,0x01,0x81,0x04,0x20,0x00,0x04,0x20,0x00,0x02,
	0x81,0x00,0x00,0x04,0x00,0x80,0x00,0x01,0x81,0x04,0x00,0x00,0x04,0x00,0x00,0x00,0x80,0x00,0x01,0x00,
	0x03,0x80,0x00,0x20,0x00,0x13,0x88,0x0C,0x80,0x00,0x0C,0x21,0x00,0x1A,0xA0,0x00,0x06,0x82,0x00,0x00,
	0x64,0x04,0x30,0x24,0x00,0x10,0xA4,0x04,0x14,0x24,0x04,0x00,0x00,0x04,0x00,0x88,0x04,0x00,0x00,0x00,
	0x30,0x00,0x41,0x10,0x00,0x00,0x40,0x00,0x00,0x04,0x00,0x04,0x04,0x00,0x08,0x00,0x00,0x10,0x90,0x00,
	0x00,0x40,0x00,0x00,0x87,0x0C,0x00,0x00,0x0C,0x00,0x00,0x18,0x80,0x00,0x04,0x80,0x00,0x00,0x64,0x00,
	0x30,0x04,0x00,0x10,0x04,0x04,0x14,0x20,0x00,0x01,0x82,0x04,0x00,0x00,0x00,0x30,0x00,0x41,0x10,0x00,
	0x02,0x81,0x08,0x00,0x00,0x00,0x80,0x00,0x01,0x84,0x0C,0x00,0x00,0x0C,0x00,0x00,0x08,0x00,0x00,0x04,
	0x00,0x00,0x00,0x20,0x00,0x01,0x80,0x04,0x00,0x00,0x01,0x80,0x04,0x00,0x00,0x1C,0x91,0x02,0xA4,0x00,
	0x02,0x84,0x00,0x04,0x81,0x00,0x0C,0x20,0x00,0x04,0xA0,0x00,0x00,0x20,0x04,0x40,0x20,0x00,0x00,0xA0,
	0x00,0x04,0x00,0x00,0x04,0x20,0x00,0x00,0x38,0x00,0x00,0x60,0x00,0x00,0x41,0x00,0x10,0x00,0x00,0x20,
	0x01,0x00,0x0C,0x01,0x00,0x80,0x00,0x00,0x10,0x80,0x00,0x00,0x81,0x00,0x40,0x00,0x00,0xA0,0x00,0x00,
	0x84,0x04,0x00,0x00,0x0C,0x00,0x00,0x04,0x80,0x00,0x00,0x20,0x00,0x40,0x20,0x00,0x00,0x83,0x04,0x00,
	0x00,0x04,0x20,0x00,0x00,0x20,0x00,0x00,0x20,0x00,0x01,0x81,0x20,0x00,0x00,0x08,0x00,0x00,0x00,0x80,
	0x00,0x80,0x00,0x00,0x81,0x00,0x40,0x00,0x00,0x80,0x00,0x00,0x84,0x04,0x00,0x00,0x0C,0x00,0x00,0x04,
	0x00,0x00,0x00,0x20,0x00,0x00,0x20,0x00,0x00,0x81,0x04,0x00,0x00,0x04,0x00,0x00,0x08,0x80,0x00,0x40,
	0x00,0x13,0x00,0x87,0x00,0xA0,0x00,0x04,0x24,0x00,0x00,0x85,0x00,0x00,0x04,0x00,0x00,0xA4,0x00,0x00,
	0x04,0x00,0x00,0x20,0x04,0x00,0x20,0x05,0x01,0x80,0x01,0x20,0x00,0x03,0x82,0x08,0x08,0x00,0x08,0x40,
	0x04,0x00,0x00,0x04,0x01,0x81,0x00,0xA0,0x00,0x04,0x20,0x00,0x01,0x80,0x00,0x80,0x00,0x00,0x81,0x00,
	0x20,0x04,0x00,0x20,0x04,0x01,0x80,0x01,0x20,0x00,0x03,0x82,0x08,0x00,0x00,0x08,0x00,0x04,0x00,0x00,
	0x04,0x01,0x81,0x00,0x80,0x00,0x04,0x00,0x00,0x03,0x81,0x00,0x20,0x00,0x00,0x00,0x04,0x1E,0x8A,0x00,
	0xA4,0x00,0x00,0x84,0x00,0x00,0x84,0x00,0x00,0xA4,0x00,0x08,0xA5,0x00,0x04,0x04,0x00,0x04,0xA4,0x04,
	0x00,0x24,0x00,0x10,0x00,0x04,0x80,0x00,0x00,0x80,0x00,0x00,0x00,0x82,0x10,0x00,0x00,0x01,0x00,0x00,
	0x84,0x08,0x00,0x00,0x80,0x00,0x00,0x03,0x00,0x80,0x00,0x28,0x00,0x00,0x87,0x00,0x04,0x00,0x00,0x04,
	0x00,0x00,0x84,0x00,0x00,0xA4,0x00,0x08,0x24,0x00,0x04,0x04,0x00,0x04,0x84,0x00,0x00,0x04,0x00,0x00,
	0x81,0x80,0x00,0x00,0x80,0x00,0x00,0x02,0x80,0x80,0x00,0x00,0x00,0x80,0x00,0x00,0x03,0x02,0x87,0x00,
	0x04,0x00,0x00,0x04,0x00,0x00,0x84,0x00,0x00,0x84,0x00,0x08,0x04,0x00,0x04,0x04,0x00,0x04,0x04,0x00,
	0x00,0x04,0x00,0x1F,0x00,0x92,0x00,0x20,0x00,0x00,0xA0,0x00,0x10,0x82,0x00,0x18,0x80,0x00,0x38,0x64,
	0x00,0x08,0x40,0x00,0x90,0xC0,0x04,0x81,0x00,0x00,0x11,0x04,0x00,0x11,0x00,0x00,0x90,0x00,0x00,0x01,
	0x00,0x00,0x04,0x00,0x00,0x01,0x00,0x00,0x0A,0x01,0x00,0x00,0x01,0x04,0x10,0x01,0x00,0x00,0x50,0x00,
	0x10,0x00,0x00,0x03,0x81,0x08,0x80,0x00,0x20,0x60,0x00,0x00,0x84,0x80,0x80,0x00,0x81,0x00,0x00,0x01,
	0x00,0x00,0x01,0x00,0x00,0x80,0x00,0x00,0x02,0x83,0x02,0x01,0x00,0x00,0x01,0x04,0x00,0x01,0x00,0x00,
	0x40,0x00,0x04,0x81,0x08,0x80,0x00,0x00,0x40,0x00,0x0B,0x80,0x00,0x40,0x00,0x14,0x88,0x10,0x00,0x01,
	0x10,0x00,0x00,0x10,0x00,0x00,0x08,0x20,0x00,0x00,0xA5,0x00,0x00,0xC0,0x00,0x91,0x64,0x00,0x01,0x24,
	0x00,0x00,0x00,0x06,0x00,0x82,0x00,0x10,0x00,0x04,0x00,0x00,0x04,0x00,0x00,0x00,0x83,0x50,0x04,0x00,
	0x00,0x40,0x00,0x00,0x40,0x00,0x20,0x08,0x00,0x04,0x80,0x08,0x00,0x00,0x01,0x82,0x81,0x60,0x00,0x01,
	0x20,0x00,0x00,0x00,0x06,0x04,0x82,0x50,0x00,0x00,0x00,0x40,0x00,0x00,0x40,0x00,0x05,0x80,0x08,0x00,
	0x00,0x01,0x80,0x00,0x40,0x00,0x06,0x80,0x10,0x00,0x00,0x18,0x83,0x00,0x08,0x00,0x08,0x49,0x01,0x08,
	0x09,0x01,0x00,0x09,0x00,0x00,0x86,0x01,0x20,0x00,0x48,0x40,0x00,0x00,0x40,0x00,0x04,0x00,0x00,0x04,
	0x00,0x00,0x04,0x00,0x00,0x00,0x00,0x04,0x00,0x81,0x00,0x40,0x00,0x00,0x41,0x00,0x01,0x81,0x00,0xC0,
	0x00,0x00,0x10,0x00,0x00,0x82,0x00,0x40,0x00,0x08,0x00,0x00,0x08,0x00,0x00,0x01,0x82,0x01,0x00,0x00,
	0x40,0x00,0x00,0x00,0x40,0x00,0x02,0x80,0x00,0x00,0x04,0x00,0x81,0x00,0x40,0x00,0x00,0x41,0x00,0x01,
	0x80,0x00,0xC0,0x00,0x01,0x82,0x00,0x40,0x00,0x08,0x00,0x00,0x08,0x00,0x00,0x03,0x80,0x00,0x40,0x00,
	0x1F,0x87,0x08,0x01,0x01,0x20,0x40,0x00,0x20,0x42,0x00,0x21,0x40,0x01,0x21,0x08,0x00,0xCC,0x08,0x00,
	0x04,0x28,0x00,0x04,0x60,0x00,0x01,0x82,0x00,0x40,0x00,0x01,0x40,0x00,0x00,0x41,0x00,0x00,0x82,0x08,
	0x00,0x00,0x08,0x00,0x00,0x08,0x86,0x00,0x00,0x80,0x00,0x20,0x00,0x00,0x85,0x08,0x00,0x01,0x20,0x40,
	0x00,0x20,0x00,0x00,0x21,0x00,0x00,0x21,0x00,0x00,0xC0,0x00,0x00,0x03,0x82,0x00,0x40,0x00,0x00,0x40,
	0x00,0x00,0x40,0x00,0x00,0x80,0x08,0x00,0x00,0x00,0x80,0x08,0x04,0x00,0x02,0x81,0x08,0x00,0x00,0x00,
	0x40,0x00,0x0B,0x80,0x08,0x00,0x00,0x00,0x80,0x00,0x04,0x00,0x16,0x89,0x20,0x48,0x01,0x00,0x48,0x01,
	0x09,0x48,0x01,0x04,0x40,0x00,0x04,0x40,0x01,0x00,0x00,0x01,0x01,0x00,0x00,0x01,0x48,0x00,0x00,0xC0,
	0x00,0x00,0x08,0x00,0x01,0x84,0x60,0x00,0x00,0x00,0x05,0x00,0x20,0x04,0x00,0x00,0x03,0x00,0x10,0x00,
	0x00,0x00,0x80,0x00,0x01,0x01,0x00,0x83,0x20,0x08,0x00,0x00,0x08,0x01,0x09,0x48,0x01,0x00,0x40,0x00,
	0x02,0x81,0x00,0x48,0x00,0x00,0x40,0x00,0x02,0x80,0x60,0x00,0x00,0x01,0x80,0x00,0x02,0x00,0x01,0x80,
	0x00,0x00,0x01,0x02,0x81,0x08,0x40,0x00,0x00,0x40,0x00,0x0A,0x80,0x00,0x02,0x00,0x17,0x90,0x05,0x48,
	0x01,0x25,0x00,0x01,0x4C,0x40,0x00,0x20,0x4C,0x01,0xA0,0x48,0x00,0x01,0x48,0x00,0x00,0x48,0x01,0x00,
	0x40,0x00,0x21,0x00,0x00,0x00,0x00,0x02,0x01,0x08,0x00,0x20,0x00,0x00,0x08,0x80,0x00,0x08,0x00,0x00,
	0x00,0x09,0x00,0x10,0x00,0x00,0x00,0x10,0x00,0x00,0x80,0x00,0x04,0x00,0x00,0x88,0x01,0x40,0x01,0x21,
	0x00,0x00,0x48,0x00,0x00,0x20,0x08,0x01,0xA0,0x48,0x00,0x00,0x08,0x00,0x00,0x08,0x00,0x00,0x40,0x00,
	0x20,0x00,0x00,0x01,0x83,0x20,0x00,0x00,0x08,0x00,0x00,0x08,0x00,0x00,0x00,0x01,0x00,0x04,0x80,0x00,
	0x00,0x01,0x00,0x80,0x08,0x00,0x00,0x00,0x80,0x00,0x40,0x00,0x06,0x81,0x08,0x00,0x00,0x08,0x00,0x00,
	0x19,0x91,0x60,0x0A,0x01,0x40,0x4A,0x01,0x20,0x48,0x01,0x00,0x08,0x01,0x49,0x48,0x01,0x20,0x41,0x01,
	0x20,0x41,0x00,0x20,0x49,0x01,0x08,0x41,0x00,0x29,0x49,0x00,0x28,0x61,0x00,0x08,0x00,0x00,0x02,0x80,
	0x00,0x02,0x00,0x00,0x02,0x02,0x00,0x08,0x00,0x00,0x10,0x00,0x00,0x0A,0x10,0x00,0x01,0x82,0x60,0x08,
	0x00,0x40,0x40,0x01,0x20,0x40,0x00,0x00,0x8D,0x48,0x00,0x01,0x20,0x41,0x01,0x20,0x41,0x00,0x20,0x01,
	0x00,0x08,0x41,0x00,0x28,0x41,0x00,0x28,0x41,0x00,0x08,0x00,0x00,0x02,0x00,0x00,0x02,0x00,0x00,0x02,
	0x02,0x00,0x08,0x00,0x00,0x10,0x00,0x00,0x0A,0x10,0x00,0x01,0x81,0x00,0x08,0x00,0x00,0x00,0x01,0x01,
	0x82,0x08,0x00,0x00,0x00,0x40,0x00,0x00,0x40,0x00,0x00,0x83,0x08,0x00,0x00,0x08,0x00,0x00,0x08,0x00,
	0x00,0x08,0x00,0x00,0x01,0x80,0x00,0x02,0x00,0x01,0x80,0x00,0x10,0x00,0x15,0x88,0x08,0x42,0x00,0x08,
	0x4A,0x01,0x09,0x0C,0x00,0x09,0x48,0x01,0x00,0x41,0x01,0x08,0x48,0x00,0x08,0x48,0x00,0x08,0x40,0x00,
	0x00,0x80,0x01,0x00,0x82,0x10,0x40,0x00,0x12,0x41,0x00,0x80,0x00,0x00,0x01,0x8C,0x00,0x0A,0x00,0x00,
	0x80,0x00,0x20,0x00,0x00,0x00,0x00,0x05,0x40,0x00,0x00,0x08,0x00,0x00,0x08,0x08,0x00,0x08,0x08,0x01,
	0x08,0x48,0x01,0x00,0x41,0x00,0x08,0x00,0x00,0x08,0x00,0x00,0x08,0x40,0x00,0x01,0x82,0x00,0x40,0x00,
	0x02,0x41,0x00,0x80,0x00,0x00,0x04,0x80,0x00,0x00,0x05,0x00,0x83,0x08,0x00,0x00,0x08,0x08,0x00,0x08,
	0x08,0x01,0x08,0x08,0x01,0x00,0x82,0x08,0x00,0x00,0x08,0x00,0x00,0x08,0x40,0x00,0x1F,0x87,0x11,0x00,
	0x02,0x11,0x00,0x00,0x10,0x4A,0x00,0x00,0x08,0x01,0x00,0x08,0x01,0x10,0xC8,0x00,0x10,0x88,0x01,0x00,
	0x48,0x00,0x01,0x87,0x10,0x10,0x00,0x10,0x40,0x00,0x00,0x42,0x00,0x20,0x00,0x00,0x00,0x08,0x00,0x04,
	0x00,0x00,0x00,0x01,0x00,0x10,0x00,0x00,0x01,0x82,0x10,0x00,0x00,0x10,0x00,0x00,0x10,0x00,0x00,0x00,
	0x83,0x00,0x08,0x01,0x00,0xC8,0x00,0x00,0x08,0x01,0x00,0x08,0x00,0x02,0x81,0x00,0x40,0x00,0x00,0x40,
	0x00,0x01,0x80,0x04,0x00,0x00,0x00,0x80,0x10,0x00,0x00,0x01,0x82,0x10,0x00,0x00,0x10,0x00,0x00,0x10,
	0x00,0x00,0x00,0x83,0x00,0x08,0x01,0x00,0x88,0x00,0x00,0x08,0x00,0x00,0x08,0x00,0x1F,0x91,0x60,0x90,
	0x00,0x30,0x00,0x02,0x30,0x0C,0x00,0x20,0x42,0x00,0x20,0x48,0x01,0x20,0x88,0x01,0x00,0x48,0x00,0x02,
	0x88,0x00,0x22,0x00,0x01,0x22,0x00,0x00,0x02,0x00,0x00,0x20,0x00,0x01,0x22,0x41,0x00,0x02,0x00,0x00,
	0x08,0x02,0x00,0x08,0x00,0x00,0x00,0x00,0x01,0x08,0x00,0x04,0x00,0x83,0x20,0x00,0x00,0x40,0x00,0x00,
	0x10,0x00,0x00,0x10,0x00,0x00,0x02,0x86,0x00,0x40,0x00,0x02,0x00,0x00,0x02,0x00,0x01,0x02,0x00,0x00,
	0x02,0x00,0x00,0x00,0x00,0x01,0x00,0x41,0x00,0x02,0x81,0x00,0x00,0x01,0x08,0x00,0x04,0x02,0x81,0x10,
	0x00,0x00,0x10,0x00,0x00,0x04,0x80,0x00,0x00,0x01,0x1E,0x88,0x10,0x80,0x02,0x00,0x90,0x00,0x00,0x92,
	0x02,0x00,0x1A,0x00,0x80,0x00,0x00,0x02,0x40,0x00,0x22,0x80,0x00,0x20,0xC0,0x01,0x00,0x80,0x00,0x00,
	0x86,0x20,0x20,0x00,0x08,0x00,0x00,0x08,0x00,0x01,0x08,0x05,0x00,0x02,0x08,0x00,0x08,0x02,0x00,0x00,
	0x00,0x04,0x02,0x80,0x10,0x80,0x02,0x02,0x83,0x80,0x00,0x00,0x02,0x00,0x00,0x02,0x80,0x00,0x00,0xC0,
	0x01,0x04,0x80,0x00,0x01,0x00,0x00,0x81,0x00,0x02,0x00,0x00,0x00,0x04,0x02,0x80,0x10,0x80,0x00,0x04,
	0x81,0x00,0x80,0x00,0x00,0x80,0x00,0x1F,0xA5,0x68,0x82,0x03,0x28,0x06,0x00,0x28,0x0D,0x04,0xE8,0x99,
	0x06,0xA8,0x00,0x00,0x3B,0x00,0x01,0x3B,0x70,0x00,0x2B,0x30,0x03,0x2B,0x10,0x04,0x2B,0xE0,0x05,0x2B,
	0x90,0x04,0x22,0x80,0x04,0x20,0x82,0x03,0x20,0x84,0x02,0xE5,0x93,0x00,0x08,0xA0,0x00,0x10,0x82,0x06,
	0x32,0x83,0x00,0x00,0x80,0x00,0x20,0x01,0x00,0x49,0x90,0x06,0x09,0x10,0x04,0x09,0x11,0x00,0xC9,0x11,
	0x00,0x89,0x10,0x02,0x0A,0x10,0x03,0x0A,0x90,0x03,0x0A,0x80,0x05,0x0A,0x00,0x07,0x0A,0x80,0x04,0x0A,
	0x80,0x04,0x0A,0x80,0x06,0x0A,0x80,0x00,0x0A,0x80,0x00,0xD6,0x83,0x00,0x08,0xA0,0x00,0x10,0x82,0x06,
	0x12,0x82,0x00,0x01,0x8E,0x08,0x00,0x02,0x08,0x80,0x02,0x08,0x80,0x02,0x08,0x80,0x02,0x08,0x80,0x00,
	0x08,0x80,0x01,0x08,0x80,0x01,0x08,0x70,0x03,0x08,0x00,0x06,0x08,0x00,0x00,0x08,0x00,0x00,0x08,0x00,
	0x00,0x08,0x00,0x00,0x08,0x00,0x00,0x10,0x00,0x00,0x18,0xB5,0xA2,0x0D,0x04,0xA6,0x29,0x03,0xB2,0x20,
	0x03,0x3A,0x30,0x01,0x32,0xD0,0x01,0x31,0x70,0x01,0x33,0xC0,0x00,0x31,0x80,0x02,0x31,0x90,0x03,0x31,
	0xA0,0x05,0x31,0x80,0x07,0x30,0x80,0x01,0x20,0x00,0x03,0x00,0x0D,0x03,0xDB,0x3B,0x01,0x12,0x70,0x03,
	0x10,0x60,0x07,0x39,0x20,0x03,0x30,0xB7,0x05,0x9C,0x00,0x04,0xA4,0x31,0x06,0xA4,0x11,0x04,0xA4,0x10,
	0x04,0x24,0x10,0x04,0x24,0x30,0x04,0x25,0x10,0x00,0x25,0x90,0x05,0x25,0x80,0x02,0x25,0x00,0x01,0x25,
	0xC0,0x05,0x25,0x80,0x07,0x25,0x80,0x03,0x25,0x00,0x01,0x05,0x01,0x01,0x3B,0x00,0x01,0x06,0x60,0x03,
	0x00,0x00,0x07,0x09,0x00,0x03,0x30,0x01,0x01,0x00,0x00,0x04,0x04,0x10,0x07,0x04,0x10,0x05,0x04,0x10,
	0x01,0x04,0x10,0x01,0x04,0x10,0x03,0x04,0xF0,0x06,0x04,0xF0,0x06,0x04,0x00,0x04,0x04,0x00,0x00,0x04,
	0x00,0x00,0x04,0x00,0x00,0x04,0x00,0x00,0x04,0x00,0x00,0x04,0x00,0x00,0x19,0xB9,0x00,0xE0,0x07,0x04,
	0xC0,0x03,0x12,0xC2,0x05,0x0A,0x00,0x00,0x12,0xA8,0x03,0x00,0x88,0x01,0x00,0x48,0x04,0x00,0x48,0x05,
	0x01,0xC0,0x05,0x10,0xC0,0x05,0x11,0x84,0x07,0x18,0x84,0x06,0x38,0x04,0x06,0x79,0x14,0x04,0x1D,0xB0,
	0x06,0x07,0xA4,0x06,0x0D,0x88,0x05,0x9A,0x63,0x04,0xC4,0xC7,0x02,0x08,0xA7,0x04,0x1B,0x20,0x02,0x1B,
	0x00,0x00,0x1B,0x02,0x02,0x1B,0x00,0x04,0x1B,0x28,0x06,0x1B,0x08,0x02,0x1B,0x48,0x04,0x1B,0x48,0x05,
	0x1B,0x40,0x05,0x1B,0xC0,0x05,0x1B,0x80,0x07,0x13,0x80,0x06,0x23,0x00,0x06,0x05,0x04,0x04,0x01,0x04,
	0x06,0x0D,0xC4,0x07,0x01,0x08,0x04,0x06,0x22,0x04,0xCC,0x06,0x06,0x08,0x01,0x04,0x03,0x60,0x04,0x03,
	0xE0,0x01,0x03,0xE0,0x05,0x03,0xE0,0x05,0x03,0xE0,0x05,0x03,0x00,0x00,0x03,0x00,0x00,0x03,0x00,0x00,
	0x03,0x00,0x00,0x03,0x00,0x00,0x03,0x00,0x00,0x03,0x00,0x00,0x03,0x00,0x00,0xFC,0x07,0x00,0x00,0x04,
	0x00,0x00,0x04,0x00,0x00,0x08,0x00,0x00,0x20,0x00,0x15,0xA8,0x0E,0x52,0x05,0x0E,0x52,0x03,0x0C,0x50,
	0x03,0x0C,0x90,0x00,0x0C,0x58,0x05,0x1C,0x98,0x06,0x16,0x18,0x02,0x14,0x48,0x03,0x11,0x44,0x03,0x00,
	0x24,0x03,0x0B,0x20,0x03,0x17,0x22,0x03,0xBE,0x7F,0x01,0x99,0xE1,0x05,0x03,0xE4,0x02,0x02,0x00,0x04,
	0x02,0x1C,0x06,0x0A,0xE4,0x01,0x88,0x81,0x07,0x74,0x57,0x07,0x06,0x52,0x00,0x06,0x52,0x01,0x06,0x50,
	0x03,0x06,0x50,0x01,0x06,0x58,0x01,0x06,0x18,0x01,0x06,0x18,0x02,0x06,0x48,0x03,0x06,0x40,0x03,0x06,
	0x00,0x03,0x0C,0x00,0x03,0x11,0x00,0x02,0xC1,0x01,0x00,0x06,0x84,0x02,0x00,0x04,0x03,0x03,0x80,0x06,
	0x01,0x18,0x00,0x01,0x64,0x00,0x03,0x80,0x00,0xF7,0x0E,0x02,0x00,0x80,0x07,0x09,0x81,0x01,0x00,0x00,
	0xFF,0x07,0x00,0x01,0x84,0x00,0x00,0x01,0x00,0x18,0x00,0x00,0x60,0x00,0x00,0x80,0x00,0x00,0x00,0x02,
	0x13,0xA7,0x0E,0x70,0x02,0x0E,0x70,0x06,0x0C,0x70,0x00,0x1C,0x70,0x04,0x0C,0x70,0x07,0x0C,0x38,0x07,
	0x04,0x18,0x07,0x03,0x4C,0x06,0x1F,0x58,0x06,0x0F,0x78,0x06,0x8B,0x7D,0x06,0x1F,0x70,0x06,0x86,0x25,
	0x02,0x00,0xC8,0x06,0x00,0x48,0x03,0x00,0x8A,0x01,0x00,0x50,0x00,0x46,0xA9,0x05,0x43,0x4E,0x07,0x43,
	0x81,0x04,0x01,0x70,0x01,0x01,0x70,0x00,0x01,0x70,0x00,0x01,0x70,0x04,0x01,0x70,0x05,0x01,0x30,0x05,
	0x01,0x50,0x05,0x06,0x00,0x04,0x1E,0x00,0x04,0x0E,0x00,0x04,0x8B,0x08,0x04,0xE1,0x01,0x04,0x01,0x00,
	0x00,0x00,0xC0,0x04,0x00,0x48,0x05,0x00,0x0C,0x05,0x00,0x58,0x00,0x00,0x28,0x03,0x00,0x0E,0x07,0x00,
	0x80,0x04,0x09,0x89,0x7F,0x0F,0x00,0xFE,0x0F,0x00,0x00,0x08,0x00,0x00,0x48,0x00,0x00,0x48,0x06,0x00,
	0x08,0x01,0x00,0x58,0x00,0x00,0x20,0x03,0x00,0x00,0x07,0x00,0x00,0x04,0x13,0xA7,0x02,0x60,0x07,0x02,
	0x52,0x07,0x00,0x5A,0x03,0x00,0x50,0x06,0x01,0x10,0x05,0x01,0x10,0x05,0x01,0x70,0x05,0x02,0x74,0x05,
	0x47,0x7F,0x05,0x8F,0x73,0x05,0x81,0xC7,0x04,0x00,0xC8,0x05,0x00,0xF0,0x01,0x00,0x88,0x03,0x00,0x48,
	0x00,0x00,0x88,0x04,0x00,0x40,0x01,0x31,0xD2,0x00,0x20,0x31,0x04,0x21,0xCE,0x01,0x00,0x60,0x05,0x00,
	0x62,0x05,0x00,0x62,0x01,0x00,0x60,0x05,0x01,0x20,0x04,0x01,0x20,0x04,0x01,0x00,0x04,0x02,0x00,0x04,
	0x60,0x1B,0x04,0xF0,0x01,0x04,0x7F,0x29,0x05,0x00,0x20,0x05,0x00,0x00,0x01,0x00,0x50,0x05,0x00,0x40,
	0x06,0x00,0x10,0x00,0x00,0x50,0x01,0x00,0x42,0x02,0x00,0x10,0x06,0x00,0xCE,0x00,0x07,0x8A,0x00,0x1E,
	0x00,0xFF,0x1F,0x00,0x80,0x30,0x01,0x00,0x30,0x01,0x00,0x10,0x01,0x00,0x50,0x01,0x00,0x40,0x06,0x00,
	0x10,0x00,0x00,0x50,0x01,0x00,0x40,0x02,0x00,0x00,0x06,0x14,0xA7,0x00,0xE0,0x00,0x00,0xC2,0x04,0x00,
	0xC2,0x04,0x00,0xC2,0x05,0x00,0x02,0x01,0x00,0x02,0x01,0x00,0x02,0x01,0x04,0x02,0x01,0x24,0x17,0x01,
	0x80,0x11,0x00,0x00,0x80,0x01,0x00,0x80,0x01,0x00,0x10,0x03,0x00,0x30,0x03,0x00,0xB8,0x02,0x00,0x68,
	0x00,0x00,0x64,0x04,0x00,0x70,0x06,0x80,0x60,0x06,0x00,0x21,0x01,0x00,0xC0,0x04,0x00,0xC2,0x04,0x00,
	0xC2,0x04,0x00,0xC2,0x00,0x00,0x02,0x00,0x00,0x02,0x00,0x00,0x02,0x00,0x04,0x02,0x00,0x7F,0x2A,0x00,
	0x00,0x20,0x00,0x00,0x20,0x01,0x00,0x20,0x01,0x00,0x20,0x03,0x00,0x30,0x03,0x00,0x38,0x00,0x00,0x28,
	0x00,0x00,0x24,0x00,0x00,0x10,0x00,0x00,0x40,0x00,0x00,0x20,0x00,0x07,0x88,0x7F,0x20,0x00,0x00,0x20,
	0x00,0x00,0x00,0x01,0x00,0x00,0x01,0x00,0x20,0x03,0x00,0x20,0x03,0x00,0x30,0x00,0x00,0x20,0x00,0x00,
	0x20,0x00,0x00,0x80,0x00,0x40,0x00,0x14,0x95,0x00,0x00,0x03,0x00,0x44,0x06,0x00,0x48,0x06,0x00,0x40,
	0x00,0x00,0xC0,0x04,0x00,0x48,0x04,0x00,0x48,0x04,0x00,0x40,0x04,0x80,0x4B,0x04,0x00,0x62,0x05,0x00,
	0x60,0x07,0x00,0x40,0x06,0x00,0xE0,0x04,0x00,0xD0,0x04,0x00,0x30,0x01,0x00,0x40,0x04,0x00,0x62,0x03,
	0x00,0x00,0x03,0xA0,0xEA,0x02,0x22,0xC2,0x00,0x00,0x00,0x01,0x00,0x04,0x00,0x01,0x80,0x00,0x80,0x00,
	0x02,0x84,0x80,0x02,0x00,0x00,0x20,0x00,0x00,0x00,0x02,0x00,0x00,0x02,0x00,0x20,0x00,0x00,0x80,0x00,
	0x20,0x00,0x00,0x83,0x00,0x00,0x03,0x00,0x40,0x03,0x00,0xEA,0x02,0x00,0xC2,0x00,0x09,0x81,0x00,0x00,
	0x02,0x00,0x00,0x02,0x01,0x80,0x00,0x20,0x00,0x00,0x82,0x00,0x00,0x03,0x00,0x40,0x03,0x00,0xC0,0x02,
	0x14,0xA1,0x00,0x44,0x00,0x00,0x10,0x01,0x00,0x14,0x01,0x00,0x04,0x03,0x00,0x84,0x02,0x00,0x04,0x02,
	0x00,0x04,0x02,0x01,0x0C,0x02,0x02,0x55,0x00,0x00,0x60,0x00,0x00,0x00,0x02,0x00,0x00,0x03,0x00,0x60,
	0x03,0x00,0x00,0x03,0x00,0x04,0x04,0x00,0xA4,0x00,0x00,0x80,0x04,0x10,0x80,0x04,0x00,0x03,0x05,0x01,
	0x20,0x00,0x00,0x04,0x00,0x00,0x00,0x01,0x00,0x04,0x01,0x00,0x04,0x01,0x00,0x84,0x00,0x00,0x04,0x00,
	0x00,0x04,0x00,0x01,0x04,0x00,0x00,0x53,0x00,0x00,0x40,0x00,0x00,0x40,0x02,0x00,0x40,0x02,0x00,0x40,
	0x02,0x00,0x20,0x02,0x03,0x81,0x00,0x00,0x01,0x00,0x20,0x00,0x07,0x85,0x00,0x42,0x00,0x00,0x40,0x00,
	0x00,0x40,0x02,0x00,0x40,0x02,0x00,0x40,0x02,0x00,0x00,0x02,0x03,0x80,0x00,0x00,0x01,0x14,0xA7,0x00,
	0xA8,0x06,0x00,0xAA,0x06,0x00,0xAA,0x02,0x00,0xBA,0x02,0x01,0x18,0x01,0x01,0x18,0x01,0x01,0x18,0x01,
	0x00,0x12,0x01,0xA1,0x46,0x03,0x00,0x00,0x02,0x00,0x40,0x02,0x00,0x60,0x02,0x00,0x00,0x06,0x00,0x60,
	0x06,0x00,0x30,0x03,0x00,0x70,0x02,0x00,0x48,0x02,0x01,0x42,0x02,0x20,0x55,0x00,0x40,0xC2,0x00,0x00,
	0x88,0x02,0x00,0x88,0x02,0x00,0x88,0x02,0x00,0x88,0x02,0x01,0x08,0x01,0x01,0x08,0x01,0x01,0x08,0x01,
	0x00,0x00,0x01,0x20,0x04,0x01,0x00,0x40,0x00,0x00,0x40,0x00,0x00,0x40,0x00,0x00,0x40,0x04,0x00,0x40,
	0x04,0x00,0x30,0x00,0x00,0x50,0x00,0x00,0x48,0x02,0x00,0x00,0x02,0x20,0x14,0x00,0x00,0xC0,0x00,0x07,
	0x80,0x20,0x00,0x00,0x02,0x85,0x00,0x00,0x04,0x00,0x40,0x04,0x00,0x20,0x00,0x00,0x40,0x00,0x00,0x40,
	0x02,0x00,0x00,0x02,0x15,0x8A,0x00,0x54,0x00,0x00,0x44,0x00,0x00,0x04,0x04,0x00,0x04,0x06,0x00,0x26,
	0x04,0x00,0x04,0x04,0x00,0x84,0x00,0x00,0x08,0x02,0xA2,0xDF,0x00,0x00,0x84,0x00,0x00,0x40,0x00,0x00,
	0x88,0x00,0x80,0x04,0x00,0x40,0x04,0x00,0x28,0x00,0x00,0xA0,0x01,0x00,0x84,0x05,0x00,0x80,0x05,0x60,
	0xC0,0x06,0x02,0x44,0x03,0x00,0x10,0x00,0x01,0x80,0x00,0x00,0x02,0x02,0x81,0x00,0x08,0x02,0xA0,0x03,
	0x00,0x00,0x83,0x00,0x80,0x00,0x00,0x80,0x00,0x00,0x00,0x04,0x00,0x00,0x04,0x01,0x83,0x00,0x00,0x04,
	0x00,0x00,0x04,0x20,0xC0,0x06,0x00,0x44,0x01,0x07,0x80,0xA0,0x00,0x00,0x00,0x83,0x00,0x80,0x00,0x00,
	0x80,0x00,0x00,0x00,0x04,0x00,0x00,0x04,0x01,0x82,0x00,0x00,0x04,0x00,0x00,0x04,0x00,0x80,0x06,0x14,
	0x89,0x03,0x00,0x04,0x00,0x10,0x00,0x00,0xD0,0x00,0x00,0xD0,0x02,0x00,0x80,0x02,0x00,0xA3,0x02,0x00,
	0x20,0x06,0x00,0x84,0x04,0x02,0xA5,0x05,0x00,0x40,0x04,0x00,0x8F,0x00,0x40,0x00,0x00,0x40,0x00,0x00,
	0xC0,0x00,0x00,0x20,0x01,0x00,0x08,0x02,0x00,0x40,0x00,0x00,0xA0,0x00,0x40,0x06,0x01,0x00,0x00,0x01,
	0x00,0x00,0x04,0x00,0x10,0x00,0x00,0x10,0x00,0x00,0x10,0x02,0x00,0x00,0x02,0x00,0x00,0x02,0x00,0x00,
	0x02,0x00,0x86,0x00,0xA4,0x01,0x00,0x80,0x00,0x00,0x80,0x00,0x00,0x80,0x00,0x00,0x80,0x00,0x00,0x40,
	0x00,0x00,0x20,0x00,0x01,0x82,0x00,0xA0,0x00,0x40,0x00,0x00,0x00,0x00,0x01,0x07,0x81,0x00,0x84,0x00,
	0x00,0x80,0x00,0x01,0x80,0x00,0x80,0x00,0x03,0x80,0x00,0x80,0x00,0x15,0x9D,0x00,0x0B,0x01,0x02,0x08,
	0x05,0x00,0x88,0x05,0x00,0x89,0x05,0x00,0x59,0x01,0x00,0x50,0x01,0x00,0x53,0x01,0x00,0x30,0x01,0x04,
	0xE8,0x02,0x00,0x82,0x02,0x00,0x00,0x05,0x00,0x00,0x05,0x00,0x80,0x04,0x00,0x40,0x04,0x00,0x40,0x04,
	0x00,0xA0,0x04,0x00,0x90,0x04,0x20,0x84,0x04,0x00,0xAA,0x04,0x85,0x04,0x00,0x00,0x00,0x01,0x00,0x00,
	0x05,0x00,0x00,0x05,0x00,0x00,0x05,0x00,0x10,0x01,0x00,0x10,0x01,0x00,0x10,0x01,0x00,0x10,0x01,0x00,
	0x0C,0x02,0x00,0x80,0x02,0x01,0x87,0x00,0x80,0x00,0x00,0x80,0x00,0x00,0x40,0x00,0x00,0xA0,0x00,0x00,
	0x90,0x04,0x00,0x00,0x04,0x00,0x28,0x04,0x01,0x00,0x00,0x0C,0x85,0x00,0x80,0x00,0x00,0x40,0x00,0x00,
	0x80,0x00,0x00,0x80,0x04,0x00,0x00,0x04,0x00,0x00,0x04,0x14,0x95,0x8C,0x20,0x00,0x05,0x21,0x00,0x02,
	0x00,0x00,0x02,0x20,0x00,0x00,0x80,0x00,0x00,0x88,0x00,0x00,0x88,0x00,0x00,0x09,0x00,0x01,0x57,0x00,
	0x00,0x88,0x00,0x00,0x80,0x02,0x00,0x80,0x02,0x00,0x80,0x00,0x00,0x80,0x00,0x00,0x50,0x01,0x00,0x50,
	0x02,0x00,0x08,0x03,0x02,0x10,0x03,0x81,0x80,0x00,0x04,0x08,0x02,0x00,0x20,0x00,0x00,0x20,0x00,0x00,
	0x80,0x00,0x20,0x00,0x03,0x85,0x01,0x4B,0x01,0x00,0x00,0x01,0x00,0x00,0x03,0x00,0x00,0x03,0x00,0x00,
	0x01,0x00,0x80,0x00,0x02,0x82,0x00,0x10,0x00,0x00,0x80,0x01,0x00,0x08,0x02,0x07,0x84,0x01,0x09,0x01,
	0x00,0x00,0x01,0x00,0x00,0x01,0x00,0x00,0x01,0x00,0x00,0x01,0x04,0x80,0x00,0x00,0x01,0x14,0x93,0x70,
	0x00,0x00,0xC8,0x00,0x00,0xCD,0x31,0x00,0x44,0x00,0x00,0x40,0x20,0x04,0x00,0x20,0x05,0x80,0x20,0x05,
	0x80,0xE0,0x05,0x04,0x12,0x01,0x00,0x00,0x01,0x00,0x00,0x01,0x00,0x00,0x01,0x00,0x20,0x02,0x00,0x80,
	0x00,0x00,0xC0,0x00,0x00,0x00,0x03,0x00,0xC0,0x02,0x00,0x10,0x01,0xC0,0x0C,0x02,0x00,0x00,0x06,0x01,
	0x80,0x00,0x20,0x00,0x00,0x84,0x00,0x20,0x04,0x00,0x20,0x04,0x00,0x20,0x04,0x00,0x20,0x04,0x00,0x18,
	0x00,0x00,0x89,0x00,0x00,0x01,0x00,0x00,0x01,0x00,0x00,0x03,0x00,0x00,0x01,0x00,0xC0,0x00,0x00,0x00,
	0x02,0x00,0x00,0x02,0x00,0x10,0x01,0xC0,0x00,0x00,0x00,0x00,0x02,0x0C,0x81,0x00,0x00,0x01,0x00,0x80,
	0x00,0x01,0x80,0x00,0x00,0x01,0x15,0x8C,0x00,0x50,0x02,0x30,0x50,0x06,0x10,0x00,0x02,0x81,0x10,0x02,
	0x80,0x10,0x02,0xC0,0x10,0x03,0x40,0x10,0x03,0x10,0x10,0x02,0x0A,0x28,0x04,0x00,0x14,0x07,0x00,0x00,
	0x05,0x00,0x00,0x03,0x00,0x20,0x01,0x00,0x90,0x00,0xA0,0x00,0x00,0x60,0x05,0x00,0x70,0x01,0x40,0x68,
	0x01,0x00,0x55,0x01,0x0B,0x01,0x00,0x00,0x40,0x02,0x00,0x40,0x02,0x00,0x00,0x02,0x00,0x00,0x02,0x00,
	0x00,0x02,0x00,0x00,0x02,0x00,0x00,0x02,0x00,0x00,0x02,0x02,0x10,0x06,0x00,0x00,0x07,0x00,0x00,0x06,
	0x00,0x81,0x00,0x00,0x02,0x00,0x00,0x01,0x00,0x84,0x00,0x40,0x01,0x00,0x20,0x01,0x00,0x60,0x00,0x00,
	0x50,0x00,0x03,0x00,0x00,0x07,0x80,0x02,0x10,0x00,0x01,0x80,0x00,0x00,0x02,0x02,0x81,0x00,0x00,0x01,
	0x00,0x00,0x01,0x16,0x00,0x92,0x00,0x20,0x04,0x20,0x40,0x00,0x28,0x40,0x00,0x26,0x40,0x00,0x02,0x40,
	0x00,0x30,0x40,0x00,0x20,0x00,0x01,0x08,0xB2,0x00,0x00,0x20,0x01,0x00,0x20,0x00,0x00,0x00,0x04,0x00,
	0x40,0x04,0x00,0x00,0x01,0x00,0x00,0x01,0x00,0x80,0x06,0x00,0x80,0x06,0x04,0x00,0x06,0x02,0x00,0x02,
	0x08,0x18,0x00,0x01,0x84,0x00,0x40,0x00,0x00,0x40,0x00,0x00,0x40,0x00,0x00,0x40,0x00,0x00,0x40,0x00,
	0x00,0x88,0x00,0xB6,0x02,0x00,0x00,0x02,0x00,0x00,0x02,0x00,0x00,0x06,0x00,0x00,0x06,0x00,0x00,0x02,
	0x00,0x00,0x01,0x00,0x00,0x02,0x00,0x00,0x02,0x01,0x80,0x00,0x10,0x00,0x07,0x82,0x00,0x02,0x02,0x00,
	0x00,0x02,0x00,0x00,0x02,0x00,0x82,0x00,0x00,0x02,0x00,0x00,0x02,0x00,0x00,0x01,0x18,0x80,0x00,0x20,
	0x00,0x00,0x86,0x00,0x20,0x00,0x10,0x20,0x00,0x19,0x20,0x00,0x30,0x20,0x00,0x08,0x20,0x00,0x48,0x60,
	0x00,0x04,0x04,0x06,0x00,0x80,0x00,0x20,0x06,0x00,0x80,0x00,0x40,0x04,0x00,0x85,0x00,0xC0,0x02,0x00,
	0x40,0x06,0x00,0x00,0x06,0x00,0x60,0x06,0x10,0x99,0x07,0x01,0x00,0x00,0x06,0x8B,0x00,0x40,0x00,0x04,
	0x20,0x06,0x00,0x00,0x02,0x00,0x00,0x06,0x00,0x00,0x04,0x00,0x00,0x06,0x00,0x00,0x02,0x00,0x80,0x00,
	0x00,0x00,0x04,0x00,0x00,0x04,0x00,0x60,0x06,0x10,0x81,0x03,0x08,0x80,0x04,0x20,0x00,0x07,0x81,0x00,
	0x00,0x02,0x00,0x00,0x02,0x14,0x85,0x00,0x80,0x04,0x00,0x80,0x04,0x00,0x80,0x04,0x00,0x00,0x04,0x00,
	0x00,0x04,0x00,0x00,0x04,0x00,0x85,0x04,0x00,0x04,0x03,0xA0,0x01,0x00,0x08,0x02,0x00,0x40,0x02,0x00,
	0x00,0x02,0x00,0x80,0x00,0x00,0x8B,0x00,0x00,0x01,0x00,0x80,0x02,0x00,0xE0,0x02,0x80,0x10,0x00,0x10,
	0x08,0x02,0x02,0x42,0x00,0x00,0x80,0x04,0x00,0x80,0x04,0x00,0x80,0x04,0x00,0x00,0x04,0x00,0x00,0x04,
	0x00,0x00,0x04,0x00,0x85,0x00,0x00,0x04,0x00,0x00,0x05,0x00,0x00,0x04,0x00,0x00,0x04,0x00,0x00,0x04,
	0x00,0x00,0x04,0x01,0x81,0x00,0x80,0x02,0x00,0x40,0x02,0x00,0x81,0x10,0x00,0x00,0x02,0x00,0x00,0x07,
	0x80,0x00,0x00,0x04,0x00,0x82,0x00,0x00,0x04,0x00,0x00,0x04,0x00,0x00,0x04,0x01,0x81,0x00,0x00,0x02,
	0x00,0x00,0x02,0x16,0x86,0x00,0x40,0x01,0x00,0x40,0x01,0x00,0x40,0x00,0x00,0xC0,0x00,0x00,0x80,0x00,
	0x04,0x80,0x00,0x00,0x80,0x04,0x00,0x81,0xED,0xCB,0x06,0x00,0x40,0x04,0x00,0x80,0x00,0x00,0x04,0x00,
	0x88,0x00,0x00,0x02,0x00,0x00,0x02,0x00,0x00,0x05,0x00,0x00,0x04,0x08,0x80,0x04,0xA4,0x22,0x04,0x04,
	0x00,0x00,0x00,0x00,0x01,0x00,0x00,0x01,0x00,0x83,0x00,0x80,0x00,0x00,0x80,0x00,0x00,0x80,0x00,0x00,
	0x80,0x04,0x00,0x8B,0xE9,0x63,0x02,0x00,0x00,0x04,0x00,0x00,0x04,0x00,0x00,0x04,0x00,0x00,0x04,0x00,
	0x00,0x04,0x00,0x00,0x02,0x00,0x00,0x04,0x00,0x00,0x04,0x00,0x80,0x04,0xA0,0x20,0x00,0x04,0x00,0x00,
	0x07,0x81,0xE8,0x03,0x00,0x00,0x00,0x04,0x02,0x81,0x00,0x00,0x04,0x00,0x00,0x02,0x18,0x88,0x02,0x20,
	0x00,0x00,0x20,0x00,0x00,0x20,0x01,0x00,0x20,0x01,0x00,0x60,0x01,0x08,0x40,0x00,0x00,0x40,0x00,0x00,
	0xC0,0x00,0x20,0x08,0x04,0x00,0x80,0x00,0x40,0x00,0x00,0x80,0x00,0x80,0x04,0x00,0x80,0x00,0x80,0x05,
	0x01,0x87,0x10,0x00,0x04,0x00,0x32,0x06,0x06,0x22,0x00,0x02,0x20,0x00,0x00,0x20,0x00,0x00,0x20,0x01,
	0x00,0x20,0x01,0x00,0x20,0x01,0x01,0x82,0x00,0x80,0x00,0x20,0x48,0x04,0x00,0x00,0x04,0x02,0x81,0x00,
	0x00,0x04,0x00,0x00,0x01,0x02,0x86,0x00,0x02,0x06,0x04,0x22,0x00,0x02,0x20,0x00,0x00,0x20,0x00,0x00,
	0x20,0x00,0x00,0x20,0x00,0x00,0x20,0x00,0x02,0x80,0x20,0x40,0x00,0x08,0x80,0x00,0x00,0x04,0x00,0x84,
	0x02,0x20,0x00,0x00,0x20,0x00,0x00,0x20,0x00,0x00,0x20,0x00,0x00,0x20,0x00,0x0E,0x8C,0x1C,0x80,0x02,
	0x16,0x90,0x02,0x02,0x90,0x02,0x00,0x90,0x02,0x00,0x80,0x02,0x00,0x20,0x01,0x06,0x20,0x01,0x00,0x20,
	0x01,0x1A,0x28,0x00,0x01,0x80,0x04,0x00,0x80,0x04,0x00,0x00,0x04,0x00,0x00,0x01,0x01,0x8D,0x00,0x80,
	0x05,0x00,0xC0,0x05,0x00,0xE0,0x06,0x40,0x10,0x01,0x00,0x94,0x00,0x1C,0x00,0x02,0x16,0x10,0x02,0x02,
	0x10,0x02,0x00,0x10,0x02,0x00,0x00,0x02,0x00,0x20,0x01,0x00,0x20,0x01,0x00,0x20,0x01,0x12,0x60,0x00,
	0x05,0x83,0x00,0x00,0x01,0x00,0x80,0x00,0x00,0xC0,0x04,0x40,0x00,0x01,0x00,0x83,0x1C,0x00,0x00,0x16,
	0x10,0x00,0x02,0x10,0x00,0x00,0x10,0x00,0x00,0x83,0x00,0x20,0x00,0x00,0x20,0x00,0x00,0x20,0x00,0x10,
	0x20,0x00,0x07,0x80,0x00,0x00,0x04,0x01,0x83,0x1C,0x00,0x00,0x16,0x10,0x00,0x02,0x10,0x00,0x00,0x10,
	0x00,0x00,0x83,0x00,0x20,0x00,0x00,0x20,0x00,0x00,0x20,0x00,0x00,0x20,0x00,0x0A,0x89,0x21,0x50,0x04,
	0x08,0x40,0x00,0x05,0x40,0x00,0x01,0x40,0x00,0x01,0x58,0x00,0x00,0xD0,0x02,0x00,0x90,0x00,0x00,0x80,
	0x00,0x0D,0xC0,0x06,0x01,0x30,0x00,0x02,0x83,0x00,0x00,0x05,0x00,0x00,0x06,0x00,0x00,0x06,0x00,0x00,
	0x04,0x00,0x88,0x08,0x44,0x04,0x00,0x40,0x00,0x20,0x50,0x04,0x08,0x40,0x00,0x04,0x40,0x00,0x00,0x40,
	0x00,0x00,0x58,0x00,0x00,0x50,0x02,0x00,0x10,0x00,0x00,0x81,0x0D,0x80,0x06,0x01,0x20,0x00,0x03,0x82,
	0x00,0x00,0x04,0x00,0x00,0x04,0x00,0x00,0x04,0x00,0x80,0x00,0x40,0x00,0x00,0x86,0x20,0x50,0x00,0x08,
	0x40,0x00,0x04,0x40,0x00,0x00,0x40,0x00,0x00,0x58,0x00,0x00,0x50,0x00,0x00,0x10,0x00,0x06,0x82,0x00,
	0x00,0x04,0x00,0x00,0x04,0x00,0x00,0x04,0x02,0x86,0x20,0x50,0x00,0x08,0x40,0x00,0x04,0x40,0x00,0x00,
	0x40,0x00,0x00,0x58,0x00,0x00,0x50,0x00,0x00,0x10,0x00,0x0C,0x83,0x00,0x0C,0x01,0x21,0x00,0x01,0x08,
	0x00,0x00,0x02,0x00,0x00,0x01,0x84,0x01,0x40,0x02,0x03,0x40,0x00,0xE0,0x5F,0x00,0x03,0xC0,0x00,0x00,
	0x80,0x01,0x00,0x80,0x00,0x00,0x03,0x00,0x80,0x00,0x00,0x03,0x01,0x86,0x00,0x01,0x00,0x80,0x80,0x00,
	0x04,0x04,0x00,0x00,0x0C,0x00,0x20,0x00,0x00,0x08,0x00,0x00,0x02,0x00,0x00,0x01,0x83,0x01,0x40,0x02,
	0x01,0x40,0x00,0x30,0xC0,0x00,0x00,0x40,0x00,0x03,0x80,0x00,0x00,0x02,0x02,0x85,0x80,0x00,0x00,0x00,
	0x04,0x00,0x00,0x0C,0x00,0x20,0x00,0x00,0x08,0x00,0x00,0x02,0x00,0x00,0x01,0x82,0x00,0x40,0x00,0x00,
	0x40,0x00,0x20,0xC0,0x00,0x0A,0x83,0x00,0x0C,0x00,0x20,0x00,0x00,0x08,0x00,0x00,0x02,0x00,0x00,0x01,
	0x82,0x00,0x40,0x00,0x00,0x40,0x00,0x00,0x40,0x00,0x0A,0x89,0x41,0x00,0x00,0x00,0x00,0x04,0x11,0x00,
	0x01,0x01,0x00,0x01,0x01,0x00,0x01,0x01,0x08,0x01,0x00,0x08,0x00,0x00,0x00,0x02,0x28,0x80,0x00,0x00,
	0x80,0x01,0x02,0x83,0x00,0x00,0x01,0x00,0x00,0x04,0x00,0x00,0x03,0x00,0x00,0x01,0x00,0x89,0x20,0x45,
	0x06,0x00,0x42,0x01,0x41,0x00,0x00,0x00,0x00,0x04,0x11,0x00,0x00,0x01,0x00,0x00,0x01,0x00,0x00,0x01,
	0x08,0x00,0x00,0x08,0x00,0x00,0x00,0x02,0x06,0x81,0x00,0x00,0x02,0x00,0x00,0x01,0x00,0x82,0x20,0x05,
	0x06,0x00,0x42,0x00,0x40,0x00,0x00,0x00,0x80,0x10,0x00,0x00,0x01,0x81,0x00,0x08,0x00,0x00,0x08,0x00,
	0x0C,0x80,0x40,0x00,0x00,0x00,0x80,0x10,0x00,0x00,0x01,0x81,0x00,0x08,0x00,0x00,0x08,0x00,0x0C,0x8A,
	0x82,0x80,0x00,0x02,0x8C,0x00,0x62,0x88,0x04,0x16,0x88,0x04,0x00,0x84,0x00,0x00,0x84,0x00,0x00,0x80,
	0x01,0x02,0x18,0x01,0x40,0x10,0x05,0x07,0x20,0x01,0x00,0x00,0x01,0x01,0x80,0x00,0x00,0x02,0x01,0x8D,
	0x00,0x80,0x02,0x00,0x80,0x04,0x00,0x81,0x00,0x00,0x28,0x00,0x82,0x80,0x00,0x02,0x8C,0x00,0x62,0x88,
	0x04,0x16,0x88,0x04,0x00,0x84,0x00,0x00,0x84,0x00,0x00,0x80,0x00,0x00,0x18,0x00,0x00,0x90,0x05,0x03,
	0x20,0x00,0x06,0x81,0x00,0x80,0x00,0x00,0x01,0x00,0x00,0x87,0x82,0x80,0x00,0x02,0x8C,0x00,0x62,0x88,
	0x00,0x16,0x88,0x00,0x00,0x84,0x00,0x00,0x84,0x00,0x00,0x80,0x00,0x00,0x18,0x00,0x00,0x80,0x01,0x00,
	0x00,0x09,0x87,0x82,0x80,0x00,0x02,0x8C,0x00,0x62,0x88,0x00,0x16,0x88,0x00,0x00,0x84,0x00,0x00,0x84,
	0x00,0x00,0x80,0x00,0x00,0x18,0x00,0x0B,0x8C,0x00,0x03,0x02,0xC1,0x03,0x02,0x00,0x04,0x02,0x28,0x00,
	0x00,0x00,0x00,0x04,0x02,0x00,0x04,0x02,0x04,0x00,0x00,0x80,0x00,0x20,0xA0,0x01,0x03,0x00,0x00,0x00,
	0x00,0x02,0x00,0x00,0x02,0x00,0x00,0x06,0x03,0x8B,0x20,0x42,0x00,0x10,0x08,0x00,0x00,0x00,0x02,0x00,
	0x03,0x00,0xC1,0x03,0x00,0x00,0x04,0x00,0x28,0x00,0x00,0x00,0x00,0x04,0x00,0x00,0x04,0x00,0x04,0x00,
	0x00,0x80,0x00,0x20,0xA0,0x00,0x0A,0x83,0x00,0x03,0x00,0xC0,0x03,0x00,0x00,0x04,0x00,0x28,0x00,0x00,
	0x01,0x82,0x00,0x04,0x00,0x00,0x80,0x00,0x00,0xA0,0x00,0x0A,0x83,0x00,0x03,0x00,0xC0,0x03,0x00,0x00,
	0x04,0x00,0x28,0x00,0x00,0x01,0x82,0x00,0x04,0x00,0x00,0x80,0x00,0x00,0xA0,0x00,0x0A,0x8B,0x02,0x00,
	0x01,0x02,0x00,0x01,0x82,0x03,0x00,0x42,0x06,0x03,0x06,0x02,0x02,0x00,0x02,0x02,0x00,0x02,0x06,0x80,
	0x03,0x06,0x54,0x0C,0x01,0x00,0xA0,0x02,0x01,0x00,0x00,0x00,0x00,0x02,0x01,0x81,0x00,0x00,0x06,0x00,
	0x00,0x04,0x01,0x8B,0x00,0x88,0x01,0x08,0x88,0x00,0x00,0x00,0x01,0x00,0x00,0x01,0x80,0x03,0x00,0x40,
	0x06,0x01,0x04,0x02,0x00,0x00,0x02,0x00,0x00,0x02,0x04,0x80,0x03,0x04,0x00,0x0C,0x01,0x00,0x80,0x00,
	0x03,0x80,0x00,0x00,0x04,0x02,0x8A,0x00,0x88,0x00,0x00,0x08,0x00,0x00,0x00,0x01,0x00,0x00,0x01,0x80,
	0x03,0x00,0x40,0x06,0x01,0x04,0x02,0x00,0x00,0x02,0x00,0x00,0x02,0x00,0x80,0x03,0x00,0x00,0x00,0x01,
	0x0A,0x87,0x00,0x00,0x01,0x00,0x00,0x01,0x80,0x03,0x00,0x40,0x06,0x01,0x04,0x02,0x00,0x00,0x02,0x00,
	0x00,0x02,0x00,0x80,0x03,0x00,0x0B,0x01,0x87,0x00,0x00,0x01,0x80,0x81,0x00,0x38,0x81,0x01,0x04,0x00,
	0x01,0x82,0x01,0x01,0x02,0x84,0x01,0xC2,0x2C,0x01,0x06,0x00,0x01,0x04,0x80,0x00,0x00,0x04,0x00,0x80,
	0x01,0x00,0x00,0x03,0x87,0x00,0x00,0x01,0x80,0x01,0x00,0x38,0x01,0x01,0x04,0x00,0x01,0x82,0x01,0x01,
	0x02,0x04,0x01,0x02,0x0C,0x00,0x06,0x00,0x00,0x04,0x80,0x00,0x00,0x04,0x05,0x85,0x00,0x00,0x01,0x80,
	0x01,0x00,0x38,0x01,0x01,0x04,0x00,0x01,0x80,0x01,0x01,0x00,0x04,0x01,0x00,0x80,0x02,0x00,0x00,0x0B,
	0x85,0x00,0x00,0x01,0x80,0x01,0x00,0x38,0x01,0x01,0x04,0x00,0x01,0x80,0x01,0x01,0x00,0x04,0x01,0x0B,
	0x85,0x09,0x00,0x04,0x01,0x00,0x00,0x01,0x00,0x00,0x01,0x80,0x00,0x44,0x00,0x00,0x84,0x01,0x00,0x00,
	0x82,0x40,0x00,0x00,0x04,0x03,0x05,0x0A,0x40,0x00,0x02,0x80,0x00,0x00,0x06,0x00,0x8A,0x00,0x00,0x02,
	0x01,0x00,0x02,0x00,0x04,0x00,0x40,0x90,0x04,0x00,0x90,0x00,0x01,0x00,0x00,0x01,0x00,0x00,0x01,0x00,
	0x00,0x01,0x00,0x00,0x44,0x00,0x00,0x84,0x01,0x00,0x00,0x82,0x40,0x00,0x00,0x00,0x00,0x01,0x00,0x40,
	0x00,0x05,0x80,0x00,0x00,0x02,0x00,0x81,0x40,0x00,0x04,0x00,0x80,0x00,0x03,0x81,0x44,0x00,0x00,0x84,
	0x01,0x00,0x00,0x80,0x40,0x00,0x00,0x0F,0x81,0x44,0x00,0x00,0x84,0x01,0x00,0x00,0x80,0x40,0x00,0x00,
	0x0B,0x8A,0x54,0x00,0x03,0x0C,0x00,0x07,0x04,0x00,0x01,0x04,0x80,0x00,0x80,0x00,0x00,0x30,0x00,0x00,
	0x20,0x80,0x00,0x04,0x00,0x00,0x80,0x6C,0x01,0x04,0x00,0x00,0x00,0x00,0x06,0x04,0x8A,0x00,0x00,0x05,
	0x01,0x80,0x01,0x21,0x00,0x01,0x00,0x40,0x00,0x04,0x00,0x02,0x04,0x00,0x02,0x04,0x00,0x00,0x04,0x00,
	0x00,0x80,0x00,0x00,0x30,0x00,0x00,0x20,0x00,0x00,0x00,0x80,0x80,0x60,0x00,0x06,0x81,0x01,0x00,0x00,
	0x01,0x00,0x01,0x01,0x86,0x04,0x00,0x02,0x04,0x00,0x02,0x04,0x00,0x00,0x04,0x00,0x00,0x80,0x00,0x00,
	0x30,0x00,0x00,0x20,0x00,0x00,0x00,0x80,0x80,0x40,0x00,0x0A,0x86,0x04,0x00,0x02,0x04,0x00,0x02,0x04,
	0x00,0x00,0x04,0x00,0x00,0x80,0x00,0x00,0x30,0x00,0x00,0x20,0x00,0x00,0x00,0x80,0x00,0x40,0x00,0x0A,
	0x89,0x20,0x00,0x00,0x10,0x00,0x00,0x08,0x00,0x06,0x00,0x00,0x07,0x01,0x80,0x07,0x4C,0x00,0x03,0x47,
	0x00,0x03,0x03,0x00,0x02,0x10,0x01,0x03,0x00,0x40,0x06,0x04,0x84,0x01,0x00,0x00,0x01,0x00,0x00,0x40,
	0x08,0x00,0x00,0x10,0x03,0x10,0x14,0x05,0x01,0x86,0x00,0x00,0x02,0x00,0x00,0x02,0x01,0x00,0x02,0x48,
	0x00,0x02,0x43,0x00,0x02,0x03,0x00,0x02,0x00,0x01,0x03,0x06,0x80,0x01,0x00,0x00,0x00,0x81,0x00,0x10,
	0x01,0x00,0x14,0x00,0x01,0x86,0x00,0x00,0x02,0x00,0x00,0x02,0x00,0x00,0x02,0x48,0x00,0x02,0x40,0x00,
	0x02,0x00,0x00,0x02,0x00,0x01,0x01,0x06,0x80,0x01,0x00,0x00,0x04,0x86,0x00,0x00,0x02,0x00,0x00,0x02,
	0x00,0x00,0x02,0x48,0x00,0x02,0x40,0x00,0x02,0x00,0x00,0x02,0x00,0x00,0x01,0x0A,0x89,0x04,0x00,0x00,
	0x24,0x00,0x00,0x14,0x00,0x00,0x04,0x00,0x00,0x04,0x80,0x00,0x00,0x00,0x04,0x10,0x00,0x04,0x20,0x00,
	0x05,0x22,0x56,0x03,0x00,0x00,0x01,0x01,0x80,0x00,0x00,0x04,0x00,0x85,0x01,0x00,0x00,0x01,0x00,0x00,
	0x03,0x00,0x00,0x02,0x00,0x00,0x00,0x80,0x00,0x01,0x00,0x00,0x05,0x83,0x10,0x00,0x00,0x20,0x00,0x00,
	0x22,0x06,0x00,0x00,0x00,0x01,0x04,0x80,0x01,0x00,0x00,0x09,0x82,0x10,0x00,0x00,0x20,0x00,0x00,0x00,
	0x06,0x00,0x10,0x81,0x10,0x00,0x00,0x20,0x00,0x00,0x0B,0x82,0x88,0xC0,0x00,0x48,0x00,0x00,0x08,0x00,
	0x00,0x01,0x80,0x01,0x00,0x00,0x01,0x82,0x05,0x41,0x04,0x00,0x80,0x02,0x01,0x00,0x00,0x01,0x80,0x01,
	0x00,0x00,0x00,0x80,0x01,0x00,0x00,0x01,0x81,0x00,0x10,0x00,0x00,0x20,0x01,0x04,0x80,0x01,0x00,0x00,
	0x01,0x81,0x05,0x40,0x02,0x00,0x80,0x00,0x08,0x80,0x00,0x00,0x01,0x07,0x80,0x00,0x00,0x02,0x1E,0x85,
	0x00,0x01,0x06,0x80,0x00,0x06,0x60,0x80,0x02,0x00,0x00,0x02,0x00,0x00,0x02,0x08,0x00,0x00,0x00,0x82,
	0x04,0x00,0x00,0xE8,0xFE,0x02,0x00,0x80,0x00,0x01,0x80,0x01,0x00,0x00,0x00,0x87,0x00,0x00,0x04,0x03,
	0x00,0x00,0x02,0x00,0x04,0x00,0x12,0x00,0x01,0x20,0x03,0x40,0x08,0x00,0x00,0x00,0x04,0x00,0x00,0x04,
	0x02,0x80,0x08,0x00,0x00,0x00,0x81,0x04,0x00,0x00,0x40,0x98,0x02,0x03,0x88,0x01,0x00,0x00,0x01,0x00,
	0x00,0x01,0x00,0x00,0x02,0x00,0x04,0x00,0x02,0x00,0x01,0x00,0x00,0x40,0x08,0x00,0x00,0x00,0x04,0x00,
	0x00,0x04,0x02,0x80,0x08,0x00,0x00,0x01,0x80,0x40,0x98,0x00,0x05,0x80,0x01,0x00,0x00,0x03,0x81,0x00,
	0x00,0x04,0x00,0x00,0x04,0x02,0x80,0x08,0x00,0x00,0x01,0x80,0x00,0x80,0x00,0x0A,0x89,0x08,0x00,0x00,
	0x08,0x00,0x00,0x08,0x00,0x04,0x18,0x00,0x00,0x08,0x00,0x00,0x00,0x80,0x02,0x00,0x00,0x02,0x10,0x00,
	0x00,0x00,0xAB,0x02,0x03,0x00,0x00,0x01,0x8C,0x01,0x00,0x00,0x01,0x00,0x04,0x01,0x00,0x00,0x03,0x00,
	0x04,0x01,0x00,0x00,0x02,0x04,0x02,0x02,0x80,0x04,0x00,0xA0,0x00,0x08,0x00,0x00,0x08,0x00,0x00,0x08,
	0x00,0x04,0x08,0x00,0x00,0x08,0x00,0x00,0x01,0x81,0x10,0x00,0x00,0x00,0x23,0x00,0x02,0x83,0x01,0x00,
	0x00,0x01,0x00,0x00,0x01,0x00,0x00,0x02,0x00,0x00,0x00,0x80,0x02,0x04,0x02,0x00,0x85,0x00,0x20,0x00,
	0x08,0x00,0x00,0x08,0x00,0x00,0x08,0x00,0x04,0x08,0x00,0x00,0x08,0x00,0x00,0x01,0x81,0x10,0x00,0x00,
	0x00,0x20,0x00,0x03,0x81,0x01,0x00,0x00,0x01,0x00,0x00,0x04,0x84,0x08,0x00,0x00,0x08,0x00,0x00,0x08,
	0x00,0x04,0x08,0x00,0x00,0x08,0x00,0x00,0x01,0x80,0x10,0x00,0x00,0x0B,0x00,0x83,0x00,0x81,0x00,0x80,
	0x00,0x00,0x00,0x00,0x04,0x00,0x40,0x04,0x00,0x83,0x08,0x00,0x00,0x08,0x00,0x06,0x00,0x80,0x00,0x05,
	0x00,0x02,0x01,0x87,0x01,0x00,0x00,0x01,0x00,0x00,0x03,0x00,0x00,0x02,0x00,0x00,0x02,0x00,0x02,0x80,
	0x00,0x01,0x00,0x30,0x02,0x02,0x00,0x02,0x02,0x81,0x00,0x00,0x04,0x00,0x00,0x04,0x01,0x82,0x00,0x00,
	0x04,0x00,0x80,0x06,0x05,0x00,0x02,0x07,0x80,0x00,0x20,0x02,0x03,0x81,0x00,0x00,0x04,0x00,0x00,0x04,
	0x01,0x82,0x00,0x00,0x04,0x00,0x00,0x02,0x05,0x00,0x00,0x0C,0x81,0x00,0x00,0x04,0x00,0x00,0x04,0x01,
	0x81,0x00,0x00,0x04,0x00,0x00,0x02,0x0A,0x86,0x08,0x02,0x00,0x08,0x02,0x00,0x08,0x01,0x00,0x20,0x00,
	0x00,0x08,0x00,0x00,0x08,0x00,0x04,0x00,0x40,0x04,0x00,0x81,0xB8,0x01,0x00,0x0A,0x00,0x03,0x00,0x83,
	0x01,0x00,0x00,0x03,0x00,0x00,0x02,0x00,0x00,0x02,0x00,0x00,0x00,0x83,0x04,0x02,0x00,0x04,0x28,0x00,
	0xC2,0x20,0x01,0xA0,0x00,0x00,0x04,0x81,0x00,0x00,0x04,0x00,0x00,0x04,0x00,0x81,0x08,0x01,0x04,0x0A,
	0x00,0x01,0x01,0x80,0x01,0x00,0x00,0x00,0x80,0x02,0x00,0x00,0x01,0x82,0x00,0x08,0x00,0x82,0x00,0x00,
	0x80,0x00,0x00,0x04,0x81,0x00,0x00,0x04,0x00,0x00,0x04,0x00,0x81,0x00,0x00,0x04,0x02,0x00,0x00,0x01,
	0x80,0x01,0x00,0x00,0x0B,0x81,0x00,0x00,0x04,0x00,0x00,0x04,0x0C,0x80,0x10,0x04,0x04,0x00,0x81,0x00,
	0x40,0x00,0x58,0x00,0x00,0x02,0x82,0x14,0x00,0x00,0x60,0x22,0x01,0x19,0x00,0x04,0x01,0x80,0x02,0x00,
	0x00,0x00,0x81,0x02,0x00,0x00,0x07,0x00,0x00,0x00,0x80,0x00,0x02,0x04,0x00,0x80,0x00,0x40,0x02,0x06,
	0x82,0x14,0x00,0x00,0x60,0x22,0x04,0x00,0x00,0x04,0x01,0x81,0x02,0x00,0x00,0x02,0x00,0x00,0x00,0x80,
	0x03,0x00,0x00,0x00,0x80,0x00,0x02,0x04,0x00,0x80,0x00,0x00,0x02,0x06,0x81,0x10,0x00,0x00,0x40,0x20,
	0x00,0x05,0x80,0x02,0x00,0x00,0x0A,0x80,0x10,0x00,0x00,0x0B,0x83,0x00,0x28,0x00,0x10,0x48,0x04,0x10,
	0x02,0x04,0x80,0x00,0x00,0x01,0x80,0x10,0x00,0x00,0x00,0x81,0x84,0x49,0x04,0x00,0x00,0x01,0x01,0x87,
	0x01,0x00,0x00,0x02,0x00,0x00,0x02,0x00,0x00,0x02,0x00,0x00,0x04,0x02,0x00,0x04,0x00,0x00,0x04,0x40,
	0x07,0x40,0x00,0x00,0x05,0x80,0x10,0x00,0x00,0x00,0x80,0x84,0x00,0x04,0x03,0x81,0x02,0x00,0x00,0x02,
	0x00,0x00,0x00,0x81,0x04,0x00,0x00,0x04,0x00,0x00,0x00,0x80,0x40,0x00,0x00,0x05,0x80,0x10,0x00,0x00,
	0x00,0x80,0x80,0x00,0x04,0x03,0x81,0x02,0x00,0x00,0x02,0x00,0x00,0x0A,0x80,0x10,0x00,0x00,0x00,0x80,
	0x00,0x00,0x04,0x0A,0x81,0x11,0x00,0x00,0x01,0x04,0x00,0x00,0x82,0x00,0x41,0x04,0x30,0x00,0x04,0x10,
	0x00,0x00,0x00,0x83,0x00,0x40,0x00,0xB8,0xB7,0x00,0x18,0x00,0x04,0x00,0x00,0x04,0x00,0x88,0x02,0x00,
	0x00,0x02,0x00,0x00,0x02,0x00,0x00,0x04,0x00,0x00,0x02,0x00,0x04,0x00,0x05,0x02,0x80,0x20,0x00,0x04,
	0x40,0x00,0x10,0x00,0x00,0x02,0x81,0x10,0x00,0x00,0x10,0x00,0x00,0x01,0x81,0x48,0x91,0x00,0x18,0x00,
	0x00,0x04,0x82,0x04,0x00,0x00,0x02,0x00,0x00,0x00,0x04,0x00,0x00,0x81,0x00,0x40,0x00,0x10,0x00,0x00,
	0x02,0x81,0x10,0x00,0x00,0x10,0x00,0x00,0x01,0x81,0x00,0x11,0x00,0x08,0x00,0x00,0x05,0x80,0x02,0x00,
	0x00,0x02,0x80,0x10,0x00,0x00,0x02,0x81,0x10,0x00,0x00,0x10,0x00,0x00,0x0D,0x83,0x02,0x10,0x00,0x12,
	0x20,0x00,0x11,0x04,0x00,0x10,0x02,0x00,0x00,0x84,0x00,0x40,0x04,0x00,0x00,0x04,0x10,0x00,0x00,0xC0,
	0xF6,0x00,0x38,0x00,0x02,0x02,0x81,0x04,0x00,0x00,0x04,0x00,0x00,0x00,0x83,0x04,0x00,0x00,0x08,0x08,
	0x00,0x00,0x45,0x04,0x00,0x01,0x05,0x00,0x82,0x10,0x00,0x00,0x10,0x00,0x00,0x10,0x00,0x00,0x03,0x81,
	0x80,0x6F,0x00,0x00,0x00,0x06,0x06,0x82,0x00,0x08,0x00,0x00,0x41,0x04,0x00,0x01,0x00,0x00,0x82,0x10,
	0x00,0x00,0x10,0x00,0x00,0x10,0x00,0x00,0x03,0x81,0x00,0x0E,0x00,0x00,0x00,0x06,0x0A,0x82,0x10,0x00,
	0x00,0x10,0x00,0x00,0x10,0x00,0x00,0x0F,0x84,0x04,0x00,0x00,0x04,0x10,0x00,0x02,0x28,0x00,0x03,0x20,
	0x00,0xC0,0x00,0x00,0x00,0x83,0x10,0x00,0x00,0x00,0x00,0x04,0x80,0xC2,0x04,0x31,0x00,0x06,0x00,0x81,
	0x02,0x00,0x00,0x06,0x00,0x00,0x01,0x81,0x04,0x00,0x00,0x09,0x00,0x00,0x00,0x81,0x04,0x00,0x00,0x40,
	0x00,0x04,0x07,0x81,0x00,0x80,0x00,0x31,0x00,0x06,0x01,0x80,0x02,0x00,0x00,0x02,0x80,0x01,0x00,0x00,
	0x00,0x81,0x04,0x00,0x00,0x00,0x00,0x04,0x07,0x81,0x00,0x80,0x00,0x10,0x00,0x02,0x01,0x80,0x02,0x00,
	0x00,0x02,0x80,0x01,0x00,0x00,0x0A,0x80,0x00,0x80,0x00,0x0A,0x01,0x83,0x04,0x00,0x00,0x00,0x0C,0x00,
	0x00,0x01,0x00,0x10,0x00,0x00,0x01,0x81,0xC0,0x7F,0x00,0x70,0x00,0x04,0x02,0x81,0x04,0x00,0x00,0x04,
	0x00,0x00,0x01,0x82,0x00,0x20,0x04,0x00,0x0C,0x00,0x04,0x40,0x00,0x07,0x80,0xC0,0x5A,0x00,0x03,0x81,
	0x04,0x00,0x00,0x04,0x00,0x00,0x03,0x80,0x04,0x00,0x00,0x07,0x80,0xC0,0x40,0x00,0x12,0x80,0xC0,0x40,
	0x00,0x0A,0x02,0x81,0x00,0x08,0x00,0x10,0x00,0x00,0x02,0x81,0x00,0x3D,0x00,0x04,0x00,0x05,0x05,0x80,
	0x07,0x00,0x00,0x00,0x81,0x08,0x42,0x00,0x80,0x00,0x00,0x07,0x81,0x00,0x27,0x00,0x00,0x00,0x04,0x05,
	0x80,0x05,0x00,0x00,0x00,0x81,0x00,0x42,0x00,0x80,0x00,0x00,0x07,0x81,0x00,0x23,0x00,0x00,0x00,0x04,
	0x05,0x80,0x05,0x00,0x00,0x0A,0x81,0x00,0x23,0x00,0x00,0x00,0x04,0x09,0x80,0x20,0x00,0x00,0x00,0x82,
	0x04,0x00,0x00,0x01,0x00,0x00,0x20,0x20,0x00,0x02,0x82,0x10,0x1C,0x00,0xC3,0x81,0x00,0x18,0x00,0x00,
	0x01,0x82,0x04,0x00,0x00,0x04,0x00,0x00,0x04,0x00,0x00,0x00,0x82,0x08,0x02,0x00,0x00,0x21,0x00,0x01,
	0x80,0x00,0x07,0x81,0x10,0x18,0x00,0x63,0x00,0x00,0x04,0x80,0x04,0x00,0x00,0x00,0x81,0x08,0x00,0x00,
	0x00,0x20,0x00,0x08,0x81,0x00,0x18,0x00,0x22,0x00,0x00,0x04,0x80,0x04,0x00,0x00,0x0B,0x80,0x00,0x18,
	0x00,0x0A,0x00,0x83,0x20,0x00,0x00,0x10,0x00,0x00,0x20,0x00,0x00,0x00,0x20,0x00,0x02,0x84,0x00,0x84,
	0x01,0x67,0x72,0x06,0x00,0x00,0x04,0x02,0x00,0x00,0x02,0x00,0x00,0x00,0x80,0x04,0x00,0x00,0x00,0x80,
	0x07,0x00,0x00,0x00,0x81,0x00,0x08,0x00,0x81,0x12,0x04,0x07,0x81,0x00,0x04,0x00,0x24,0x00,0x02,0x01,
	0x80,0x02,0x00,0x00,0x00,0x80,0x04,0x00,0x00,0x00,0x80,0x02,0x00,0x00,0x01,0x80,0x00,0x12,0x00,0x07,
	0x81,0x00,0x04,0x00,0x00,0x00,0x02,0x01,0x80,0x02,0x00,0x00,0x00,0x80,0x04,0x00,0x00,0x0C,0x80,0x00,
	0x04,0x00,0x0A,0x80,0x40,0x00,0x00,0x00,0x82,0x30,0x10,0x00,0x10,0x20,0x00,0x02,0x00,0x00,0x01,0x82,
	0x20,0x00,0x00,0x10,0x00,0x00,0x8A,0x0C,0x01,0x01,0x81,0x01,0x00,0x00,0x04,0x00,0x00,0x01,0x84,0x0A,
	0x00,0x00,0x03,0x00,0x00,0x00,0x04,0x04,0x00,0x18,0x00,0x40,0x00,0x00,0x05,0x82,0x20,0x00,0x00,0x10,
	0x00,0x00,0x8B,0x00,0x01,0x02,0x80,0x04,0x00,0x00,0x01,0x80,0x08,0x00,0x00,0x00,0x81,0x00,0x04,0x00,
	0x00,0x18,0x00,0x06,0x80,0x20,0x00,0x00,0x00,0x80,0x01,0x00,0x00,0x02,0x80,0x04,0x00,0x00,0x0C,0x80,
	0x20,0x00,0x00,0x0B,0x80,0x80,0x00,0x00,0x00,0x82,0x10,0x00,0x00,0x00,0x28,0x00,0x00,0x02,0x00,0x03,
	0x83,0x81,0xC3,0x03,0x3E,0x00,0x00,0x01,0x00,0x00,0x03,0x00,0x00,0x02,0x84,0x01,0x00,0x00,0x07,0x18,
	0x00,0x09,0x00,0x00,0x00,0x05,0x00,0x80,0x00,0x00,0x07,0x81,0x41,0xC3,0x00,0x18,0x00,0x00,0x00,0x80,
	0x01,0x00,0x00,0x02,0x83,0x01,0x00,0x00,0x03,0x00,0x00,0x08,0x00,0x00,0x00,0x05,0x00,0x08,0x80,0x40,
	0x00,0x00,0x01,0x80,0x01,0x00,0x00,0x03,0x80,0x03,0x00,0x00,0x15,0x82,0x09,0x01,0x00,0x40,0x00,0x00,
	0x18,0x00,0x00,0x00,0x81,0x00,0x24,0x00,0x40,0x00,0x00,0x02,0x81,0x40,0xBD,0x03,0x15,0x00,0x04,0x00,
	0x80,0x07,0x00,0x00,0x00,0x80,0x04,0x00,0x00,0x00,0x81,0x02,0x00,0x00,0x06,0x04,0x00,0x00,0x82,0x0A,
	0x00,0x02,0x00,0x01,0x00,0x40,0x00,0x00,0x06,0x81,0x40,0x3C,0x03,0x04,0x00,0x04,0x00,0x80,0x02,0x00,
	0x00,0x03,0x80,0x04,0x00,0x00,0x00,0x80,0x02,0x00,0x00,0x08,0x80,0x00,0x00,0x01,0x06,0x80,0x04,0x00,
	0x00,0x15,0x82,0x40,0x00,0x00,0x89,0x00,0x00,0x05,0x00,0x00,0x00,0x86,0x00,0x20,0x00,0x82,0x00,0x00,
	0x02,0x00,0x00,0x03,0x00,0x00,0x03,0x40,0x00,0xF1,0xE3,0x03,0x2A,0x00,0x04,0x00,0x81,0x01,0x00,0x00,
	0x04,0x00,0x00,0x00,0x80,0x05,0x00,0x00,0x00,0x84,0x0C,0x00,0x00,0x02,0x48,0x00,0x01,0x40,0x00,0x40,
	0x00,0x00,0x80,0x00,0x00,0x06,0x81,0x90,0x81,0x00,0x23,0x00,0x00,0x00,0x81,0x01,0x00,0x00,0x04,0x00,
	0x00,0x00,0x80,0x01,0x00,0x00,0x01,0x81,0x00,0x08,0x00,0x01,0x00,0x00,0x08,0x80,0x80,0x81,0x00,0x02,
	0x80,0x04,0x00,0x00,0x19,0x01,0x82,0x10,0x00,0x00,0x0C,0x10,0x00,0x00,0x20,0x00,0x00,0x80,0x01,0x00,
	0x00,0x00,0x82,0x00,0x50,0x00,0x82,0x52,0x00,0x1F,0x00,0x00,0x01,0x80,0x01,0x00,0x00,0x03,0x80,0x00,
	0x10,0x00,0x09,0x81,0x00,0x42,0x00,0x19,0x00,0x00,0x06,0x80,0x00,0x10,0x00,0x09,0x81,0x00,0x42,0x00,
	0x19,0x00,0x00,0x1C,0x80,0x20,0x00,0x00,0x00,0x82,0x50,0x00,0x00,0x10,0x00,0x00,0x00,0x20,0x00,0x02,
	0x82,0x00,0x40,0x00,0x80,0xAD,0x03,0x5C,0x00,0x00,0x00,0x81,0x03,0x00,0x00,0x07,0x00,0x00,0x00,0x80,
	0x01,0x00,0x00,0x00,0x83,0x06,0x00,0x00,0x01,0x00,0x00,0x00,0x0A,0x00,0x20,0x00,0x00,0x00,0x80,0x40,
	0x00,0x00,0x05,0x81,0x80,0x20,0x03,0x07,0x00,0x04,0x01,0x80,0x01,0x00,0x00,0x00,0x80,0x01,0x00,0x00,
	0x00,0x83,0x06,0x00,0x00,0x01,0x00,0x00,0x00,0x02,0x00,0x20,0x00,0x00,0x07,0x81,0x00,0x20,0x02,0x06,
	0x00,0x04,0x01,0x80,0x01,0x00,0x00,0x03,0x80,0x01,0x00,0x00,0x00,0x80,0x20,0x00,0x00,0x07,0x80,0x00,
	0x00,0x02,0x09,0x81,0x40,0x00,0x00,0x60,0x01,0x00,0x02,0x80,0x00,0x01,0x00,0x02,0x81,0x80,0xFF,0x01,
	0x26,0x00,0x06,0x01,0x80,0x03,0x00,0x00,0x03,0x83,0x02,0x02,0x00,0x03,0x01,0x00,0x40,0x00,0x00,0x60,
	0x01,0x00,0x06,0x81,0x00,0x9D,0x00,0x02,0x00,0x04,0x01,0x80,0x02,0x00,0x00,0x03,0x80,0x02,0x00,0x00,
	0x01,0x80,0x20,0x00,0x00,0x06,0x80,0x00,0x1C,0x00,0x02,0x80,0x02,0x00,0x00,0x03,0x80,0x02,0x00,0x00,
	0x01,0x80,0x20,0x00,0x00,0x11,0x80,0x20,0x00,0x00,0x02,0x81,0x04,0x28,0x00,0x05,0x02,0x00,0x01,0x83,
	0x04,0x40,0x00,0x04,0xD3,0x01,0x2D,0x00,0x00,0x01,0x00,0x00,0x00,0x80,0x01,0x00,0x00,0x00,0x80,0x08,
	0x00,0x00,0x00,0x80,0x01,0x00,0x00,0x01,0x80,0x20,0x00,0x00,0x07,0x81,0x00,0x42,0x01,0x2C,0x00,0x00,
	0x01,0x80,0x01,0x00,0x00,0x05,0x80,0x20,0x00,0x00,0x07,0x81,0x00,0x00,0x01,0x20,0x00,0x00,0x08,0x80,
	0x20,0x00,0x00,0x07,0x80,0x00,0x00,0x01,0x09,0x00,0x81,0x40,0x00,0x00,0x40,0x00,0x00,0x00,0x80,0x10,
	0x08,0x00,0x00,0x84,0x04,0x00,0x00,0x24,0x00,0x00,0x00,0x50,0x00,0x00,0x04,0x02,0x12,0x00,0x04,0x01,
	0x81,0x02,0x00,0x00,0x0A,0x00,0x00,0x02,0x81,0x04,0x00,0x00,0x00,0x50,0x00,0x00,0x81,0x40,0x00,0x00,
	0x40,0x00,0x00,0x03,0x80,0x20,0x00,0x00,0x01,0x80,0x10,0x00,0x00,0x02,0x80,0x02,0x00,0x00,0x03,0x80,
	0x00,0x40,0x00,0x06,0x80,0x20,0x00,0x00,0x12,0x80,0x20,0x00,0x00,0x0B,0x00,0x80,0x20,0x00,0x00,0x00,
	0x82,0x40,0x00,0x00,0x08,0x00,0x00,0x10,0x20,0x00,0x02,0x81,0x40,0x14,0x00,0x12,0x00,0x04,0x01,0x80,
	0x02,0x00,0x00,0x00,0x80,0x02,0x00,0x00,0x00,0x82,0x06,0x00,0x00,0x04,0x00,0x00,0x00,0x8C,0x00,0x00,
	0x80,0x20,0x00,0x00,0x00,0x80,0x40,0x00,0x00,0x04,0x81,0x40,0x00,0x00,0x10,0x00,0x00,0x03,0x80,0x02,
	0x00,0x00,0x00,0x80,0x04,0x00,0x00,0x00,0x80,0x00,0x04,0x00,0x00,0x80,0x20,0x00,0x00,0x06,0x80,0x40,
	0x00,0x00,0x0A,0x80,0x20,0x00,0x00,0x06,0x80,0x40,0x00,0x00,0x09,0x84,0x01,0x00,0x00,0x01,0x00,0x00,
	0x91,0x00,0x00,0x01,0x00,0x00,0x01,0x00,0x00,0x02,0x83,0x00,0x40,0x00,0x40,0x6B,0x00,0x10,0x00,0x04,
	0x01,0x00,0x00,0x03,0x81,0x08,0x00,0x00,0x08,0x00,0x04,0x03,0x80,0x80,0x00,0x00,0x05,0x81,0x40,0x4A,
	0x00,0x10,0x00,0x00,0x04,0x80,0x08,0x00,0x00,0x0B,0x80,0x40,0x08,0x00,0x12,0x80,0x40,0x00,0x00,0x09,
	0x01,0x83,0xD0,0x00,0x00,0x40,0x00,0x00,0x00,0x08,0x00,0x08,0x00,0x00,0x01,0x83,0x00,0x50,0x00,0xC0,
	0x0B,0x00,0x62,0x00,0x00,0x11,0x00,0x00,0x00,0x80,0x03,0x00,0x00,0x02,0x82,0x01,0x00,0x00,0x10,0x20,
	0x00,0x00,0x00,0x04,0x01,0x81,0xC0,0x00,0x00,0x40,0x00,0x00,0x04,0x81,0xC0,0x0A,0x00,0x40,0x00,0x00,
	0x05,0x80,0x01,0x00,0x00,0x0A,0x80,0xC0,0x08,0x00,0x12,0x80,0xC0,0x00,0x00,0x09,0x01,0x83,0x80,0x00,
	0x00,0x10,0x00,0x00,0x00,0x08,0x00,0x08,0x00,0x00,0x01,0x81,0x20,0x00,0x00,0x00,0x08,0x00,0x04,0x84,
	0x01,0x00,0x00,0x01,0x00,0x00,0x08,0x00,0x04,0x02,0x00,0x00,0x09,0x00,0x00,0x01,0x80,0x80,0x00,0x00,
	0x04,0x81,0x20,0x00,0x00,0x00,0x08,0x00,0x03,0x80,0x01,0x00,0x00,0x00,0x81,0x01,0x00,0x00,0x03,0x00,
	0x00,0x00,0x80,0x0B,0x00,0x00,0x07,0x81,0x20,0x00,0x00,0x00,0x08,0x00,0x03,0x84,0x01,0x00,0x00,0x01,
	0x00,0x00,0x01,0x00,0x00,0x01,0x00,0x00,0x03,0x00,0x00,0x08,0x80,0x20,0x00,0x00,0x0A,0x02,0x82,0x30,
	0x00,0x00,0x10,0x00,0x00,0x20,0x00,0x00,0x02,0x82,0x00,0x90,0x00,0x00,0x00,0x04,0x08,0x00,0x00,0x01,
	0x80,0x01,0x00,0x00,0x00,0x83,0x01,0x00,0x00,0x0E,0x00,0x00,0x07,0x00,0x00,0x08,0x00,0x00,0x08,0x80,
	0x00,0x10,0x00,0x04,0x81,0x01,0x00,0x00,0x02,0x00,0x00,0x00,0x81,0x04,0x00,0x00,0x0C,0x00,0x00,0x08,
	0x80,0x00,0x10,0x00,0x06,0x80,0x02,0x00,0x00,0x00,0x80,0x01,0x00,0x00,0x13,0x82,0x20,0x02,0x00,0x20,
	0x00,0x00,0x20,0x00,0x00,0x00,0x80,0x20,0x00,0x00,0x00,0x80,0x60,0x00,0x00,0x00,0x82,0x00,0x10,0x00,
	0x20,0x20,0x00,0xA0,0x00,0x00,0x04,0x80,0x02,0x00,0x00,0x00,0x82,0x05,0x00,0x00,0x0A,0x00,0x00,0x00,
	0x02,0x00,0x07,0x81,0x20,0x20,0x00,0x20,0x00,0x00,0x04,0x83,0x02,0x00,0x00,0x04,0x00,0x00,0x01,0x00,
	0x00,0x02,0x00,0x00,0x08,0x80,0x20,0x20,0x00,0x05,0x81,0x02,0x00,0x00,0x04,0x00,0x00,0x0A,0x80,0x20,
	0x00,0x00,0x09,0x80,0x00,0x02,0x00,0x01,0x80,0x40,0x00,0x00,0x01,0x81,0x10,0x00,0x00,0x20,0x00,0x00,
	0x00,0x82,0x00,0x21,0x00,0x40,0x00,0x00,0x04,0x00,0x00,0x00,0x83,0x04,0x00,0x00,0x01,0x00,0x00,0x01,
	0x00,0x00,0x04,0x00,0x00,0x00,0x80,0x08,0x00,0x00,0x00,0x80,0x00,0x02,0x00,0x01,0x80,0x40,0x00,0x00,
	0x04,0x80,0x00,0x21,0x00,0x02,0x80,0x04,0x00,0x00,0x00,0x80,0x01,0x00,0x00,0x01,0x80,0x08,0x00,0x00,
	0x09,0x80,0x00,0x21,0x00,0x12,0x80,0x00,0x01,0x00,0x09,0x02,0x81,0x60,0x00,0x00,0x10,0x08,0x00,0x00,
	0x81,0x80,0x00,0x00,0x30,0x00,0x00,0x00,0x80,0x00,0x88,0x00,0x00,0x80,0x10,0x00,0x00,0x01,0x80,0x01,
	0x00,0x00,0x00,0x80,0x01,0x00,0x00,0x00,0x81,0x09,0x00,0x00,0x03,0x00,0x00,0x02,0x80,0x60,0x00,0x00,
	0x04,0x80,0x00,0x08,0x00,0x00,0x80,0x10,0x00,0x00,0x01,0x82,0x01,0x00,0x00,0x01,0x00,0x00,0x02,0x00,
	0x00,0x00,0x81,0x09,0x00,0x00,0x03,0x00,0x00,0x08,0x80,0x00,0x08,0x00,0x03,0x82,0x01,0x00,0x00,0x01,
	0x00,0x00,0x02,0x00,0x00,0x01,0x80,0x01,0x00,0x00,0x13,0x84,0x20,0x00,0x00,0x20,0x00,0x00,0x20,0x00,
	0x00,0x40,0x00,0x00,0x08,0x00,0x00,0x02,0x81,0x10,0x00,0x00,0x04,0x88,0x00,0x02,0x85,0x01,0x00,0x00,
	0x01,0x00,0x00,0x04,0x00,0x00,0x0D,0x00,0x00,0x14,0x00,0x00,0x0D,0x00,0x00,0x00,0x83,0x20,0x00,0x00,
	0x20,0x00,0x00,0x20,0x00,0x00,0x40,0x00,0x00,0x04,0x80,0x00,0x08,0x00,0x04,0x82,0x01,0x00,0x00,0x0D,
	0x00,0x00,0x02,0x00,0x00,0x00,0x80,0x08,0x00,0x00,0x08,0x80,0x00,0x08,0x00,0x05,0x80,0x04,0x00,0x00,
	0x16,0x02,0x81,0x40,0x00,0x00,0x08,0x00,0x00,0x01,0x82,0x04,0x00,0x00,0x04,0x00,0x00,0x10,0x00,0x01,
	0x00,0x80,0x02,0x00,0x00,0x01,0x85,0x01,0x00,0x00,0x00,0x00,0x02,0x01,0x00,0x00,0x01,0x00,0x00,0x04,
	0x00,0x00,0x07,0x00,0x00,0x02,0x80,0x40,0x00,0x00,0x04,0x80,0x00,0x00,0x01,0x03,0x80,0x01,0x00,0x00,
	0x00,0x83,0x01,0x00,0x00,0x02,0x00,0x00,0x04,0x00,0x00,0x08,0x00,0x00,0x08,0x80,0x00,0x00,0x01,0x05,
	0x81,0x01,0x00,0x00,0x02,0x00,0x00,0x00,0x80,0x08,0x00,0x00,0x08,0x80,0x00,0x00,0x01,0x09,0x01,0x84,
	0x80,0x00,0x00,0x10,0x00,0x00,0x30,0x00,0x00,0x14,0x00,0x00,0x04,0x00,0x00,0x01,0x82,0x00,0x46,0x04,
	0x40,0x00,0x00,0x08,0x00,0x00,0x01,0x85,0x0C,0x00,0x00,0x06,0x00,0x02,0x01,0x00,0x00,0x08,0x00,0x00,
	0x06,0x00,0x00,0x03,0x00,0x00,0x01,0x83,0x80,0x00,0x00,0x10,0x00,0x00,0x30,0x00,0x00,0x10,0x00,0x00,
	0x02,0x80,0x00,0x06,0x00,0x00,0x80,0x08,0x00,0x00,0x02,0x82,0x06,0x00,0x00,0x01,0x00,0x00,0x01,0x00,
	0x00,0x00,0x80,0x05,0x00,0x00,0x02,0x82,0x10,0x00,0x00,0x10,0x00,0x00,0x10,0x00,0x00,0x02,0x80,0x00,
	0x04,0x00,0x04,0x80,0x04,0x00,0x00,0x06,0x82,0x10,0x00,0x00,0x10,0x00,0x00,0x10,0x00,0x00,0x0D,0x00,
	0x81,0x10,0x01,0x00,0x10,0x00,0x00,0x01,0x84,0x08,0x00,0x00,0x90,0x00,0x00,0x10,0x00,0x00,0x00,0x00,
	0x04,0x00,0xA1,0x00,0x02,0x80,0x01,0x00,0x00,0x02,0x82,0x01,0x00,0x00,0x02,0x00,0x00,0x07,0x02,0x00,
	0x00,0x81,0x10,0x01,0x00,0x10,0x00,0x00,0x02,0x81,0x10,0x00,0x00,0x10,0x00,0x00,0x00,0x80,0x00,0xA1,
	0x00,0x02,0x80,0x01,0x00,0x00,0x02,0x82,0x01,0x00,0x00,0x02,0x00,0x00,0x07,0x00,0x00,0x00,0x81,0x10,
	0x00,0x00,0x10,0x00,0x00,0x02,0x81,0x10,0x00,0x00,0x10,0x00,0x00,0x00,0x80,0x00,0x21,0x00,0x06,0x80,
	0x01,0x00,0x00,0x00,0x80,0x04,0x00,0x00,0x00,0x81,0x10,0x00,0x00,0x10,0x00,0x00,0x02,0x81,0x10,0x00,
	0x00,0x10,0x00,0x00,0x00,0x80,0x00,0x01,0x00,0x09,0x80,0x10,0x00,0x00,0x03,0x80,0x00,0x02,0x00,0x00,
	0x84,0x00,0x20,0x04,0x10,0x00,0x00,0x00,0x5A,0x03,0x12,0x00,0x06,0x01,0x00,0x00,0x01,0x80,0x02,0x00,
	0x00,0x00,0x80,0x02,0x00,0x00,0x00,0x82,0x02,0x00,0x00,0x07,0x40,0x04,0x10,0x00,0x00,0x06,0x82,0x10,
	0x00,0x00,0x00,0x40,0x00,0x00,0x00,0x04,0x02,0x80,0x02,0x00,0x00,0x04,0x80,0x10,0x00,0x00,0x06,0x81,
	0x10,0x00,0x00,0x00,0x40,0x00,0x09,0x80,0x10,0x00,0x00,0x06,0x80,0x10,0x00,0x00,0x0A,0x02,0x80,0x10,
	0x00,0x00,0x00,0x82,0x10,0x12,0x04,0x00,0x00,0x04,0x00,0x20,0x00,0x00,0x81,0x02,0xE4,0x01,0x01,0x00,
	0x04,0x01,0x81,0x01,0x00,0x00,0x04,0x00,0x00,0x01,0x80,0x1B,0x00,0x00,0x00,0x80,0x00,0x10,0x04,0x08,
	0x80,0x00,0x00,0x01,0x03,0x80,0x04,0x00,0x00,0x01,0x81,0x02,0x00,0x00,0x01,0x00,0x00,0x0E,0x80,0x04,
	0x00,0x00,0x01,0x80,0x02,0x00,0x00,0x15,0x89,0x10,0x01,0x00,0x10,0x00,0x00,0x10,0x00,0x00,0x00,0x00,
	0x04,0x30,0x00,0x04,0x00,0x02,0x00,0x12,0x00,0x00,0x10,0x00,0x00,0x00,0x40,0x00,0x10,0x00,0x00,0x00,
	0x80,0x10,0x00,0x00,0x01,0x86,0x00,0x00,0x02,0x02,0x00,0x01,0x0B,0x00,0x00,0x01,0x80,0x00,0x19,0x00,
	0x00,0x0A,0x00,0x04,0x00,0x01,0x00,0x02,0x80,0x20,0x00,0x00,0x03,0x80,0x10,0x00,0x00,0x05,0x80,0x0B,
	0x00,0x00,0x01,0x80,0x0A,0x00,0x00,0x08,0x80,0x10,0x00,0x00,0x05,0x80,0x02,0x00,0x00,0x01,0x80,0x0A,
	0x00,0x00,0x08,0x80,0x10,0x00,0x00,0x09,0x01,0x80,0x04,0x00,0x04,0x01,0x86,0x02,0x00,0x00,0x08,0x00,
	0x00,0x0A,0x20,0x00,0x02,0x40,0x00,0x80,0x00,0x01,0x00,0x00,0x06,0x10,0x00,0x00,0x00,0x82,0x04,0x00,
	0x00,0x05,0x00,0x00,0x09,0x00,0x01,0x00,0x81,0x00,0x80,0x00,0x04,0x08,0x00,0x09,0x80,0x80,0x00,0x01,
	0x03,0x81,0x01,0x00,0x00,0x01,0x00,0x00,0x01,0x80,0x04,0x00,0x00,0x09,0x80,0x80,0x00,0x00,0x07,0x80,
	0x04,0x00,0x00,0x09,0x80,0x80,0x00,0x00,0x09,0x86,0x10,0x00,0x00,0x00,0x00,0x04,0x10,0x00,0x00,0x10,
	0x00,0x00,0x10,0x00,0x00,0x04,0x00,0x00,0x00,0x20,0x00,0x00,0x82,0x08,0x00,0x00,0x01,0x43,0x00,0x20,
	0x00,0x04,0x02,0x86,0x02,0x00,0x00,0x02,0x00,0x00,0x01,0x80,0x00,0x09,0x00,0x00,0x06,0x04,0x00,0x0A,
	0x00,0x00,0x10,0x00,0x00,0x00,0x82,0x10,0x00,0x00,0x10,0x00,0x00,0x10,0x00,0x00,0x03,0x81,0x00,0x02,
	0x00,0x20,0x00,0x04,0x03,0x80,0x02,0x00,0x00,0x00,0x81,0x09,0x00,0x00,0x02,0x00,0x00,0x09,0x80,0x00,
	0x02,0x00,0x04,0x80,0x02,0x00,0x00,0x00,0x81,0x01,0x00,0x00,0x02,0x00,0x00,0x14,0x81,0x00,0x00,0x04,
	0x80,0x00,0x00,0x01,0x81,0x00,0x10,0x00,0x04,0x00,0x00,0x00,0x84,0x01,0x00,0x00,0x01,0x20,0x00,0x88,
	0x9D,0x06,0x21,0x00,0x04,0x12,0x00,0x04,0x00,0x82,0x01,0x00,0x00,0x00,0x00,0x02,0x00,0x00,0x01,0x00,
	0x82,0x08,0x00,0x00,0x00,0x0C,0x00,0x00,0x22,0x04,0x00,0x80,0x80,0x00,0x00,0x06,0x81,0x80,0xE2,0x05,
	0x21,0x00,0x02,0x01,0x80,0x01,0x00,0x00,0x02,0x80,0x08,0x00,0x00,0x00,0x80,0x00,0x20,0x00,0x08,0x80,
	0x80,0x62,0x05,0x02,0x80,0x01,0x00,0x00,0x0E,0x80,0x80,0x00,0x05,0x09,0x8B,0x00,0x01,0x00,0x90,0x00,
	0x00,0x04,0x00,0x06,0x00,0x00,0x06,0x00,0x00,0x06,0x32,0x00,0x06,0x92,0x00,0x06,0x3B,0x00,0x06,0x0B,
	0x00,0x06,0x0B,0x1F,0x07,0x80,0xDC,0x06,0x53,0x00,0x07,0x00,0x92,0x07,0x00,0x00,0x0F,0x00,0x01,0x03,
	0x00,0x01,0x00,0x80,0x00,0x1D,0x00,0x04,0x10,0x00,0x00,0x13,0x20,0x04,0x10,0x01,0x00,0x80,0x00,0x00,
	0x10,0x00,0x04,0x10,0x00,0x04,0x10,0x00,0x04,0x20,0x00,0x04,0x00,0x00,0x04,0x00,0x00,0x04,0x00,0x00,
	0x04,0x00,0x9D,0x00,0xE1,0x62,0x02,0x0C,0x00,0x04,0x00,0x86,0x01,0x00,0x00,0x01,0x00,0x00,0x0B,0x00,
	0x00,0x09,0x00,0x00,0x05,0x00,0x00,0x00,0x00,0x04,0x08,0x00,0x06,0x01,0x89,0x00,0x00,0x04,0x00,0x00,
	0x04,0x00,0x00,0x04,0x00,0x00,0x04,0x00,0x00,0x04,0x00,0x00,0x04,0x00,0x00,0x04,0x00,0xE3,0x00,0xA0,
	0x81,0x00,0x38,0x00,0x06,0x00,0x80,0x01,0x00,0x00,0x00,0x80,0x02,0x00,0x00,0x00,0x82,0x05,0x00,0x00,
	0x08,0x00,0x00,0x08,0x00,0x00,0x01,0x88,0x00,0x00,0x04,0x00,0x00,0x04,0x00,0x00,0x04,0x00,0x00,0x04,
	0x00,0x00,0x04,0x00,0x00,0x04,0x00,0x00,0x04,0x00,0xFF,0x00,0x60,0x00,0x03,0x08,0xA0,0x30,0x80,0x06,
	0x30,0x81,0x06,0xB0,0x00,0x00,0xD0,0x00,0x00,0xD0,0x00,0x01,0x14,0x06,0x03,0x15,0x17,0x03,0xD5,0x01,
	0x07,0x75,0x00,0x07,0x15,0x00,0x03,0x13,0x9C,0x03,0x07,0x52,0x02,0x08,0x00,0x00,0x02,0x00,0x00,0x03,
	0x80,0x01,0x1D,0x40,0x00,0x06,0x00,0x02,0x0B,0x00,0x00,0x17,0x1A,0x07,0x0D,0x88,0x01,0x30,0x80,0x04,
	0x30,0x81,0x04,0xB0,0x00,0x00,0xD0,0x00,0x00,0xD0,0x00,0x00,0x10,0x00,0x02,0x10,0x00,0x02,0x10,0x00,
	0x02,0x10,0x00,0x02,0x10,0x00,0x02,0x80,0x62,0x03,0x49,0xE1,0x03,0x30,0x00,0x05,0x00,0xA5,0x0F,0x00,
	0x04,0x06,0x00,0x04,0x14,0x00,0x00,0x1B,0x00,0x02,0x02,0x08,0x06,0x13,0x18,0x05,0x10,0x00,0x04,0x10,
	0x00,0x04,0x10,0x00,0x00,0x10,0x00,0x00,0x10,0x00,0x00,0x10,0x00,0x02,0x10,0x00,0x02,0x10,0x00,0x02,
	0x10,0x00,0x02,0x10,0x00,0x02,0x80,0x81,0x03,0xE6,0x80,0x01,0x00,0x00,0x06,0x00,0x00,0x04,0x04,0x00,
	0x00,0x05,0x00,0x00,0x06,0x00,0x04,0x0B,0x00,0x04,0x12,0x00,0x04,0x02,0x00,0x04,0x10,0x00,0x04,0x10,
	0x00,0x04,0x10,0x00,0x00,0x10,0x00,0x00,0x10,0x00,0x00,0x10,0x00,0x02,0x10,0x00,0x02,0x10,0x00,0x02,
	0x10,0x00,0x02,0x10,0x00,0x02,0x80,0xFF,0x03,0x20,0x00,0x00,0x07,0xC7,0x23,0xC0,0x05,0x23,0x80,0x05,
	0x23,0x03,0x05,0x01,0x01,0x07,0x21,0x00,0x06,0xC1,0x48,0x04,0x20,0x88,0x05,0x29,0x9E,0x01,0xA9,0x91,
	0x01,0xD1,0xB0,0x01,0x05,0x30,0x02,0x44,0x8D,0x01,0x9C,0x00,0x04,0x00,0x00,0x05,0x1E,0x80,0x06,0x0B,
	0x40,0x04,0x1D,0x00,0x05,0x27,0x00,0x04,0x3D,0x48,0x05,0x31,0x41,0x03,0x02,0xC0,0x04,0x02,0x80,0x04,
	0x02,0x03,0x04,0x20,0x01,0x06,0x00,0x00,0x06,0xE0,0x40,0x04,0x00,0x00,0x05,0x00,0x00,0x05,0x00,0x00,
	0x05,0x00,0x00,0x05,0x00,0x00,0x04,0x42,0x70,0x04,0x08,0xC0,0x02,0x01,0x00,0x06,0x0E,0x00,0x00,0x1C,
	0x00,0x00,0x08,0x00,0x04,0x16,0x00,0x05,0x0E,0x88,0x07,0x1D,0x80,0x00,0x02,0x00,0x04,0x02,0x00,0x04,
	0x02,0x00,0x04,0x00,0x00,0x06,0x00,0x00,0x06,0x00,0x00,0x04,0x00,0x00,0x05,0x00,0x00,0x05,0x00,0x00,
	0x05,0x00,0x00,0x05,0x00,0x00,0x04,0xC1,0x1F,0x04,0x60,0x80,0x01,0x00,0x00,0x02,0x09,0x00,0x06,0x0A,
	0x00,0x06,0x08,0x00,0x02,0x17,0x00,0x02,0x04,0x00,0x02,0x1C,0x00,0x00,0x02,0x00,0x04,0x02,0x00,0x04,
	0x02,0x00,0x04,0x00,0x00,0x06,0x00,0x00,0x06,0x00,0x00,0x04,0x00,0x00,0x05,0x00,0x00,0x05,0x00,0x00,
	0x05,0x00,0x00,0x05,0x00,0x00,0x04,0xC0,0x60,0x04,0x07,0xC8,0x64,0x62,0x06,0x64,0x82,0x02,0x64,0x80,
	0x02,0x26,0xA2,0x00,0x22,0x83,0x00,0x21,0xC1,0x01,0xE1,0x00,0x00,0xE0,0xC0,0x04,0x20,0xCE,0x04,0x38,
	0xC0,0x06,0xE8,0xC0,0x04,0x2B,0xA7,0x01,0x04,0x55,0x05,0x60,0x40,0x06,0x1D,0xC0,0x04,0x29,0x00,0x06,
	0x17,0x80,0x01,0x29,0x44,0x05,0x02,0x48,0x04,0x11,0xC0,0x00,0x67,0x62,0x00,0x67,0x02,0x00,0x67,0x00,
	0x00,0x25,0x22,0x02,0x21,0x03,0x02,0x21,0x41,0x03,0xE1,0x00,0x02,0xE1,0x80,0x06,0x21,0x80,0x06,0x21,
	0x80,0x06,0x21,0x80,0x06,0x21,0x51,0x06,0x1E,0x3B,0x02,0x02,0x00,0x01,0x15,0x00,0x03,0x05,0x00,0x03,
	0x35,0x00,0x03,0x0A,0x80,0x00,0x2E,0x40,0x00,0x30,0x60,0x00,0x26,0x00,0x00,0x26,0x00,0x00,0x26,0x00,
	0x00,0x24,0x00,0x02,0x20,0x00,0x02,0x20,0x00,0x03,0x20,0x00,0x02,0x20,0x80,0x06,0x20,0x80,0x06,0x20,
	0x80,0x06,0x20,0x80,0x06,0x20,0x5F,0x06,0xD9,0x60,0x02,0x00,0x80,0x01,0x02,0x00,0x01,0x01,0x00,0x01,
	0x10,0x00,0x01,0x2B,0x00,0x01,0x08,0x00,0x01,0x10,0x00,0x00,0x26,0x00,0x00,0x26,0x00,0x00,0x26,0x00,
	0x00,0x24,0x00,0x02,0x20,0x00,0x02,0x20,0x00,0x03,0x20,0x00,0x02,0x20,0x80,0x06,0x20,0x80,0x06,0x20,
	0x80,0x06,0x20,0x80,0x06,0x20,0x5F,0x06,0x40,0x00,0x02,0x06,0xCA,0x44,0xC0,0x07,0x48,0x40,0x03,0x48,
	0x40,0x03,0x08,0x60,0x03,0x0C,0x40,0x03,0x0F,0x40,0x02,0x07,0x41,0x02,0x05,0x80,0x06,0x45,0xC0,0x07,
	0x45,0xEF,0x01,0x55,0xE9,0x01,0x35,0x60,0x04,0x88,0xCF,0x04,0x37,0xD0,0x06,0x2C,0x00,0x06,0x03,0x80,
	0x04,0x0E,0x40,0x04,0x57,0xA2,0x03,0x6E,0x10,0x03,0x02,0x9C,0x01,0x02,0x00,0x00,0x0E,0x00,0x00,0x0E,
	0x00,0x00,0x4E,0x20,0x00,0x4A,0x00,0x00,0x4A,0x00,0x01,0x42,0x01,0x01,0x42,0x80,0x05,0x02,0xC0,0x05,
	0x02,0xC0,0x01,0x02,0xC0,0x01,0x02,0x80,0x00,0x1A,0x39,0x00,0xA2,0xC0,0x02,0x03,0x80,0x02,0x33,0x80,
	0x00,0x21,0x80,0x00,0x26,0x40,0x00,0x34,0xA0,0x07,0x44,0x04,0x00,0x04,0x00,0x00,0x0C,0x00,0x00,0x0C,
	0x00,0x00,0x0C,0x00,0x00,0x08,0x00,0x00,0x08,0x00,0x01,0x00,0x00,0x01,0x00,0x80,0x05,0x00,0xC0,0x05,
	0x00,0xC0,0x01,0x00,0xC0,0x01,0x00,0x80,0x00,0x86,0x22,0x00,0x41,0x60,0x02,0x05,0x80,0x02,0x13,0x80,
	0x00,0x23,0x80,0x00,0x06,0x80,0x00,0x30,0x80,0x00,0x04,0x00,0x00,0x04,0x00,0x00,0x0C,0x00,0x00,0x0C,
	0x00,0x00,0x0C,0x00,0x00,0x08,0x00,0x00,0x08,0x00,0x01,0x00,0x00,0x01,0x00,0x80,0x05,0x00,0xC0,0x05,
	0x00,0xC0,0x01,0x00,0xC0,0x01,0x00,0x80,0x00,0x80,0x3D,0x00,0x00,0x00,0x02,0x00,0x00,0x02,0x04,0xC8,
	0xC4,0x20,0x05,0x88,0x20,0x05,0x08,0xA0,0x05,0x48,0xA0,0x05,0x58,0xA0,0x05,0x48,0xA0,0x05,0x40,0xA0,
	0x01,0x4A,0x21,0x01,0xCA,0x61,0x01,0x4A,0x60,0x06,0x4E,0xE6,0x02,0xEE,0xA1,0x01,0x48,0x56,0x01,0xF2,
	0x44,0x02,0x43,0xB0,0x01,0x60,0xC0,0x01,0x1C,0x00,0x07,0x01,0xD0,0x00,0x2C,0x59,0x00,0x5C,0xD2,0x04,
	0xC8,0x20,0x04,0xC4,0x00,0x04,0x44,0x00,0x04,0x44,0x00,0x04,0x54,0x00,0x04,0x44,0x00,0x04,0x4C,0x00,
	0x00,0x44,0x01,0x00,0xC4,0x41,0x00,0x44,0x60,0x04,0x44,0xE0,0x00,0x44,0xE0,0x01,0x44,0x22,0x01,0x7A,
	0x36,0x00,0x03,0x60,0x00,0x2A,0x40,0x02,0x48,0x40,0x00,0x74,0x20,0x00,0x60,0x10,0x04,0x9C,0x92,0x00,
	0x40,0x00,0x04,0x48,0x00,0x04,0x48,0x00,0x04,0x48,0x00,0x04,0x58,0x00,0x04,0x48,0x00,0x04,0x40,0x00,
	0x00,0x40,0x00,0x00,0x40,0x40,0x00,0x40,0x60,0x04,0x40,0xE0,0x00,0x40,0xE0,0x01,0x40,0x22,0x01,0xA6,
	0x19,0x00,0x0F,0x40,0x00,0x2A,0x40,0x02,0x04,0x40,0x00,0x14,0x40,0x00,0x20,0x00,0x00,0x1C,0x80,0x00,
	0x40,0x00,0x04,0x48,0x00,0x04,0x48,0x00,0x04,0x48,0x00,0x04,0x58,0x00,0x04,0x48,0x00,0x04,0x40,0x00,
	0x00,0x40,0x00,0x00,0x40,0x40,0x00,0x40,0x60,0x04,0x40,0xE0,0x00,0x40,0xE0,0x01,0x40,0x22,0x01,0x01,
	0x80,0x00,0x00,0x02,0x03,0xCC,0xA9,0x22,0x04,0xE9,0x02,0x04,0x09,0x82,0x06,0x49,0xC0,0x06,0x18,0xC0,
	0x06,0x98,0x80,0x04,0x98,0x80,0x07,0x90,0x10,0x07,0x90,0x10,0x04,0x11,0x30,0x03,0x14,0xB0,0x07,0x14,
	0xE4,0x04,0xF1,0xB0,0x04,0xB1,0x2C,0x06,0x02,0x88,0x06,0x7B,0x00,0x00,0x10,0x80,0x04,0x47,0x1C,0x01,
	0x80,0x21,0x07,0xAA,0x5A,0x00,0x30,0x02,0x06,0x30,0x02,0x06,0x90,0x02,0x04,0x90,0x00,0x04,0x81,0x00,
	0x02,0x81,0x00,0x04,0x81,0x00,0x07,0x89,0x00,0x07,0x89,0x00,0x04,0x08,0x20,0x00,0x08,0xA0,0x04,0x08,
	0xF0,0x04,0x08,0x90,0x04,0xB8,0x06,0x04,0x93,0x10,0x06,0x4F,0xA0,0x02,0x50,0x20,0x06,0x60,0x30,0x00,
	0x00,0x00,0x05,0x2A,0x69,0x06,0x21,0x00,0x04,0x21,0x00,0x04,0x01,0x00,0x04,0x01,0x00,0x04,0x11,0x00,
	0x02,0x01,0x00,0x04,0x01,0x00,0x07,0x01,0x00,0x07,0x01,0x00,0x04,0x01,0x20,0x00,0x01,0xA0,0x04,0x01,
	0xF0,0x04,0x01,0x90,0x04,0x99,0x09,0x04,0x0A,0x20,0x06,0x0C,0xA0,0x02,0x48,0x20,0x06,0x60,0x20,0x00,
	0x00,0x00,0x04,0x2A,0x60,0x02,0x20,0x00,0x02,0x20,0x00,0x02,0x00,0x00,0x02,0x00,0x00,0x02,0x10,0x00,
	0x02,0x00,0x00,0x04,0x00,0x00,0x07,0x00,0x00,0x07,0x00,0x00,0x04,0x00,0x20,0x00,0x00,0xA0,0x04,0x00,
	0xF0,0x04,0x00,0x90,0x04,0x80,0x0F,0x04,0x00,0x00,0x06,0x00,0x80,0x02,0x00,0x00,0x06,0x00,0x80,0x00,
	0x00,0x04,0x00,0xC5,0x71,0xD1,0x00,0x71,0x13,0x00,0xB1,0x91,0x02,0xF1,0xD2,0x02,0xB0,0x52,0x02,0x60,
	0x90,0x04,0x61,0x90,0x05,0x65,0x00,0x07,0x65,0x81,0x06,0xC4,0x80,0x02,0xC1,0x08,0x00,0xE0,0x4A,0x00,
	0xA1,0xC9,0x00,0x91,0x44,0x01,0x42,0x01,0x03,0x14,0xF0,0x07,0xA0,0xF0,0x05,0x56,0x98,0x02,0x20,0xB8,
	0x03,0xCA,0x1A,0x02,0x84,0xC1,0x02,0x84,0x81,0x02,0x84,0x01,0x00,0x84,0x02,0x00,0x85,0x02,0x06,0x95,
	0x80,0x00,0x95,0x00,0x02,0x95,0x00,0x07,0x95,0x81,0x07,0x14,0x80,0x03,0x14,0x00,0x00,0x14,0x40,0x00,
	0x14,0xC0,0x00,0x84,0x48,0x01,0xC6,0x07,0x03,0x7C,0xC0,0x07,0x00,0x00,0x05,0xC0,0x08,0x02,0xA0,0x2B,
	0x02,0xCA,0x1E,0x03,0xA6,0xC0,0x00,0xA6,0x80,0x00,0x86,0x80,0x00,0x86,0x80,0x00,0x86,0x80,0x06,0x86,
	0x00,0x00,0x86,0x80,0x07,0x86,0x00,0x07,0x86,0x80,0x07,0x06,0x80,0x03,0x06,0x00,0x00,0x06,0x40,0x00,
	0x06,0xC0,0x00,0x86,0x48,0x01,0x94,0x18,0x03,0x78,0xD0,0x07,0x10,0x10,0x05,0x40,0x00,0x02,0x20,0x20,
	0x02,0xCA,0x1E,0x01,0xA0,0xC0,0x01,0xA0,0x80,0x01,0x80,0x80,0x01,0x80,0x80,0x01,0x80,0x80,0x01,0x80,
	0x80,0x07,0x80,0x80,0x00,0x80,0x00,0x07,0x80,0x80,0x07,0x00,0x80,0x03,0x00,0x87,0x00,0x40,0x00,0x00,
	0xC0,0x00,0x80,0x48,0x01,0x00,0x00,0x03,0x00,0xC0,0x07,0x00,0x00,0x05,0x00,0x00,0x02,0x00,0x00,0x02,
	0x00,0xCF,0x68,0xBD,0x06,0x68,0x3D,0x04,0x8A,0xFF,0x06,0xDA,0xF8,0x06,0xD2,0x3A,0x00,0x82,0xE9,0x04,
	0x82,0xC9,0x03,0x87,0x49,0x07,0x8F,0x08,0x07,0xAF,0xA8,0x03,0xEB,0xC0,0x07,0x8A,0xD8,0x02,0xC2,0xBA,
	0x02,0x01,0xA5,0x06,0x6E,0xCA,0x06,0xD8,0xC8,0x00,0x20,0xF8,0x06,0xA8,0xD5,0x03,0x60,0xD3,0x03,0x67,
	0xF9,0x06,0x46,0xF0,0x04,0x46,0xB0,0x06,0x24,0x70,0x06,0x34,0x71,0x04,0x34,0x71,0x02,0x24,0xA1,0x00,
	0x24,0x01,0x05,0x25,0x01,0x06,0x25,0xC0,0x04,0xA5,0xA0,0x07,0xA5,0xC0,0x00,0xA5,0xD8,0x00,0xA5,0xB8,
	0x00,0x24,0xA0,0x00,0x84,0xCA,0x00,0x48,0xD8,0x02,0xA0,0x98,0x04,0x00,0x90,0x05,0x60,0xDE,0x01,0x07,
	0x01,0x04,0x08,0xB0,0x04,0x08,0xF0,0x04,0x08,0xB0,0x04,0x18,0xB0,0x06,0x18,0xB0,0x02,0x08,0x20,0x00,
	0x08,0x80,0x04,0x08,0x00,0x02,0x08,0x80,0x01,0x88,0xA0,0x07,0x88,0xC0,0x00,0x88,0xD8,0x00,0x88,0xB8,
	0x00,0x08,0xA0,0x00,0x28,0xC7,0x00,0x40,0xC0,0x00,0x20,0x80,0x04,0x00,0x90,0x05,0x60,0x5A,0x01,0x07,
	0x01,0x04,0x00,0x30,0x00,0x00,0x70,0x00,0x00,0x70,0x00,0x00,0x70,0x00,0x00,0x70,0x04,0x00,0x60,0x06,
	0x00,0x40,0x02,0x00,0xC0,0x07,0x00,0x40,0x04,0x80,0xA0,0x07,0x80,0xC0,0x00,0x80,0xD8,0x00,0x80,0xB8,
	0x00,0x00,0xA0,0x00,0x00,0xC0,0x00,0x00,0xC0,0x00,0x00,0x80,0x04,0x00,0x80,0x05,0x00,0x00,0x01,0x00,
	0x00,0x04,0x92,0xC0,0x42,0x02,0x50,0x40,0x02,0x92,0x00,0x02,0x00,0x46,0x00,0x08,0x41,0x02,0x18,0x10,
	0x00,0x18,0x20,0x02,0x58,0x48,0x03,0x00,0x28,0x03,0x88,0x40,0x02,0x08,0x20,0x00,0x40,0x00,0x00,0x00,
	0x04,0x00,0x08,0x20,0x02,0x24,0x01,0x00,0x00,0x10,0x02,0x80,0x00,0x00,0x00,0x80,0x04,0x10,0x40,0x00,
	0x00,0x82,0xC0,0x00,0x02,0x50,0x40,0x00,0x92,0x00,0x02,0x00,0x86,0x00,0x40,0x00,0x10,0x10,0x00,0x10,
	0x20,0x02,0x10,0x08,0x01,0x00,0x28,0x02,0x08,0x40,0x02,0x08,0x20,0x00,0x01,0x82,0x00,0x20,0x02,0x20,
	0x00,0x00,0x00,0x00,0x02,0x00,0x81,0x00,0x80,0x00,0x10,0x00,0x00,0x01,0x81,0x10,0x40,0x00,0x10,0x00,
	0x02,0x01,0x85,0x10,0x10,0x00,0x10,0x20,0x02,0x10,0x08,0x00,0x00,0x28,0x00,0x00,0x40,0x02,0x00,0x20,
	0x00,0x01,0x81,0x00,0x20,0x00,0x20,0x00,0x00,0x01,0x81,0x00,0x80,0x00,0x10,0x00,0x00,0x05,0x85,0x00,
	0x10,0x00,0x00,0x20,0x02,0x00,0x08,0x00,0x00,0x28,0x00,0x00,0x40,0x02,0x00,0x20,0x00,0x01,0x80,0x00,
	0x20,0x00,0x02,0x80,0x00,0x80,0x00,0x01,0x9E,0x12,0x40,0x02,0x82,0x48,0x02,0x02,0x48,0x02,0x00,0x48,
	0x00,0x00,0x09,0x06,0x00,0x0A,0x01,0x00,0x58,0x02,0x00,0x30,0x02,0x00,0x00,0x07,0x80,0x08,0x00,0x40,
	0x08,0x00,0x40,0x00,0x00,0x48,0x00,0x00,0x00,0x21,0x00,0x40,0x00,0x00,0x00,0x08,0x00,0x00,0x40,0x00,
	0x80,0x88,0x00,0x10,0x82,0x00,0x60,0x00,0x00,0x12,0x40,0x00,0x82,0x08,0x02,0x02,0x08,0x00,0x00,0x48,
	0x02,0x00,0x08,0x06,0x00,0x08,0x00,0x00,0x18,0x00,0x00,0x30,0x02,0x00,0x00,0x01,0x00,0x08,0x00,0x00,
	0x08,0x00,0x01,0x85,0x00,0x20,0x00,0x40,0x00,0x00,0x00,0x08,0x00,0x00,0x40,0x00,0x00,0x80,0x00,0x10,
	0x02,0x00,0x00,0x8A,0x10,0x40,0x00,0x00,0x08,0x02,0x00,0x08,0x00,0x00,0x08,0x00,0x00,0x08,0x06,0x00,
	0x08,0x00,0x00,0x18,0x00,0x00,0x30,0x00,0x00,0x00,0x01,0x00,0x08,0x00,0x00,0x08,0x00,0x01,0x85,0x00,
	0x20,0x00,0x40,0x00,0x00,0x00,0x08,0x00,0x00,0x40,0x00,0x00,0x80,0x00,0x10,0x02,0x00,0x01,0x86,0x00,
	0x08,0x00,0x00,0x08,0x00,0x00,0x08,0x00,0x00,0x08,0x06,0x00,0x08,0x00,0x00,0x18,0x00,0x00,0x30,0x00,
	0x00,0x81,0x00,0x08,0x00,0x00,0x08,0x00,0x01,0x80,0x00,0x20,0x00,0x01,0x81,0x00,0x40,0x00,0x00,0x80,
	0x00,0x01,0x8C,0x48,0x68,0x02,0x48,0x20,0x02,0xC8,0x60,0x02,0x48,0x00,0x00,0x40,0x44,0x01,0x00,0x45,
	0x00,0x00,0x00,0x03,0xC1,0x20,0x07,0x90,0x20,0x01,0x00,0x00,0x04,0x01,0x00,0x00,0x08,0x00,0x00,0x41,
	0x12,0x02,0x01,0x81,0x00,0x10,0x04,0x00,0x08,0x00,0x00,0x80,0x41,0x00,0x00,0x00,0x8C,0x48,0x08,0x02,
	0x48,0x00,0x00,0xC8,0x40,0x02,0x48,0x00,0x00,0x40,0x00,0x00,0x00,0x00,0x04,0x00,0x00,0x03,0x01,0x00,
	0x00,0x10,0x00,0x00,0x00,0x00,0x04,0x01,0x00,0x00,0x08,0x00,0x00,0x01,0x10,0x02,0x02,0x80,0x00,0x08,
	0x00,0x00,0x80,0x40,0x00,0x00,0x00,0x80,0x00,0x08,0x02,0x03,0x80,0x00,0x00,0x04,0x01,0x80,0x10,0x00,
	0x00,0x02,0x80,0x00,0x10,0x00,0x02,0x80,0x00,0x08,0x00,0x00,0x80,0x40,0x00,0x00,0x00,0x80,0x00,0x08,
	0x00,0x03,0x80,0x00,0x00,0x04,0x05,0x80,0x00,0x10,0x00,0x06,0x9F,0x01,0x56,0x02,0x20,0x58,0x02,0x80,
	0x18,0x02,0x20,0x48,0x01,0x08,0x08,0x02,0x08,0x20,0x05,0x08,0x07,0x05,0x88,0x27,0x03,0x09,0x37,0x05,
	0x11,0x14,0x00,0x10,0x04,0x00,0x11,0x04,0x00,0x40,0x00,0x00,0x01,0x24,0x00,0x18,0x00,0x00,0x40,0x08,
	0x00,0x81,0x28,0x00,0x00,0x20,0x00,0x00,0x00,0x01,0x05,0x80,0x01,0x00,0x46,0x00,0x20,0x40,0x02,0x80,
	0x00,0x00,0x20,0x00,0x00,0x08,0x00,0x02,0x08,0x00,0x05,0x08,0x20,0x04,0x08,0x20,0x03,0x09,0x30,0x05,
	0x11,0x10,0x00,0x10,0x00,0x00,0x11,0x00,0x00,0x00,0x81,0x00,0x24,0x00,0x18,0x00,0x00,0x00,0x81,0x81,
	0x00,0x00,0x00,0x20,0x00,0x00,0x82,0x05,0x00,0x01,0x00,0x06,0x00,0x20,0x00,0x00,0x00,0x81,0x20,0x00,
	0x00,0x00,0x00,0x02,0x00,0x85,0x00,0x00,0x04,0x00,0x00,0x03,0x00,0x10,0x00,0x10,0x10,0x00,0x10,0x00,
	0x00,0x10,0x00,0x00,0x00,0x81,0x00,0x24,0x00,0x10,0x00,0x00,0x03,0x81,0x05,0x00,0x00,0x00,0x06,0x00,
	0x02,0x80,0x00,0x00,0x02,0x02,0x81,0x00,0x10,0x00,0x00,0x10,0x00,0x02,0x80,0x00,0x24,0x00,0x05,0xA5,
	0x8A,0x09,0x00,0xAB,0x47,0x00,0x8B,0x46,0x00,0x2B,0x37,0x00,0x0B,0x17,0x05,0x0B,0x28,0x06,0x8A,0x28,
	0x03,0x88,0x00,0x05,0x68,0xC0,0x01,0x68,0xA3,0x06,0x28,0x72,0x06,0xA8,0x12,0x00,0xB8,0x25,0x02,0x38,
	0x00,0x06,0x20,0x01,0x04,0x90,0xA0,0x04,0x65,0x60,0x00,0x80,0x00,0x00,0x00,0x80,0x00,0x00,0x00,0x01,
	0x80,0x01,0x00,0xA0,0x07,0x00,0x80,0x06,0x00,0x20,0x07,0x00,0x00,0x27,0x01,0x00,0x20,0x02,0x00,0x00,
	0x01,0x00,0x20,0x04,0x40,0x80,0x00,0x40,0x80,0x06,0x00,0x10,0x00,0x80,0x10,0x00,0x98,0x24,0x02,0x18,
	0x00,0x02,0x00,0x01,0x00,0x00,0x80,0x00,0x45,0x40,0x00,0x80,0x00,0x00,0x00,0x88,0x00,0x00,0x01,0x00,
	0x01,0x00,0x20,0x07,0x00,0x00,0x06,0x00,0x20,0x07,0x00,0x00,0x07,0x00,0x00,0x00,0x02,0x00,0x00,0x01,
	0x00,0x20,0x00,0x00,0x84,0x00,0x80,0x02,0x00,0x10,0x00,0x80,0x10,0x00,0x90,0x24,0x00,0x10,0x00,0x00,
	0x00,0x81,0x00,0x80,0x00,0x40,0x40,0x00,0x02,0x85,0x00,0x01,0x00,0x00,0x07,0x00,0x00,0x06,0x00,0x00,
	0x07,0x00,0x00,0x07,0x00,0x00,0x00,0x02,0x02,0x83,0x00,0x80,0x02,0x00,0x10,0x00,0x80,0x10,0x00,0x80,
	0x24,0x00,0x01,0x81,0x00,0x80,0x00,0x00,0x40,0x00,0x02,0x91,0x44,0x40,0x06,0x00,0x20,0x01,0x80,0x21,
	0x05,0x80,0x00,0x01,0x80,0x00,0x05,0xE0,0x14,0x02,0x60,0x0C,0x02,0x62,0x24,0x00,0x86,0x44,0x05,0x86,
	0x04,0x04,0x86,0x05,0x00,0x02,0x65,0x06,0x0A,0x10,0x00,0x88,0x84,0x00,0x88,0xC4,0x00,0x00,0x3C,0x00,
	0x84,0x94,0x02,0x00,0xB4,0x01,0x00,0x92,0x00,0x80,0x02,0x00,0x00,0x02,0x00,0x20,0x00,0x00,0x21,0x00,
	0x00,0x20,0x05,0x00,0x20,0x00,0x40,0x24,0x05,0x40,0x24,0x07,0x40,0x04,0x01,0x80,0x44,0x01,0x80,0x04,
	0x00,0x80,0x04,0x00,0x00,0x64,0x04,0x00,0x10,0x00,0x80,0x80,0x00,0x80,0xC7,0x00,0x00,0x08,0x00,0x04,
	0x90,0x00,0x00,0xB4,0x00,0x03,0x80,0x00,0x01,0x00,0x00,0x8A,0x00,0x20,0x04,0x00,0x24,0x05,0x00,0x24,
	0x02,0x00,0x04,0x00,0x80,0x44,0x01,0x80,0x04,0x00,0x80,0x04,0x00,0x00,0x64,0x04,0x00,0x10,0x00,0x80,
	0x80,0x00,0x00,0xC3,0x00,0x00,0x81,0x00,0x80,0x00,0x00,0x90,0x00,0x03,0x80,0x00,0x01,0x00,0x01,0x89,
	0x00,0x04,0x00,0x00,0x04,0x00,0x00,0x04,0x00,0x80,0x04,0x01,0x80,0x04,0x00,0x80,0x04,0x00,0x00,0x64,
	0x04,0x00,0x10,0x00,0x80,0x80,0x00,0x00,0xC0,0x00,0x00,0x81,0x00,0x80,0x00,0x00,0x80,0x00,0x01,0xA3,
	0xA0,0x00,0x01,0xA4,0x00,0x01,0x24,0x00,0x00,0x24,0x00,0x00,0x24,0x20,0x04,0xA4,0x00,0x04,0xA0,0x30,
	0x05,0x80,0xA0,0x04,0x00,0x60,0x01,0x00,0x00,0x04,0x20,0x00,0x00,0x20,0x00,0x00,0x20,0x94,0x00,0x00,
	0x41,0x00,0x64,0xB3,0x00,0x30,0x00,0x03,0x00,0x01,0x01,0x00,0x01,0x02,0x00,0x84,0x02,0x01,0x04,0x04,
	0x00,0x20,0x00,0x00,0x20,0x05,0x00,0x20,0x05,0x00,0x20,0x05,0x00,0x00,0x01,0xA0,0x20,0x05,0xA0,0x20,
	0x00,0x80,0x20,0x00,0x00,0xA0,0x01,0x00,0x00,0x04,0x20,0x00,0x00,0x20,0x00,0x00,0x20,0x90,0x00,0x00,
	0x41,0x00,0xE0,0x80,0x00,0x20,0x00,0x00,0x00,0x82,0x00,0x01,0x00,0x00,0x84,0x00,0x01,0x00,0x04,0x00,
	0x88,0x00,0x20,0x00,0x00,0x20,0x00,0x00,0x20,0x05,0x00,0x00,0x01,0x80,0x00,0x00,0x80,0x00,0x00,0x80,
	0x00,0x00,0x00,0x80,0x01,0x00,0x00,0x04,0x01,0x83,0x00,0x90,0x00,0x00,0x41,0x00,0xC0,0x80,0x00,0x20,
	0x00,0x00,0x01,0x81,0x00,0x04,0x00,0x01,0x00,0x04,0x04,0x84,0x80,0x00,0x00,0x80,0x00,0x00,0x80,0x00,
	0x00,0x00,0x00,0x01,0x00,0x00,0x04,0x01,0x82,0x00,0x90,0x00,0x00,0x41,0x00,0x00,0x80,0x00,0x03,0x80,
	0x00,0x00,0x04,0x99,0x24,0x24,0x01,0x24,0x24,0x03,0x20,0x24,0x01,0x00,0x24,0x01,0x80,0x24,0x04,0x00,
	0x04,0x07,0x04,0xB4,0x01,0x44,0x00,0x02,0x44,0x20,0x07,0x74,0x50,0x02,0x00,0x00,0x04,0x14,0x40,0x00,
	0x01,0xC0,0x00,0xA4,0x8A,0x03,0x70,0x83,0x03,0x00,0x04,0x00,0x20,0x0C,0x00,0x00,0x80,0x00,0x01,0x40,
	0x01,0x04,0x01,0x02,0x04,0x20,0x05,0x04,0x00,0x04,0x00,0x00,0x05,0x00,0x20,0x04,0x80,0x20,0x05,0x00,
	0x00,0x02,0x00,0x8A,0x40,0x00,0x01,0x44,0xC0,0x00,0x74,0x00,0x00,0x00,0x00,0x04,0x10,0x40,0x00,0x00,
	0xC0,0x00,0xA0,0x82,0x00,0xA0,0x83,0x00,0x00,0x04,0x00,0x00,0x04,0x00,0x00,0x80,0x00,0x00,0x83,0x04,
	0x00,0x02,0x00,0x20,0x00,0x00,0x00,0x04,0x00,0x00,0x05,0x00,0x80,0x80,0x00,0x00,0x03,0x85,0x10,0x00,
	0x00,0x00,0x00,0x04,0x10,0x40,0x00,0x00,0xC0,0x00,0x80,0x82,0x00,0x00,0x80,0x00,0x01,0x80,0x00,0x80,
	0x00,0x00,0x80,0x04,0x00,0x00,0x03,0x80,0x80,0x00,0x00,0x04,0x84,0x00,0x00,0x04,0x00,0x40,0x00,0x00,
	0xC0,0x00,0x80,0x82,0x00,0x00,0x80,0x00,0x01,0x80,0x00,0x80,0x00,0x01,0x88,0x61,0x30,0x05,0x21,0x30,
	0x05,0x24,0x20,0x04,0x04,0x00,0x00,0x04,0x20,0x04,0x04,0xA0,0x03,0x40,0x90,0x03,0x20,0x54,0x01,0x20,
	0x80,0x04,0x00,0x92,0x14,0x04,0x00,0x00,0x04,0x00,0x14,0x02,0x03,0x20,0x80,0x00,0x20,0x01,0x00,0x40,
	0x04,0x00,0x60,0x02,0x00,0x88,0x07,0x00,0x00,0x02,0x01,0x00,0x02,0x04,0x00,0x10,0x04,0x00,0x30,0x01,
	0x04,0x20,0x05,0x04,0x00,0x01,0x04,0x00,0x00,0x04,0x00,0x00,0x40,0x80,0x01,0x20,0x80,0x00,0x20,0x00,
	0x04,0x00,0x80,0x14,0x00,0x00,0x00,0x83,0x10,0x02,0x00,0x20,0x80,0x00,0x20,0x00,0x00,0x40,0x00,0x00,
	0x00,0x81,0x80,0x02,0x00,0x00,0x02,0x01,0x00,0x81,0x00,0x00,0x04,0x00,0x00,0x01,0x07,0x80,0x10,0x00,
	0x00,0x00,0x81,0x10,0x02,0x00,0x00,0x80,0x00,0x03,0x80,0x00,0x02,0x01,0x0C,0x81,0x00,0x02,0x00,0x00,
	0x80,0x00,0x03,0x80,0x00,0x00,0x01,0x00,0x8E,0x14,0x20,0x04,0x04,0x10,0x04,0x45,0x20,0x01,0x41,0xA0,
	0x04,0x61,0x80,0x02,0x40,0x80,0x03,0x04,0x98,0x00,0x04,0xA0,0x01,0x10,0x10,0x07,0x00,0x00,0x02,0x40,
	0x20,0x00,0x40,0x00,0x01,0x40,0x88,0x00,0x10,0x00,0x00,0xF0,0x00,0x00,0x00,0x8C,0x20,0x28,0x04,0x00,
	0x68,0x00,0x30,0x00,0x01,0x40,0x00,0x06,0x10,0x20,0x01,0x00,0x10,0x05,0x40,0x00,0x00,0x40,0x00,0x00,
	0x60,0x00,0x00,0x40,0x80,0x03,0x04,0x10,0x01,0x04,0xA0,0x01,0x10,0x00,0x02,0x02,0x80,0x00,0x80,0x00,
	0x00,0x80,0x60,0x00,0x00,0x00,0x84,0x00,0x08,0x04,0x00,0x08,0x00,0x30,0x00,0x00,0x00,0x00,0x04,0x10,
	0x00,0x01,0x03,0x83,0x00,0x00,0x02,0x00,0x00,0x01,0x00,0x80,0x01,0x10,0x00,0x00,0x02,0x80,0x00,0x80,
	0x00,0x02,0x82,0x00,0x08,0x04,0x00,0x08,0x00,0x30,0x00,0x00,0x0C,0x80,0x00,0x80,0x00,0x02,0x80,0x00,
	0x00,0x04,0x02,0x8F,0x60,0x08,0x05,0x70,0x20,0x00,0x30,0x80,0x04,0x14,0x00,0x02,0x14,0x90,0x01,0x35,
	0x82,0x01,0x15,0x12,0x00,0x30,0xF0,0x02,0x60,0x24,0x03,0x40,0x00,0x00,0x00,0x06,0x02,0x04,0x0E,0x00,
	0x04,0x00,0x00,0x34,0x12,0x01,0x48,0x02,0x00,0x20,0x0C,0x00,0x00,0x8B,0x84,0x02,0x02,0xC0,0x01,0x02,
	0x80,0x00,0x00,0x40,0x08,0x05,0x50,0x00,0x00,0x10,0x00,0x00,0x10,0x00,0x00,0x10,0x90,0x02,0x30,0x12,
	0x00,0x10,0x02,0x00,0x30,0x50,0x02,0x20,0x00,0x05,0x00,0x83,0x00,0x02,0x02,0x04,0x02,0x00,0x04,0x00,
	0x00,0x94,0x01,0x00,0x00,0x80,0x20,0x0C,0x00,0x00,0x81,0x00,0x00,0x02,0xC0,0x01,0x02,0x01,0x87,0x10,
	0x00,0x00,0x10,0x00,0x00,0x10,0x00,0x00,0x10,0x00,0x00,0x10,0x02,0x00,0x10,0x02,0x00,0x10,0x00,0x00,
	0x00,0x00,0x05,0x00,0x81,0x00,0x02,0x02,0x00,0x02,0x00,0x02,0x80,0x20,0x04,0x00,0x00,0x81,0x00,0x00,
	0x02,0xC0,0x01,0x02,0x05,0x81,0x00,0x02,0x00,0x00,0x02,0x00,0x00,0x80,0x00,0x00,0x01,0x00,0x81,0x00,
	0x02,0x02,0x00,0x02,0x00,0x04,0x81,0x00,0x00,0x02,0x00,0x00,0x02,0x00,0x8D,0x00,0x38,0x00,0x00,0x80,
	0x04,0x00,0x10,0x03,0x00,0x90,0x02,0x30,0x10,0x02,0x40,0x10,0x03,0x60,0x90,0x02,0x45,0xFA,0x01,0x15,
	0x02,0x06,0x34,0x02,0x00,0x10,0x40,0x00,0x11,0x00,0x04,0x20,0x01,0x00,0xE0,0x01,0x00,0x00,0x85,0x1C,
	0x10,0x01,0x80,0x10,0x04,0x00,0xD4,0x03,0x08,0x60,0x03,0x00,0x00,0x06,0x00,0x18,0x00,0x00,0x87,0x00,
	0x10,0x00,0x00,0x90,0x02,0x20,0x00,0x02,0x00,0x10,0x01,0x20,0x90,0x02,0x00,0xB2,0x01,0x00,0x02,0x06,
	0x20,0x02,0x00,0x00,0x82,0x00,0x00,0x04,0x20,0x01,0x00,0x60,0x00,0x00,0x00,0x83,0x0C,0x10,0x00,0x00,
	0x00,0x04,0x00,0xD4,0x02,0x08,0x00,0x01,0x04,0x85,0x00,0x00,0x02,0x00,0x10,0x01,0x00,0x90,0x00,0x00,
	0x22,0x01,0x00,0x02,0x02,0x00,0x02,0x00,0x00,0x82,0x00,0x00,0x04,0x00,0x01,0x00,0x20,0x00,0x00,0x01,
	0x82,0x00,0x00,0x04,0x00,0x94,0x02,0x08,0x00,0x00,0x07,0x82,0x00,0x02,0x00,0x00,0x02,0x02,0x00,0x02,
	0x00,0x00,0x81,0x00,0x00,0x04,0x00,0x01,0x00,0x02,0x81,0x00,0x00,0x04,0x00,0x80,0x02,0x01,0x92,0x02,
	0x90,0x06,0x22,0x10,0x02,0x20,0x90,0x02,0x40,0x10,0x02,0x40,0x90,0x01,0x10,0x80,0x00,0x10,0x90,0x00,
	0x12,0xC0,0x01,0x02,0x04,0x04,0x01,0x00,0x04,0x25,0x00,0x00,0x20,0x0C,0x00,0x80,0x12,0x00,0x61,0x83,
	0x00,0x00,0x20,0x01,0x00,0x02,0x02,0x10,0x24,0x01,0x00,0x02,0x04,0x00,0x00,0x04,0x00,0x82,0x00,0x10,
	0x00,0x00,0x10,0x00,0x00,0x80,0x02,0x00,0x81,0x00,0x10,0x01,0x00,0x80,0x00,0x00,0x80,0x00,0x60,0x00,
	0x00,0x84,0x00,0x00,0x04,0x20,0x00,0x00,0x20,0x00,0x00,0x80,0x00,0x00,0x80,0x83,0x00,0x00,0x80,0x00,
	0x00,0x02,0x00,0x81,0x00,0x02,0x04,0x00,0x00,0x04,0x04,0x81,0x00,0x10,0x00,0x00,0x80,0x00,0x00,0x80,
	0x00,0x40,0x00,0x00,0x80,0x00,0x00,0x04,0x01,0x81,0x80,0x00,0x00,0x80,0x81,0x00,0x00,0x80,0x00,0x00,
	0x02,0x00,0x81,0x00,0x02,0x04,0x00,0x00,0x04,0x09,0x80,0x00,0x00,0x04,0x01,0x81,0x80,0x00,0x00,0x00,
	0x80,0x00,0x00,0x80,0x00,0x00,0x02,0x00,0x81,0x00,0x00,0x04,0x00,0x00,0x04,0x00,0x93,0x60,0x00,0x02,
	0x50,0x10,0x02,0x42,0x00,0x02,0x00,0x90,0x02,0x00,0x80,0x03,0x00,0x90,0x02,0x00,0x80,0x00,0x00,0x64,
	0x06,0x00,0x40,0x04,0x42,0x00,0x00,0x40,0x00,0x00,0x44,0x00,0x00,0x14,0x00,0x00,0xD0,0x83,0x01,0x30,
	0x00,0x00,0x00,0x20,0x00,0x00,0x82,0x00,0x00,0xC0,0x00,0x00,0x00,0x02,0x00,0x00,0x04,0x00,0x80,0x00,
	0x00,0x02,0x00,0x8B,0x00,0x10,0x02,0x00,0x80,0x00,0x00,0x00,0x02,0x00,0x80,0x00,0x00,0x00,0x02,0x00,
	0x00,0x04,0x40,0x00,0x00,0x40,0x00,0x00,0x40,0x00,0x00,0x10,0x00,0x00,0xD0,0x80,0x00,0x10,0x00,0x00,
	0x00,0x80,0x00,0x82,0x00,0x00,0x81,0x00,0x00,0x02,0x00,0x00,0x04,0x02,0x81,0x00,0x10,0x02,0x00,0x80,
	0x00,0x02,0x86,0x00,0x00,0x04,0x40,0x00,0x00,0x40,0x00,0x00,0x40,0x00,0x00,0x10,0x00,0x00,0x40,0x80,
	0x00,0x10,0x00,0x00,0x00,0x80,0x00,0x80,0x00,0x01,0x80,0x00,0x00,0x04,0x07,0x83,0x00,0x00,0x04,0x40,
	0x00,0x00,0x40,0x00,0x00,0x40,0x00,0x00,0x00,0x80,0x00,0x80,0x00,0x01,0x80,0x00,0x80,0x00,0x02,0x88,
	0x10,0x10,0x00,0x00,0x90,0x02,0x10,0x90,0x03,0x12,0x00,0x02,0x00,0x90,0x00,0x00,0x80,0x00,0x00,0xB0,
	0x02,0x40,0x00,0x01,0x40,0x00,0x00,0x00,0x83,0x20,0x00,0x00,0x20,0x12,0x00,0x00,0x88,0x00,0x40,0x03,
	0x01,0x00,0x84,0x00,0x1C,0x04,0x80,0x10,0x04,0x01,0x00,0x05,0x04,0x28,0x05,0x10,0x00,0x00,0x00,0x81,
	0x00,0x90,0x00,0x00,0x10,0x02,0x01,0x80,0x00,0x80,0x00,0x00,0x81,0x40,0x40,0x01,0x40,0x00,0x00,0x00,
	0x83,0x20,0x00,0x00,0x20,0x00,0x00,0x00,0x80,0x00,0x00,0x03,0x00,0x00,0x83,0x00,0x14,0x04,0x80,0x10,
	0x04,0x00,0x00,0x05,0x04,0x00,0x00,0x01,0x81,0x00,0x10,0x00,0x00,0x10,0x02,0x03,0x81,0x40,0x00,0x00,
	0x40,0x00,0x00,0x02,0x81,0x00,0x80,0x00,0x00,0x02,0x00,0x00,0x83,0x00,0x04,0x04,0x00,0x10,0x04,0x00,
	0x00,0x05,0x04,0x00,0x00,0x07,0x81,0x40,0x00,0x00,0x40,0x00,0x00,0x02,0x80,0x00,0x80,0x00,0x01,0x82,
	0x00,0x00,0x04,0x00,0x00,0x04,0x00,0x00,0x05,0x01,0x81,0x00,0x90,0x02,0x00,0x00,0x01,0x00,0x84,0x00,
	0x90,0x00,0x42,0x00,0x03,0x40,0x94,0x02,0x40,0x44,0x00,0x00,0x00,0x07,0x00,0x80,0x00,0x00,0x02,0x00,
	0x82,0x00,0x80,0x00,0x10,0x80,0x00,0xE0,0x83,0x00,0x00,0x85,0x91,0x82,0x00,0x00,0x61,0x01,0x02,0x00,
	0x00,0x00,0x00,0x06,0x20,0x00,0x04,0x00,0x90,0x02,0x01,0x84,0x00,0x80,0x00,0x40,0x00,0x03,0x40,0x10,
	0x00,0x40,0x00,0x00,0x00,0x00,0x04,0x00,0x80,0x00,0x00,0x02,0x00,0x82,0x00,0x80,0x00,0x00,0x80,0x00,
	0x60,0x80,0x00,0x00,0x81,0x01,0x82,0x00,0x00,0x21,0x01,0x00,0x82,0x00,0x00,0x04,0x00,0x00,0x04,0x00,
	0x10,0x00,0x01,0x83,0x00,0x80,0x00,0x40,0x00,0x01,0x40,0x00,0x00,0x40,0x00,0x00,0x01,0x80,0x00,0x00,
	0x02,0x00,0x82,0x00,0x80,0x00,0x00,0x80,0x00,0x00,0x80,0x00,0x00,0x81,0x00,0x80,0x00,0x00,0x00,0x01,
	0x01,0x80,0x00,0x00,0x04,0x03,0x82,0x40,0x00,0x00,0x40,0x00,0x00,0x40,0x00,0x00,0x01,0x80,0x00,0x00,
	0x02,0x00,0x82,0x00,0x80,0x00,0x00,0x80,0x00,0x00,0x80,0x00,0x00,0x81,0x00,0x80,0x00,0x00,0x00,0x01,
	0x02,0x87,0x02,0x00,0x02,0x00,0x80,0x02,0x00,0x90,0x02,0x00,0x80,0x02,0x00,0x80,0x00,0x12,0x00,0x00,
	0x02,0x20,0x00,0x00,0x00,0x04,0x00,0x89,0x00,0x10,0x00,0x00,0x10,0x04,0x80,0x00,0x00,0x00,0x08,0x01,
	0x02,0x04,0x00,0x00,0x0A,0x00,0x00,0x40,0x00,0x00,0x00,0x02,0x00,0x80,0x03,0x00,0x30,0x00,0x00,0x87,
	0x02,0x00,0x00,0x00,0x00,0x02,0x00,0x80,0x00,0x00,0x00,0x02,0x00,0x80,0x00,0x10,0x00,0x00,0x00,0x20,
	0x00,0x00,0x00,0x02,0x02,0x80,0x80,0x00,0x00,0x00,0x81,0x00,0x04,0x00,0x00,0x08,0x00,0x00,0x81,0x00,
	0x00,0x02,0x00,0x80,0x02,0x02,0x81,0x00,0x00,0x02,0x00,0x80,0x00,0x03,0x80,0x00,0x00,0x02,0x02,0x80,
	0x80,0x00,0x00,0x03,0x81,0x00,0x00,0x02,0x00,0x00,0x02,0x0C,0x80,0x80,0x00,0x00,0x03,0x81,0x00,0x00,
	0x02,0x00,0x00,0x02,0x01,0x81,0x10,0x02,0x00,0x02,0x12,0x00,0x00,0x84,0x40,0x00,0x01,0x00,0x10,0x00,
	0x00,0x04,0x00,0x00,0x54,0x00,0x00,0x04,0x07,0x00,0x86,0x00,0x20,0x01,0x20,0x06,0x06,0x20,0x81,0x01,
	0x80,0x03,0x00,0x40,0xB0,0x00,0x08,0x20,0x07,0x22,0x18,0x02,0x00,0x81,0x00,0x00,0x04,0x00,0x04,0x05,
	0x01,0x80,0x02,0x00,0x00,0x00,0x81,0x40,0x00,0x00,0x00,0x10,0x00,0x00,0x81,0x00,0x50,0x00,0x00,0x00,
	0x07,0x00,0x86,0x00,0x00,0x01,0x20,0x00,0x02,0x20,0x81,0x00,0x00,0x02,0x00,0x00,0x90,0x00,0x08,0x00,
	0x07,0x02,0x18,0x02,0x00,0x80,0x00,0x00,0x04,0x04,0x80,0x40,0x00,0x00,0x01,0x81,0x00,0x10,0x00,0x00,
	0x00,0x05,0x00,0x82,0x00,0x00,0x01,0x00,0x00,0x02,0x00,0x81,0x00,0x00,0x82,0x00,0x80,0x00,0x00,0x00,
	0x07,0x00,0x08,0x02,0x00,0x80,0x00,0x00,0x04,0x04,0x80,0x40,0x00,0x00,0x02,0x80,0x00,0x00,0x01,0x00,
	0x82,0x00,0x00,0x01,0x00,0x00,0x02,0x00,0x81,0x00,0x00,0x82,0x00,0x80,0x00,0x00,0x00,0x07,0x00,0x00,
	0x02,0x00,0x80,0x00,0x00,0x04,0x01,0x81,0x00,0x90,0x00,0x10,0x00,0x02,0x00,0x86,0x10,0x10,0x00,0x00,
	0x80,0x00,0x10,0x80,0x00,0x00,0x60,0x00,0x00,0x20,0x06,0x00,0x10,0x01,0x00,0x16,0x00,0x01,0x81,0x50,
	0x01,0x00,0x10,0x12,0x02,0x01,0x81,0x00,0x62,0x00,0x00,0x00,0x01,0x00,0x80,0x40,0x00,0x00,0x02,0x80,
	0x10,0x10,0x00,0x00,0x80,0x10,0x00,0x00,0x01,0x80,0x00,0x10,0x01,0x02,0x81,0x90,0x01,0x00,0x00,0x12,
	0x02,0x01,0x81,0x00,0x40,0x00,0x00,0x00,0x01,0x09,0x80,0x00,0x00,0x01,0x03,0x80,0x00,0x00,0x02,0x0D,
	0x80,0x00,0x00,0x01,0x03,0x80,0x00,0x00,0x02,0x05,0x80,0x00,0x00,0x02,0x00,0x87,0x10,0x82,0x00,0x00,
	0x82,0x01,0x80,0x00,0x02,0x00,0x00,0x01,0x00,0x30,0x01,0x00,0x00,0x04,0x00,0x06,0x06,0x00,0x00,0x02,
	0x00,0x81,0x40,0x40,0x00,0xA0,0x41,0x00,0x00,0x80,0x00,0x40,0x00,0x00,0x81,0xA0,0x00,0x00,0x00,0x80,
	0x02,0x01,0x80,0x00,0x00,0x02,0x01,0x81,0x00,0x80,0x01,0x80,0x00,0x00,0x00,0x82,0x00,0x20,0x01,0x00,
	0x00,0x04,0x00,0x00,0x06,0x01,0x81,0x40,0x00,0x00,0x80,0x00,0x00,0x06,0x80,0x00,0x00,0x02,0x02,0x80,
	0x80,0x00,0x00,0x00,0x80,0x00,0x20,0x01,0x00,0x80,0x00,0x00,0x06,0x01,0x81,0x40,0x00,0x00,0x80,0x00,
	0x00,0x0A,0x80,0x80,0x00,0x00,0x02,0x80,0x00,0x00,0x06,0x01,0x80,0x40,0x00,0x00,0x07,0x90,0x20,0x08,
	0x00,0x00,0x80,0x01,0x00,0x00,0x02,0x50,0x00,0x00,0x00,0x02,0x00,0x80,0x03,0x00,0x00,0xD2,0x00,0x00,
	0x02,0x04,0x00,0x28,0x00,0x00,0x00,0x04,0x80,0x01,0x00,0x10,0x0A,0x02,0x40,0x00,0x06,0x00,0x00,0x05,
	0x10,0x10,0x00,0x00,0x05,0x02,0x00,0x40,0x00,0x00,0x85,0x00,0x62,0x05,0x10,0x00,0x00,0x00,0x08,0x00,
	0x00,0x80,0x00,0x00,0x00,0x02,0x50,0x00,0x00,0x00,0x81,0x80,0x01,0x00,0x00,0x50,0x00,0x00,0x80,0x00,
	0x20,0x00,0x00,0x85,0x80,0x01,0x00,0x00,0x02,0x02,0x40,0x00,0x06,0x00,0x00,0x05,0x10,0x10,0x00,0x00,
	0x00,0x02,0x01,0x80,0x00,0x00,0x04,0x01,0x80,0x00,0x80,0x00,0x00,0x80,0x40,0x00,0x00,0x00,0x81,0x80,
	0x01,0x00,0x00,0x40,0x00,0x02,0x85,0x80,0x01,0x00,0x00,0x00,0x02,0x00,0x00,0x06,0x00,0x00,0x05,0x10,
	0x00,0x00,0x00,0x00,0x02,0x01,0x80,0x00,0x00,0x04,0x03,0x80,0x40,0x00,0x00,0x00,0x80,0x80,0x01,0x00,
	0x03,0x83,0x80,0x01,0x00,0x00,0x00,0x02,0x00,0x00,0x06,0x00,0x00,0x05,0x00,0x80,0x00,0x00,0x02,0x03,
	0x00,0x83,0x20,0x88,0x00,0x00,0x10,0x00,0x00,0x00,0x01,0x00,0x80,0x00,0x00,0x81,0x00,0x21,0x02,0x80,
	0x51,0x01,0x00,0x84,0x80,0x01,0x00,0x00,0x40,0x00,0x00,0x00,0x04,0x80,0x25,0x00,0x18,0x48,0x00,0x00,
	0x81,0x00,0x90,0x01,0x00,0x80,0x00,0x00,0x80,0x00,0x08,0x00,0x01,0x81,0x00,0x88,0x00,0x00,0x10,0x00,
	0x02,0x81,0x00,0x01,0x00,0x80,0x11,0x01,0x00,0x80,0x80,0x01,0x00,0x00,0x82,0x00,0x00,0x04,0x00,0x05,
	0x00,0x00,0x08,0x00,0x00,0x81,0x00,0x80,0x01,0x00,0x80,0x00,0x03,0x80,0x00,0x80,0x00,0x03,0x81,0x00,
	0x01,0x00,0x80,0x01,0x01,0x00,0x80,0x80,0x01,0x00,0x00,0x81,0x00,0x00,0x04,0x00,0x01,0x00,0x01,0x81,
	0x00,0x80,0x01,0x00,0x80,0x00,0x08,0x81,0x00,0x01,0x00,0x80,0x01,0x01,0x00,0x80,0x80,0x01,0x00,0x00,
	0x80,0x00,0x00,0x04,0x02,0x81,0x00,0x80,0x01,0x00,0x80,0x00,0x02,0x01,0x80,0x24,0x80,0x00,0x00,0x80,
	0x40,0x00,0x00,0x00,0x80,0xC0,0x00,0x00,0x00,0x80,0x80,0x01,0x00,0x00,0x84,0x00,0x00,0x02,0x10,0x00,
	0x00,0x40,0x12,0x00,0x14,0x00,0x00,0x00,0x04,0x00,0x00,0x81,0x10,0x00,0x00,0x00,0x00,0x03,0x05,0x80,
	0x40,0x00,0x00,0x00,0x80,0xC0,0x00,0x00,0x00,0x80,0x80,0x01,0x00,0x00,0x83,0x00,0x00,0x02,0x10,0x00,
	0x00,0x00,0x10,0x00,0x04,0x00,0x00,0x02,0x80,0x00,0x00,0x02,0x05,0x80,0x40,0x00,0x00,0x00,0x80,0xC0,
	0x00,0x00,0x00,0x80,0x80,0x01,0x00,0x00,0x81,0x00,0x00,0x02,0x10,0x00,0x00,0x0B,0x80,0x40,0x00,0x00,
	0x00,0x80,0xC0,0x00,0x00,0x00,0x80,0x80,0x01,0x00,0x00,0x80,0x00,0x00,0x02,0x08,0x83,0x04,0x05,0x00,
	0x84,0x00,0x00,0x00,0x10,0x03,0x04,0x00,0x00,0x00,0x82,0x40,0x00,0x00,0x00,0x60,0x01,0x40,0x00,0x00,
	0x00,0x83,0x00,0x20,0x00,0x40,0x20,0x00,0x00,0x20,0x00,0x20,0x01,0x01,0x00,0x80,0x00,0x08,0x00,0x00,
	0x82,0x00,0xA1,0x00,0x00,0x00,0x04,0x00,0x80,0x00,0x00,0x80,0x00,0x04,0x00,0x00,0x80,0x00,0x10,0x02,
	0x01,0x82,0x40,0x00,0x00,0x00,0x20,0x00,0x40,0x00,0x00,0x01,0x80,0x40,0x00,0x00,0x00,0x80,0x20,0x00,
	0x01,0x02,0x80,0x00,0x20,0x00,0x07,0x80,0x40,0x00,0x00,0x00,0x80,0x40,0x00,0x00,0x01,0x80,0x40,0x00,
	0x00,0x00,0x80,0x20,0x00,0x01,0x02,0x80,0x00,0x20,0x00,0x07,0x80,0x40,0x00,0x00,0x00,0x80,0x40,0x00,
	0x00,0x01,0x80,0x40,0x00,0x00,0x00,0x80,0x00,0x00,0x01,0x06,0x84,0x80,0x80,0x00,0x00,0x05,0x00,0x00,
	0x08,0x00,0x20,0x88,0x00,0x00,0x00,0x01,0x00,0x86,0x00,0x00,0x04,0x00,0xA0,0x00,0x40,0x00,0x00,0x40,
	0x08,0x00,0x00,0x08,0x00,0x90,0x00,0x00,0x40,0x00,0x00,0x07,0x82,0x00,0x04,0x00,0x00,0x08,0x00,0x00,
	0x88,0x00,0x02,0x82,0x00,0x20,0x00,0x40,0x00,0x00,0x40,0x00,0x00,0x00,0x81,0x10,0x00,0x00,0x40,0x00,
	0x00,0x0E,0x81,0x40,0x00,0x00,0x40,0x00,0x00,0x00,0x81,0x10,0x00,0x00,0x40,0x00,0x00,0x0E,0x81,0x40,
	0x00,0x00,0x40,0x00,0x00,0x09,0x00,0x85,0x02,0x00,0x00,0x80,0x01,0x00,0x00,0x00,0x01,0x04,0x08,0x02,
	0x24,0x10,0x00,0x20,0x00,0x02,0x00,0x87,0x00,0x80,0x04,0x02,0x00,0x00,0x10,0x00,0x00,0x10,0x14,0x00,
	0x80,0x00,0x00,0x20,0x00,0x00,0x00,0x00,0x02,0x00,0x1C,0x00,0x02,0x80,0x00,0x00,0x04,0x00,0x80,0x02,
	0x00,0x00,0x00,0x83,0x00,0x00,0x01,0x00,0x08,0x00,0x00,0x10,0x00,0x00,0x00,0x02,0x03,0x82,0x10,0x14,
	0x00,0x80,0x00,0x00,0x20,0x00,0x00,0x00,0x80,0x00,0x10,0x00,0x06,0x80,0x00,0x00,0x01,0x06,0x80,0x10,
	0x00,0x00,0x02,0x80,0x00,0x10,0x00,0x17,0x82,0x40,0x00,0x02,0x40,0x00,0x02,0x00,0x84,0x00,0x00,0x82,
	0x20,0x00,0x00,0x10,0x08,0x00,0x10,0x10,0x00,0x02,0x86,0x00,0x02,0x01,0x40,0x00,0x01,0x24,0x00,0x00,
	0x00,0x80,0x00,0x30,0x00,0x00,0x00,0x22,0x00,0x80,0x00,0x00,0x00,0x82,0x00,0x22,0x00,0x01,0x80,0x00,
	0x00,0x00,0x02,0x00,0x80,0x00,0x84,0x00,0x01,0x81,0x00,0x08,0x00,0x00,0x10,0x00,0x02,0x81,0x00,0x02,
	0x01,0x00,0x00,0x01,0x02,0x80,0x00,0x22,0x00,0x02,0x81,0x01,0x80,0x00,0x00,0x00,0x02,0x00,0x80,0x00,
	0x80,0x00,0x06,0x81,0x00,0x00,0x01,0x00,0x00,0x01,0x06,0x80,0x01,0x00,0x00,0x09,0x81,0x00,0x00,0x01,
	0x00,0x00,0x01,0x07,0x80,0x02,0x10,0x00,0x00,0x88,0x40,0x00,0x00,0x00,0x90,0x00,0x00,0x80,0x00,0x0A,
	0x00,0x00,0x00,0x40,0x00,0x10,0x00,0x00,0x00,0x40,0x00,0x10,0x80,0x00,0x00,0x80,0x00,0x00,0x82,0x00,
	0x82,0x00,0x00,0x10,0x00,0x00,0x84,0x00,0x00,0x81,0x80,0x81,0x00,0x00,0x00,0x02,0x01,0x80,0x02,0x00,
	0x00,0x01,0x81,0x00,0x10,0x00,0x00,0x80,0x00,0x00,0x80,0x00,0x40,0x00,0x00,0x80,0x00,0x40,0x00,0x02,
	0x82,0x00,0x02,0x00,0x00,0x10,0x00,0x00,0x04,0x00,0x00,0x80,0x00,0x80,0x00,0x0E,0x80,0x00,0x02,0x00,
	0x00,0x80,0x00,0x04,0x00,0x18,0x00,0x80,0x00,0x80,0x00,0x00,0x85,0x08,0x05,0x00,0x08,0x00,0x00,0x00,
	0x20,0x00,0x00,0x08,0x00,0x00,0x40,0x00,0x10,0x00,0x00,0x01,0x81,0x00,0x80,0x00,0x40,0x01,0x00,0x00,
	0x80,0x00,0x20,0x00,0x00,0x82,0x08,0x40,0x00,0x00,0x00,0x04,0x01,0x00,0x00,0x03,0x80,0x00,0x04,0x00,
	0x01,0x81,0x00,0x08,0x00,0x00,0x40,0x00,0x03,0x80,0x00,0x01,0x00,0x00,0x80,0x00,0x20,0x00,0x00,0x82,
	0x00,0x40,0x00,0x00,0x00,0x04,0x01,0x00,0x00,0x10,0x80,0x00,0x40,0x00,0x00,0x80,0x01,0x00,0x00,0x14,
	0x01,0x80,0x08,0x00,0x00,0x02,0x80,0x00,0x00,0x02,0x02,0x81,0x00,0x04,0x00,0x20,0x00,0x00,0x00,0x81,
	0x00,0x06,0x02,0x00,0x00,0x04,0x00,0x80,0x00,0x00,0x01,0x01,0x80,0x80,0x00,0x00,0x09,0x80,0x00,0x04,
	0x00,0x30,0x00,0x80,0x08,0x00,0x00,0x00,0x83,0x00,0x00,0x02,0x02,0x10,0x00,0x00,0x10,0x00,0x00,0x00,
	0x05,0x03,0x81,0x04,0x00,0x00,0x00,0x08,0x00,0x00,0x81,0x40,0x00,0x00,0x40,0x02,0x00,0x01,0x81,0x04,
	0x00,0x00,0x20,0x00,0x00,0x02,0x81,0x00,0x00,0x02,0x00,0x10,0x00,0x00,0x80,0x00,0x00,0x05,0x04,0x80,
	0x00,0x08,0x00,0x01,0x80,0x40,0x02,0x00,0x01,0x80,0x04,0x00,0x00,0x12,0x80,0x04,0x00,0x00,0x14,
};
