/* Delta+RLE compressed animation (from C:/Users/andre/Downloads/nggyu_4.mp4). */
/* 16-level greyscale, 4 bit planes. Decoded per-frame by the firmware. */
#include <stdint.h>

#define ANIMATION_FRAMES 750
#define COLOR_DEPTH 4
#define Y_RES 20

const uint32_t anim_rle_len = 98278;
const uint8_t anim_rle[] = {
	0x4F,0xB6,0x20,0x00,0x04,0x0C,0x00,0x04,0x01,0x80,0x00,0x26,0x30,0x06,0x20,0x30,0x07,0x01,0x78,0x01,
	0x3B,0x60,0x05,0x66,0x80,0x00,0x46,0x40,0x02,0x43,0x68,0x02,0xC1,0x78,0x05,0x81,0x70,0x06,0x1F,0x70,
	0x05,0x3F,0xF0,0x04,0xB9,0x38,0x00,0xE1,0xF0,0x00,0x8F,0x60,0x00,0x82,0x60,0x00,0x81,0x00,0x00,0x00,
	0x70,0x00,0x1D,0x00,0x04,0x21,0x00,0x04,0x20,0x00,0x04,0x00,0xC0,0x04,0x00,0xC0,0x04,0x38,0x80,0x02,
	0x0C,0x80,0x02,0x1F,0x00,0x03,0x3F,0x90,0x03,0x21,0x90,0x05,0x61,0x80,0x06,0x21,0x80,0x07,0xA0,0x80,
	0x06,0x00,0x80,0x00,0x06,0xC0,0x00,0x3E,0x80,0x00,0x0C,0x00,0x00,0x02,0x40,0x00,0x00,0xA0,0x00,0x00,
	0x60,0x00,0x1F,0x00,0x00,0x1F,0x00,0x00,0x1F,0x00,0x00,0x1F,0x00,0x00,0x1F,0x00,0x00,0x1F,0x00,0x04,
	0x1F,0x00,0x04,0x1F,0x00,0x04,0x1F,0x00,0x04,0x21,0x00,0x06,0x21,0x00,0x07,0x61,0x00,0x07,0x60,0x00,
	0x06,0xE0,0x00,0x04,0x60,0x00,0x00,0x00,0x82,0x04,0x80,0x00,0x00,0x80,0x00,0x00,0x40,0x00,0x09,0x88,
	0x1E,0x00,0x00,0x1E,0x00,0x00,0x1E,0x00,0x00,0x1F,0x00,0x00,0x1F,0x00,0x00,0x1F,0x00,0x00,0x1F,0x00,
	0x00,0x03,0x00,0x00,0x01,0x00,0x00,0x01,0x9A,0x21,0x00,0x00,0x01,0x00,0x00,0x20,0x80,0x04,0x00,0xB0,
	0x06,0x20,0x10,0x06,0x11,0x08,0x06,0x00,0x18,0x06,0x60,0x40,0x00,0x70,0xD0,0x02,0x40,0x18,0x06,0x80,
	0x08,0x00,0x04,0x00,0x00,0x80,0x00,0x01,0x01,0x80,0x00,0x62,0x48,0x06,0x3A,0x00,0x00,0x2C,0x80,0x00,
	0x03,0x60,0x00,0x01,0xE0,0x00,0x80,0xA4,0x00,0x21,0x00,0x04,0x01,0x00,0x04,0x00,0x00,0x04,0x20,0xC0,
	0x00,0x20,0x00,0x00,0x10,0x00,0x06,0x00,0x00,0x02,0x00,0x8A,0x30,0x90,0x00,0x20,0x10,0x04,0x40,0x00,
	0x01,0x04,0x00,0x00,0x80,0x00,0x01,0x80,0x00,0x07,0x02,0x40,0x00,0x3A,0x00,0x00,0x14,0x80,0x00,0x04,
	0x00,0x00,0x01,0x60,0x00,0x05,0x80,0x00,0x00,0x04,0x03,0x88,0x00,0x00,0x01,0x04,0x00,0x00,0x00,0x00,
	0x01,0x80,0x00,0x02,0x00,0x00,0x04,0x20,0x00,0x00,0x0C,0x80,0x00,0x02,0x00,0x00,0x00,0x40,0x00,0x0B,
	0x80,0x04,0x00,0x00,0x03,0x80,0x04,0x00,0x00,0x02,0x81,0x60,0x00,0x04,0x20,0x00,0x00,0x00,0x91,0x20,
	0x80,0x04,0x00,0xA0,0x00,0x00,0x10,0x05,0x20,0x88,0x01,0x10,0xB0,0x00,0x00,0x10,0x00,0x10,0xD0,0x02,
	0x20,0x20,0x00,0xC0,0x00,0x05,0x00,0x10,0x02,0x80,0x80,0x06,0x00,0x90,0x02,0x48,0xC0,0x02,0xD8,0x90,
	0x00,0xCC,0x60,0x00,0xC2,0xA0,0x00,0x40,0x10,0x00,0x20,0x00,0x04,0x01,0x84,0x20,0x00,0x04,0x00,0xC0,
	0x00,0x00,0x00,0x01,0x20,0x80,0x01,0x10,0x80,0x00,0x00,0x82,0x30,0x80,0x00,0x20,0x20,0x00,0x40,0x00,
	0x05,0x00,0x85,0x80,0x00,0x04,0x00,0x80,0x07,0x48,0x40,0x00,0x10,0x00,0x00,0x06,0xC0,0x00,0x01,0x00,
	0x00,0x00,0x80,0x20,0x00,0x00,0x01,0x80,0x20,0x00,0x00,0x04,0x80,0x30,0x00,0x00,0x00,0x80,0x40,0x00,
	0x04,0x00,0x85,0x00,0x00,0x05,0x00,0x00,0x02,0x00,0x00,0x04,0x10,0x00,0x00,0x06,0x80,0x00,0x01,0x00,
	0x00,0x09,0x80,0x10,0x00,0x00,0x00,0x80,0x00,0x00,0x04,0x00,0x80,0x00,0x00,0x04,0x02,0x80,0x02,0x00,
	0x00,0x01,0x80,0x40,0x01,0x04,0x01,0x91,0x20,0x00,0x00,0x20,0x80,0x05,0x01,0xA0,0x00,0x00,0x80,0x04,
	0x20,0x80,0x02,0x30,0x60,0x02,0x20,0xA0,0x01,0x60,0xF0,0x00,0x60,0x10,0x01,0xC0,0x00,0x05,0x01,0x90,
	0x00,0x21,0x80,0x00,0x80,0xD0,0x06,0x30,0xC0,0x04,0x0A,0x80,0x00,0x02,0x80,0x00,0x80,0x20,0x00,0x40,
	0x00,0x00,0x01,0x84,0x20,0x00,0x00,0x00,0x00,0x04,0x00,0x80,0x00,0x00,0x80,0x04,0x00,0x80,0x02,0x00,
	0x83,0x20,0x00,0x01,0x20,0xA0,0x00,0x20,0x00,0x00,0x40,0x00,0x05,0x00,0x85,0x01,0x80,0x00,0x00,0xC0,
	0x00,0x30,0xC0,0x00,0x0C,0x80,0x00,0x03,0x80,0x00,0x00,0x20,0x00,0x02,0x80,0x20,0x00,0x00,0x01,0x80,
	0x00,0x00,0x04,0x02,0x80,0x20,0x00,0x00,0x00,0x80,0x40,0x00,0x04,0x00,0x81,0x00,0x00,0x01,0x00,0x00,
	0x02,0x0F,0x80,0x00,0x00,0x04,0x06,0x11,0x80,0x00,0x04,0x00,0x3C,0x87,0x61,0x00,0x03,0x31,0x00,0x04,
	0x04,0x00,0x00,0x20,0x00,0x00,0x08,0x00,0x00,0x10,0xC0,0x00,0x20,0x20,0x00,0x10,0x00,0x00,0x00,0x8C,
	0x30,0xE0,0x01,0x20,0xA0,0x00,0x24,0x80,0x01,0x40,0x00,0x00,0xC0,0x80,0x00,0xCA,0x00,0x02,0x72,0x00,
	0x07,0x20,0x10,0x04,0x00,0x50,0x00,0x04,0x24,0x00,0x01,0xC0,0x00,0xE1,0x00,0x00,0x61,0x00,0x04,0x00,
	0x80,0x20,0x00,0x00,0x00,0x82,0x10,0x00,0x01,0x20,0x00,0x00,0x10,0x00,0x00,0x00,0x8C,0x00,0x00,0x01,
	0x20,0x00,0x01,0x44,0x80,0x01,0x00,0x00,0x01,0x40,0x80,0x00,0x0A,0x00,0x00,0x12,0x00,0x05,0x00,0x00,
	0x02,0x14,0x40,0x00,0x01,0x00,0x00,0x00,0x40,0x00,0x40,0x00,0x00,0x20,0x00,0x00,0x00,0x80,0x20,0x00,
	0x00,0x06,0x82,0x04,0x00,0x01,0x00,0x00,0x01,0x40,0x00,0x00,0x01,0x83,0x00,0x00,0x04,0x0C,0x00,0x00,
	0x03,0x00,0x00,0x00,0x40,0x00,0x0A,0x80,0x04,0x00,0x00,0x04,0x81,0x04,0x00,0x00,0x01,0x00,0x00,0x00,
	0x82,0x48,0x80,0x01,0xC0,0x00,0x02,0x40,0x00,0x00,0x00,0x90,0x01,0x00,0x00,0x04,0x00,0x06,0x00,0x50,
	0x01,0x10,0x00,0x06,0x30,0x00,0x02,0x10,0x00,0x02,0x30,0xC0,0x00,0x20,0xA0,0x02,0x60,0xE8,0x01,0x40,
	0x20,0x01,0x40,0xA0,0x01,0x41,0x80,0x02,0x38,0x40,0x04,0x28,0x00,0x04,0x0E,0xC0,0x00,0x03,0x44,0x00,
	0x40,0x00,0x03,0x03,0x82,0x00,0x00,0x04,0x00,0x80,0x01,0x10,0x00,0x06,0x00,0x83,0x10,0x00,0x00,0x10,
	0x00,0x02,0x00,0x00,0x01,0x60,0xC0,0x00,0x00,0x85,0x40,0x80,0x01,0x41,0x80,0x03,0x28,0x40,0x03,0x08,
	0x00,0x04,0x06,0x00,0x00,0x00,0x40,0x00,0x06,0x80,0x00,0x00,0x04,0x01,0x81,0x10,0x00,0x00,0x20,0x00,
	0x00,0x00,0x86,0x00,0x00,0x01,0x40,0x00,0x00,0x40,0x00,0x01,0x28,0x00,0x02,0x18,0x00,0x00,0x06,0x00,
	0x00,0x01,0x40,0x00,0x09,0x80,0x10,0x00,0x00,0x04,0x82,0x08,0x00,0x00,0x08,0x00,0x00,0x02,0x00,0x00,
	0x00,0x92,0x90,0x00,0x07,0xE2,0x01,0x07,0xBA,0x00,0x00,0x79,0x00,0x00,0x32,0x00,0x04,0x00,0x00,0x04,
	0x20,0x00,0x03,0x00,0xF0,0x01,0x20,0x00,0x00,0x20,0x00,0x00,0x00,0x00,0x03,0x01,0x40,0x02,0x40,0x48,
	0x03,0x48,0x98,0x01,0x10,0x08,0x00,0x00,0xA0,0x01,0x05,0x20,0x02,0x11,0xF0,0x05,0x1D,0x00,0x04,0x00,
	0x82,0x00,0x03,0x06,0xC0,0x00,0x02,0x60,0x00,0x00,0x00,0x80,0x20,0x00,0x00,0x00,0x81,0x20,0x00,0x04,
	0x00,0x00,0x01,0x00,0x8D,0x10,0x00,0x02,0x00,0x00,0x03,0x01,0x00,0x00,0x20,0x40,0x01,0x48,0x80,0x00,
	0x10,0x00,0x01,0x00,0x80,0x00,0x41,0x00,0x01,0x21,0x40,0x04,0x14,0x00,0x00,0x06,0x00,0x00,0x00,0x00,
	0x06,0x40,0x00,0x00,0x20,0x00,0x00,0x00,0x80,0x20,0x00,0x00,0x03,0x83,0x00,0x00,0x02,0x00,0x00,0x02,
	0x01,0x00,0x02,0x20,0x00,0x00,0x00,0x80,0x00,0x00,0x01,0x00,0x83,0x00,0x00,0x01,0x00,0x00,0x06,0x04,
	0x00,0x00,0x03,0x00,0x00,0x0A,0x80,0x01,0x00,0x00,0x05,0x81,0x0C,0x00,0x00,0x01,0x00,0x00,0x97,0xA4,
	0x7F,0x01,0x80,0x02,0x03,0xA0,0x03,0x06,0xE0,0x00,0x04,0x60,0x00,0x00,0x62,0x00,0x00,0x10,0x00,0x04,
	0x18,0x00,0x01,0x00,0xE0,0x04,0x20,0x00,0x00,0x31,0x00,0x02,0x10,0xC0,0x06,0x2C,0x40,0x05,0x64,0xC8,
	0x01,0x40,0xD8,0x03,0x4C,0x50,0x00,0x60,0x40,0x01,0x46,0x80,0x01,0x38,0x60,0x04,0x11,0x40,0x00,0x80,
	0x87,0x01,0x00,0x01,0x01,0x80,0x00,0x04,0x20,0x00,0x00,0x01,0x82,0x10,0x00,0x00,0x10,0x00,0x06,0x00,
	0x00,0x05,0x00,0x8A,0x11,0x00,0x00,0x10,0x00,0x04,0x0C,0x00,0x04,0x04,0x80,0x03,0x00,0x80,0x00,0x40,
	0x00,0x01,0x40,0x00,0x01,0x66,0x00,0x00,0x00,0x40,0x02,0x06,0x00,0x00,0x80,0x03,0x01,0x01,0x80,0x40,
	0x00,0x00,0x03,0x80,0x00,0x00,0x04,0x00,0x82,0x11,0x00,0x00,0x10,0x00,0x04,0x00,0x00,0x06,0x01,0x84,
	0x40,0x00,0x01,0x40,0x00,0x01,0x20,0x00,0x01,0x10,0x00,0x04,0x0A,0x00,0x00,0x09,0x82,0x11,0x00,0x00,
	0x10,0x00,0x04,0x00,0x00,0x04,0x05,0x80,0x06,0x00,0x00,0xA8,0x00,0x4C,0x00,0x00,0x84,0x01,0xC0,0x03,
	0x02,0x80,0x00,0x04,0xC0,0x00,0x00,0x20,0x00,0x00,0x45,0x00,0x00,0x20,0x00,0x04,0x03,0x00,0x00,0x11,
	0x20,0x05,0x00,0x00,0x05,0x10,0x00,0x05,0x0C,0x00,0x07,0x24,0x90,0x03,0x40,0xA0,0x00,0x00,0x20,0x02,
	0x40,0x90,0x01,0x00,0x40,0x03,0x30,0x80,0x04,0x79,0x40,0x00,0x00,0x74,0x00,0x00,0x02,0x00,0x40,0x01,
	0x02,0x80,0x00,0x00,0x40,0x00,0x00,0x20,0x00,0x00,0x01,0x00,0x00,0x20,0x00,0x00,0x02,0x00,0x06,0x01,
	0x00,0x01,0x00,0x00,0x05,0x10,0x00,0x01,0x0C,0x00,0x02,0x24,0x00,0x02,0x40,0x80,0x02,0x00,0x00,0x02,
	0x40,0x00,0x00,0x00,0x00,0x01,0x20,0x00,0x03,0x18,0x40,0x04,0x00,0x0C,0x00,0x00,0x80,0x40,0x00,0x00,
	0x01,0x80,0x20,0x00,0x00,0x01,0x81,0x02,0x00,0x00,0x01,0x00,0x00,0x00,0x80,0x10,0x00,0x00,0x00,0x80,
	0x20,0x00,0x02,0x01,0x82,0x40,0x00,0x00,0x00,0x00,0x01,0x00,0x00,0x02,0x08,0x81,0x02,0x00,0x00,0x01,
	0x00,0x00,0x00,0x80,0x10,0x00,0x00,0x07,0x00,0x80,0x04,0x00,0x00,0x08,0x80,0x10,0x00,0x00,0x08,0x80,
	0x04,0x00,0x00,0x08,0x80,0x10,0x00,0x00,0x12,0x80,0x10,0x00,0x00,0x12,0x80,0x10,0x00,0x00,0x07,0x82,
	0x02,0x30,0x00,0x08,0x0C,0x00,0x00,0x02,0x00,0x01,0x90,0x48,0x00,0x00,0x28,0x00,0x00,0x06,0x00,0x00,
	0x20,0x00,0x04,0x10,0x00,0x03,0x00,0x00,0x04,0x30,0x00,0x00,0x20,0x00,0x00,0x20,0x00,0x07,0x00,0xC0,
	0x02,0x40,0xC0,0x02,0x20,0x30,0x02,0x24,0x80,0x01,0x10,0x40,0x02,0x12,0x20,0x02,0x00,0x30,0x00,0x08,
	0x04,0x00,0x01,0x83,0x40,0x00,0x00,0x40,0x00,0x00,0x08,0x00,0x00,0x06,0x00,0x00,0x00,0x85,0x00,0x00,
	0x06,0x00,0x00,0x04,0x30,0x00,0x04,0x00,0x00,0x04,0x20,0x00,0x06,0x00,0x00,0x02,0x01,0x83,0x04,0x00,
	0x00,0x00,0x00,0x01,0x10,0x00,0x04,0x00,0x30,0x00,0x02,0x80,0x40,0x00,0x00,0x00,0x81,0x08,0x00,0x00,
	0x06,0x00,0x00,0x00,0x82,0x00,0x00,0x04,0x00,0x00,0x04,0x10,0x00,0x00,0x00,0x81,0x20,0x00,0x04,0x00,
	0x00,0x02,0x02,0x81,0x00,0x00,0x01,0x00,0x00,0x04,0x05,0x81,0x08,0x00,0x00,0x06,0x00,0x00,0x02,0x80,
	0x10,0x00,0x00,0x00,0x80,0x00,0x00,0x04,0x05,0x00,0x82,0x04,0x00,0x01,0x00,0x00,0x02,0x80,0x01,0x00,
	0x03,0x8B,0x10,0x00,0x00,0x04,0x40,0x07,0x00,0x40,0x04,0x20,0x00,0x04,0x24,0x00,0x04,0x60,0x00,0x02,
	0x40,0x80,0x01,0x08,0x10,0x01,0x40,0x00,0x01,0x60,0x00,0x00,0x20,0x00,0x00,0x1C,0x00,0x06,0x00,0x81,
	0x04,0x00,0x00,0x00,0x00,0x02,0x04,0x81,0x10,0x00,0x00,0x00,0x00,0x04,0x00,0x88,0x00,0x00,0x04,0x24,
	0x00,0x04,0x00,0x00,0x04,0x40,0x00,0x01,0x00,0x00,0x01,0x00,0x00,0x01,0x60,0x00,0x00,0x30,0x00,0x00,
	0x04,0x00,0x02,0x0A,0x81,0x00,0x00,0x04,0x20,0x00,0x04,0x03,0x80,0x20,0x00,0x00,0x00,0x80,0x0C,0x00,
	0x00,0x12,0x80,0x04,0x00,0x00,0x85,0x02,0x00,0x00,0x08,0x08,0x00,0x00,0x01,0x02,0x40,0x01,0x04,0x84,
	0x00,0x00,0x40,0x00,0x00,0x02,0x80,0x10,0x40,0x00,0x00,0x88,0x20,0x00,0x05,0x24,0x00,0x00,0x20,0x00,
	0x07,0x50,0x10,0x00,0x44,0x80,0x00,0x60,0x00,0x00,0x63,0x00,0x07,0x55,0x00,0x01,0x23,0x04,0x02,0x00,
	0x80,0x08,0x08,0x00,0x00,0x81,0x00,0x01,0x00,0x80,0x00,0x00,0x03,0x80,0x10,0x00,0x00,0x00,0x81,0x00,
	0x00,0x01,0x24,0x00,0x00,0x00,0x83,0x50,0x00,0x00,0x40,0x00,0x00,0x60,0x00,0x00,0x13,0x00,0x01,0x00,
	0x80,0x0D,0x00,0x00,0x08,0x80,0x10,0x00,0x00,0x01,0x80,0x20,0x00,0x00,0x02,0x80,0x20,0x00,0x00,0x00,
	0x81,0x18,0x00,0x00,0x07,0x00,0x00,0x08,0x80,0x10,0x00,0x00,0x07,0x81,0x08,0x00,0x00,0x03,0x00,0x00,
	0x85,0x00,0x10,0x00,0x00,0x14,0x01,0x00,0x02,0x02,0x40,0x00,0x00,0x04,0x00,0x00,0x80,0x00,0x00,0x00,
	0x80,0x20,0x00,0x00,0x00,0x80,0x00,0x40,0x04,0x00,0x88,0x30,0x00,0x00,0x20,0x00,0x06,0x48,0x00,0x04,
	0x20,0x00,0x00,0x20,0x40,0x00,0x24,0x40,0x00,0x20,0x40,0x00,0x20,0x00,0x00,0x15,0xA0,0x06,0x01,0x80,
	0x00,0x02,0x00,0x07,0x82,0x30,0x00,0x00,0x00,0x00,0x02,0x08,0x00,0x04,0x00,0x84,0x00,0x40,0x00,0x10,
	0x00,0x00,0x28,0x00,0x00,0x04,0x00,0x00,0x01,0x00,0x04,0x0A,0x80,0x10,0x00,0x00,0x00,0x80,0x00,0x00,
	0x04,0x02,0x82,0x18,0x00,0x00,0x0C,0x00,0x00,0x02,0x00,0x03,0x0A,0x80,0x10,0x00,0x00,0x04,0x81,0x08,
	0x00,0x00,0x04,0x00,0x00,0x00,0x84,0x00,0x20,0x00,0x00,0xF8,0x00,0x00,0x04,0x07,0x40,0x03,0x04,0xC0,
	0x01,0x00,0x00,0x80,0x40,0x00,0x00,0x01,0x83,0x10,0x80,0x00,0x30,0x40,0x04,0x20,0x40,0x00,0x20,0x40,
	0x00,0x00,0x85,0x60,0x00,0x02,0x10,0x00,0x00,0x40,0x80,0x00,0x00,0x20,0x03,0x08,0x00,0x00,0x01,0x00,
	0x00,0x00,0x81,0x00,0x90,0x00,0x00,0x00,0x02,0x02,0x80,0x40,0x00,0x00,0x01,0x81,0x10,0x00,0x00,0x10,
	0x00,0x04,0x00,0x87,0x20,0x00,0x00,0x20,0x00,0x00,0x20,0x00,0x00,0x10,0x00,0x00,0x10,0x00,0x00,0x08,
	0x00,0x02,0x04,0x00,0x00,0x01,0x80,0x01,0x08,0x81,0x10,0x00,0x00,0x10,0x00,0x00,0x01,0x81,0x20,0x00,
	0x00,0x20,0x00,0x00,0x00,0x81,0x10,0x00,0x00,0x00,0x00,0x02,0x00,0x80,0x01,0x00,0x00,0x08,0x81,0x10,
	0x00,0x00,0x10,0x00,0x00,0x08,0x4F,0x84,0x04,0x00,0x00,0x00,0xA8,0x00,0x00,0x0E,0x03,0x01,0x03,0x04,
	0x00,0x01,0x00,0x01,0x80,0x60,0x00,0x00,0x00,0x87,0x10,0x00,0x01,0x11,0x00,0x01,0x11,0x00,0x00,0x30,
	0x00,0x00,0x30,0x00,0x01,0x20,0x40,0x03,0x61,0xC0,0x00,0x09,0x00,0x02,0x00,0x81,0x00,0x40,0x03,0x12,
	0xC4,0x00,0x00,0x83,0x00,0x58,0x00,0x00,0x04,0x01,0x00,0x03,0x04,0x00,0x01,0x00,0x01,0x80,0x20,0x00,
	0x00,0x01,0x81,0x01,0x00,0x01,0x01,0x00,0x00,0x00,0x83,0x20,0x00,0x00,0x00,0x00,0x06,0x21,0xC0,0x00,
	0x19,0x00,0x02,0x00,0x81,0x00,0x00,0x01,0x03,0x00,0x00,0x00,0x80,0x00,0x38,0x00,0x00,0x80,0x00,0x01,
	0x00,0x02,0x80,0x20,0x00,0x00,0x01,0x81,0x01,0x00,0x00,0x01,0x00,0x00,0x02,0x81,0x20,0x00,0x00,0x18,
	0x00,0x02,0x00,0x81,0x00,0x00,0x01,0x01,0x00,0x00,0x09,0x81,0x01,0x00,0x00,0x01,0x00,0x00,0x03,0x80,
	0x08,0x00,0x00,0x02,0xBB,0x6D,0xD5,0x07,0xE7,0x39,0x00,0x1C,0x72,0x02,0x38,0xB9,0x04,0x8C,0xB1,0x03,
	0x60,0x90,0x06,0xBD,0xB2,0x07,0x71,0xBE,0x02,0x47,0x15,0x06,0xE3,0x98,0x07,0x1F,0xBD,0x03,0x00,0xE5,
	0x06,0x13,0xC7,0x06,0x28,0x00,0x00,0x12,0xA0,0x00,0x34,0x60,0x00,0x1D,0xE0,0x04,0x78,0x60,0x04,0x14,
	0xC0,0x02,0x06,0x20,0x07,0x0A,0xA7,0x07,0x79,0x38,0x00,0x2C,0x7E,0x03,0x42,0xFB,0x00,0xA0,0xE9,0x03,
	0x38,0xC0,0x06,0xF0,0x60,0x07,0xBD,0x70,0x02,0xBC,0x58,0x06,0xF4,0xD8,0x07,0xED,0x70,0x04,0x09,0x40,
	0x05,0x0C,0x80,0x05,0x06,0x00,0x03,0x2D,0x00,0x06,0x20,0x80,0x05,0x2E,0x00,0x01,0x07,0x00,0x01,0x06,
	0x00,0x06,0x05,0x80,0x01,0x77,0xA7,0x07,0x78,0x38,0x00,0x20,0x86,0x03,0x60,0x07,0x03,0xA0,0x10,0x04,
	0x60,0x30,0x01,0x68,0x90,0x00,0x66,0x80,0x05,0x42,0xA0,0x01,0x0B,0x20,0x00,0x12,0x80,0x00,0x16,0x80,
	0x04,0x03,0x00,0x04,0x09,0x00,0x00,0x0D,0x00,0x05,0x01,0x00,0x00,0x19,0x00,0x00,0x08,0x00,0x00,0x05,
	0x00,0x06,0x01,0x00,0x07,0x05,0x8C,0x08,0x00,0x00,0x06,0x00,0x00,0x02,0x00,0x00,0x0F,0x00,0x00,0x0E,
	0x00,0x00,0x0E,0x00,0x00,0x1F,0x00,0x00,0x1F,0x00,0x00,0x1F,0x00,0x00,0x1F,0x00,0x00,0x07,0x00,0x00,
	0x07,0x00,0x00,0x03,0x00,0x00,0x00,0x81,0x80,0x00,0x00,0x01,0x00,0x00,0x00,0x89,0x00,0x13,0x00,0x40,
	0x01,0x00,0x81,0x00,0x00,0xA0,0x01,0x00,0x80,0x00,0x00,0x00,0x02,0x00,0x00,0x43,0x00,0x81,0x00,0x00,
	0x08,0xA9,0x02,0x10,0x01,0x00,0x02,0x84,0x08,0x00,0x01,0x40,0x00,0x00,0x04,0x00,0x04,0x00,0x00,0x01,
	0x80,0x00,0x00,0x01,0x81,0x00,0x02,0x00,0x80,0x00,0x00,0x00,0x81,0x20,0x00,0x00,0x80,0x00,0x00,0x01,
	0x82,0x80,0x10,0x00,0x00,0xC1,0x02,0x00,0x80,0x00,0x04,0x82,0x04,0x00,0x04,0x00,0x00,0x01,0x80,0x00,
	0x00,0x01,0x81,0x00,0x02,0x00,0x80,0x00,0x00,0x00,0x80,0x20,0x00,0x00,0x03,0x80,0x00,0x80,0x02,0x05,
	0x80,0x04,0x00,0x04,0x14,0x81,0x80,0x00,0x00,0x01,0x00,0x00,0x00,0x80,0x00,0x02,0x00,0x00,0x82,0x48,
	0x0A,0x00,0x84,0x08,0x00,0x00,0x08,0x00,0x00,0x85,0x00,0x08,0x00,0x80,0x10,0x00,0x12,0x43,0x02,0x00,
	0x02,0x00,0x00,0x02,0x00,0x00,0x03,0x00,0x00,0x84,0x00,0x00,0x03,0x08,0x00,0x01,0x00,0x00,0x01,0x00,
	0x00,0x01,0x80,0x00,0x00,0x01,0x84,0x00,0x04,0x00,0x80,0x00,0x00,0x40,0x00,0x00,0x84,0x00,0x00,0x00,
	0x08,0x00,0x01,0x81,0x40,0x20,0x00,0x10,0x81,0x02,0x03,0x80,0x00,0x00,0x02,0x01,0x81,0x08,0x00,0x00,
	0x80,0x00,0x00,0x01,0x80,0x00,0x04,0x00,0x06,0x80,0x00,0x00,0x02,0x03,0x80,0x00,0x00,0x02,0x16,0x80,
	0x88,0x00,0x00,0x00,0x81,0x40,0x00,0x00,0x80,0x05,0x00,0x00,0x87,0x41,0x00,0x00,0x00,0x09,0x00,0x40,
	0x09,0x00,0x00,0x41,0x00,0x30,0x2B,0x00,0x20,0xE9,0x00,0x10,0x81,0x00,0x00,0x02,0x02,0x00,0x86,0x00,
	0x83,0x00,0x08,0x80,0x03,0x08,0x80,0x00,0x08,0x00,0x02,0x08,0x80,0x02,0x18,0x80,0x00,0x88,0x00,0x00,
	0x00,0x82,0x40,0x00,0x00,0x00,0x07,0x00,0x40,0x00,0x00,0x00,0x81,0x00,0x08,0x00,0x40,0x00,0x00,0x00,
	0x81,0x90,0x38,0x00,0x20,0xC8,0x00,0x00,0x80,0x00,0x00,0x02,0x01,0x85,0x00,0x00,0x03,0x08,0x00,0x00,
	0x08,0x80,0x02,0x08,0x80,0x02,0x00,0x80,0x00,0x88,0x00,0x00,0x00,0x80,0x40,0x00,0x00,0x00,0x80,0x40,
	0x00,0x00,0x01,0x80,0x40,0x00,0x00,0x00,0x81,0x10,0x20,0x00,0x00,0x80,0x00,0x00,0x80,0x00,0x00,0x02,
	0x01,0x80,0x00,0x00,0x03,0x00,0x81,0x00,0x00,0x02,0x00,0x00,0x02,0x14,0x80,0x80,0x00,0x00,0x12,0x80,
	0x80,0x00,0x00,0x12,0x80,0x80,0x00,0x00,0x26,0x80,0x80,0x00,0x06,0x00,0x84,0x00,0x02,0x00,0x80,0x05,
	0x00,0x40,0x00,0x00,0x41,0x09,0x00,0x00,0x0C,0x00,0x00,0x85,0x10,0x00,0x00,0x80,0x50,0x00,0x30,0x82,
	0x00,0x08,0x88,0x00,0x00,0x82,0x00,0x00,0x02,0x00,0x00,0x85,0x08,0x00,0x00,0x08,0x00,0x01,0x00,0xC0,
	0x01,0x18,0x00,0x01,0x10,0x40,0x04,0x80,0x00,0x00,0x00,0x83,0x00,0x02,0x00,0x80,0x00,0x00,0x40,0x00,
	0x00,0x00,0x08,0x00,0x01,0x81,0x10,0x00,0x00,0x40,0x20,0x00,0x02,0x87,0x00,0x80,0x00,0x00,0x80,0x00,
	0x08,0x80,0x00,0x00,0x80,0x01,0x08,0x00,0x01,0x08,0x40,0x01,0x10,0x40,0x04,0x80,0x00,0x00,0x00,0x80,
	0x00,0x02,0x00,0x04,0x80,0x10,0x00,0x00,0x05,0x84,0x08,0x00,0x00,0x00,0x00,0x01,0x08,0x00,0x01,0x08,
	0x00,0x01,0x00,0x00,0x04,0x13,0x80,0x80,0x00,0x00,0x01,0x80,0xC0,0x00,0x00,0x00,0x88,0x80,0x08,0x00,
	0x02,0x00,0x00,0x80,0x00,0x00,0xC0,0x28,0x00,0x60,0x2A,0x00,0x00,0x88,0x00,0x02,0x02,0x00,0x00,0x04,
	0x00,0x00,0x80,0x00,0x01,0x84,0x08,0x40,0x00,0x10,0x00,0x00,0x00,0x60,0x00,0x10,0x20,0x00,0x80,0x00,
	0x00,0x00,0x80,0x00,0x07,0x00,0x03,0x85,0x80,0x00,0x00,0x80,0x38,0x00,0x20,0x48,0x00,0x10,0x08,0x00,
	0x00,0x80,0x00,0x00,0x80,0x00,0x02,0x84,0x08,0x00,0x00,0x00,0x40,0x00,0x10,0x00,0x00,0x10,0x00,0x00,
	0x80,0x00,0x00,0x00,0x80,0x00,0x04,0x00,0x04,0x80,0x00,0x20,0x00,0x06,0x80,0x08,0x00,0x00,0x16,0x00,
	0x8F,0x80,0x01,0x00,0x21,0x47,0x00,0x48,0x28,0x00,0x40,0x09,0x00,0x80,0x0D,0x00,0x00,0x81,0x00,0x80,
	0x09,0x00,0xE0,0x72,0x00,0x30,0x00,0x00,0x00,0x8A,0x00,0x00,0x80,0x00,0x00,0x04,0x00,0x12,0x40,0x00,
	0x10,0xC0,0x00,0x10,0x40,0x00,0x18,0x40,0x00,0x00,0x81,0x00,0x20,0x00,0x10,0x20,0x04,0x01,0x83,0x80,
	0x04,0x00,0x48,0x00,0x00,0x40,0x00,0x00,0x00,0x08,0x00,0x00,0x81,0x80,0x00,0x00,0x00,0x20,0x00,0x00,
	0x81,0x00,0x80,0x00,0x00,0x80,0x00,0x01,0x80,0x00,0x80,0x00,0x00,0x81,0x08,0x40,0x00,0x10,0x00,0x00,
	0x00,0x80,0x10,0x00,0x04,0x02,0x80,0x08,0x00,0x00,0x00,0x80,0x00,0x08,0x00,0x01,0x80,0x40,0x00,0x00,
	0x00,0x81,0x00,0x80,0x00,0x00,0x80,0x00,0x01,0x80,0x00,0x80,0x00,0x00,0x80,0x08,0x00,0x00,0x01,0x80,
	0x00,0x00,0x04,0x13,0xBB,0xDD,0x67,0x01,0x20,0xFF,0x07,0x3F,0x3C,0x06,0xB3,0x80,0x05,0xB4,0xBB,0x02,
	0xA5,0x94,0x07,0x4B,0x3D,0x06,0x03,0x35,0x02,0x51,0x8C,0x07,0x66,0xC2,0x06,0x3C,0x1C,0x05,0x00,0x04,
	0x02,0x0D,0x84,0x06,0x14,0xC0,0x06,0x11,0xCC,0x07,0x78,0xDC,0x02,0xE0,0x60,0x01,0x0D,0x3E,0x03,0xD7,
	0x3F,0x03,0x53,0x40,0x00,0x7F,0x98,0x02,0xF9,0x00,0x02,0x6D,0x87,0x01,0x0B,0x07,0x03,0x1D,0x15,0x04,
	0x1D,0x3D,0x01,0x28,0x95,0x01,0xE5,0x84,0x05,0xB1,0x3F,0x00,0x34,0xB7,0x01,0x1C,0x00,0x03,0x02,0x00,
	0x02,0x0E,0x80,0x02,0x06,0x00,0x06,0x02,0xF0,0x07,0x84,0x9F,0x02,0xF1,0xC0,0x06,0x0C,0xC0,0x04,0x14,
	0xC0,0x04,0x7F,0xC0,0x07,0x7D,0x98,0x06,0xFB,0x00,0x06,0xE3,0x80,0x05,0xEB,0x00,0x05,0xE3,0x10,0x02,
	0xA3,0x38,0x07,0xA3,0x90,0x07,0x63,0x80,0x02,0x73,0x80,0x06,0x17,0x00,0x07,0x0F,0x80,0x07,0x03,0x80,
	0x02,0x03,0x00,0x02,0x09,0x00,0x06,0x0D,0x80,0x07,0x09,0xE0,0x02,0x01,0xFF,0x00,0xEC,0xFF,0x00,0xF5,
	0xFF,0x00,0x80,0xFF,0x07,0x13,0x9A,0x85,0x00,0x03,0x80,0x00,0x01,0x84,0x00,0x03,0xC0,0x00,0x00,0x86,
	0x01,0x00,0x36,0x23,0x01,0x0A,0x20,0x01,0x07,0x00,0x00,0x61,0x00,0x00,0x01,0x01,0x03,0x21,0x00,0x01,
	0x1B,0x00,0x01,0x07,0x00,0x01,0x03,0x80,0x00,0x01,0x14,0x00,0xAB,0x00,0x06,0x82,0x20,0x00,0x1A,0x0A,
	0x02,0x31,0x00,0x00,0x20,0x00,0x04,0x04,0x00,0x00,0x01,0x00,0x02,0x01,0x00,0x02,0x41,0x00,0x00,0x05,
	0x01,0x00,0x35,0x23,0x01,0x09,0x20,0x01,0x00,0x92,0x01,0x00,0x00,0x01,0x01,0x02,0x21,0x00,0x01,0x03,
	0x00,0x00,0x03,0x00,0x00,0x01,0x80,0x00,0x01,0x10,0x00,0x83,0x00,0x00,0x80,0x00,0x00,0x18,0x00,0x02,
	0x01,0x00,0x00,0x20,0x00,0x00,0x04,0x00,0x00,0x01,0x00,0x00,0x01,0x00,0x00,0x01,0x00,0x00,0x01,0x00,
	0x00,0x01,0x00,0x01,0x01,0x00,0x00,0x02,0x80,0x00,0x00,0x01,0x04,0x81,0x80,0x00,0x00,0x18,0x00,0x00,
	0x15,0x4F,0xA0,0x04,0x80,0x00,0x00,0x80,0x00,0x04,0x00,0x00,0xE0,0x00,0x00,0xED,0x00,0x00,0x8D,0xA0,
	0x01,0x80,0xA1,0x00,0x05,0x00,0x01,0x17,0x80,0x02,0xC7,0x40,0x00,0x03,0x18,0x05,0x01,0x00,0x01,0x0D,
	0x00,0x00,0x01,0x00,0x00,0x01,0x00,0x00,0x01,0x00,0x02,0x01,0x20,0x00,0x01,0x04,0x00,0xC0,0x0F,0x04,
	0x00,0x80,0x03,0x80,0x00,0x01,0x84,0x00,0x01,0x84,0x00,0x01,0xE4,0x00,0x01,0xE9,0x00,0x01,0x09,0x20,
	0x00,0x01,0x21,0x00,0x01,0x00,0x01,0x04,0x00,0x02,0x44,0x00,0x00,0x00,0x00,0x04,0x00,0x00,0x01,0x04,
	0x00,0x00,0x04,0x80,0x00,0x00,0x04,0x00,0x84,0x80,0x00,0x01,0x84,0x00,0x01,0x84,0x00,0x01,0x84,0x00,
	0x01,0x80,0x00,0x01,0x01,0x82,0x01,0x00,0x00,0x04,0x00,0x00,0x04,0x00,0x00,0x1D,0x92,0x06,0x44,0x00,
	0x46,0x00,0x01,0x02,0x00,0x01,0xC6,0x00,0x01,0x92,0x00,0x00,0x86,0x00,0x00,0x82,0x00,0x01,0x07,0x02,
	0x02,0x51,0x40,0x01,0xC1,0x20,0x01,0x15,0x00,0x00,0x1F,0x00,0x00,0x07,0x00,0x00,0x01,0xC0,0x00,0x01,
	0x14,0x00,0x01,0x1E,0x02,0x02,0x00,0x00,0x04,0x00,0x01,0x06,0x00,0x00,0x00,0x92,0x44,0x84,0x00,0x44,
	0x80,0x01,0x44,0x80,0x01,0x00,0x80,0x01,0x14,0x80,0x00,0x84,0x80,0x00,0x84,0x80,0x01,0x04,0x82,0x02,
	0x01,0x40,0x00,0x41,0x20,0x01,0x15,0x00,0x00,0x1D,0x00,0x00,0x01,0x00,0x00,0x01,0x80,0x00,0x01,0x10,
	0x00,0x01,0x1C,0x00,0x02,0x00,0x00,0x04,0x00,0x01,0x06,0x00,0x00,0x00,0x8F,0x40,0x80,0x00,0x40,0x80,
	0x00,0x40,0x80,0x00,0x00,0x80,0x00,0x04,0x80,0x00,0x84,0x80,0x00,0x84,0x80,0x00,0x04,0x00,0x00,0x01,
	0x00,0x00,0x01,0x00,0x01,0x15,0x00,0x00,0x0D,0x00,0x00,0x01,0x00,0x00,0x01,0x00,0x00,0x01,0x00,0x00,
	0x01,0x1C,0x00,0x00,0x81,0x04,0x00,0x00,0x04,0x00,0x00,0x14,0x9D,0x04,0x26,0x00,0x2C,0x80,0x00,0x64,
	0x00,0x00,0x04,0x80,0x00,0x86,0x87,0x01,0x82,0x3B,0x00,0x82,0x82,0x00,0x82,0x01,0x00,0x22,0x40,0x01,
	0x02,0x38,0x01,0x26,0x00,0x00,0x06,0x80,0x03,0x0E,0x40,0x03,0x05,0xE0,0x00,0x04,0x48,0x00,0x8C,0x01,
	0x00,0x43,0x10,0x00,0xE1,0x00,0x01,0xCF,0x08,0x00,0x45,0xE0,0x00,0x22,0x46,0x00,0x22,0xC0,0x00,0x02,
	0xC0,0x00,0x46,0x40,0x00,0xC6,0x43,0x01,0x06,0x43,0x00,0x06,0x02,0x00,0x06,0x41,0x00,0x04,0x00,0x00,
	0x04,0x18,0x01,0x01,0x86,0x08,0x80,0x02,0x00,0x40,0x00,0x00,0x08,0x00,0x84,0x00,0x00,0x43,0x00,0x00,
	0x01,0x00,0x01,0x06,0x00,0x00,0x00,0x85,0x20,0x40,0x00,0x20,0x40,0x00,0x00,0x40,0x00,0x40,0x40,0x00,
	0x40,0x40,0x00,0x00,0x40,0x00,0x02,0x80,0x00,0x00,0x01,0x00,0x81,0x00,0x00,0x01,0x00,0x00,0x02,0x02,
	0x82,0x41,0x00,0x00,0x01,0x00,0x00,0x04,0x00,0x00,0x14,0xA4,0x0A,0x02,0x03,0x02,0x40,0x00,0x1A,0x00,
	0x00,0x0C,0xB0,0x00,0x66,0x78,0x00,0x46,0x52,0x00,0x04,0x81,0x00,0x46,0xA0,0x02,0x40,0x90,0x02,0x02,
	0x19,0x03,0x26,0x00,0x05,0x16,0xF0,0x05,0x1E,0x90,0x00,0x02,0x70,0x00,0x00,0x26,0x01,0x02,0x02,0x00,
	0x24,0x00,0x01,0x10,0x08,0x00,0x0D,0x00,0x04,0x80,0x00,0x01,0x1A,0x22,0x03,0x12,0x20,0x00,0x22,0x60,
	0x00,0x22,0xC0,0x00,0x02,0x00,0x00,0x42,0x42,0x00,0x42,0x41,0x00,0x00,0xA0,0x02,0x42,0x30,0x02,0x02,
	0x06,0x02,0x06,0x80,0x05,0x06,0x40,0x04,0x06,0x60,0x00,0x02,0x20,0x00,0x00,0x04,0x01,0x02,0x02,0x00,
	0x20,0x00,0x01,0x00,0x88,0x01,0x00,0x04,0x80,0x00,0x00,0x1A,0x20,0x00,0x12,0x20,0x00,0x22,0x20,0x00,
	0x22,0x00,0x00,0x02,0x00,0x00,0x42,0x40,0x00,0x42,0x00,0x00,0x00,0x80,0x40,0x00,0x00,0x00,0x81,0x00,
	0x00,0x01,0x00,0x80,0x00,0x01,0x82,0x00,0x00,0x01,0x00,0x02,0x00,0x20,0x00,0x00,0x00,0x81,0x01,0x00,
	0x00,0x80,0x00,0x00,0x13,0x9F,0x00,0x20,0x01,0x12,0x00,0x00,0x1A,0x14,0x00,0x38,0x7C,0x00,0x88,0x00,
	0x00,0x28,0x48,0x00,0x4A,0x00,0x00,0x08,0xA0,0x00,0x4C,0x18,0x02,0x5E,0x00,0x00,0x0E,0x80,0x02,0x0E,
	0x18,0x05,0x02,0x08,0x00,0x0A,0x18,0x00,0x00,0x18,0x04,0x06,0xC0,0x01,0x02,0x00,0x00,0x0E,0x00,0x00,
	0x80,0x00,0x02,0x40,0x00,0x06,0x08,0x00,0x01,0x08,0x00,0x00,0x18,0x04,0x00,0x08,0x60,0x00,0xA0,0x00,
	0x00,0x00,0x20,0x00,0x00,0x20,0x00,0x42,0x00,0x00,0x08,0x08,0x02,0x18,0x80,0x00,0x08,0xC0,0x02,0x08,
	0x30,0x04,0x00,0x82,0x00,0x10,0x00,0x02,0x00,0x00,0x04,0x00,0x00,0x01,0x81,0x00,0x00,0x02,0x40,0x00,
	0x00,0x00,0x83,0x08,0x00,0x00,0x18,0x00,0x00,0x08,0x20,0x00,0x20,0x00,0x00,0x01,0x84,0x42,0x00,0x00,
	0x08,0x00,0x00,0x18,0x00,0x00,0x08,0x80,0x00,0x08,0x00,0x00,0x1B,0x02,0x80,0x00,0x40,0x00,0x0A,0x80,
	0x00,0x40,0x00,0x06,0x80,0x00,0x40,0x00,0x37,0x8F,0x04,0x02,0x00,0x0C,0x40,0x00,0x0C,0x04,0x00,0x0C,
	0x10,0x00,0x06,0x80,0x00,0x0E,0x28,0x01,0x2E,0x20,0x01,0x08,0x00,0x00,0x02,0x08,0x02,0x52,0x81,0x00,
	0x22,0xC0,0x00,0x02,0x88,0x02,0x07,0x08,0x00,0x0A,0x00,0x00,0x08,0x04,0x00,0x08,0x60,0x00,0x00,0x81,
	0x00,0x04,0x00,0x80,0x00,0x00,0x00,0x82,0x00,0x02,0x00,0x08,0x40,0x00,0x00,0x04,0x00,0x00,0x89,0x0A,
	0x80,0x00,0x0A,0x20,0x01,0x0A,0x00,0x01,0x08,0x00,0x00,0x02,0x08,0x02,0x12,0x80,0x00,0x02,0x40,0x00,
	0x02,0x80,0x00,0x02,0x00,0x00,0x0A,0x00,0x00,0x00,0x80,0x08,0x00,0x00,0x07,0x89,0x08,0x00,0x00,0x08,
	0x00,0x00,0x08,0x00,0x00,0x08,0x00,0x00,0x02,0x00,0x00,0x12,0x00,0x00,0x02,0x00,0x00,0x02,0x80,0x00,
	0x02,0x00,0x00,0x02,0x00,0x00,0x19,0x98,0x9E,0x43,0x01,0x04,0x00,0x00,0x28,0x13,0x00,0x38,0x3E,0x00,
	0x08,0x54,0x00,0x28,0x78,0x00,0x68,0x80,0x00,0x0C,0x40,0x01,0x0C,0x00,0x00,0x8C,0x99,0x00,0x4C,0x40,
	0x03,0x35,0xE0,0x01,0x17,0x10,0x00,0x0B,0x50,0x00,0x0B,0x02,0x04,0xCA,0x22,0x00,0x22,0x00,0x00,0x18,
	0x02,0x00,0x1B,0x01,0x00,0x80,0x00,0x00,0x04,0x22,0x01,0x14,0x61,0x00,0x18,0x60,0x00,0x08,0x60,0x00,
	0x28,0x10,0x00,0x00,0x8A,0x00,0x60,0x00,0x40,0xA0,0x01,0x40,0x30,0x00,0x40,0x07,0x00,0x00,0x00,0x02,
	0x10,0x70,0x01,0x11,0x60,0x00,0x01,0x10,0x00,0x0A,0x04,0x00,0x82,0x03,0x00,0x22,0x00,0x00,0x00,0x80,
	0x09,0x00,0x00,0x00,0x84,0x00,0x20,0x00,0x10,0x21,0x00,0x10,0x20,0x00,0x00,0x20,0x00,0x20,0x10,0x00,
	0x01,0x81,0x40,0x00,0x00,0x40,0x00,0x00,0x00,0x81,0x00,0x80,0x00,0x10,0x00,0x01,0x01,0x82,0x02,0x00,
	0x00,0x02,0x02,0x00,0x22,0x00,0x00,0x00,0x80,0x09,0x00,0x00,0x14,0xA5,0xD4,0x05,0x00,0x6C,0x85,0x01,
	0x0C,0x81,0x01,0x44,0x2E,0x00,0xE4,0xA0,0x01,0xCC,0x02,0x01,0x0F,0x8E,0x01,0x7B,0x00,0x01,0x00,0x80,
	0x00,0x20,0x9C,0x01,0x60,0x32,0x01,0x2A,0x00,0x06,0x12,0xC0,0x03,0x12,0xB8,0x00,0x02,0x34,0x01,0x88,
	0x44,0x00,0xC0,0x11,0x01,0xDA,0x06,0x00,0x80,0x07,0x00,0x0A,0x20,0x00,0x30,0xC3,0x00,0x20,0x43,0x01,
	0x64,0x44,0x01,0x64,0x40,0x01,0x44,0x50,0x01,0x4C,0x82,0x01,0xCF,0xCE,0x01,0x88,0xC0,0x01,0x80,0xC0,
	0x01,0xA0,0x78,0x01,0x60,0x0C,0x00,0x20,0x80,0x03,0x02,0x80,0x02,0x02,0x20,0x00,0x00,0x08,0x01,0x00,
	0x06,0x00,0xC0,0x01,0x01,0x3A,0x00,0x00,0x01,0x8C,0x30,0xC3,0x00,0x20,0xC3,0x00,0x60,0xC4,0x00,0x60,
	0xC0,0x00,0x40,0xD0,0x00,0x40,0x80,0x00,0xC0,0xC0,0x00,0x80,0x00,0x00,0x80,0x00,0x01,0x20,0x00,0x01,
	0x20,0x00,0x01,0x00,0x00,0x02,0x00,0x00,0x02,0x00,0x83,0x00,0x00,0x01,0x00,0x04,0x00,0xC0,0x01,0x00,
	0x3A,0x00,0x00,0x15,0xA0,0x54,0x9D,0x00,0x84,0x9C,0x01,0xC0,0x12,0x01,0x88,0xBC,0x00,0x4C,0x59,0x01,
	0x04,0x92,0x01,0x80,0xE0,0x01,0xA4,0x48,0x01,0x08,0x80,0x00,0x08,0x85,0x03,0x48,0x72,0x00,0x20,0x00,
	0x02,0x28,0x00,0x01,0x08,0x00,0x00,0x01,0x20,0x00,0x11,0x0D,0x00,0x00,0x22,0x00,0x40,0x08,0x00,0x78,
	0x00,0x00,0x01,0x00,0x00,0xD4,0x03,0x01,0xC4,0x02,0x00,0x84,0x05,0x00,0x84,0x01,0x00,0xC0,0x20,0x00,
	0x80,0x82,0x00,0x00,0xC0,0x00,0x04,0x08,0x00,0x08,0x00,0x00,0x08,0x81,0x03,0x08,0x30,0x00,0x00,0x00,
	0x02,0x00,0x00,0x01,0x00,0x84,0x01,0x00,0x00,0x00,0x08,0x00,0x00,0x02,0x00,0x40,0x00,0x00,0x10,0x00,
	0x00,0x00,0x86,0xD4,0x03,0x00,0xC4,0x02,0x00,0x84,0x05,0x00,0x84,0x01,0x00,0x80,0x20,0x00,0x80,0x80,
	0x00,0x00,0xC0,0x00,0x03,0x80,0x00,0x00,0x02,0x02,0x83,0x00,0x08,0x00,0x00,0x02,0x00,0x40,0x00,0x00,
	0x10,0x00,0x00,0x14,0x96,0x00,0x31,0x01,0x00,0x2A,0x01,0x10,0x13,0x00,0x00,0x53,0x01,0xA4,0xB0,0x01,
	0x0C,0xA1,0x01,0x0A,0x81,0x00,0x04,0x09,0x00,0x04,0x05,0x00,0x04,0x00,0x02,0x84,0x40,0x01,0x4E,0x00,
	0x05,0x1C,0x00,0x00,0x14,0x40,0x00,0x0E,0x20,0x00,0x06,0x80,0x00,0x08,0x00,0x00,0x90,0x10,0x00,0x01,
	0x00,0x00,0x02,0x01,0x00,0x00,0x13,0x01,0x00,0x03,0x01,0x00,0x22,0x00,0x00,0x8B,0xA4,0xA1,0x00,0x04,
	0x80,0x00,0x06,0x80,0x00,0x00,0x08,0x00,0x04,0x04,0x00,0x04,0x00,0x02,0x04,0x40,0x00,0x0C,0x00,0x00,
	0x1C,0x00,0x00,0x14,0x40,0x00,0x0E,0x00,0x00,0x04,0x00,0x00,0x00,0x85,0x90,0x00,0x00,0x01,0x00,0x00,
	0x00,0x01,0x00,0x00,0x13,0x01,0x00,0x03,0x01,0x00,0x22,0x00,0x00,0x82,0x04,0xA1,0x00,0x04,0x80,0x00,
	0x04,0x80,0x00,0x04,0x80,0x10,0x00,0x00,0x03,0x82,0x90,0x00,0x00,0x01,0x00,0x00,0x00,0x01,0x00,0x13,
	0x4F,0x92,0x00,0x32,0x01,0x14,0xAA,0x01,0x04,0x1A,0x00,0x14,0x50,0x00,0xE4,0x81,0x00,0x04,0x80,0x01,
	0x01,0x40,0x00,0x1B,0x18,0x00,0x8C,0x18,0x01,0x0C,0x01,0x00,0x00,0x04,0x00,0x20,0x00,0x00,0x02,0x00,
	0x00,0x18,0x00,0x00,0x10,0x58,0x00,0x08,0x04,0x01,0x40,0x00,0x00,0x08,0x20,0x00,0x00,0x02,0x00,0x00,
	0x82,0x00,0x12,0x01,0x10,0x00,0x01,0x00,0x20,0x00,0x00,0x8B,0xE0,0x80,0x00,0x00,0x80,0x00,0x01,0x00,
	0x00,0x00,0x18,0x00,0x00,0x18,0x00,0x00,0x01,0x00,0x00,0x04,0x00,0x20,0x00,0x00,0x02,0x00,0x00,0x08,
	0x00,0x00,0x00,0x10,0x00,0x08,0x04,0x00,0x03,0x82,0x00,0x12,0x01,0x10,0x00,0x01,0x00,0x20,0x00,0x00,
	0x81,0x00,0x80,0x00,0x00,0x80,0x00,0x04,0x80,0x20,0x00,0x00,0x1B,0x91,0x10,0x9A,0x01,0x00,0x18,0x00,
	0x10,0x58,0x01,0x00,0x33,0x00,0x10,0x01,0x00,0x00,0xE1,0x01,0x04,0xC1,0x01,0x04,0x41,0x01,0x40,0x18,
	0x01,0x00,0x00,0x03,0x0C,0x40,0x00,0x05,0x00,0x00,0x03,0x00,0x00,0x04,0x00,0x02,0x02,0x10,0x00,0x02,
	0x74,0x06,0x44,0x00,0x00,0x80,0x00,0x00,0x00,0x80,0x03,0x40,0x00,0x00,0x81,0x00,0x02,0x01,0x10,0x02,
	0x00,0x00,0x86,0x00,0x01,0x00,0x00,0xC0,0x00,0x00,0x80,0x00,0x04,0x00,0x01,0x00,0x18,0x01,0x00,0x00,
	0x02,0x00,0x40,0x00,0x00,0x83,0x01,0x00,0x00,0x00,0x00,0x02,0x02,0x10,0x00,0x00,0x74,0x00,0x00,0x80,
	0x80,0x00,0x00,0x02,0x81,0x00,0x02,0x00,0x10,0x02,0x00,0x00,0x83,0x00,0x01,0x00,0x00,0xC0,0x00,0x00,
	0x80,0x00,0x04,0x00,0x01,0x04,0x80,0x00,0x00,0x02,0x00,0x80,0x00,0x70,0x00,0x00,0x80,0x80,0x00,0x00,
	0x15,0x8D,0x00,0x80,0x00,0x80,0x01,0x00,0x00,0x41,0x01,0x00,0x80,0x01,0x80,0x31,0x01,0x80,0x02,0x00,
	0x00,0x80,0x00,0x00,0x98,0x00,0x40,0x84,0x02,0x00,0x80,0x00,0x00,0x78,0x00,0x24,0x00,0x02,0x01,0x00,
	0x00,0x16,0x00,0x00,0x00,0x90,0x01,0x80,0x01,0x44,0x02,0x02,0x40,0x00,0x02,0x10,0x18,0x06,0x00,0x40,
	0x06,0x00,0x81,0x00,0x00,0x01,0x00,0x00,0x01,0x01,0x00,0x81,0x01,0x00,0x00,0x01,0x00,0x02,0x00,0x00,
	0x80,0x00,0x00,0x18,0x00,0x00,0x04,0x02,0x00,0x80,0x00,0x00,0x38,0x00,0x20,0x00,0x00,0x00,0x80,0x02,
	0x00,0x00,0x00,0x83,0x00,0x80,0x01,0x00,0x02,0x02,0x40,0x00,0x02,0x10,0x00,0x06,0x00,0x83,0x00,0x81,
	0x00,0x00,0x01,0x00,0x00,0x01,0x00,0x00,0x81,0x00,0x01,0x80,0x00,0x80,0x00,0x03,0x80,0x20,0x00,0x00,
	0x02,0x83,0x00,0x80,0x01,0x00,0x02,0x00,0x40,0x00,0x00,0x10,0x00,0x00,0x14,0x9D,0x10,0x80,0x00,0x04,
	0xC0,0x00,0x90,0x40,0x00,0x00,0x40,0x00,0x90,0x20,0x00,0x80,0xE1,0x01,0x84,0xAA,0x01,0x05,0x04,0x00,
	0x04,0x81,0x00,0x0C,0x83,0x01,0x8C,0x3C,0x01,0x40,0x00,0x00,0x10,0x00,0x02,0x10,0x00,0x02,0x11,0x08,
	0x00,0x08,0x01,0x00,0x40,0x01,0x04,0x20,0x20,0x00,0x00,0x04,0x00,0x00,0xC0,0x01,0x80,0x00,0x00,0x80,
	0x80,0x00,0x90,0x80,0x00,0x80,0x80,0x00,0x80,0x80,0x00,0x80,0xE1,0x01,0x00,0x8A,0x01,0x04,0x04,0x00,
	0x00,0x80,0x00,0x00,0x03,0x00,0x01,0x85,0x10,0x00,0x02,0x10,0x00,0x02,0x01,0x00,0x00,0x08,0x00,0x00,
	0x00,0x01,0x04,0x20,0x00,0x00,0x01,0x87,0x80,0x00,0x00,0x80,0x80,0x00,0x90,0x80,0x00,0x80,0x00,0x00,
	0x80,0x80,0x00,0x80,0xE0,0x00,0x00,0x80,0x00,0x04,0x00,0x00,0x03,0x81,0x10,0x00,0x02,0x00,0x00,0x02,
	0x01,0x81,0x00,0x01,0x00,0x20,0x00,0x00,0x15,0x8A,0x40,0x80,0x00,0x10,0x00,0x00,0x44,0x40,0x00,0x94,
	0x00,0x00,0x80,0x40,0x00,0x04,0x30,0x00,0x00,0x40,0x00,0x82,0xC2,0x00,0x88,0x00,0x01,0x00,0x40,0x00,
	0x00,0x00,0x04,0x01,0x81,0x01,0x00,0x02,0x00,0x00,0x02,0x00,0x82,0x00,0xC0,0x00,0x00,0x00,0x04,0x02,
	0x00,0x04,0x00,0x85,0x40,0x00,0x00,0x50,0x00,0x00,0x00,0x40,0x00,0x00,0x40,0x00,0x00,0x40,0x00,0x00,
	0x20,0x00,0x00,0x83,0x00,0x02,0x00,0x00,0x00,0x01,0x00,0x40,0x00,0x00,0x00,0x04,0x01,0x81,0x01,0x00,
	0x02,0x00,0x00,0x02,0x01,0x81,0x00,0x00,0x04,0x02,0x00,0x00,0x00,0x85,0x40,0x00,0x00,0x50,0x00,0x00,
	0x00,0x40,0x00,0x00,0x40,0x00,0x00,0x40,0x00,0x00,0x20,0x00,0x06,0x81,0x00,0x00,0x02,0x00,0x00,0x02,
	0x02,0x80,0x02,0x00,0x00,0x14,0x06,0x80,0x00,0x02,0x00,0x06,0x80,0x00,0x20,0x00,0x0A,0x80,0x00,0x02,
	0x00,0x33,0x00,0x87,0x50,0x00,0x00,0x44,0x00,0x00,0x14,0x40,0x00,0x80,0x00,0x00,0x04,0x55,0x00,0x80,
	0x80,0x00,0x90,0x00,0x00,0x08,0x00,0x01,0x02,0x86,0x20,0x00,0x00,0x01,0x00,0x00,0x14,0x80,0x00,0xF0,
	0x00,0x00,0x00,0x00,0x03,0x08,0x20,0x00,0x00,0x00,0x03,0x01,0x80,0x50,0x00,0x00,0x02,0x81,0x00,0x45,
	0x00,0x00,0x80,0x00,0x00,0x80,0x00,0x00,0x01,0x03,0x82,0x01,0x00,0x00,0x04,0x00,0x00,0x10,0x00,0x00,
	0x04,0x80,0x50,0x00,0x00,0x02,0x81,0x00,0x40,0x00,0x00,0x80,0x00,0x20,0x8F,0x40,0x80,0x02,0x44,0x00,
	0x01,0x80,0x40,0x00,0x80,0x40,0x00,0x80,0x32,0x00,0x00,0x42,0x01,0x01,0x68,0x00,0x00,0x84,0x00,0x04,
	0x03,0x00,0x00,0x7F,0x04,0x01,0x00,0x01,0x20,0x00,0x02,0x00,0x00,0x04,0x10,0x00,0x01,0x32,0x00,0x00,
	0xF0,0x23,0x02,0x00,0x81,0x00,0x02,0x00,0x80,0x23,0x00,0x00,0x89,0x40,0x80,0x02,0x00,0x00,0x01,0x00,
	0x40,0x00,0x00,0x40,0x00,0x80,0x22,0x00,0x80,0x42,0x01,0x01,0x08,0x00,0x00,0x04,0x00,0x00,0x02,0x00,
	0x00,0x3C,0x04,0x02,0x82,0x10,0x00,0x00,0x10,0x00,0x00,0xE0,0x03,0x02,0x03,0x80,0x40,0x80,0x00,0x00,
	0x83,0x00,0x40,0x00,0x00,0x40,0x00,0x80,0x20,0x00,0x80,0x40,0x00,0x08,0x80,0x00,0x00,0x02,0x17,0x8A,
	0x00,0x00,0x01,0x00,0x40,0x00,0x00,0x40,0x00,0x00,0x86,0x00,0x80,0x8C,0x01,0x00,0xFA,0x00,0x02,0xD3,
	0x01,0x20,0x07,0x00,0x00,0x07,0x00,0x00,0x3C,0x01,0x21,0x00,0x00,0x00,0x86,0x21,0x00,0x00,0xC3,0x00,
	0x00,0xE0,0x00,0x00,0x20,0x04,0x00,0x00,0x00,0x04,0x08,0x05,0x00,0x00,0x00,0x03,0x00,0x8B,0x80,0x00,
	0x00,0x80,0x00,0x00,0x80,0x00,0x00,0x80,0x86,0x00,0x00,0x2C,0x01,0x00,0x9A,0x00,0x02,0x12,0x01,0x00,
	0x06,0x00,0x00,0x04,0x00,0x80,0x00,0x00,0x60,0x00,0x00,0x20,0x00,0x00,0x00,0x81,0x21,0x00,0x00,0x20,
	0x00,0x00,0x04,0x85,0x80,0x00,0x00,0x80,0x00,0x00,0x80,0x00,0x00,0x80,0x00,0x00,0x00,0x20,0x00,0x00,
	0x80,0x00,0x03,0x80,0x20,0x00,0x00,0x1C,0x8A,0x00,0x81,0x04,0x80,0x81,0x03,0x00,0x81,0x01,0x00,0x98,
	0x01,0x00,0x31,0x01,0x00,0x21,0x00,0x00,0x01,0x00,0x00,0x01,0x00,0x80,0x15,0x00,0x60,0x00,0x00,0x60,
	0x00,0x00,0x00,0x86,0x80,0x00,0x01,0x45,0x01,0x01,0x50,0x8F,0x00,0x10,0x02,0x00,0x00,0x00,0x03,0x00,
	0x39,0x00,0x60,0x3C,0x04,0x00,0x8A,0x00,0x00,0x04,0x00,0x80,0x02,0x00,0x80,0x01,0x00,0x18,0x01,0x00,
	0x70,0x00,0x00,0x20,0x01,0x00,0x01,0x01,0x00,0x01,0x00,0x80,0x19,0x00,0x20,0x00,0x00,0x20,0x00,0x00,
	0x00,0x84,0x60,0x00,0x01,0x44,0x00,0x00,0x40,0x08,0x00,0x10,0x00,0x00,0x00,0x00,0x03,0x03,0x81,0x00,
	0x80,0x00,0x00,0x80,0x00,0x00,0x85,0x00,0x40,0x00,0x00,0x00,0x01,0x00,0x01,0x01,0x00,0x01,0x00,0x80,
	0x00,0x00,0x20,0x00,0x00,0x04,0x81,0x10,0x00,0x00,0x00,0x00,0x03,0x16,0x86,0x04,0x01,0x02,0x00,0x81,
	0x01,0x00,0x00,0x02,0x00,0xE0,0x02,0x00,0x00,0x02,0x00,0x80,0x02,0x00,0x23,0x00,0x00,0x81,0x0C,0x81,
	0x00,0x60,0x00,0x04,0x00,0x8F,0x01,0x00,0x00,0xE3,0x00,0x00,0x01,0x00,0x00,0x18,0x0C,0x00,0x10,0x00,
	0x00,0x18,0x00,0x01,0x08,0x30,0x00,0x02,0x00,0x00,0x00,0x00,0x01,0x00,0x01,0x01,0x00,0x01,0x01,0x00,
	0x00,0x03,0x00,0xA0,0x03,0x00,0x80,0x02,0x00,0x00,0x02,0x00,0x23,0x00,0x00,0x82,0x00,0x81,0x00,0x20,
	0x00,0x04,0x20,0x00,0x00,0x00,0x80,0x41,0x00,0x00,0x00,0x82,0x08,0x08,0x00,0x10,0x00,0x00,0x10,0x00,
	0x01,0x00,0x86,0x02,0x00,0x00,0x00,0x00,0x01,0x00,0x01,0x01,0x00,0x01,0x01,0x00,0x00,0x01,0x00,0x80,
	0x01,0x00,0x80,0x00,0x00,0x80,0x00,0x01,0x00,0x01,0x80,0x20,0x00,0x00,0x04,0x81,0x10,0x00,0x00,0x10,
	0x00,0x01,0x00,0x81,0x02,0x00,0x00,0x00,0x00,0x01,0x13,0x12,0x80,0x00,0x00,0x02,0x12,0x80,0x00,0x00,
	0x02,0x12,0x80,0x00,0x00,0x02,0x13,0x92,0x04,0x08,0x02,0x10,0x00,0x00,0x00,0x40,0x00,0x14,0xBF,0x02,
	0x64,0xA3,0x02,0x64,0x03,0x01,0x0C,0x01,0x02,0x0C,0x0B,0x03,0x80,0x16,0x02,0x00,0xE1,0x01,0xC1,0x00,
	0x05,0x03,0x00,0x02,0x52,0x00,0x05,0x81,0x01,0x01,0xA2,0x9B,0x00,0xE0,0x1B,0x00,0x00,0x00,0x03,0x00,
	0x08,0x06,0x80,0x0B,0x04,0x00,0x91,0x00,0x00,0x02,0x10,0x00,0x02,0x00,0x00,0x02,0x00,0xBE,0x00,0x60,
	0x22,0x00,0x60,0x02,0x01,0x04,0x00,0x02,0x00,0x0B,0x02,0x80,0x19,0x03,0x80,0x00,0x00,0x60,0x00,0x04,
	0x41,0x00,0x00,0x12,0x00,0x01,0x63,0x00,0x00,0x60,0x10,0x00,0xC0,0x19,0x00,0x00,0x00,0x02,0x00,0x00,
	0x06,0x01,0x83,0x00,0x00,0x02,0x10,0x00,0x02,0x00,0x00,0x02,0x00,0x80,0x00,0x00,0x83,0x00,0x00,0x01,
	0x04,0x00,0x00,0x00,0x01,0x00,0x80,0x01,0x00,0x00,0x82,0x20,0x00,0x00,0x20,0x00,0x00,0x10,0x00,0x00,
	0x01,0x81,0x00,0x18,0x00,0x00,0x00,0x02,0x16,0xA4,0x00,0x0C,0x03,0x04,0x09,0x02,0x04,0x31,0x02,0x00,
	0xA0,0x02,0x01,0xDC,0x02,0x7F,0xA0,0x00,0x00,0x3C,0x00,0x40,0x0C,0x01,0x80,0x1F,0x00,0x00,0x69,0x00,
	0xC2,0x00,0x00,0x02,0x00,0x03,0x2C,0x00,0x02,0x38,0x00,0x00,0x00,0x10,0x00,0xF4,0xA7,0x03,0x00,0x81,
	0x04,0x00,0x06,0x00,0x05,0x14,0x03,0x00,0xC0,0x00,0x00,0x18,0x02,0x00,0x30,0x02,0x00,0x21,0x02,0x00,
	0xC0,0x00,0x01,0x9C,0x00,0x77,0x20,0x00,0x00,0x3C,0x00,0x00,0x0C,0x00,0x80,0x07,0x00,0x00,0x71,0x00,
	0xC0,0x00,0x00,0x02,0x00,0x00,0x0C,0x00,0x02,0x08,0x00,0x00,0x00,0x10,0x00,0x24,0xA2,0x03,0x00,0x01,
	0x02,0x00,0x87,0x05,0x00,0x00,0x00,0xC0,0x00,0x00,0x18,0x02,0x00,0x30,0x02,0x00,0x21,0x02,0x00,0xC0,
	0x00,0x00,0x80,0x00,0x04,0x00,0x00,0x01,0x80,0x80,0x01,0x00,0x00,0x80,0x40,0x00,0x00,0x00,0x80,0x00,
	0x00,0x02,0x01,0x81,0x00,0xA0,0x03,0x00,0x01,0x00,0x00,0x81,0x01,0x00,0x00,0x00,0xC0,0x00,0x13,0x94,
	0x10,0x30,0x04,0x00,0x94,0x02,0x14,0x99,0x02,0x44,0x30,0x03,0x1C,0xE0,0x02,0x64,0x00,0x01,0x04,0x70,
	0x01,0x80,0x30,0x02,0x04,0x30,0x00,0x04,0x90,0x03,0x04,0x00,0x00,0x0C,0x00,0x00,0x00,0x00,0x01,0x00,
	0x40,0x01,0x00,0xE0,0x02,0x08,0x40,0x06,0x00,0x00,0x04,0x00,0x03,0x06,0x88,0x93,0x00,0x00,0x41,0x02,
	0x10,0x00,0x04,0x00,0x8F,0x04,0x10,0x00,0x44,0x20,0x03,0x14,0x40,0x02,0x60,0x00,0x00,0x00,0x00,0x01,
	0x00,0x00,0x02,0x04,0x10,0x00,0x04,0x80,0x03,0x04,0x00,0x00,0x0C,0x00,0x00,0x00,0x00,0x01,0x00,0x40,
	0x00,0x00,0x00,0x02,0x00,0x40,0x00,0x00,0x00,0x04,0x00,0x00,0x06,0x00,0x81,0x00,0x41,0x02,0x10,0x00,
	0x00,0x00,0x82,0x04,0x10,0x00,0x04,0x20,0x01,0x04,0x40,0x00,0x00,0x80,0x00,0x00,0x01,0x00,0x80,0x00,
	0x10,0x00,0x04,0x81,0x00,0x00,0x02,0x00,0x40,0x00,0x02,0x80,0x00,0x41,0x02,0x13,0x8A,0x04,0x0C,0x02,
	0x10,0x28,0x00,0x0C,0x64,0x02,0x4C,0x61,0x00,0x04,0x40,0x00,0x40,0x82,0x03,0x06,0x10,0x02,0x0C,0x48,
	0x00,0x88,0x24,0x01,0x48,0x28,0x00,0x88,0x00,0x01,0x00,0x83,0x08,0x00,0x00,0x08,0x80,0x00,0x00,0x00,
	0x02,0x00,0x00,0x04,0x00,0x86,0x00,0x04,0x00,0x00,0x0C,0x00,0x00,0x40,0x02,0x04,0x04,0x00,0x04,0x28,
	0x00,0x00,0x00,0x02,0x40,0x41,0x00,0x00,0x85,0x40,0x82,0x02,0x04,0x00,0x02,0x0C,0x00,0x00,0x88,0x20,
	0x01,0x48,0x08,0x00,0x88,0x00,0x01,0x02,0x80,0x00,0x00,0x02,0x03,0x82,0x00,0x40,0x02,0x04,0x04,0x00,
	0x04,0x28,0x00,0x00,0x80,0x00,0x41,0x00,0x00,0x80,0x00,0x80,0x00,0x01,0x81,0x80,0x20,0x01,0x40,0x00,
	0x00,0x03,0x80,0x00,0x00,0x02,0x03,0x80,0x00,0x40,0x02,0x13,0xBB,0xD6,0x38,0x03,0x4C,0xB4,0x03,0xAC,
	0x8C,0x01,0x2C,0xF1,0x00,0x4E,0x20,0x01,0x0C,0xDE,0x01,0x33,0x61,0x01,0xC8,0x78,0x01,0x4A,0x0D,0x00,
	0x2B,0x30,0x00,0xA0,0x00,0x02,0xC6,0x00,0x05,0x6D,0x00,0x02,0x3E,0xA0,0x03,0x08,0xE0,0x03,0x27,0x02,
	0x02,0xB7,0x81,0x01,0x13,0xC7,0x07,0xF7,0x7F,0x00,0x6B,0xC0,0x03,0xC2,0xE2,0x05,0x83,0xE6,0x05,0x23,
	0xCE,0x07,0x23,0xDF,0x06,0x41,0x3F,0x06,0x03,0x61,0x06,0x3E,0xFE,0x06,0x34,0xFF,0x07,0x36,0xCF,0x06,
	0x17,0xF9,0x07,0x97,0x00,0x05,0x14,0x00,0x00,0x75,0x00,0x03,0x47,0xC0,0x03,0x69,0xF0,0x03,0x6B,0x04,
	0x00,0xCB,0x01,0x06,0x2B,0x00,0x00,0x2C,0x00,0x00,0xA7,0xC0,0x03,0xDC,0x1D,0x06,0x9C,0x19,0x06,0x1C,
	0x31,0x06,0x1C,0x21,0x07,0x1C,0xC1,0x07,0x1C,0x81,0x07,0x15,0x00,0x07,0x17,0x00,0x06,0x15,0x30,0x07,
	0x14,0x00,0x06,0x14,0x00,0x06,0x14,0x00,0x06,0x34,0x00,0x04,0x24,0x00,0x04,0x05,0x00,0x04,0x07,0xF8,
	0x07,0x13,0xFE,0x07,0xF3,0xFF,0x07,0xF0,0xFF,0x07,0x00,0x3F,0x04,0x05,0x82,0x01,0x00,0x00,0x03,0x00,
	0x00,0x01,0x00,0x00,0x0A,0x4F,0x94,0x3B,0x00,0x00,0xA0,0x01,0x00,0xFB,0x01,0x00,0x99,0x01,0x00,0x09,
	0x80,0x01,0x0B,0x00,0x01,0x02,0xC0,0x00,0x00,0xC0,0x01,0x22,0x00,0x01,0x81,0x00,0x00,0xCD,0x00,0x00,
	0x09,0x00,0x00,0x5B,0x00,0x00,0x3F,0x00,0x00,0x03,0x00,0x00,0x17,0x00,0x00,0x04,0x00,0x00,0x10,0x00,
	0x00,0x13,0x00,0x00,0x14,0x00,0x00,0xA1,0x00,0x00,0x00,0xA1,0xB3,0x00,0x00,0x11,0x01,0x00,0x01,0x00,
	0x00,0x03,0x00,0x00,0x0A,0x01,0x00,0x08,0x00,0x00,0x2A,0x00,0x00,0x09,0x00,0x00,0xC9,0x00,0x00,0x08,
	0x00,0x00,0x19,0x00,0x00,0x3E,0x00,0x00,0x13,0x00,0x00,0x07,0x00,0x00,0x10,0x00,0x00,0x10,0x00,0x00,
	0x10,0x00,0x00,0x14,0x00,0x00,0x38,0x00,0x00,0x18,0x00,0x00,0x9B,0x00,0x00,0x19,0x00,0x00,0x19,0x01,
	0x00,0x1B,0x01,0x00,0x12,0x00,0x00,0x10,0x00,0x00,0x12,0x00,0x00,0x11,0x00,0x00,0x51,0x00,0x00,0x10,
	0x00,0x00,0x10,0x00,0x00,0x30,0x00,0x00,0x11,0x00,0x00,0x07,0x00,0x00,0x05,0x84,0x03,0x00,0x00,0x01,
	0x00,0x00,0x01,0x00,0x00,0x03,0x00,0x00,0x02,0x00,0x00,0x00,0x82,0x02,0x00,0x00,0x01,0x00,0x00,0x01,
	0x00,0x00,0x08,0xB7,0xC6,0x00,0x00,0x4D,0x00,0x00,0xB6,0x00,0x00,0x60,0x00,0x00,0x88,0x40,0x00,0x8A,
	0xE8,0x00,0x8A,0xA1,0x01,0x2A,0x21,0x01,0x4A,0xE0,0x00,0xE9,0xC0,0x01,0xBD,0x80,0x01,0xFC,0x00,0x00,
	0x2D,0x00,0x00,0x11,0x00,0x00,0x70,0x00,0x00,0x0B,0x00,0x00,0x44,0x00,0x00,0x3A,0x00,0x00,0x3A,0x00,
	0x00,0x0C,0x00,0x00,0x4C,0x00,0x00,0x81,0x00,0x00,0xD2,0x00,0x00,0x24,0x00,0x00,0x0C,0x00,0x00,0x0E,
	0x00,0x00,0x0E,0x00,0x00,0x2E,0x00,0x00,0x8E,0x00,0x00,0xCD,0x00,0x00,0x1D,0x00,0x00,0x3C,0x00,0x00,
	0x2C,0x00,0x00,0x01,0x00,0x00,0x51,0x00,0x00,0x44,0x00,0x00,0x0C,0x00,0x00,0x0C,0x00,0x00,0x0C,0x00,
	0x00,0x08,0x00,0x00,0x04,0x00,0x00,0x4D,0x00,0x00,0x4E,0x00,0x00,0x8C,0x00,0x00,0x8C,0x00,0x00,0x8E,
	0x00,0x00,0x8E,0x00,0x00,0x8E,0x00,0x00,0x8E,0x00,0x00,0x4D,0x00,0x00,0x0D,0x00,0x00,0x2C,0x00,0x00,
	0x2C,0x00,0x00,0x0C,0x00,0x00,0x1C,0x00,0x00,0x08,0x00,0x00,0x04,0x81,0x01,0x00,0x00,0x02,0x00,0x00,
	0x01,0x85,0x02,0x00,0x00,0x02,0x00,0x00,0x02,0x00,0x00,0x02,0x00,0x00,0x01,0x00,0x00,0x01,0x00,0x00,
	0x08,0xB8,0x32,0x00,0x00,0x41,0x00,0x00,0x11,0x00,0x00,0x15,0x00,0x00,0x51,0x00,0x00,0x51,0x28,0x00,
	0x53,0x60,0x00,0xD3,0xFC,0x00,0x57,0x84,0x01,0x96,0x38,0x01,0x7E,0x70,0x01,0x3C,0xC0,0x01,0x2C,0x80,
	0x01,0x37,0x00,0x00,0x4E,0x00,0x00,0x29,0x00,0x00,0x25,0x00,0x00,0x0A,0x00,0x00,0x28,0x00,0x00,0x10,
	0x00,0x00,0x30,0x00,0x00,0x11,0x00,0x00,0x41,0x00,0x00,0x15,0x00,0x00,0x15,0x00,0x00,0x35,0x00,0x00,
	0x35,0x00,0x00,0x15,0x00,0x00,0x91,0x00,0x00,0x50,0x00,0x00,0x68,0x00,0x00,0x4A,0x00,0x00,0x5A,0x00,
	0x00,0x52,0x00,0x00,0x02,0x00,0x00,0x2D,0x00,0x00,0x27,0x00,0x00,0x26,0x00,0x00,0x26,0x00,0x00,0x26,
	0x00,0x00,0x12,0x00,0x00,0x33,0x00,0x00,0x23,0x00,0x00,0x63,0x00,0x00,0x63,0x00,0x00,0x43,0x00,0x00,
	0x43,0x00,0x00,0x43,0x00,0x00,0x47,0x00,0x00,0x06,0x00,0x00,0x26,0x00,0x00,0x06,0x00,0x00,0x16,0x00,
	0x00,0x16,0x00,0x00,0x06,0x00,0x00,0x0A,0x00,0x00,0x01,0x00,0x00,0x03,0x87,0x01,0x00,0x00,0x01,0x00,
	0x00,0x01,0x00,0x00,0x01,0x00,0x00,0x01,0x00,0x00,0x01,0x00,0x00,0x01,0x00,0x00,0x01,0x00,0x00,0x0A,
	0xA4,0x10,0x00,0x00,0x18,0x00,0x00,0x08,0x00,0x00,0x2C,0x00,0x00,0x08,0x00,0x00,0x08,0x00,0x00,0x1E,
	0x00,0x00,0x2E,0x1C,0x00,0x7A,0x66,0x00,0x5B,0xC6,0x00,0x1F,0x80,0x00,0x3F,0x38,0x00,0x2F,0x60,0x00,
	0x3D,0xC0,0x01,0x19,0x00,0x00,0x34,0x00,0x00,0x25,0x00,0x00,0x25,0x00,0x00,0x07,0x00,0x00,0x0A,0x00,
	0x00,0x16,0x00,0x00,0x1E,0x00,0x00,0x06,0x00,0x00,0x06,0x00,0x00,0x2E,0x00,0x00,0x1E,0x00,0x00,0x0A,
	0x00,0x00,0x0A,0x00,0x00,0x0E,0x00,0x00,0x0E,0x00,0x00,0x32,0x00,0x00,0x30,0x00,0x00,0x20,0x00,0x00,
	0x20,0x00,0x00,0x29,0x00,0x00,0x05,0x00,0x00,0x01,0x00,0x00,0x03,0x8A,0x0C,0x00,0x00,0x14,0x00,0x00,
	0x14,0x00,0x00,0x14,0x00,0x00,0x34,0x00,0x00,0x24,0x00,0x00,0x24,0x00,0x00,0x20,0x00,0x00,0x20,0x00,
	0x00,0x10,0x00,0x00,0x10,0x00,0x00,0x01,0x82,0x08,0x00,0x00,0x04,0x00,0x00,0x01,0x00,0x00,0x16,0x95,
	0x0B,0x00,0x00,0x0B,0x00,0x00,0x09,0x00,0x00,0x11,0x00,0x00,0x11,0x00,0x00,0x19,0x00,0x00,0x0D,0x00,
	0x00,0x1D,0x00,0x00,0x0C,0x02,0x00,0x1D,0x3E,0x00,0x20,0x70,0x00,0x3A,0x78,0x00,0x3E,0xE0,0x02,0x2D,
	0xC0,0x02,0x00,0x00,0x03,0x0C,0x00,0x00,0x19,0x00,0x00,0x0D,0x00,0x00,0x05,0x00,0x00,0x19,0x00,0x00,
	0x09,0x00,0x00,0x08,0x00,0x00,0x00,0x8C,0x08,0x00,0x00,0x08,0x00,0x00,0x10,0x00,0x00,0x04,0x00,0x00,
	0x04,0x00,0x00,0x05,0x00,0x00,0x05,0x00,0x00,0x11,0x00,0x00,0x09,0x00,0x00,0x09,0x00,0x00,0x08,0x00,
	0x00,0x01,0x00,0x00,0x05,0x00,0x00,0x00,0x82,0x01,0x00,0x00,0x01,0x00,0x00,0x01,0x00,0x00,0x01,0x82,
	0x08,0x00,0x00,0x08,0x00,0x00,0x08,0x00,0x00,0x00,0x83,0x10,0x00,0x00,0x10,0x00,0x00,0x10,0x00,0x00,
	0x10,0x00,0x00,0x00,0x84,0x08,0x00,0x00,0x08,0x00,0x00,0x09,0x00,0x00,0x01,0x00,0x00,0x05,0x00,0x00,
	0x17,0x4F,0x00,0x84,0x01,0x00,0x00,0x0D,0x00,0x00,0x05,0x00,0x00,0x0D,0x00,0x00,0x05,0x00,0x00,0x01,
	0x93,0x0D,0x00,0x00,0x1C,0x00,0x00,0x15,0x00,0x00,0x05,0x80,0x01,0x01,0x00,0x03,0x09,0x00,0x03,0x05,
	0x00,0x03,0x08,0x00,0x00,0x0D,0x00,0x00,0x18,0x00,0x00,0x18,0x00,0x00,0x08,0x00,0x00,0x04,0x00,0x00,
	0x05,0x00,0x00,0x05,0x00,0x00,0x09,0x00,0x00,0x09,0x00,0x00,0x01,0x00,0x00,0x01,0x00,0x00,0x01,0x00,
	0x00,0x00,0x8A,0x01,0x00,0x00,0x09,0x00,0x00,0x11,0x00,0x00,0x11,0x00,0x00,0x10,0x00,0x00,0x1C,0x00,
	0x00,0x18,0x00,0x00,0x19,0x00,0x00,0x18,0x00,0x00,0x10,0x00,0x00,0x18,0x00,0x00,0x00,0x81,0x04,0x00,
	0x00,0x04,0x00,0x00,0x01,0x87,0x08,0x00,0x00,0x08,0x00,0x00,0x08,0x00,0x00,0x08,0x00,0x00,0x09,0x00,
	0x00,0x09,0x00,0x00,0x01,0x00,0x00,0x01,0x00,0x00,0x00,0x80,0x04,0x00,0x00,0x18,0x82,0x04,0x00,0x00,
	0x02,0x00,0x00,0x04,0x00,0x00,0x02,0x8B,0x05,0x00,0x00,0x04,0x00,0x00,0x0C,0x00,0x00,0x0D,0x00,0x00,
	0x01,0x00,0x00,0x0F,0x00,0x00,0x0F,0x00,0x00,0x07,0x00,0x00,0x0B,0x00,0x00,0x0D,0x00,0x00,0x08,0x00,
	0x00,0x08,0x00,0x00,0x00,0x89,0x09,0x00,0x00,0x01,0x00,0x00,0x05,0x00,0x00,0x05,0x00,0x00,0x01,0x00,
	0x00,0x01,0x00,0x00,0x01,0x00,0x00,0x01,0x00,0x00,0x01,0x00,0x00,0x01,0x00,0x00,0x00,0x97,0x0C,0x00,
	0x00,0x0E,0x00,0x00,0x0E,0x00,0x00,0x0F,0x00,0x00,0x07,0x00,0x00,0x05,0x00,0x00,0x04,0x00,0x00,0x04,
	0x00,0x00,0x0C,0x00,0x00,0x04,0x00,0x00,0x01,0x00,0x00,0x01,0x00,0x00,0x01,0x00,0x00,0x05,0x00,0x00,
	0x05,0x00,0x00,0x05,0x00,0x00,0x05,0x00,0x00,0x05,0x00,0x00,0x05,0x00,0x00,0x04,0x00,0x00,0x04,0x00,
	0x00,0x04,0x00,0x00,0x04,0x00,0x00,0x04,0x00,0x00,0x19,0x93,0x01,0x00,0x00,0x03,0x00,0x00,0x03,0x00,
	0x00,0x03,0x00,0x00,0x03,0x00,0x00,0x03,0x00,0x00,0x03,0x00,0x00,0x02,0x00,0x00,0x07,0x00,0x00,0x05,
	0x00,0x00,0x01,0x00,0x00,0x05,0x00,0x00,0x05,0x00,0x00,0x04,0x00,0x00,0x04,0x00,0x00,0x02,0x00,0x00,
	0x03,0x00,0x00,0x03,0x00,0x00,0x03,0x00,0x00,0x02,0x00,0x00,0x07,0x86,0x01,0x00,0x00,0x01,0x00,0x00,
	0x05,0x00,0x00,0x05,0x00,0x00,0x05,0x00,0x00,0x04,0x00,0x00,0x02,0x00,0x00,0x2C,0x02,0x84,0x01,0x00,
	0x00,0x01,0x00,0x00,0x01,0x00,0x00,0x01,0x00,0x00,0x01,0x00,0x00,0x00,0x81,0x02,0x00,0x00,0x02,0x00,
	0x00,0x00,0x80,0x02,0x00,0x00,0x00,0x81,0x01,0x00,0x00,0x01,0x00,0x00,0x06,0x84,0x01,0x00,0x00,0x01,
	0x00,0x00,0x01,0x00,0x00,0x01,0x00,0x00,0x01,0x00,0x00,0x02,0x81,0x02,0x00,0x00,0x02,0x00,0x00,0x2E,
	0x80,0x01,0x00,0x00,0x0A,0x81,0x02,0x00,0x00,0x01,0x00,0x00,0x05,0x80,0x01,0x00,0x00,0x0B,0x80,0x02,
	0x00,0x00,0x2D,0x4F,0xBA,0xA5,0x32,0x00,0x8A,0xE7,0x06,0x2C,0xFF,0x00,0xE8,0xEE,0x05,0x7D,0x63,0x07,
	0x6E,0xD2,0x03,0xB1,0xFA,0x00,0xC9,0x66,0x06,0x82,0x5A,0x00,0xAF,0x03,0x01,0x8C,0x04,0x01,0x8D,0x21,
	0x01,0x06,0xA1,0x04,0x04,0x61,0x05,0x02,0xC0,0x02,0x04,0xC0,0x05,0x02,0xE0,0x07,0x27,0xC0,0x07,0x0C,
	0xE0,0x07,0x07,0xC0,0x07,0x28,0x6A,0x00,0x84,0xE1,0x00,0x5E,0x66,0x05,0x14,0xE6,0x00,0x53,0x76,0x01,
	0x10,0xC0,0x02,0xDD,0x65,0x00,0x94,0xE9,0x01,0xC0,0x4D,0x01,0x66,0x44,0x01,0x0D,0x62,0x01,0x04,0x72,
	0x03,0x07,0xE0,0x06,0x06,0xE0,0x00,0x06,0xC0,0x01,0x02,0xC0,0x04,0x02,0xE0,0x07,0x03,0xC0,0x07,0x06,
	0xE0,0x07,0x0F,0xE0,0x07,0xDF,0x9D,0x07,0x7F,0x1E,0x07,0xFF,0x9F,0x05,0xFD,0x1F,0x05,0x7F,0x99,0x06,
	0x3F,0x31,0x05,0xFF,0x90,0x07,0x7F,0x90,0x07,0x7F,0xB0,0x07,0x19,0xB8,0x06,0x02,0x98,0x06,0x03,0x80,
	0x02,0x00,0x00,0x07,0x01,0x00,0x07,0x01,0x20,0x07,0x01,0x20,0x03,0x01,0x00,0x00,0x00,0x20,0x00,0x01,
	0x00,0x00,0x02,0x83,0x00,0x00,0x02,0x02,0x00,0x02,0x80,0x00,0x00,0xC0,0x00,0x00,0x04,0x80,0x00,0x00,
	0x04,0x07,0x8B,0x89,0x18,0x00,0x0D,0x46,0x00,0x60,0x09,0x00,0xD2,0x0A,0x00,0x82,0x1E,0x00,0xD1,0x02,
	0x00,0xC0,0x11,0x00,0x10,0x01,0x02,0x20,0x01,0x00,0x60,0x10,0x00,0x88,0x09,0x00,0x88,0x10,0x00,0x00,
	0x82,0x01,0x00,0x00,0x02,0x20,0x00,0x04,0x20,0x04,0x00,0x8E,0x34,0x20,0x00,0x08,0x00,0x00,0x02,0x60,
	0x00,0x09,0x08,0x00,0x05,0x00,0x00,0x40,0x00,0x00,0x12,0x00,0x00,0x82,0x1C,0x00,0x90,0x01,0x00,0x40,
	0x11,0x00,0x10,0x01,0x00,0x20,0x01,0x00,0x40,0x10,0x00,0x00,0x08,0x00,0x00,0x10,0x00,0x00,0x82,0x01,
	0x00,0x00,0x00,0x20,0x00,0x00,0x20,0x04,0x00,0x80,0x00,0x20,0x00,0x00,0x81,0x08,0x20,0x00,0x01,0x00,
	0x00,0x01,0x82,0x02,0x00,0x00,0x80,0x08,0x00,0x80,0x01,0x00,0x01,0x82,0x20,0x00,0x00,0x00,0x10,0x00,
	0x00,0x08,0x00,0x01,0x82,0x01,0x00,0x00,0x00,0x20,0x00,0x00,0x20,0x04,0x00,0x80,0x00,0x20,0x00,0x04,
	0x82,0x02,0x00,0x00,0x80,0x00,0x00,0x80,0x00,0x00,0x0D,0x8B,0x00,0x20,0x00,0x00,0x00,0x04,0x03,0x80,
	0x00,0x28,0x15,0x00,0x00,0x0E,0x00,0x00,0x01,0x00,0x94,0x00,0x00,0x40,0x08,0x00,0x00,0x40,0x00,0xE8,
	0x81,0x00,0x08,0x04,0x00,0x02,0x12,0x02,0x01,0x80,0x05,0x00,0x00,0x02,0x81,0x0C,0x00,0x00,0x00,0x61,
	0x00,0x01,0x84,0x03,0x00,0x00,0x00,0x11,0x00,0x00,0x03,0x00,0x00,0x01,0x00,0x84,0x00,0x00,0x01,0x82,
	0x20,0x80,0x00,0x08,0x08,0x00,0x02,0x02,0x02,0x01,0x80,0x05,0x00,0x00,0x02,0x81,0x00,0x20,0x00,0x00,
	0xC0,0x00,0x02,0x81,0x00,0x11,0x00,0x00,0x01,0x00,0x03,0x80,0x00,0x80,0x00,0x00,0x80,0x02,0x00,0x00,
	0x01,0x80,0x01,0x00,0x00,0x18,0x01,0x89,0x00,0x80,0x00,0x08,0x04,0x00,0x00,0x0B,0x00,0x00,0x0E,0x00,
	0x80,0x0C,0x00,0x00,0x0C,0x00,0xD0,0x44,0x00,0x20,0x01,0x00,0x80,0x19,0x00,0x00,0x00,0x02,0x00,0x86,
	0x04,0x00,0x00,0x04,0x00,0x00,0x00,0x10,0x02,0x02,0x00,0x00,0x1A,0x00,0x00,0x08,0x60,0x00,0x02,0x40,
	0x01,0x02,0x81,0x00,0x06,0x00,0x00,0x08,0x00,0x00,0x85,0x00,0x0C,0x00,0x00,0x0C,0x00,0x50,0x00,0x00,
	0x10,0x00,0x00,0x00,0x11,0x00,0x00,0x00,0x02,0x02,0x80,0x00,0x00,0x02,0x02,0x80,0x04,0x00,0x00,0x06,
	0x83,0x00,0x08,0x00,0x10,0x00,0x00,0x10,0x00,0x00,0x00,0x10,0x00,0x03,0x80,0x00,0x00,0x02,0x17,0x01,
	0x84,0x02,0x02,0x00,0x08,0x0A,0x04,0x00,0x01,0x00,0xA0,0x1D,0x00,0xA0,0x08,0x00,0x00,0x87,0xC0,0x14,
	0x00,0x08,0x8C,0x00,0x8D,0x10,0x00,0x00,0x10,0x00,0x00,0x10,0x00,0x04,0x10,0x00,0x02,0x30,0x00,0x00,
	0x10,0x00,0x00,0x82,0x0A,0x00,0x00,0x04,0x01,0x01,0x06,0x1A,0x00,0x01,0x84,0x02,0x00,0x00,0x00,0x08,
	0x00,0x00,0x01,0x00,0x00,0x1C,0x00,0x80,0x00,0x00,0x00,0x82,0xC0,0x04,0x00,0x18,0x8C,0x00,0x01,0x00,
	0x00,0x01,0x82,0x04,0x00,0x00,0x00,0x20,0x00,0x00,0x10,0x00,0x00,0x81,0x02,0x20,0x00,0x04,0xC0,0x00,
	0x03,0x80,0x00,0x0E,0x00,0x01,0x80,0x80,0x00,0x00,0x00,0x82,0x40,0x04,0x00,0x08,0x88,0x00,0x01,0x00,
	0x00,0x02,0x80,0x00,0x20,0x00,0x18,0x4F,0x01,0x89,0x03,0x04,0x00,0x00,0x0E,0x00,0x80,0x0F,0x00,0x80,
	0x0D,0x00,0x80,0x0C,0x00,0x84,0x04,0x00,0x80,0x40,0x00,0x04,0x84,0x00,0x01,0x00,0x00,0x00,0x02,0x00,
	0x00,0x86,0x04,0x90,0x00,0x02,0x10,0x00,0x02,0x00,0x04,0x02,0x20,0x00,0x02,0x60,0x00,0x06,0x02,0x01,
	0x02,0xE0,0x00,0x01,0x88,0x03,0x02,0x00,0x00,0x01,0x00,0x00,0x08,0x00,0x00,0x04,0x00,0x80,0x0C,0x00,
	0x04,0x00,0x00,0x60,0x00,0x00,0x08,0x88,0x00,0x01,0x00,0x00,0x00,0x81,0x04,0x00,0x00,0x00,0x10,0x00,
	0x00,0x81,0x02,0x00,0x04,0x02,0x00,0x00,0x00,0x81,0x02,0x00,0x01,0x02,0x90,0x00,0x04,0x81,0x80,0x00,
	0x00,0x80,0x08,0x00,0x01,0x81,0x00,0x80,0x00,0x01,0x00,0x00,0x02,0x81,0x00,0x10,0x00,0x00,0x00,0x04,
	0x17,0x8A,0x04,0x00,0x00,0x00,0x00,0x05,0x01,0x13,0x02,0x80,0x01,0x02,0x60,0x0C,0x00,0xC0,0x00,0x00,
	0x48,0x00,0x00,0xE2,0x04,0x00,0x2A,0x00,0x00,0x08,0x29,0x00,0x00,0x13,0x00,0x00,0x87,0x04,0x00,0x00,
	0x00,0x10,0x00,0x02,0x00,0x00,0x00,0x10,0x00,0x02,0x20,0x00,0x00,0xC0,0x01,0x02,0x40,0x01,0x01,0x80,
	0x01,0x01,0x8A,0x01,0x01,0x02,0x80,0x00,0x02,0x80,0x04,0x00,0x40,0x08,0x00,0x08,0x00,0x00,0xA2,0x04,
	0x00,0x18,0x04,0x00,0x00,0x21,0x00,0x00,0x03,0x00,0x04,0x10,0x00,0x00,0x10,0x00,0x00,0x85,0x02,0x00,
	0x00,0x00,0x10,0x00,0x00,0x20,0x00,0x00,0x40,0x00,0x01,0x10,0x01,0x00,0x60,0x00,0x01,0x81,0x00,0x07,
	0x02,0x80,0x00,0x02,0x00,0x80,0x40,0x08,0x00,0x00,0x82,0x62,0x04,0x00,0x08,0x04,0x00,0x00,0x20,0x00,
	0x07,0x80,0x01,0x00,0x00,0x02,0x81,0x00,0x00,0x02,0x00,0x00,0x02,0x00,0x80,0x40,0x00,0x00,0x0D,0x00,
	0x8C,0x00,0x03,0x00,0x84,0x0A,0x00,0x80,0x00,0x02,0x00,0x0D,0x00,0x00,0x04,0x00,0x80,0x00,0x00,0xE0,
	0x06,0x00,0x18,0x00,0x01,0x00,0x01,0x00,0x04,0x10,0x00,0x04,0x00,0x00,0x00,0x09,0x00,0x00,0x09,0x00,
	0x00,0x84,0x02,0x10,0x00,0x01,0x20,0x00,0x00,0xC0,0x00,0x00,0x91,0x00,0x02,0x09,0x00,0x00,0x89,0x00,
	0x02,0x00,0x80,0x0D,0x00,0x00,0x00,0x02,0x80,0x0C,0x00,0x00,0x04,0x00,0x80,0x00,0x00,0x00,0x02,0x00,
	0x00,0x04,0x01,0x00,0x01,0x00,0x04,0x10,0x00,0x04,0x83,0x01,0x00,0x00,0x01,0x80,0x00,0x01,0xE0,0x00,
	0x01,0x00,0x00,0x00,0x83,0x00,0x02,0x00,0x80,0x08,0x00,0x00,0x00,0x02,0x80,0x08,0x00,0x00,0x80,0x80,
	0x00,0x00,0x02,0x80,0x00,0x10,0x00,0x04,0x80,0x01,0x00,0x00,0x05,0x80,0x00,0x00,0x02,0x0F,0x00,0x87,
	0x00,0x06,0x00,0x80,0x09,0x00,0x84,0x0E,0x00,0x80,0x08,0x00,0x00,0x04,0x00,0x00,0x04,0x04,0x30,0x04,
	0x00,0x04,0x09,0x00,0x00,0x81,0x00,0x09,0x00,0x00,0x0B,0x00,0x00,0x85,0x02,0x00,0x00,0x02,0x10,0x00,
	0x08,0x00,0x00,0x01,0x60,0x00,0x01,0x42,0x01,0x00,0x90,0x01,0x01,0x83,0x00,0x04,0x00,0x00,0x08,0x00,
	0x84,0x00,0x00,0x80,0x00,0x00,0x00,0x82,0x80,0x00,0x00,0x20,0x00,0x00,0x04,0x01,0x00,0x03,0x81,0x02,
	0x00,0x00,0x00,0x10,0x00,0x02,0x80,0x00,0x30,0x00,0x01,0x81,0x00,0x04,0x00,0x00,0x08,0x00,0x04,0x80,
	0x04,0x00,0x00,0x04,0x80,0x00,0x10,0x00,0x02,0x80,0x00,0x30,0x00,0x14,0x81,0x00,0x20,0x00,0x00,0x02,
	0x00,0x00,0x81,0x00,0x09,0x00,0x00,0x04,0x00,0x01,0x80,0x00,0x04,0x00,0x00,0x82,0x00,0x09,0x00,0x04,
	0x08,0x00,0x04,0x08,0x00,0x00,0x86,0x00,0x08,0x00,0x00,0x10,0x00,0x09,0x00,0x00,0x01,0x00,0x00,0x00,
	0x30,0x00,0x04,0x00,0x00,0x00,0x08,0x00,0x00,0x80,0x00,0x02,0x00,0x00,0x81,0x00,0x08,0x00,0x00,0x04,
	0x00,0x01,0x80,0x00,0x04,0x00,0x01,0x81,0x04,0x08,0x00,0x00,0x08,0x00,0x00,0x84,0x00,0x08,0x00,0x00,
	0x10,0x00,0x01,0x00,0x00,0x01,0x00,0x00,0x04,0x00,0x00,0x00,0x80,0x02,0x00,0x00,0x02,0x80,0x00,0x08,
	0x00,0x02,0x80,0x00,0x04,0x00,0x05,0x81,0x00,0x10,0x00,0x01,0x00,0x00,0x17,0x4F,0x00,0x82,0x00,0x05,
	0x00,0x80,0x04,0x00,0x80,0x06,0x01,0x00,0x80,0x80,0x04,0x00,0x00,0x85,0x30,0x00,0x00,0x08,0x0B,0x01,
	0x00,0x80,0x00,0x00,0x00,0x02,0x00,0x00,0x01,0x00,0x08,0x00,0x00,0x81,0x00,0x08,0x00,0x00,0x10,0x00,
	0x00,0x82,0x00,0x82,0x00,0x00,0x22,0x00,0x00,0x02,0x00,0x00,0x82,0x00,0x05,0x00,0x80,0x00,0x00,0x00,
	0x06,0x01,0x00,0x80,0x80,0x04,0x00,0x00,0x82,0x20,0x00,0x00,0x00,0x0B,0x01,0x00,0x80,0x00,0x00,0x81,
	0x00,0x00,0x01,0x00,0x08,0x00,0x03,0x81,0x00,0x80,0x00,0x00,0x20,0x00,0x01,0x80,0x00,0x04,0x00,0x02,
	0x80,0x00,0x04,0x00,0x02,0x80,0x00,0x80,0x00,0x00,0x80,0x00,0x00,0x01,0x05,0x80,0x00,0x20,0x00,0x14,
	0x00,0x84,0x80,0x43,0x00,0x40,0x00,0x00,0x44,0x00,0x00,0xC0,0x04,0x00,0x40,0x00,0x00,0x00,0x82,0x20,
	0x00,0x00,0x14,0x02,0x00,0x08,0x20,0x00,0x01,0x80,0x00,0x08,0x00,0x01,0x80,0x00,0x20,0x00,0x00,0x82,
	0x04,0x80,0x00,0x04,0x18,0x00,0x06,0x00,0x00,0x00,0x83,0x00,0x03,0x00,0x00,0x04,0x00,0x44,0x00,0x00,
	0x40,0x00,0x00,0x02,0x81,0x04,0x02,0x00,0x00,0x20,0x00,0x00,0x81,0x04,0x00,0x00,0x00,0x08,0x00,0x01,
	0x80,0x00,0x20,0x00,0x00,0x82,0x04,0x00,0x00,0x04,0x10,0x00,0x02,0x00,0x00,0x02,0x80,0x40,0x00,0x00,
	0x03,0x81,0x04,0x00,0x00,0x00,0x20,0x00,0x04,0x80,0x00,0x20,0x00,0x01,0x80,0x00,0x10,0x00,0x14,0x00,
	0x8C,0x80,0x00,0x00,0x80,0x04,0x02,0x40,0x02,0x00,0x80,0x00,0x00,0x40,0x02,0x00,0x00,0x02,0x00,0x62,
	0x00,0x00,0x08,0x00,0x00,0x08,0x00,0x00,0x00,0x08,0x02,0x00,0x08,0x00,0x04,0x02,0x00,0x02,0x08,0x00,
	0x00,0x84,0x01,0x10,0x00,0x01,0x60,0x00,0x05,0x20,0x00,0x04,0x00,0x00,0x02,0x08,0x00,0x00,0x8A,0x00,
	0x02,0x00,0x00,0x00,0x02,0x00,0x06,0x00,0x40,0x00,0x00,0x40,0x02,0x00,0x00,0x02,0x00,0x22,0x00,0x00,
	0x18,0x00,0x00,0x08,0x00,0x00,0x00,0x08,0x00,0x00,0x08,0x00,0x00,0x83,0x02,0x08,0x00,0x02,0x00,0x00,
	0x01,0x10,0x00,0x01,0x20,0x00,0x00,0x81,0x04,0x00,0x00,0x04,0x08,0x00,0x00,0x83,0x00,0x02,0x00,0x00,
	0x04,0x02,0x00,0x04,0x00,0x40,0x00,0x00,0x01,0x81,0x22,0x00,0x00,0x08,0x00,0x00,0x05,0x80,0x01,0x00,
	0x00,0x05,0x80,0x00,0x00,0x02,0x10,0x00,0x89,0x00,0x83,0x00,0x80,0x06,0x00,0x48,0x01,0x00,0x02,0x04,
	0x00,0x00,0x04,0x00,0x08,0x00,0x00,0x84,0x00,0x00,0x22,0x00,0x00,0x04,0x09,0x00,0x0C,0x00,0x02,0x01,
	0x82,0x04,0x00,0x00,0x02,0x00,0x00,0x00,0x00,0x04,0x00,0x82,0x08,0x50,0x00,0x04,0x20,0x00,0x01,0x00,
	0x00,0x00,0x86,0x00,0x80,0x00,0x00,0x02,0x00,0x40,0x04,0x00,0x42,0x04,0x00,0x40,0x00,0x00,0x08,0x00,
	0x00,0x44,0x00,0x00,0x00,0x80,0x08,0x00,0x00,0x01,0x80,0x04,0x00,0x00,0x01,0x84,0x02,0x00,0x04,0x01,
	0x00,0x00,0x01,0x40,0x00,0x09,0x00,0x00,0x0C,0x00,0x00,0x00,0x80,0x00,0x80,0x00,0x01,0x81,0x00,0x04,
	0x00,0x40,0x00,0x00,0x02,0x80,0x08,0x00,0x00,0x04,0x81,0x00,0x00,0x04,0x01,0x00,0x00,0x16,0x00,0x83,
	0x00,0x04,0x00,0x06,0x01,0x00,0x02,0x02,0x00,0x00,0x13,0x00,0x00,0x89,0x00,0x02,0x00,0x00,0x02,0x00,
	0x20,0x08,0x00,0x08,0x03,0x00,0x00,0x09,0x00,0x02,0x08,0x00,0x00,0x08,0x00,0x04,0x08,0x00,0x04,0x08,
	0x00,0x02,0x10,0x06,0x00,0x80,0x0A,0x00,0x00,0x00,0x80,0x0C,0x00,0x00,0x01,0x84,0x02,0x02,0x00,0x02,
	0x02,0x00,0x00,0x13,0x00,0x40,0x00,0x00,0x40,0x00,0x00,0x00,0x81,0x20,0x00,0x00,0x10,0x03,0x00,0x00,
	0x80,0x02,0x00,0x00,0x00,0x80,0x04,0x00,0x00,0x00,0x81,0x00,0x10,0x06,0x02,0x00,0x00,0x00,0x81,0x09,
	0x00,0x00,0x09,0x00,0x00,0x01,0x81,0x00,0x02,0x00,0x02,0x00,0x00,0x01,0x80,0x40,0x00,0x00,0x03,0x80,
	0x02,0x00,0x00,0x02,0x80,0x00,0x00,0x06,0x01,0x80,0x01,0x00,0x00,0x03,0x80,0x02,0x00,0x00,0x0F,0x4F,
	0x80,0x01,0x00,0x00,0x01,0x81,0x40,0x00,0x00,0x60,0x00,0x00,0x00,0x80,0x40,0x01,0x00,0x00,0x82,0x70,
	0x00,0x00,0x10,0x11,0x00,0x08,0x03,0x00,0x01,0x83,0x04,0x02,0x00,0x00,0x10,0x00,0x06,0x10,0x02,0x02,
	0x20,0x00,0x00,0x82,0x02,0x08,0x00,0x0A,0x00,0x00,0x01,0x00,0x00,0x00,0x82,0x80,0x03,0x00,0x00,0x02,
	0x00,0x20,0x00,0x00,0x00,0x80,0x40,0x01,0x00,0x00,0x82,0x10,0x00,0x00,0x00,0x01,0x00,0x08,0x03,0x00,
	0x02,0x86,0x04,0x10,0x00,0x00,0x00,0x02,0x00,0x20,0x00,0x02,0x00,0x00,0x02,0x00,0x00,0x02,0x08,0x00,
	0x01,0x00,0x00,0x01,0x81,0x00,0x02,0x00,0x20,0x00,0x00,0x02,0x80,0x10,0x00,0x00,0x04,0x81,0x00,0x10,
	0x00,0x00,0x00,0x02,0x17,0x01,0x83,0xC1,0x09,0x00,0x60,0x01,0x00,0x20,0x03,0x00,0x00,0x08,0x00,0x00,
	0x84,0x40,0x03,0x00,0x40,0x10,0x01,0xB0,0x90,0x00,0x08,0x30,0x02,0x00,0x11,0x00,0x00,0x85,0x08,0x10,
	0x00,0x04,0x12,0x00,0x00,0x20,0x00,0x04,0x40,0x00,0x04,0x00,0x00,0x04,0x00,0x00,0x02,0x83,0x81,0x01,
	0x00,0x20,0x02,0x00,0x00,0x01,0x00,0x20,0x08,0x00,0x00,0x82,0x00,0x07,0x00,0x40,0x10,0x01,0x10,0x90,
	0x00,0x03,0x81,0x04,0x10,0x00,0x04,0x20,0x00,0x05,0x81,0x80,0x01,0x00,0x20,0x00,0x00,0x00,0x80,0x20,
	0x00,0x00,0x00,0x83,0x00,0x06,0x00,0x00,0x10,0x00,0x10,0x80,0x00,0x00,0x10,0x00,0x02,0x81,0x04,0x00,
	0x00,0x00,0x20,0x00,0x17,0x01,0x91,0x00,0x08,0x00,0xA0,0x05,0x00,0xA0,0x07,0x00,0x80,0x02,0x00,0x30,
	0x00,0x00,0x40,0x02,0x00,0xC0,0x00,0x00,0x20,0x10,0x00,0x98,0x10,0x00,0x0C,0x00,0x01,0x00,0x10,0x00,
	0x08,0x00,0x00,0x01,0x00,0x00,0x00,0x20,0x00,0x04,0x20,0x00,0x04,0x40,0x00,0x06,0x10,0x00,0x00,0x14,
	0x00,0x02,0x84,0x20,0x01,0x00,0x20,0x02,0x00,0x80,0x00,0x00,0x20,0x00,0x00,0x40,0x00,0x00,0x00,0x8A,
	0x20,0x00,0x00,0x08,0x00,0x00,0x04,0x10,0x01,0x00,0x10,0x00,0x00,0x10,0x00,0x01,0x20,0x00,0x00,0x20,
	0x00,0x04,0x00,0x00,0x04,0x40,0x00,0x04,0x10,0x00,0x04,0x10,0x00,0x02,0x81,0x20,0x00,0x00,0x00,0x02,
	0x00,0x00,0x80,0x20,0x00,0x00,0x02,0x81,0x08,0x00,0x00,0x04,0x00,0x01,0x01,0x80,0x01,0x20,0x00,0x18,
	0x00,0x80,0x00,0xC0,0x04,0x00,0x90,0xC2,0x03,0x00,0x00,0x01,0x00,0x20,0x02,0x00,0x20,0x03,0x00,0x20,
	0x00,0x00,0x40,0x0C,0x00,0xE0,0x02,0x04,0x80,0x01,0x00,0x00,0x20,0x00,0x00,0x40,0x00,0x05,0x20,0x00,
	0x0A,0x00,0x02,0x04,0x40,0x01,0x04,0x40,0x00,0x04,0x20,0x00,0x04,0x00,0x00,0x04,0x20,0x01,0x00,0x80,
	0x00,0x80,0x00,0x00,0x80,0xC2,0x00,0x00,0x00,0x82,0x20,0x02,0x00,0x00,0x03,0x00,0x20,0x00,0x00,0x00,
	0x81,0x00,0x02,0x04,0x90,0x01,0x00,0x00,0x84,0x00,0x20,0x00,0x05,0x20,0x00,0x00,0x20,0x00,0x04,0x00,
	0x00,0x00,0x40,0x00,0x01,0x80,0x00,0x00,0x01,0x00,0x80,0x00,0x80,0x00,0x00,0x80,0x02,0x00,0x00,0x00,
	0x82,0x00,0x02,0x00,0x00,0x02,0x00,0x20,0x00,0x00,0x00,0x80,0x00,0x00,0x04,0x02,0x80,0x05,0x00,0x00,
	0x00,0x80,0x04,0x00,0x00,0x02,0x80,0x00,0x00,0x01,0x02,0x80,0x02,0x00,0x00,0x0F,0x02,0x83,0x40,0x00,
	0x00,0x00,0x10,0x00,0x00,0x01,0x00,0x00,0x02,0x00,0x00,0x8B,0x20,0x04,0x02,0x00,0x20,0x00,0x90,0x00,
	0x00,0x08,0x60,0x02,0x08,0x61,0x00,0x08,0x00,0x01,0x06,0x02,0x01,0x08,0x00,0x00,0x08,0x40,0x00,0x00,
	0x20,0x00,0x00,0x80,0x01,0x00,0x08,0x00,0x03,0x80,0x00,0x10,0x00,0x00,0x80,0x00,0x02,0x00,0x00,0x83,
	0x20,0x04,0x02,0x00,0x20,0x00,0x90,0x20,0x00,0x08,0x20,0x02,0x00,0x82,0x00,0x40,0x00,0x00,0x40,0x01,
	0x00,0x40,0x00,0x01,0x81,0x00,0xA0,0x01,0x00,0x20,0x00,0x05,0x80,0x00,0x02,0x00,0x00,0x82,0x20,0x00,
	0x02,0x00,0x20,0x00,0x10,0x00,0x00,0x06,0x80,0x00,0x80,0x01,0x14,0x00,0x80,0x00,0x40,0x00,0x4D,0x81,
	0x04,0x00,0x00,0x00,0x44,0x00,0x00,0x90,0x80,0x00,0x00,0x20,0x10,0x00,0xC1,0x02,0x00,0x04,0x00,0x00,
	0x10,0x02,0x00,0x00,0x0C,0x00,0x40,0x00,0x00,0x23,0x00,0x00,0x88,0x20,0x00,0x00,0x42,0x02,0x00,0x40,
	0x00,0x00,0x40,0x04,0x00,0x80,0x00,0x00,0x80,0x00,0x00,0x80,0x00,0x08,0x40,0x00,0x0A,0x00,0x00,0x03,
	0x86,0x20,0x10,0x00,0x80,0x02,0x00,0x04,0x00,0x00,0x10,0x00,0x00,0x00,0x08,0x00,0x40,0x00,0x00,0x01,
	0x00,0x00,0x00,0x80,0x00,0x40,0x02,0x00,0x80,0x00,0x00,0x04,0x03,0x80,0x00,0x40,0x00,0x04,0x80,0x00,
	0x02,0x00,0x03,0x80,0x01,0x00,0x00,0x02,0x80,0x00,0x00,0x04,0x18,0x00,0x80,0x01,0x00,0x00,0x00,0x8A,
	0x42,0x00,0x00,0x00,0x01,0x00,0x20,0x00,0x00,0x20,0x00,0x00,0x20,0x00,0x00,0x00,0x1E,0x00,0x40,0x20,
	0x00,0x00,0x60,0x00,0x10,0x00,0x00,0x00,0x43,0x00,0x00,0x02,0x00,0x00,0x82,0x08,0x00,0x00,0x00,0x80,
	0x00,0x00,0x80,0x00,0x00,0x80,0x08,0x40,0x01,0x00,0x80,0x01,0x00,0x00,0x00,0x80,0x42,0x00,0x00,0x00,
	0x80,0x20,0x00,0x00,0x00,0x81,0x20,0x00,0x00,0x00,0x16,0x00,0x03,0x86,0x00,0x80,0x00,0x00,0x80,0x00,
	0x08,0x80,0x00,0x00,0x80,0x00,0x00,0x80,0x00,0x00,0x40,0x00,0x08,0x00,0x01,0x02,0x80,0x42,0x00,0x00,
	0x02,0x81,0x20,0x00,0x00,0x00,0x14,0x00,0x09,0x80,0x00,0x00,0x01,0x02,0x80,0x02,0x00,0x00,0x0F,0x00,
	0x8D,0x00,0x44,0x00,0x00,0x11,0x00,0x80,0x01,0x00,0x40,0x02,0x00,0x30,0x03,0x00,0x22,0x02,0x00,0x00,
	0x02,0x00,0x40,0x00,0x00,0x80,0x00,0x00,0x20,0x02,0x00,0x00,0x40,0x00,0x0A,0x00,0x00,0x08,0x80,0x00,
	0x08,0x80,0x00,0x00,0x83,0x08,0x80,0x00,0x01,0x80,0x01,0x0C,0x80,0x00,0x08,0x80,0x01,0x02,0x84,0x80,
	0x01,0x00,0x20,0x02,0x00,0x10,0x00,0x00,0x20,0x00,0x00,0x00,0x02,0x00,0x01,0x80,0x20,0x00,0x00,0x00,
	0x82,0x0A,0x00,0x00,0x08,0x00,0x00,0x08,0x00,0x00,0x00,0x83,0x08,0x00,0x00,0x01,0x00,0x01,0x0C,0x80,
	0x00,0x00,0x00,0x01,0x02,0x81,0x80,0x01,0x00,0x20,0x02,0x00,0x00,0x81,0x20,0x00,0x00,0x00,0x02,0x00,
	0x03,0x80,0x02,0x00,0x00,0x03,0x82,0x01,0x00,0x01,0x04,0x80,0x00,0x00,0x00,0x01,0x13,0x8D,0x80,0x00,
	0x00,0x00,0x00,0x04,0x20,0x08,0x00,0x30,0x00,0x00,0x00,0x01,0x00,0x60,0x02,0x00,0x20,0x06,0x00,0x48,
	0x02,0x00,0x40,0x04,0x02,0x52,0x18,0x04,0x60,0x42,0x00,0x01,0x42,0x00,0x08,0x01,0x00,0x00,0x82,0x00,
	0x00,0x84,0x08,0x00,0x00,0x08,0x00,0x01,0x08,0x00,0x01,0x00,0x40,0x00,0x10,0x8C,0x00,0x02,0x80,0x10,
	0x00,0x00,0x00,0x84,0x20,0x02,0x00,0x00,0x06,0x00,0x48,0x00,0x00,0x40,0x00,0x02,0x42,0x00,0x04,0x00,
	0x80,0x10,0x42,0x00,0x00,0x81,0x08,0x00,0x00,0x08,0x00,0x00,0x01,0x82,0x00,0x00,0x01,0x00,0x80,0x00,
	0x00,0x80,0x00,0x04,0x81,0x20,0x00,0x00,0x00,0x04,0x00,0x00,0x81,0x40,0x00,0x02,0x42,0x00,0x04,0x02,
	0x81,0x08,0x00,0x00,0x08,0x00,0x00,0x01,0x80,0x00,0x00,0x01,0x15,0x00,0x80,0x06,0x00,0x00,0x00,0x8A,
	0x00,0x18,0x00,0xE0,0x02,0x00,0xA8,0x02,0x00,0x41,0x00,0x04,0x60,0x00,0x00,0x48,0x00,0x00,0x20,0x1C,
	0x00,0x50,0x00,0x00,0x30,0x00,0x00,0x0C,0x01,0x00,0x0A,0x82,0x00,0x00,0x84,0x09,0x00,0x00,0x08,0x00,
	0x01,0x08,0x40,0x00,0x08,0x80,0x00,0x30,0x80,0x01,0x00,0x80,0x06,0x00,0x00,0x00,0x80,0x00,0x10,0x00,
	0x00,0x81,0x08,0x00,0x00,0x40,0x00,0x00,0x01,0x87,0x20,0x38,0x00,0x40,0x00,0x00,0x10,0x00,0x00,0x0C,
	0x00,0x00,0x00,0x80,0x00,0x08,0x00,0x00,0x08,0x00,0x00,0x08,0x00,0x00,0x01,0x80,0x10,0x00,0x01,0x02,
	0x81,0x00,0x10,0x00,0x40,0x00,0x00,0x03,0x80,0x20,0x20,0x00,0x00,0x81,0x10,0x00,0x00,0x0C,0x00,0x00,
	0x01,0x82,0x08,0x00,0x00,0x08,0x00,0x00,0x08,0x00,0x00,0x00,0x80,0x00,0x00,0x01,0x13,0x03,0x80,0x04,
	0x08,0x00,0x12,0x80,0x04,0x08,0x00,0x36,0x81,0x08,0x00,0x00,0x00,0x00,0x01,0x00,0x8E,0x00,0x00,0x04,
	0x80,0x00,0x00,0x48,0x04,0x00,0x40,0x00,0x00,0x40,0x05,0x00,0x40,0x02,0x01,0x80,0x1C,0x00,0xC0,0x06,
	0x00,0xA0,0x41,0x00,0x00,0x00,0x01,0x10,0x02,0x00,0x10,0x80,0x00,0x1A,0x00,0x00,0x18,0x00,0x00,0x98,
	0x00,0x01,0x00,0x81,0x40,0x80,0x01,0x08,0x00,0x00,0x02,0x88,0xC0,0x00,0x00,0x08,0x00,0x00,0x00,0x04,
	0x00,0x40,0x01,0x00,0x40,0x02,0x01,0x80,0x04,0x00,0x80,0x02,0x00,0x20,0x01,0x00,0x10,0x00,0x01,0x03,
	0x82,0x00,0x00,0x01,0x10,0x00,0x00,0x00,0x00,0x01,0x04,0x82,0x40,0x00,0x00,0x00,0x04,0x00,0x40,0x00,
	0x00,0x03,0x80,0x00,0x00,0x01,0x03,0x80,0x00,0x00,0x01,0x00,0x80,0x00,0x00,0x01,0x13,0x00,0x81,0x08,
	0x00,0x04,0x40,0x00,0x00,0x00,0x87,0x40,0x07,0x00,0x4A,0x03,0x00,0x00,0x04,0x00,0x40,0x00,0x00,0xC0,
	0x04,0x00,0x00,0x08,0x00,0x80,0x40,0x00,0x78,0x04,0x00,0x00,0x81,0x00,0x82,0x00,0x08,0x80,0x04,0x00,
	0x83,0x01,0x00,0x00,0x80,0x00,0x00,0x10,0xE0,0x00,0x21,0x80,0x01,0x01,0x80,0x40,0x00,0x00,0x00,0x8D,
	0x00,0x02,0x00,0x4A,0x04,0x00,0x40,0x04,0x00,0x00,0x04,0x00,0x80,0x00,0x00,0x80,0x00,0x00,0x00,0x40,
	0x00,0x08,0x00,0x00,0x10,0x00,0x00,0x10,0x80,0x00,0x10,0x00,0x04,0x10,0x00,0x00,0x10,0x00,0x00,0x10,
	0x00,0x00,0x00,0x80,0x21,0x80,0x01,0x04,0x82,0x00,0x04,0x00,0x40,0x00,0x00,0x00,0x04,0x00,0x00,0x80,
	0x80,0x00,0x00,0x00,0x81,0x08,0x00,0x00,0x10,0x00,0x00,0x00,0x80,0x00,0x00,0x04,0x03,0x80,0x01,0x00,
	0x01,0x13,0x80,0x00,0x10,0x00,0x01,0x83,0x00,0x03,0x01,0x80,0x02,0x00,0xC0,0x05,0x00,0xC0,0x00,0x00,
	0x00,0x8B,0x00,0x00,0x01,0x00,0x21,0x00,0xE0,0x45,0x00,0x00,0x03,0x00,0x20,0x02,0x00,0x30,0x00,0x00,
	0x30,0x00,0x00,0x30,0x00,0x01,0x51,0x00,0x01,0x70,0x10,0x01,0x20,0x20,0x00,0x20,0x80,0x01,0x02,0x8E,
	0x00,0x01,0x01,0x00,0x04,0x00,0x40,0x04,0x00,0xC0,0x00,0x00,0x80,0x00,0x00,0x80,0x04,0x01,0x00,0x39,
	0x00,0x60,0x05,0x00,0x00,0x83,0x00,0x00,0x80,0x00,0x10,0x00,0x00,0x10,0x00,0x00,0x10,0x00,0x01,0x30,
	0x00,0x00,0x10,0x00,0x01,0x00,0x80,0x40,0x00,0x01,0x02,0x82,0x00,0x01,0x00,0x00,0x04,0x00,0x40,0x00,
	0x00,0x01,0x83,0x80,0x04,0x00,0x00,0x20,0x00,0x60,0x00,0x00,0x00,0x80,0x00,0x00,0x84,0x10,0x00,0x00,
	0x10,0x00,0x00,0x10,0x00,0x01,0x10,0x00,0x00,0x10,0x00,0x01,0x00,0x80,0x00,0x00,0x01,0x04,0x80,0x40,
	0x00,0x00,0x0D,0x00,0x80,0x00,0x00,0x04,0x00,0x82,0x40,0x0A,0x00,0x80,0x08,0x00,0x00,0x02,0x00,0x00,
	0x87,0x00,0x82,0x00,0x00,0x09,0x00,0x00,0x75,0x00,0xC0,0x01,0x00,0x60,0x85,0x00,0x01,0x80,0x00,0x00,
	0x80,0x03,0x00,0x00,0x05,0x00,0x81,0x40,0x10,0x01,0x40,0x10,0x01,0x00,0x80,0x00,0x04,0x00,0x02,0x8D,
	0x00,0x04,0x00,0x80,0x0C,0x00,0x80,0x0A,0x00,0x80,0x00,0x00,0x00,0x82,0x00,0x00,0x01,0x00,0x00,0x64,
	0x00,0xC0,0x81,0x00,0x20,0x80,0x00,0x21,0x00,0x00,0x20,0x00,0x03,0x20,0x00,0x05,0x20,0x00,0x01,0x00,
	0x00,0x01,0x00,0x80,0x00,0x80,0x00,0x03,0x81,0x00,0x02,0x00,0x80,0x00,0x00,0x00,0x80,0x80,0x00,0x00,
	0x02,0x84,0x40,0x80,0x00,0x20,0x00,0x00,0x01,0x00,0x00,0x00,0x00,0x03,0x00,0x00,0x05,0x18,0x00,0x81,
	0x02,0x04,0x00,0x00,0x08,0x00,0x01,0x8E,0x02,0x0A,0x00,0x00,0x0C,0x00,0x80,0x49,0x01,0x00,0x1D,0x04,
	0x00,0xC9,0x06,0x00,0x85,0x00,0x00,0x80,0x04,0x21,0x00,0x00,0x00,0x00,0x04,0x20,0x08,0x02,0x00,0x18,
	0x01,0x00,0x10,0x01,0x00,0x00,0x01,0x20,0x84,0x00,0x01,0x00,0x02,0x00,0x80,0x02,0x00,0x00,0x00,0x8B,
	0x00,0x03,0x00,0x80,0x08,0x00,0x82,0x0A,0x00,0x80,0x0C,0x00,0x80,0x09,0x01,0x00,0x2C,0x04,0x00,0x00,
	0x06,0x00,0x84,0x00,0x00,0x00,0x04,0x21,0x00,0x00,0x00,0x00,0x01,0x20,0x00,0x03,0x01,0x82,0x10,0x80,
	0x00,0x00,0x80,0x00,0x01,0x00,0x02,0x02,0x86,0x00,0x04,0x00,0x00,0x08,0x00,0x80,0x08,0x00,0x00,0x08,
	0x00,0x80,0x08,0x00,0x00,0x30,0x04,0x00,0x00,0x06,0x00,0x81,0x00,0x00,0x04,0x21,0x00,0x00,0x00,0x80,
	0x20,0x00,0x02,0x01,0x82,0x10,0x00,0x00,0x00,0x80,0x00,0x01,0x00,0x02,0x0A,0x80,0x00,0x00,0x04,0x07,
	0x04,0x80,0x08,0x00,0x00,0x12,0x80,0x08,0x00,0x00,0x35,0x00,0x8F,0x00,0x02,0x00,0x00,0x83,0x00,0x40,
	0x16,0x02,0x80,0x13,0x00,0x00,0x08,0x04,0x80,0x41,0x00,0x00,0x18,0x04,0x00,0xD0,0x02,0x80,0x89,0x00,
	0xC0,0x80,0x02,0x00,0x02,0x02,0x00,0x00,0x06,0x40,0x0C,0x01,0x40,0x10,0x02,0x00,0x18,0x00,0x10,0x80,
	0x00,0x00,0x81,0x10,0x04,0x04,0x00,0x00,0x02,0x01,0x88,0x00,0x06,0x00,0x00,0x18,0x02,0x00,0x1C,0x00,
	0x80,0x00,0x04,0x00,0x01,0x00,0x00,0x11,0x00,0x00,0xE0,0x02,0x80,0x81,0x00,0x00,0x00,0x02,0x00,0x80,
	0x00,0x00,0x01,0x01,0x84,0x40,0x00,0x00,0x10,0x00,0x01,0x00,0x80,0x00,0x00,0x00,0x04,0x00,0x00,0x02,
	0x02,0x80,0x00,0x18,0x02,0x00,0x80,0x00,0x00,0x04,0x00,0x83,0x00,0x11,0x00,0x00,0x80,0x02,0x80,0x00,
	0x00,0x00,0x00,0x02,0x04,0x83,0x10,0x00,0x00,0x00,0x80,0x00,0x00,0x00,0x04,0x00,0x00,0x02,0x02,0x80,
	0x00,0x00,0x02,0x0F,0x00,0x92,0x00,0x00,0x04,0x00,0x03,0x00,0x40,0x0C,0x00,0x00,0x04,0x00,0x00,0x15,
	0x04,0x00,0x01,0x00,0x00,0x2D,0x00,0x00,0x40,0x00,0x00,0x81,0x00,0x40,0x04,0x00,0x40,0x00,0x00,0x40,
	0x0C,0x03,0x00,0x14,0x00,0x00,0x18,0x02,0x00,0x00,0x02,0x20,0x80,0x01,0x00,0x00,0x02,0x30,0x80,0x00,
	0x00,0x04,0x01,0x01,0x83,0x00,0x09,0x00,0x00,0x08,0x00,0x00,0x04,0x00,0x00,0x15,0x04,0x00,0x87,0x00,
	0x1C,0x00,0x00,0x80,0x00,0x80,0x00,0x00,0x40,0x00,0x00,0x00,0x00,0x01,0x00,0x00,0x02,0x00,0x00,0x02,
	0x40,0x00,0x02,0x00,0x83,0x20,0x00,0x00,0x00,0x00,0x02,0x40,0x80,0x00,0x00,0x00,0x01,0x01,0x80,0x00,
	0x0F,0x00,0x01,0x80,0x00,0x00,0x04,0x05,0x80,0x00,0x00,0x02,0x02,0x83,0x00,0x80,0x00,0x00,0x00,0x02,
	0x00,0x80,0x00,0x00,0x00,0x01,0x13,0x00,0x82,0x00,0x42,0x00,0x00,0x1F,0x02,0x40,0x06,0x00,0x00,0x8A,
	0x00,0x01,0x04,0x00,0x94,0x00,0x00,0x30,0x00,0x80,0x0D,0x00,0xC0,0x00,0x00,0x60,0x00,0x01,0x00,0x00,
	0x03,0x00,0x14,0x02,0x40,0x18,0x02,0x00,0x00,0x02,0x40,0x00,0x03,0x00,0x82,0x90,0x00,0x00,0x60,0x00,
	0x00,0x00,0x80,0x00,0x00,0x8C,0x00,0x06,0x00,0x00,0x08,0x02,0x00,0x04,0x00,0x00,0x01,0x00,0x00,0x00,
	0x04,0x00,0x14,0x00,0x00,0x20,0x00,0x80,0x04,0x00,0x40,0x00,0x00,0x20,0x00,0x00,0x00,0x00,0x02,0x00,
	0x00,0x02,0x40,0x00,0x00,0x00,0x80,0x40,0x80,0x01,0x01,0x80,0x20,0x00,0x00,0x01,0x81,0x00,0x06,0x00,
	0x00,0x00,0x02,0x01,0x80,0x00,0x00,0x04,0x01,0x83,0x80,0x00,0x00,0x40,0x00,0x00,0x20,0x00,0x00,0x00,
	0x00,0x02,0x09,0x80,0x00,0x00,0x02,0x10,0x92,0x00,0x10,0x00,0x00,0x04,0x00,0x00,0x09,0x00,0x00,0x01,
	0x00,0x00,0x00,0x02,0x00,0x4D,0x01,0x00,0x08,0x02,0x20,0xE1,0x00,0x40,0x01,0x01,0x00,0x04,0x00,0x00,
	0x00,0x05,0x40,0x0A,0x04,0x40,0x00,0x00,0x40,0x00,0x00,0x40,0x00,0x02,0x60,0x80,0x01,0x10,0x00,0x00,
	0x30,0x00,0x00,0x20,0x00,0x02,0x01,0x80,0x00,0x0E,0x00,0x00,0x80,0x00,0x01,0x00,0x00,0x86,0x00,0x05,
	0x00,0x00,0x00,0x02,0x00,0x40,0x00,0x80,0x01,0x00,0x40,0x00,0x00,0x00,0x00,0x05,0x00,0x00,0x02,0x00,
	0x80,0x40,0x00,0x00,0x00,0x83,0x00,0x00,0x01,0x10,0x00,0x00,0x70,0x00,0x00,0x00,0x00,0x02,0x01,0x80,
	0x00,0x08,0x00,0x02,0x81,0x00,0x01,0x00,0x00,0x00,0x02,0x02,0x80,0x00,0x00,0x04,0x03,0x83,0x00,0x00,
	0x01,0x10,0x00,0x00,0x10,0x00,0x00,0x00,0x00,0x02,0x14,0x00,0x82,0x00,0x0C,0x00,0x00,0x10,0x00,0x00,
	0x54,0x04,0x00,0x84,0x10,0x21,0x00,0xC0,0x18,0x00,0x80,0xC9,0x00,0xC0,0x00,0x00,0x60,0x00,0x00,0x00,
	0x81,0x20,0x02,0x02,0x00,0x08,0x04,0x00,0x85,0x40,0x00,0x03,0x42,0x00,0x00,0x40,0x00,0x00,0xC0,0x80,
	0x01,0x00,0x80,0x00,0x01,0x80,0x03,0x00,0x82,0x00,0x08,0x00,0x00,0x10,0x00,0x00,0x04,0x00,0x00,0x82,
	0x10,0x20,0x00,0x40,0x08,0x00,0x80,0x81,0x00,0x00,0x80,0x20,0x00,0x00,0x00,0x81,0x20,0x00,0x00,0x00,
	0x00,0x04,0x00,0x80,0x40,0x00,0x02,0x00,0x81,0x20,0x00,0x00,0x20,0x80,0x01,0x00,0x80,0x01,0x80,0x03,
	0x01,0x80,0x00,0x10,0x00,0x01,0x80,0x00,0x20,0x00,0x00,0x82,0x80,0x81,0x00,0x40,0x00,0x00,0x20,0x00,
	0x00,0x00,0x80,0x20,0x00,0x00,0x04,0x80,0x20,0x80,0x01,0x00,0x80,0x01,0x00,0x03,0x13,0x00,0x80,0x02,
	0x00,0x00,0x0A,0x80,0x00,0x00,0x04,0x06,0x80,0x02,0x00,0x00,0x0A,0x80,0x00,0x00,0x04,0x12,0x80,0x00,
	0x00,0x04,0x19,0x00,0x82,0x00,0x10,0x00,0x00,0x12,0x00,0x00,0x40,0x00,0x00,0x83,0x10,0x00,0x00,0x01,
	0x00,0x00,0x00,0xC4,0x00,0x20,0x04,0x00,0x01,0x80,0x00,0x08,0x02,0x00,0x80,0x40,0x00,0x04,0x00,0x84,
	0x22,0x00,0x00,0x01,0x00,0x00,0x28,0x00,0x00,0x00,0x00,0x06,0x00,0x00,0x02,0x00,0x80,0x00,0x10,0x00,
	0x02,0x80,0x10,0x00,0x00,0x00,0x81,0x00,0x84,0x00,0x60,0x04,0x00,0x03,0x80,0x00,0x00,0x04,0x01,0x83,
	0x20,0x00,0x00,0x08,0x00,0x00,0x00,0x00,0x06,0x00,0x00,0x02,0x00,0x80,0x00,0x10,0x00,0x04,0x81,0x00,
	0x80,0x00,0x20,0x00,0x00,0x03,0x80,0x00,0x00,0x04,0x01,0x80,0x20,0x00,0x00,0x00,0x81,0x00,0x00,0x06,
	0x00,0x00,0x02,0x13,0x82,0x02,0x00,0x00,0x00,0x10,0x00,0x00,0x10,0x00,0x00,0x85,0x08,0x00,0x02,0x00,
	0x40,0x04,0x01,0x98,0x00,0xC0,0xA1,0x00,0x00,0x84,0x00,0x20,0x80,0x00,0x00,0x88,0x00,0x00,0x04,0x00,
	0x00,0x04,0x20,0x00,0x00,0xC0,0x00,0x03,0x40,0x00,0x00,0x60,0x00,0x00,0x28,0x00,0x00,0x00,0x81,0x00,
	0x00,0x83,0x01,0x00,0x80,0x00,0x10,0x00,0x01,0x82,0x08,0x00,0x00,0x00,0x00,0x04,0x00,0x08,0x00,0x00,
	0x80,0x00,0x84,0x00,0x00,0x82,0x20,0x00,0x01,0x20,0x00,0x02,0x20,0x00,0x04,0x00,0x80,0x20,0x00,0x02,
	0x00,0x81,0x40,0x00,0x00,0x08,0x00,0x00,0x00,0x80,0x00,0x80,0x01,0x00,0x80,0x00,0x10,0x00,0x02,0x80,
	0x00,0x00,0x04,0x05,0x80,0x20,0x00,0x00,0x00,0x80,0x20,0x00,0x00,0x03,0x80,0x00,0x00,0x01,0x13,0x8B,
	0x02,0x20,0x00,0x00,0x0E,0x00,0x00,0x02,0x00,0x00,0x04,0x00,0x08,0x00,0x00,0x10,0x20,0x00,0x01,0x08,
	0x00,0x00,0x70,0x00,0x28,0x80,0x01,0x20,0x80,0x00,0x10,0x80,0x04,0x38,0x00,0x02,0x00,0x86,0x10,0x00,
	0x02,0x20,0x00,0x00,0x22,0x80,0x01,0x01,0x00,0x00,0x00,0x80,0x00,0x00,0x01,0x04,0x01,0x02,0x01,0x00,
	0x80,0x00,0x0A,0x00,0x00,0x82,0x00,0x04,0x00,0x08,0x00,0x00,0x10,0x20,0x00,0x00,0x80,0x00,0x60,0x00,
	0x00,0x86,0x20,0x80,0x00,0x00,0x00,0x04,0x08,0x00,0x03,0x20,0x00,0x02,0x30,0x00,0x00,0x20,0x00,0x00,
	0x00,0x00,0x01,0x00,0x82,0x00,0x80,0x00,0x00,0x00,0x04,0x01,0x00,0x01,0x04,0x80,0x00,0x20,0x00,0x03,
	0x81,0x00,0x00,0x04,0x08,0x00,0x02,0x00,0x80,0x10,0x00,0x00,0x00,0x80,0x00,0x00,0x01,0x00,0x82,0x00,
	0x80,0x00,0x00,0x00,0x04,0x01,0x00,0x01,0x13,0x80,0x00,0x20,0x00,0x00,0x81,0x40,0x10,0x00,0x00,0x01,
	0x00,0x00,0x8A,0x00,0x01,0x01,0x00,0x08,0x00,0x08,0x30,0x04,0x40,0xC1,0x00,0x30,0x80,0x00,0x20,0x00,
	0x02,0x00,0x80,0x03,0x14,0x00,0x02,0x00,0x10,0x00,0xA0,0x00,0x00,0x20,0x00,0x00,0x00,0x82,0x00,0x00,
	0x03,0x40,0x80,0x04,0x00,0x81,0x00,0x01,0x81,0x40,0x10,0x00,0x00,0x01,0x00,0x01,0x82,0x00,0x08,0x00,
	0x08,0x10,0x00,0x00,0x81,0x00,0x00,0x80,0x00,0x80,0x02,0x00,0x83,0x14,0x00,0x03,0x00,0x00,0x02,0x00,
	0x00,0x02,0x20,0x80,0x01,0x00,0x82,0x00,0x00,0x03,0x00,0x80,0x04,0x40,0x00,0x00,0x01,0x80,0x00,0x10,
	0x00,0x02,0x80,0x00,0x08,0x00,0x00,0x80,0x00,0x80,0x00,0x00,0x80,0x00,0x00,0x02,0x00,0x80,0x14,0x00,
	0x02,0x03,0x81,0x00,0x00,0x03,0x00,0x80,0x04,0x14,0x00,0x80,0x00,0x0C,0x01,0x00,0x90,0x00,0x10,0x00,
	0x00,0x09,0x00,0x00,0x05,0x00,0x00,0x05,0x00,0x00,0x18,0x00,0x20,0x40,0x00,0x02,0x00,0x02,0x10,0x81,
	0x00,0x11,0x00,0x00,0x10,0x90,0x01,0x12,0x00,0x01,0x00,0x00,0x03,0x30,0x00,0x00,0x00,0x40,0x00,0x00,
	0x00,0x02,0x20,0x40,0x00,0x41,0x40,0x00,0x00,0x80,0x00,0x04,0x00,0x01,0x82,0x00,0x08,0x00,0x00,0x05,
	0x00,0x00,0x04,0x00,0x00,0x83,0x20,0x40,0x00,0x02,0x00,0x02,0x10,0x80,0x00,0x10,0x80,0x00,0x00,0x86,
	0x00,0x00,0x01,0x10,0x00,0x03,0x10,0x00,0x01,0x40,0x80,0x00,0x40,0x40,0x02,0x40,0x00,0x00,0x01,0x00,
	0x00,0x04,0x80,0x00,0x01,0x00,0x02,0x82,0x02,0x00,0x02,0x10,0x80,0x00,0x10,0x00,0x00,0x01,0x83,0x10,
	0x00,0x02,0x10,0x00,0x00,0x00,0x80,0x00,0x00,0x00,0x02,0x00,0x80,0x01,0x00,0x00,0x13,0x4F,0x98,0x08,
	0x00,0x00,0x0E,0x0E,0x00,0x20,0x89,0x04,0x10,0x04,0x02,0x84,0x01,0x00,0xA1,0x01,0x00,0x02,0x00,0x00,
	0x80,0x0D,0x00,0x80,0x25,0x00,0x10,0x41,0x00,0x10,0x00,0x00,0x00,0x01,0x00,0x12,0x00,0x04,0x00,0x00,
	0x07,0x18,0x80,0x00,0x58,0x80,0x01,0x30,0xC0,0x00,0x50,0x40,0x02,0x10,0x40,0x00,0x31,0x00,0x00,0x08,
	0x00,0x00,0x06,0x08,0x00,0x00,0x00,0x04,0x10,0x04,0x02,0x04,0x01,0x00,0x01,0x82,0x00,0x0D,0x00,0x00,
	0x05,0x00,0x10,0x00,0x00,0x00,0x86,0x10,0x00,0x00,0x12,0x80,0x00,0x10,0x80,0x03,0x10,0x00,0x01,0x00,
	0x00,0x01,0x10,0x00,0x00,0x10,0x00,0x02,0x00,0x80,0x01,0x40,0x00,0x00,0x80,0x00,0x08,0x00,0x00,0x80,
	0x00,0x00,0x02,0x04,0x80,0x10,0x00,0x00,0x01,0x87,0x02,0x00,0x00,0x00,0x00,0x03,0x00,0x00,0x01,0x00,
	0x00,0x01,0x30,0x00,0x00,0x10,0x00,0x02,0x00,0x40,0x00,0x01,0x00,0x00,0x02,0x80,0x00,0x00,0x02,0x0F,
	0x00,0x82,0x00,0x06,0x00,0x00,0x09,0x00,0x00,0x00,0x01,0x00,0x8E,0xA0,0x19,0x00,0x04,0x51,0x00,0x10,
	0x8C,0x00,0x30,0x30,0x00,0x10,0x40,0x00,0x10,0x40,0x00,0x00,0x41,0x00,0x10,0x00,0x01,0x00,0x80,0x00,
	0x10,0x10,0x00,0x51,0x00,0x00,0x70,0x40,0x00,0x20,0xA0,0x00,0x20,0xC0,0x00,0x00,0x00,0x01,0x00,0x82,
	0x00,0x06,0x00,0x00,0x09,0x00,0x00,0x00,0x01,0x00,0x85,0x80,0x19,0x00,0x04,0x11,0x00,0x10,0x84,0x00,
	0x30,0x20,0x00,0x00,0x40,0x00,0x10,0x00,0x00,0x00,0x80,0x00,0x00,0x01,0x00,0x81,0x00,0x80,0x00,0x10,
	0x80,0x00,0x00,0x82,0x00,0xA0,0x00,0x20,0xE0,0x00,0x20,0x20,0x01,0x00,0x80,0x00,0x06,0x00,0x02,0x80,
	0x00,0x08,0x00,0x01,0x80,0x10,0x00,0x00,0x02,0x80,0x00,0x00,0x01,0x03,0x82,0x20,0x80,0x00,0x00,0xC0,
	0x00,0x00,0x00,0x01,0x13,0xCF,0xCD,0x76,0x04,0x4A,0x22,0x04,0x39,0xA0,0x01,0x22,0xFF,0x03,0x48,0x77,
	0x07,0x83,0xC3,0x03,0x78,0xE3,0x06,0xB8,0x63,0x01,0xE7,0x1F,0x03,0x57,0x9B,0x07,0x6B,0xDB,0x07,0x2C,
	0xE0,0x01,0x24,0xA4,0x05,0x1F,0xA8,0x02,0x3A,0xAA,0x03,0x28,0xBC,0x02,0xAF,0xFC,0x05,0xBF,0x8C,0x00,
	0x57,0xFC,0x00,0xFC,0xFC,0x01,0xCD,0x20,0x00,0xC9,0xEE,0x00,0xA6,0xE8,0x03,0x47,0xF0,0x03,0xD9,0x68,
	0x03,0x02,0xD4,0x02,0xAA,0x74,0x06,0xBB,0xDC,0x04,0x0E,0x10,0x02,0x14,0xA0,0x05,0x27,0x60,0x01,0x43,
	0x40,0x05,0x59,0x40,0x00,0x7E,0x44,0x01,0x55,0x44,0x07,0x25,0x40,0x05,0x29,0x40,0x07,0x69,0x60,0x03,
	0xDB,0x20,0x02,0x5E,0x20,0x00,0x32,0x22,0x00,0xB3,0xEE,0x00,0x82,0x90,0x00,0xC2,0x00,0x01,0xE1,0x90,
	0x02,0xA1,0x38,0x01,0xE1,0x98,0x05,0x61,0x80,0x07,0x11,0x80,0x01,0x2B,0x00,0x06,0x28,0x80,0x02,0x04,
	0x00,0x02,0x0B,0x00,0x07,0x0C,0x00,0x03,0x0C,0x00,0x07,0x6C,0x00,0x07,0x68,0x00,0x07,0x68,0x00,0x03,
	0x64,0x00,0x02,0x61,0x00,0x00,0x12,0x00,0x00,0x33,0x00,0x00,0x02,0x00,0x00,0x02,0x00,0x02,0x01,0x00,
	0x00,0x41,0x00,0x00,0x01,0x00,0x00,0x01,0x00,0x00,0x01,0x00,0x00,0x1D,0x00,0x00,0x1C,0x00,0x00,0x3C,
	0x00,0x00,0x3C,0x00,0x00,0x3E,0x00,0x00,0x3E,0x00,0x00,0x1E,0x00,0x00,0x1E,0x00,0x00,0x1E,0x00,0x00,
	0x1E,0x00,0x00,0x1E,0x00,0x00,0xA7,0x00,0x0E,0x04,0x00,0xF1,0x05,0x61,0x41,0x04,0x44,0x00,0x05,0x00,
	0x00,0x04,0x20,0x00,0x04,0x00,0x30,0x00,0x10,0x10,0x00,0x20,0x50,0x04,0x40,0x40,0x02,0x00,0x00,0x06,
	0x00,0x80,0x00,0x40,0x06,0x05,0x74,0x0C,0x00,0x00,0x0D,0x03,0xC0,0x08,0x02,0xC0,0x48,0x06,0x80,0x00,
	0x03,0x80,0x40,0x02,0x80,0x80,0x00,0x00,0x02,0x00,0x80,0x0E,0x00,0x01,0x80,0x02,0x60,0x00,0x06,0x00,
	0x00,0x06,0x20,0x00,0x00,0x20,0x00,0x04,0x60,0x10,0x04,0x40,0x50,0x00,0x40,0x40,0x04,0x60,0x00,0x04,
	0x00,0x80,0x00,0x00,0x00,0x05,0x20,0x06,0x04,0x40,0x04,0x01,0x00,0x00,0x02,0xC0,0x40,0x05,0x80,0x00,
	0x01,0x00,0x40,0x07,0x80,0x80,0x06,0x00,0x8A,0x80,0x70,0x00,0x01,0x00,0x03,0x20,0x00,0x04,0x00,0x00,
	0x04,0x00,0x00,0x04,0x20,0x00,0x00,0x20,0x00,0x00,0x20,0x00,0x00,0x20,0x00,0x04,0x20,0x00,0x04,0x00,
	0x00,0x04,0x00,0x81,0x00,0x00,0x04,0x40,0x00,0x00,0x00,0x82,0x00,0x00,0x05,0x00,0x00,0x01,0x00,0x00,
	0x03,0x02,0x80,0x01,0x00,0x00,0x05,0x81,0x20,0x00,0x00,0x20,0x00,0x00,0x08,0x98,0xC0,0xE6,0x00,0x40,
	0x73,0x03,0x48,0x00,0x07,0x60,0x00,0x06,0x00,0x00,0x04,0x60,0x00,0x04,0x20,0x08,0x04,0xC1,0x50,0x04,
	0x00,0x00,0x04,0x40,0x00,0x00,0x40,0x38,0x04,0x00,0x00,0x01,0x40,0x10,0x00,0xC0,0x45,0x05,0xE0,0x47,
	0x04,0x80,0x44,0x04,0x80,0x94,0x02,0x80,0x18,0x05,0x80,0x80,0x06,0x80,0x78,0x00,0x80,0x83,0x00,0x00,
	0x01,0x02,0x80,0x00,0x06,0x20,0x00,0x00,0x20,0x00,0x04,0x00,0x90,0x40,0x00,0x00,0x01,0x10,0x00,0x00,
	0x00,0x04,0x00,0x00,0x04,0x00,0x20,0x04,0x40,0x00,0x00,0x40,0x00,0x00,0x40,0x40,0x05,0x00,0x40,0x00,
	0x80,0x40,0x02,0x80,0x80,0x02,0x00,0x00,0x03,0x80,0x80,0x06,0x00,0x40,0x04,0x00,0xBF,0x00,0x00,0x80,
	0x03,0x40,0x00,0x04,0x07,0x82,0x40,0x00,0x00,0x40,0x00,0x00,0x40,0x00,0x04,0x00,0x83,0x00,0x00,0x02,
	0x80,0x00,0x02,0x00,0x00,0x02,0x80,0x00,0x00,0x14,0x4F,0x82,0x90,0xB5,0x05,0xA4,0x01,0x05,0x48,0x00,
	0x00,0x01,0x94,0xE8,0x38,0x00,0xC0,0x00,0x00,0x00,0x20,0x00,0x80,0x20,0x04,0x40,0xE8,0x04,0x88,0x00,
	0x01,0x80,0x93,0x01,0xC0,0x41,0x01,0x58,0x01,0x00,0x20,0x00,0x04,0x80,0x81,0x07,0x80,0x11,0x07,0x01,
	0xA0,0x04,0x30,0x38,0x04,0x00,0x40,0x03,0x10,0xC3,0x06,0xA4,0x00,0x02,0x20,0x00,0x04,0x20,0x00,0x04,
	0x60,0x00,0x00,0x20,0x00,0x00,0x00,0x8E,0x00,0x20,0x00,0x00,0x20,0x00,0x40,0x60,0x00,0x48,0x00,0x00,
	0x00,0x80,0x01,0x00,0x40,0x01,0x00,0x02,0x04,0x80,0x00,0x04,0x00,0x80,0x05,0x80,0x00,0x01,0x01,0x80,
	0x04,0x30,0x00,0x04,0x00,0x00,0x01,0x10,0x00,0x07,0x60,0x00,0x04,0x01,0x81,0x20,0x00,0x00,0x60,0x00,
	0x00,0x02,0x81,0x40,0x00,0x00,0x40,0x00,0x00,0x01,0x82,0x00,0x00,0x04,0x00,0x00,0x04,0x80,0x00,0x04,
	0x00,0x80,0x01,0x00,0x00,0x01,0x81,0x10,0x00,0x00,0x20,0x00,0x00,0x0E,0x80,0x01,0x00,0x00,0x01,0x98,
	0x50,0x01,0x05,0x40,0x00,0x00,0x00,0x00,0x04,0x64,0x00,0x00,0xC0,0x38,0x00,0x08,0x00,0x00,0x00,0x08,
	0x00,0x00,0x48,0x00,0x40,0xD8,0x04,0x00,0x10,0x03,0xC0,0xC1,0x03,0xC0,0x50,0x01,0x80,0x03,0x00,0xA0,
	0x01,0x06,0x80,0x90,0x00,0x80,0x00,0x04,0x84,0x33,0x04,0x00,0x10,0x02,0xB0,0xC0,0x07,0x00,0x80,0x03,
	0x10,0x00,0x06,0x40,0x00,0x00,0x60,0x00,0x00,0x60,0x00,0x00,0x40,0x00,0x00,0x02,0x8C,0x40,0x40,0x00,
	0x80,0x00,0x00,0x80,0xC0,0x01,0x80,0x40,0x01,0x80,0x00,0x00,0xA0,0x00,0x02,0x80,0x81,0x00,0x80,0x00,
	0x00,0x00,0x00,0x04,0x00,0x00,0x02,0xB0,0x00,0x05,0xC0,0x00,0x00,0xD0,0x00,0x00,0x01,0x81,0x20,0x00,
	0x00,0x40,0x00,0x00,0x02,0x80,0x40,0x00,0x00,0x03,0x80,0x80,0x00,0x00,0x00,0x81,0x80,0x01,0x00,0x00,
	0x01,0x00,0x00,0x80,0x80,0x00,0x00,0x00,0x80,0x10,0x00,0x00,0x0C,0x81,0x80,0x00,0x00,0x80,0x00,0x00,
	0x03,0x00,0x92,0x60,0x00,0x04,0x68,0x00,0x00,0x04,0x38,0x00,0x80,0x08,0x00,0xC0,0x08,0x00,0x00,0x40,
	0x00,0xE0,0xD0,0x00,0x80,0x01,0x07,0x00,0x41,0x01,0x00,0x11,0x01,0x80,0x12,0x00,0x00,0x81,0x04,0x00,
	0x90,0x00,0x00,0x10,0x04,0x01,0x37,0x04,0x80,0x0E,0x02,0x80,0xC0,0x06,0x40,0x00,0x07,0xC8,0x08,0x02,
	0x00,0x84,0x60,0x00,0x00,0xC0,0x00,0x00,0x80,0x00,0x00,0x80,0x00,0x00,0x80,0x00,0x00,0x00,0x83,0xE0,
	0x40,0x00,0x80,0x00,0x00,0x00,0x40,0x01,0x00,0x00,0x01,0x00,0x81,0x00,0x80,0x04,0x80,0x81,0x00,0x00,
	0x84,0x00,0x00,0x04,0x00,0x00,0x02,0x00,0x00,0x04,0x80,0x00,0x00,0x08,0x00,0x02,0x00,0x81,0x60,0x00,
	0x00,0x40,0x00,0x00,0x03,0x80,0x40,0x00,0x00,0x03,0x84,0x80,0x00,0x00,0x80,0x00,0x00,0x00,0x01,0x00,
	0x00,0x03,0x00,0x00,0x02,0x00,0x00,0x81,0x40,0x00,0x00,0x78,0x00,0x00,0x00,0x80,0x20,0x00,0x00,0x0A,
	0x80,0x80,0x00,0x00,0x00,0x80,0x00,0x01,0x00,0x02,0x80,0x18,0x00,0x00,0x83,0x50,0x00,0x00,0x44,0x00,
	0x00,0x88,0x31,0x00,0x04,0x08,0x00,0x00,0x90,0x80,0x40,0x00,0x10,0x90,0x00,0x80,0x41,0x03,0x00,0x40,
	0x01,0x00,0x91,0x01,0x10,0x01,0x00,0x00,0x80,0x04,0x00,0x11,0x04,0xB8,0x11,0x04,0x20,0x34,0x04,0x00,
	0x01,0x02,0x64,0xC9,0x06,0x78,0x00,0x07,0xAC,0x08,0x00,0x2E,0x08,0x02,0x90,0x00,0x00,0x04,0x00,0x00,
	0x02,0x86,0x80,0x00,0x00,0x80,0x00,0x00,0x00,0x40,0x00,0x00,0x40,0x01,0x00,0x80,0x01,0x90,0x00,0x00,
	0x80,0x80,0x04,0x00,0x88,0xA0,0x00,0x00,0x00,0x03,0x04,0x00,0x01,0x02,0xC0,0x00,0x04,0xD8,0x00,0x00,
	0x48,0x00,0x02,0x0E,0x08,0x01,0x50,0x00,0x00,0x80,0x00,0x00,0x07,0x8A,0x80,0x00,0x00,0x80,0x00,0x00,
	0x00,0x01,0x00,0x80,0x01,0x00,0x00,0x03,0x00,0x00,0x01,0x00,0x00,0x03,0x00,0x60,0x00,0x00,0x28,0x00,
	0x00,0x1A,0x00,0x00,0x10,0x00,0x00,0x0B,0x82,0x80,0x00,0x00,0x00,0x01,0x00,0x00,0x01,0x00,0x01,0x81,
	0x18,0x00,0x00,0x06,0x00,0x00,0x8B,0x8C,0x00,0x00,0x80,0x31,0x00,0x40,0x00,0x00,0x80,0x10,0x00,0x00,
	0x40,0x00,0x00,0x90,0x00,0x00,0x01,0x01,0x80,0x80,0x01,0x00,0x11,0x05,0x80,0x01,0x00,0x00,0x80,0x00,
	0x00,0x11,0x00,0x00,0x87,0x00,0x31,0x00,0x10,0x01,0x00,0x25,0x42,0x00,0x70,0x85,0x04,0x67,0x00,0x02,
	0x16,0x00,0x06,0x06,0x00,0x03,0x8C,0x00,0x00,0x00,0x80,0x40,0x00,0x00,0x01,0x80,0x80,0x00,0x00,0x00,
	0x81,0x00,0x80,0x01,0x00,0x00,0x01,0x00,0x81,0x00,0x80,0x00,0x00,0x01,0x00,0x00,0x87,0x00,0x02,0x00,
	0x00,0x01,0x00,0x04,0x01,0x00,0x10,0x04,0x00,0x27,0x00,0x02,0x0A,0x00,0x03,0x07,0x80,0x06,0x80,0x00,
	0x00,0x0C,0x85,0x00,0x01,0x00,0x80,0x03,0x00,0xE0,0x00,0x00,0x09,0x00,0x00,0x0A,0x00,0x02,0x02,0x00,
	0x02,0x0D,0x81,0x00,0x01,0x00,0x80,0x00,0x00,0x00,0x81,0x19,0x00,0x00,0x06,0x00,0x00,0x00,0x07,0x80,
	0x08,0x00,0x00,0x46,0x80,0x02,0x01,0x00,0x00,0x83,0x81,0x00,0x00,0x02,0x10,0x00,0x00,0x10,0x00,0x00,
	0x01,0x00,0x00,0x80,0x80,0x10,0x00,0x01,0x8A,0x18,0x00,0x00,0x08,0x00,0x00,0x5C,0x01,0x00,0x00,0x06,
	0x00,0x8F,0x01,0x00,0xF2,0x01,0x04,0x3C,0x04,0x03,0x1A,0x00,0x02,0x05,0x08,0x04,0x00,0x40,0x04,0x02,
	0x00,0x00,0x00,0x80,0x81,0x00,0x00,0x03,0x80,0x80,0x00,0x00,0x01,0x82,0x18,0x00,0x00,0x08,0x00,0x00,
	0x1C,0x01,0x00,0x00,0x84,0x83,0x00,0x00,0x62,0x00,0x04,0x34,0x04,0x00,0x04,0x00,0x00,0x03,0x00,0x04,
	0x00,0x80,0x02,0x00,0x00,0x00,0x80,0x81,0x00,0x00,0x08,0x80,0x00,0x01,0x00,0x00,0x86,0x80,0x02,0x00,
	0xC0,0x00,0x00,0x08,0x00,0x00,0x08,0x00,0x00,0x02,0x00,0x00,0x01,0x00,0x00,0x02,0x00,0x00,0x00,0x80,
	0x01,0x00,0x00,0x0A,0x80,0x80,0x00,0x00,0x00,0x81,0x18,0x00,0x00,0x04,0x00,0x00,0x01,0x00,0x81,0x01,
	0x00,0x00,0x20,0x00,0x00,0x00,0x82,0x00,0x10,0x00,0x00,0x01,0x00,0x00,0x50,0x00,0x00,0x8B,0x00,0x80,
	0x00,0x00,0x01,0x01,0x40,0x01,0x00,0x40,0x00,0x00,0x00,0x09,0x02,0x40,0x27,0x04,0x40,0x20,0x04,0x08,
	0x40,0x00,0x13,0x06,0x03,0x02,0x04,0x06,0x01,0x00,0x00,0x01,0x40,0x00,0x00,0x80,0x01,0x00,0x00,0x03,
	0x80,0x00,0x40,0x00,0x00,0x80,0x00,0x80,0x00,0x02,0x80,0x00,0x00,0x02,0x00,0x80,0x00,0x00,0x04,0x00,
	0x81,0x1A,0x00,0x00,0x04,0x00,0x00,0x00,0x80,0x00,0x08,0x00,0x00,0x80,0x01,0x00,0x00,0x0E,0x81,0x02,
	0x00,0x00,0x01,0x00,0x00,0x01,0x80,0x01,0x00,0x00,0x0E,0x80,0x02,0x00,0x00,0x01,0x93,0x20,0x01,0x00,
	0x38,0x00,0x00,0x42,0x00,0x00,0x80,0x00,0x00,0x80,0x00,0x00,0x80,0x80,0x00,0x10,0x01,0x01,0x00,0x00,
	0x06,0x82,0x00,0x00,0x00,0x80,0x04,0x00,0x80,0x04,0x00,0x11,0x04,0x00,0x11,0x04,0x00,0x02,0x04,0x00,
	0x01,0x00,0xC0,0x27,0x00,0x18,0x40,0x04,0x06,0x84,0x06,0x00,0x04,0x01,0x00,0x80,0x00,0x00,0x81,0x30,
	0x00,0x00,0x42,0x00,0x00,0x00,0x80,0x80,0x00,0x00,0x02,0x85,0x82,0x00,0x00,0x00,0x80,0x00,0x80,0x80,
	0x00,0x00,0x01,0x04,0x00,0x01,0x04,0x00,0x03,0x04,0x00,0x84,0x80,0x00,0x00,0x18,0x00,0x00,0x06,0x00,
	0x06,0x00,0x00,0x01,0x00,0x80,0x00,0x00,0x81,0x30,0x00,0x00,0x02,0x00,0x00,0x06,0x80,0x80,0x00,0x00,
	0x00,0x81,0x00,0x00,0x04,0x00,0x00,0x04,0x06,0x81,0x30,0x00,0x00,0x02,0x00,0x00,0x10,0x00,0x81,0x00,
	0x28,0x00,0x80,0x00,0x00,0x00,0x8E,0x00,0x40,0x00,0x80,0x10,0x00,0x80,0x80,0x04,0x40,0x40,0x05,0x0A,
	0x00,0x02,0x80,0x48,0x00,0x80,0x88,0x00,0x01,0x01,0x00,0x80,0x09,0x00,0x02,0x03,0x04,0x00,0x04,0x04,
	0x20,0x00,0x04,0x38,0x00,0x06,0x00,0x40,0x02,0x00,0x00,0x04,0x00,0x80,0x80,0x00,0x00,0x00,0x80,0x80,
	0x00,0x00,0x01,0x80,0x80,0x00,0x00,0x00,0x85,0x40,0x40,0x01,0x02,0x00,0x00,0x00,0x40,0x00,0x80,0x80,
	0x00,0x81,0x00,0x00,0x80,0x00,0x00,0x01,0x82,0x20,0x00,0x04,0x00,0x00,0x04,0x00,0x00,0x02,0x01,0x80,
	0x80,0x00,0x00,0x00,0x80,0x80,0x00,0x00,0x03,0x80,0x40,0x00,0x00,0x02,0x80,0x80,0x00,0x00,0x00,0x80,
	0x00,0x01,0x00,0x19,0x8B,0x40,0x00,0x00,0x00,0x01,0x00,0x94,0x29,0x00,0x80,0x20,0x00,0x00,0x08,0x00,
	0x88,0x00,0x00,0x80,0x40,0x04,0x20,0x89,0x04,0x82,0x48,0x00,0x80,0x00,0x01,0x04,0x40,0x00,0x01,0x08,
	0x00,0x00,0x88,0x00,0x19,0x00,0x00,0x03,0x06,0xE0,0x10,0x02,0x00,0x20,0x04,0x0F,0x00,0x04,0x01,0x40,
	0x00,0x00,0x04,0x02,0xC0,0x00,0x00,0x80,0x00,0x00,0x00,0x80,0x80,0x00,0x00,0x00,0x8B,0x40,0x00,0x00,
	0x80,0x40,0x00,0x20,0x80,0x00,0x42,0x40,0x00,0x80,0x00,0x00,0x00,0x40,0x00,0x81,0x00,0x00,0x80,0x00,
	0x00,0x80,0x00,0x02,0x00,0x03,0x04,0xE0,0x00,0x02,0x18,0x00,0x00,0x00,0x81,0x01,0x00,0x00,0x00,0x00,
	0x02,0x00,0x80,0x80,0x00,0x00,0x02,0x80,0x40,0x00,0x00,0x01,0x80,0x40,0x00,0x00,0x02,0x84,0x80,0x00,
	0x00,0x00,0x00,0x02,0x00,0x00,0x04,0xC0,0x00,0x00,0x18,0x00,0x00,0x01,0x80,0x00,0x00,0x02,0x0F,0x80,
	0x08,0x00,0x00,0x02,0x4F,0x96,0xD0,0x00,0x00,0xC0,0x18,0x00,0x80,0x04,0x00,0x10,0x08,0x00,0x00,0x20,
	0x00,0x00,0x48,0x00,0xC0,0x40,0x00,0x00,0x60,0x05,0xC0,0x00,0x07,0x80,0x00,0x00,0xC0,0xA0,0x00,0xE0,
	0x40,0x02,0x00,0x08,0x06,0x80,0x04,0x05,0x80,0x12,0x07,0x20,0x00,0x07,0x90,0x10,0x03,0x19,0x24,0x01,
	0x01,0x80,0x02,0x00,0x80,0x02,0x40,0x00,0x00,0xC0,0x00,0x00,0x80,0x00,0x00,0x00,0x81,0x40,0x00,0x00,
	0x40,0x00,0x00,0x00,0x8B,0x00,0x60,0x00,0x40,0x00,0x00,0x40,0x00,0x00,0x40,0x20,0x00,0x40,0x40,0x00,
	0x80,0x00,0x02,0x80,0x00,0x05,0x80,0x00,0x03,0xA0,0x01,0x05,0x40,0x00,0x03,0x02,0x00,0x00,0x03,0x00,
	0x02,0x00,0x80,0x40,0x00,0x00,0x02,0x80,0x40,0x00,0x00,0x03,0x82,0x40,0x00,0x00,0x40,0x00,0x00,0x40,
	0x00,0x00,0x00,0x81,0x80,0x00,0x00,0x00,0x01,0x02,0x00,0x82,0x30,0x00,0x00,0x0E,0x00,0x00,0x01,0x00,
	0x02,0x10,0x81,0x10,0x00,0x00,0x02,0x00,0x00,0x01,0x94,0x00,0x00,0x04,0x20,0x00,0x04,0xA0,0x1C,0x00,
	0xC8,0x14,0x00,0xF1,0x14,0x00,0x00,0x24,0x00,0x2C,0x28,0x00,0x80,0xE0,0x00,0xD0,0xE0,0x00,0x58,0x00,
	0x01,0x20,0x80,0x02,0x40,0xE4,0x00,0xC0,0x40,0x06,0x42,0x04,0x02,0x80,0x0C,0x00,0xC0,0x03,0x02,0x77,
	0x03,0x00,0x18,0x10,0x00,0x18,0x20,0x01,0x02,0x40,0x01,0x40,0x00,0x00,0x00,0x80,0x20,0x00,0x00,0x00,
	0x80,0x01,0x00,0x00,0x00,0x8C,0x40,0x00,0x00,0x40,0x20,0x00,0x40,0xE0,0x00,0x60,0x00,0x00,0x40,0x00,
	0x00,0x00,0x60,0x00,0x00,0x40,0x00,0xC0,0x00,0x02,0x00,0x00,0x02,0x00,0x01,0x06,0x66,0x00,0x04,0x44,
	0x00,0x00,0x0F,0x00,0x00,0x00,0x82,0x20,0x00,0x00,0x40,0x00,0x00,0x40,0x00,0x00,0x00,0x80,0x01,0x00,
	0x00,0x03,0x80,0x20,0x00,0x00,0x01,0x87,0x40,0x00,0x00,0x40,0x00,0x02,0x80,0x00,0x00,0x80,0x00,0x06,
	0xC0,0x00,0x00,0x2C,0x00,0x00,0x04,0x00,0x00,0x01,0x00,0x00,0x03,0x80,0x01,0x00,0x00,0x03,0x80,0x20,
	0x00,0x00,0x06,0x81,0x1C,0x00,0x00,0x02,0x00,0x00,0x00,0x99,0x00,0x00,0x05,0x10,0x00,0x00,0x44,0x00,
	0x00,0x00,0x0C,0x04,0x41,0x02,0x00,0x20,0x10,0x00,0x44,0x14,0x04,0x50,0x24,0x00,0x20,0xC0,0x02,0x20,
	0xD0,0x00,0x00,0x04,0x01,0x20,0x80,0x00,0x20,0x74,0x00,0x00,0x24,0x01,0xCF,0x00,0x00,0x1A,0x0C,0x05,
	0x08,0x85,0x04,0xF0,0x80,0x01,0x8A,0x90,0x03,0x0C,0xA0,0x01,0x00,0x00,0x02,0x20,0x00,0x04,0x00,0x00,
	0x04,0x60,0x00,0x00,0x41,0x00,0x00,0x20,0x00,0x00,0x00,0x82,0x20,0x00,0x00,0x40,0x20,0x00,0x00,0x50,
	0x00,0x00,0x8E,0x60,0x00,0x00,0x20,0x70,0x00,0x40,0x20,0x03,0x03,0x00,0x02,0xC2,0x00,0x02,0x08,0x80,
	0x02,0x40,0x80,0x05,0x0C,0x80,0x00,0x17,0x00,0x01,0x00,0x00,0x04,0x20,0x00,0x00,0x20,0x00,0x00,0x20,
	0x00,0x00,0x01,0x00,0x00,0x20,0x00,0x00,0x00,0x81,0x20,0x00,0x00,0x20,0x00,0x00,0x00,0x80,0x20,0x00,
	0x00,0x00,0x80,0x20,0x00,0x00,0x00,0x85,0x40,0x00,0x00,0x40,0x00,0x00,0x80,0x00,0x02,0x40,0x00,0x00,
	0x64,0x00,0x00,0x0E,0x00,0x00,0x03,0x80,0x01,0x00,0x00,0x04,0x82,0x20,0x00,0x00,0x20,0x00,0x00,0x20,
	0x00,0x00,0x04,0x80,0x1C,0x00,0x00,0x00,0xAC,0x90,0x80,0x01,0x21,0x00,0x05,0x20,0x00,0x02,0x00,0x00,
	0x02,0x40,0x0E,0x04,0x70,0x0A,0x00,0x44,0x0A,0x00,0x24,0x18,0x00,0x00,0x16,0x04,0x40,0x74,0x06,0x60,
	0x80,0x05,0x20,0xD0,0x00,0x60,0x10,0x00,0x40,0x50,0x05,0x60,0x30,0x02,0x64,0x00,0x00,0x90,0x08,0x06,
	0xE6,0x0C,0x05,0x20,0x08,0x05,0x07,0x98,0x02,0x40,0xC0,0x02,0x01,0x00,0x04,0x00,0x00,0x04,0x30,0x00,
	0x04,0x00,0x00,0x04,0x00,0x00,0x04,0x20,0x00,0x00,0x04,0x00,0x04,0x20,0x00,0x00,0x20,0x10,0x00,0x20,
	0x60,0x00,0x00,0x50,0x00,0x20,0x10,0x00,0x20,0x10,0x04,0x00,0x30,0x03,0x64,0x00,0x01,0x10,0x00,0x05,
	0x66,0x00,0x02,0x40,0x00,0x05,0x5E,0x80,0x02,0x20,0x00,0x03,0x01,0x00,0x06,0x10,0x00,0x04,0x10,0x00,
	0x00,0x20,0x00,0x00,0x00,0x80,0x20,0x00,0x00,0x01,0x81,0x20,0x00,0x00,0x20,0x00,0x00,0x00,0x80,0x20,
	0x00,0x00,0x00,0x80,0x20,0x00,0x02,0x00,0x81,0x40,0x00,0x05,0x40,0x00,0x02,0x00,0x80,0x66,0x00,0x00,
	0x00,0x80,0x01,0x00,0x00,0x0A,0x81,0x20,0x00,0x00,0x20,0x00,0x00,0x03,0x80,0x16,0x00,0x00,0xAA,0x20,
	0xC4,0x00,0x90,0x20,0x02,0x10,0x80,0x05,0x00,0x00,0x02,0x18,0x00,0x06,0x04,0x06,0x02,0x30,0x05,0x04,
	0x30,0x03,0x00,0x14,0x08,0x04,0x32,0x1A,0x04,0x32,0x12,0x01,0x34,0x10,0x04,0x10,0x90,0x05,0x00,0x62,
	0x02,0x3C,0x62,0x02,0x14,0x12,0x03,0x70,0x80,0x00,0x22,0x00,0x02,0xC0,0x04,0x02,0x2C,0x04,0x07,0x00,
	0x87,0x00,0x40,0x40,0x00,0x00,0x00,0x01,0x10,0x00,0x02,0x08,0x00,0x04,0x30,0x00,0x04,0x30,0x00,0x04,
	0x30,0x00,0x00,0x10,0x00,0x04,0x02,0x00,0x04,0x22,0x00,0x00,0x20,0x70,0x04,0x00,0x10,0x04,0x30,0x20,
	0x00,0x10,0x20,0x00,0x04,0x10,0x02,0x10,0x80,0x01,0x62,0x00,0x01,0x40,0x00,0x03,0x4C,0x00,0x07,0xC0,
	0xB8,0x00,0x20,0x80,0x01,0x00,0x00,0x02,0x00,0x81,0x10,0x00,0x04,0x10,0x00,0x04,0x02,0x81,0x10,0x00,
	0x00,0x10,0x00,0x00,0x00,0x87,0x00,0x00,0x04,0x10,0x00,0x00,0x20,0x00,0x00,0x20,0x00,0x00,0x20,0x00,
	0x01,0x00,0x00,0x01,0x40,0x00,0x03,0x0C,0x00,0x00,0x08,0x81,0x10,0x00,0x00,0x10,0x00,0x00,0x01,0x80,
	0x10,0x00,0x00,0x04,0x80,0x0C,0x00,0x00,0x4F,0x99,0x08,0x17,0x00,0x08,0xAB,0x04,0x50,0xA0,0x00,0x10,
	0x00,0x06,0x10,0x00,0x04,0x08,0x00,0x00,0x20,0x03,0x02,0x30,0x04,0x02,0x00,0x05,0x00,0x12,0x04,0x06,
	0x00,0x08,0x00,0x20,0x12,0x05,0x30,0x40,0x04,0x30,0xD0,0x00,0x02,0x50,0x00,0x20,0x30,0x04,0x10,0x10,
	0x05,0x04,0x80,0x01,0x40,0x00,0x02,0x1B,0x00,0x02,0x08,0x06,0x00,0xA0,0x4C,0x00,0x20,0x40,0x01,0x00,
	0x00,0x05,0x08,0x00,0x02,0x18,0x00,0x00,0x01,0x92,0x10,0x00,0x00,0x02,0x00,0x00,0x10,0x00,0x04,0x10,
	0x00,0x00,0x10,0x30,0x04,0x00,0x10,0x00,0x02,0x10,0x00,0x00,0x10,0x00,0x20,0x10,0x05,0x04,0x80,0x00,
	0x20,0x00,0x03,0x3A,0x00,0x03,0x00,0x06,0x00,0x40,0x70,0x00,0x10,0x80,0x01,0x00,0x00,0x04,0x08,0x00,
	0x00,0x08,0x00,0x00,0x10,0x00,0x00,0x00,0x80,0x10,0x00,0x00,0x00,0x80,0x10,0x00,0x00,0x00,0x80,0x10,
	0x00,0x04,0x01,0x84,0x10,0x00,0x00,0x00,0x00,0x04,0x20,0x00,0x00,0x20,0x00,0x00,0x7A,0x00,0x03,0x0A,
	0x81,0x10,0x00,0x00,0x10,0x00,0x00,0x00,0x81,0x10,0x00,0x00,0x10,0x00,0x00,0x02,0x80,0x1A,0x00,0x00,
	0x99,0xC0,0x05,0x00,0x51,0x80,0x00,0xE0,0x98,0x00,0x00,0x80,0x03,0x08,0x00,0x03,0x08,0x00,0x00,0x10,
	0x00,0x04,0x00,0x03,0x00,0x20,0x02,0x06,0x32,0x01,0x00,0x00,0x04,0x02,0x10,0x08,0x04,0x10,0x02,0x00,
	0x10,0x30,0x00,0x11,0xC0,0x02,0x00,0xE0,0x02,0x28,0xB0,0x00,0x30,0x80,0x01,0x10,0x00,0x00,0x20,0x80,
	0x00,0x80,0x01,0x00,0x91,0x9D,0x00,0x60,0x60,0x00,0x10,0x80,0x02,0x08,0x00,0x02,0x00,0x00,0x02,0x00,
	0x80,0x10,0x00,0x00,0x00,0x80,0x12,0x00,0x00,0x00,0x80,0x10,0x00,0x04,0x00,0x8B,0x10,0x00,0x00,0x11,
	0x00,0x02,0x08,0x00,0x00,0x08,0x10,0x00,0x10,0x00,0x01,0x20,0x00,0x00,0x00,0x00,0x01,0x00,0x01,0x00,
	0x91,0x0E,0x00,0x20,0x40,0x00,0x00,0x00,0x02,0x08,0x00,0x02,0x01,0x80,0x10,0x00,0x00,0x00,0x80,0x10,
	0x00,0x00,0x00,0x81,0x00,0x00,0x04,0x10,0x00,0x00,0x01,0x82,0x18,0x00,0x00,0x10,0x00,0x00,0x10,0x00,
	0x01,0x02,0x80,0x11,0x00,0x00,0x0C,0x82,0x08,0x00,0x00,0x10,0x00,0x00,0x10,0x00,0x00,0x01,0x89,0x00,
	0x0A,0x04,0x20,0x2D,0x00,0x70,0x2C,0x01,0xD8,0x30,0x01,0x08,0x00,0x00,0x00,0x00,0x01,0x08,0x00,0x02,
	0x10,0x00,0x00,0x10,0x01,0x00,0x00,0x00,0x02,0x00,0x8D,0x00,0x04,0x02,0x10,0x09,0x00,0x08,0x08,0x00,
	0x10,0x30,0x02,0x0A,0x00,0x00,0x10,0x02,0x03,0x10,0x20,0x01,0x30,0x80,0x02,0x00,0x80,0x02,0x00,0x02,
	0x00,0x20,0x09,0x00,0xE0,0x27,0x01,0x30,0x40,0x01,0x10,0x80,0x01,0x00,0x82,0x08,0x00,0x02,0x10,0x00,
	0x00,0x10,0x00,0x00,0x02,0x81,0x10,0x00,0x00,0x18,0x00,0x00,0x00,0x81,0x02,0x00,0x02,0x08,0x00,0x00,
	0x00,0x81,0x00,0x80,0x02,0x20,0x80,0x02,0x00,0x82,0x20,0x01,0x00,0x40,0x38,0x00,0x10,0x00,0x01,0x01,
	0x80,0x08,0x00,0x00,0x00,0x80,0x10,0x00,0x00,0x05,0x84,0x00,0x00,0x02,0x18,0x00,0x00,0x10,0x00,0x00,
	0x10,0x00,0x00,0x00,0x80,0x00,0x00,0x80,0x20,0x00,0x00,0x0D,0x80,0x08,0x00,0x00,0x00,0x80,0x10,0x00,
	0x00,0x00,0x00,0x92,0x00,0x52,0x01,0xE0,0xDD,0x02,0x90,0x87,0x00,0x08,0x20,0x03,0x10,0x80,0x04,0x00,
	0x00,0x02,0x00,0x00,0x04,0x10,0x00,0x00,0x22,0x03,0x06,0x30,0x01,0x06,0x10,0x00,0x06,0x00,0x05,0x02,
	0x10,0x01,0x00,0x10,0x08,0x00,0x10,0x30,0x02,0x18,0x60,0x02,0x08,0x00,0x01,0x10,0xB0,0x01,0x00,0x00,
	0x02,0x00,0x84,0x00,0x02,0x01,0xC0,0x96,0x02,0xE0,0xF8,0x00,0x38,0xC0,0x01,0x08,0x00,0x01,0x01,0x83,
	0x10,0x00,0x00,0x12,0x00,0x04,0x00,0x00,0x04,0x10,0x00,0x04,0x01,0x85,0x10,0x00,0x00,0x08,0x00,0x02,
	0x08,0x00,0x02,0x10,0x00,0x01,0x10,0x00,0x01,0x00,0x80,0x02,0x01,0x83,0x80,0x06,0x00,0x20,0xC0,0x00,
	0x10,0x80,0x01,0x08,0x00,0x00,0x01,0x83,0x10,0x00,0x00,0x10,0x00,0x04,0x00,0x00,0x04,0x00,0x00,0x04,
	0x00,0x83,0x10,0x00,0x00,0x10,0x00,0x00,0x08,0x00,0x00,0x00,0x00,0x02,0x00,0x81,0x10,0x00,0x00,0x10,
	0x80,0x00,0x0E,0x80,0x08,0x00,0x00,0x03,0xA0,0x10,0xF0,0x00,0x80,0x00,0x00,0x00,0x2E,0x00,0x80,0x38,
	0x00,0x90,0xA8,0x00,0x34,0xC0,0x03,0x1C,0x00,0x03,0x04,0x00,0x00,0x16,0x00,0x00,0x10,0x00,0x00,0x10,
	0x00,0x06,0x00,0x01,0x02,0x10,0x00,0x04,0x00,0x01,0x02,0x00,0x00,0x02,0x10,0x00,0x00,0x18,0x20,0x02,
	0x18,0x60,0x01,0x18,0x10,0x01,0x00,0x50,0x00,0x10,0x50,0x00,0x80,0x00,0x00,0x00,0x08,0x00,0x00,0x37,
	0x00,0x60,0x70,0x00,0x10,0x80,0x03,0x08,0x00,0x03,0x04,0x00,0x02,0x02,0x00,0x00,0x10,0x00,0x00,0x10,
	0x00,0x00,0x00,0x00,0x04,0x10,0x00,0x00,0x00,0x82,0x10,0x00,0x00,0x10,0x00,0x00,0x08,0x00,0x00,0x00,
	0x82,0x18,0x00,0x00,0x10,0x00,0x00,0x10,0x40,0x00,0x01,0x83,0x00,0x30,0x00,0x20,0x40,0x00,0x00,0x00,
	0x03,0x08,0x00,0x02,0x02,0x81,0x10,0x00,0x00,0x00,0x00,0x04,0x01,0x80,0x10,0x00,0x00,0x01,0x81,0x08,
	0x00,0x00,0x08,0x00,0x00,0x00,0x80,0x10,0x00,0x00,0x0F,0x81,0x08,0x00,0x00,0x08,0x00,0x00,0x00,0x4F,
	0x80,0x10,0x20,0x00,0x00,0x83,0x00,0x00,0x04,0x00,0x08,0x00,0x21,0x4F,0x00,0x20,0xA0,0x00,0x00,0x8D,
	0x08,0x00,0x03,0x00,0x00,0x06,0x10,0x00,0x01,0x10,0x04,0x02,0x00,0x04,0x00,0x00,0x04,0x02,0x1A,0x00,
	0x00,0x10,0x08,0x02,0x00,0x02,0x00,0x08,0x90,0x00,0x28,0x00,0x01,0x0A,0xA0,0x01,0x18,0xF0,0x00,0x10,
	0x00,0x00,0x00,0x88,0x00,0x00,0x04,0x00,0x08,0x00,0x41,0x38,0x00,0x30,0x40,0x00,0x00,0x80,0x01,0x08,
	0x00,0x02,0x00,0x00,0x06,0x10,0x00,0x00,0x00,0x00,0x02,0x00,0x85,0x00,0x00,0x02,0x00,0x00,0x02,0x10,
	0x00,0x02,0x00,0x00,0x02,0x08,0x00,0x02,0x08,0x00,0x00,0x01,0x80,0x10,0x00,0x00,0x01,0x85,0x00,0x08,
	0x00,0x41,0x30,0x00,0x10,0x00,0x00,0x00,0x00,0x01,0x00,0x00,0x02,0x00,0x00,0x04,0x06,0x80,0x08,0x00,
	0x02,0x02,0x80,0x10,0x00,0x00,0x02,0x80,0x01,0x00,0x00,0x0A,0x80,0x08,0x00,0x00,0x02,0x03,0x8F,0x20,
	0x18,0x00,0x50,0x80,0x00,0x04,0xC0,0x00,0x10,0x00,0x01,0x12,0x00,0x03,0x10,0x00,0x00,0x10,0x08,0x00,
	0x00,0x0C,0x06,0x00,0x09,0x07,0x08,0x09,0x06,0x00,0x00,0x01,0x18,0x18,0x07,0x68,0x38,0x06,0x50,0xA0,
	0x00,0x10,0x80,0x03,0x00,0x60,0x02,0x04,0x80,0x10,0x80,0x00,0x00,0x86,0x00,0x00,0x01,0x12,0x00,0x00,
	0x00,0x00,0x02,0x00,0x00,0x02,0x00,0x04,0x04,0x00,0x00,0x06,0x08,0x00,0x04,0x00,0x84,0x18,0x08,0x00,
	0x08,0x08,0x05,0x00,0x20,0x00,0x00,0x00,0x03,0x00,0x40,0x02,0x04,0x80,0x10,0x80,0x00,0x03,0x89,0x00,
	0x00,0x02,0x00,0x00,0x02,0x00,0x00,0x02,0x08,0x00,0x02,0x00,0x00,0x02,0x08,0x00,0x02,0x08,0x00,0x04,
	0x00,0x00,0x01,0x00,0x80,0x00,0x00,0x80,0x00,0x0C,0x80,0x08,0x00,0x00,0x00,0x81,0x08,0x00,0x00,0x08,
	0x00,0x00,0x02,0x80,0x10,0x20,0x00,0x01,0x91,0x00,0x03,0x00,0x30,0x37,0x00,0x50,0x20,0x00,0x18,0x40,
	0x00,0x0C,0x00,0x00,0x0C,0x00,0x03,0x0A,0x0C,0x06,0x30,0x1C,0x06,0x11,0x1D,0x01,0x10,0x98,0x00,0x08,
	0x19,0x03,0x08,0x86,0x06,0xC8,0xD0,0x00,0xD0,0x32,0x01,0x38,0xF0,0x03,0x08,0xD0,0x01,0x18,0x50,0x01,
	0x10,0x00,0x00,0x02,0x90,0x60,0x38,0x00,0x20,0x00,0x00,0x08,0x80,0x00,0x04,0x00,0x01,0x08,0x00,0x03,
	0x1A,0x00,0x02,0x10,0x0C,0x05,0x11,0x0C,0x03,0x10,0x08,0x03,0x08,0x08,0x00,0x08,0x10,0x04,0x00,0x10,
	0x00,0x40,0x30,0x01,0x00,0x30,0x03,0x00,0x90,0x00,0x00,0x30,0x00,0x10,0x00,0x00,0x02,0x80,0x60,0x30,
	0x00,0x00,0x84,0x08,0x00,0x00,0x00,0x00,0x01,0x00,0x00,0x02,0x18,0x00,0x02,0x10,0x00,0x00,0x01,0x87,
	0x08,0x00,0x01,0x00,0x00,0x01,0x00,0x00,0x01,0x00,0x00,0x01,0x00,0x80,0x00,0x00,0x40,0x00,0x00,0x40,
	0x00,0x10,0x00,0x00,0x07,0x80,0x08,0x00,0x00,0x02,0x80,0x08,0x00,0x00,0x05,0x87,0x10,0x00,0x00,0x80,
	0x00,0x00,0x60,0x0E,0x00,0x30,0x11,0x00,0x90,0x58,0x00,0x0C,0x80,0x00,0x08,0x00,0x01,0x08,0x00,0x01,
	0x00,0x9F,0x10,0x9E,0x02,0x00,0x95,0x03,0x08,0x10,0x03,0x00,0x11,0x01,0x14,0xBE,0x02,0x80,0xE1,0x00,
	0x50,0x02,0x01,0x38,0x8B,0x03,0x50,0xE0,0x04,0x18,0xA0,0x00,0x10,0xA0,0x04,0x10,0x00,0x00,0x80,0x00,
	0x00,0x40,0x08,0x00,0xE0,0x1F,0x00,0x70,0x30,0x00,0x18,0xC0,0x00,0x00,0x00,0x01,0x08,0x00,0x00,0x08,
	0x00,0x01,0x10,0x0C,0x00,0x18,0x14,0x03,0x00,0x90,0x00,0x00,0x90,0x00,0x0C,0x18,0x03,0x08,0x80,0x01,
	0x00,0xA1,0x01,0x48,0xC8,0x03,0x08,0xE0,0x04,0x08,0xA0,0x00,0x10,0x80,0x04,0x10,0x00,0x00,0x01,0x82,
	0x20,0x18,0x00,0x10,0x00,0x00,0x08,0x80,0x00,0x00,0x87,0x08,0x00,0x00,0x08,0x00,0x01,0x08,0x00,0x01,
	0x00,0x00,0x01,0x08,0x00,0x01,0x08,0x00,0x01,0x08,0x80,0x02,0x08,0x00,0x00,0x00,0x84,0x08,0x80,0x00,
	0x08,0x40,0x04,0x08,0xE0,0x00,0x00,0xA0,0x04,0x10,0x00,0x00,0x08,0x84,0x08,0x00,0x00,0x08,0x00,0x00,
	0x08,0x00,0x00,0x08,0x00,0x02,0x08,0x00,0x00,0x00,0x83,0x08,0x00,0x00,0x08,0x00,0x00,0x08,0xC0,0x00,
	0x00,0x80,0x00,0xA4,0x48,0x00,0x00,0xA8,0x03,0x00,0x94,0xB6,0x04,0x98,0x45,0x00,0x24,0xB0,0x00,0x00,
	0xC0,0x00,0x0A,0x00,0x00,0x02,0x00,0x03,0x1D,0x04,0x01,0x19,0x35,0x00,0x1C,0xA1,0x01,0x1E,0x61,0x04,
	0x1A,0xBE,0x00,0x0C,0xF3,0x00,0x98,0x64,0x00,0x90,0x8B,0x02,0x8F,0x01,0x00,0x00,0x50,0x00,0x04,0x10,
	0x00,0x14,0x98,0x00,0x08,0x00,0x00,0x20,0x03,0x00,0x20,0x99,0x04,0x30,0x78,0x00,0x18,0x40,0x00,0x08,
	0x00,0x00,0x0A,0x00,0x00,0x0A,0x80,0x01,0x0D,0x98,0x00,0x0C,0x94,0x00,0x0C,0x00,0x01,0x06,0x00,0x00,
	0x04,0x58,0x00,0x0C,0xB0,0x00,0x0C,0x62,0x00,0x00,0x0B,0x00,0x06,0x20,0x00,0x00,0x81,0x0C,0x00,0x00,
	0x18,0x88,0x00,0x00,0x83,0x20,0x01,0x00,0xC0,0x0E,0x00,0x10,0x60,0x00,0x00,0x40,0x00,0x02,0x8B,0x01,
	0x00,0x00,0x04,0x00,0x00,0x04,0x80,0x00,0x0C,0x80,0x00,0x08,0x80,0x00,0x0C,0x00,0x00,0x08,0x80,0x00,
	0x08,0xC0,0x00,0x00,0x60,0x00,0x00,0x20,0x00,0x0C,0x00,0x00,0x08,0x80,0x00,0x00,0x80,0x20,0x00,0x00,
	0x05,0x85,0x01,0x00,0x00,0x04,0x00,0x00,0x04,0x00,0x00,0x04,0x00,0x00,0x04,0x00,0x00,0x04,0x00,0x00,
	0x03,0x81,0x0C,0x00,0x00,0x00,0x80,0x00,0x09,0x80,0x00,0x08,0x00,0x06,0x80,0x01,0x00,0x00,0x0A,0x80,
	0x00,0x08,0x00,0x30,0xA4,0x00,0xB7,0x00,0x70,0x7D,0x00,0xC0,0x7F,0x00,0x68,0x70,0x00,0x10,0x40,0x00,
	0x0A,0x80,0x00,0x0C,0x00,0x00,0x08,0x38,0x00,0x04,0x43,0x02,0x00,0x68,0x00,0x01,0x29,0x00,0x0E,0x77,
	0x00,0x05,0x6C,0x04,0x1F,0x33,0x04,0x0A,0x0D,0x00,0x18,0x61,0x00,0x10,0x64,0x00,0x11,0x00,0x00,0x1C,
	0x08,0x00,0x1A,0x00,0x00,0x80,0x13,0x00,0x10,0x05,0x00,0x30,0x38,0x00,0x18,0x20,0x00,0x04,0x40,0x00,
	0x06,0x00,0x00,0x04,0x80,0x00,0x04,0x80,0x00,0x04,0xA0,0x00,0x00,0xA8,0x00,0x00,0xE8,0x00,0x04,0x78,
	0x00,0x04,0x60,0x00,0x06,0x14,0x00,0x04,0x2E,0x00,0x08,0x62,0x00,0x08,0x04,0x00,0x00,0x95,0x0C,0x08,
	0x00,0x06,0x00,0x00,0x00,0x01,0x00,0xD0,0x0E,0x00,0x20,0x30,0x00,0x08,0x00,0x00,0x0C,0x00,0x00,0x04,
	0x00,0x00,0x04,0x00,0x00,0x04,0x80,0x00,0x04,0x80,0x00,0x04,0x80,0x00,0x04,0x00,0x00,0x04,0x40,0x00,
	0x00,0x40,0x00,0x06,0x40,0x00,0x04,0x60,0x00,0x08,0x20,0x00,0x08,0x00,0x00,0x08,0x00,0x00,0x08,0x00,
	0x00,0x04,0x00,0x00,0x00,0x80,0x10,0x00,0x00,0x0A,0x81,0x02,0x00,0x00,0x04,0x00,0x00,0x00,0x81,0x08,
	0x00,0x00,0x08,0x00,0x00,0x01,0xBB,0x79,0xD0,0x04,0x45,0x49,0x02,0x0D,0x44,0x02,0x90,0x8C,0x03,0x04,
	0x24,0x06,0xD0,0xAD,0x04,0x39,0x23,0x05,0x19,0x59,0x03,0x82,0x0C,0x05,0xFD,0x28,0x03,0x0F,0x80,0x06,
	0x04,0x13,0x01,0x36,0x54,0x04,0x20,0x68,0x06,0x24,0x80,0x06,0x0D,0xAC,0x07,0x3D,0xEA,0x07,0x09,0x5C,
	0x06,0x34,0x94,0x01,0x20,0x54,0x04,0x33,0xEA,0x00,0x07,0xF9,0x02,0x12,0x56,0x07,0x3D,0xFB,0x02,0xBD,
	0x78,0x00,0x19,0xAA,0x00,0xB5,0xA4,0x05,0xA7,0x66,0x01,0xA5,0x54,0x02,0xC4,0xF0,0x06,0x45,0x79,0x07,
	0x31,0xE0,0x06,0x12,0xA0,0x03,0x02,0x34,0x04,0x05,0xDC,0x06,0x34,0xD0,0x02,0x0A,0xD4,0x04,0x06,0xF0,
	0x05,0x1E,0x38,0x03,0x7E,0xF8,0x06,0x40,0xEA,0x00,0x82,0x6E,0x00,0xE0,0x5F,0x01,0xF9,0xDC,0x00,0x7D,
	0x18,0x00,0x5D,0xD0,0x00,0x7D,0xD8,0x04,0x7D,0x18,0x04,0x7C,0x10,0x02,0x3D,0x80,0x04,0x3C,0x80,0x00,
	0x1D,0x40,0x01,0x1C,0x40,0x00,0x1C,0xC0,0x07,0x1B,0xE0,0x01,0x17,0xE0,0x01,0x15,0xE0,0x07,0x11,0xE0,
	0x06,0x05,0x20,0x00,0x03,0xE0,0x05,0x00,0x86,0x02,0x00,0x00,0x00,0x00,0x01,0x01,0x00,0x00,0x01,0x00,
	0x00,0x21,0x00,0x00,0x01,0x00,0x00,0x01,0x00,0x00,0x00,0x80,0x01,0x00,0x00,0x02,0x85,0x00,0x00,0x06,
	0x02,0x00,0x00,0x06,0x00,0x00,0x06,0x00,0x00,0x06,0x00,0x00,0x02,0xC0,0x00,0x00,0x00,0x8A,0x00,0x02,
	0x00,0x04,0x00,0x00,0x00,0x1D,0x01,0x80,0x0C,0x00,0x80,0x02,0x00,0x80,0x08,0x00,0x40,0x02,0x00,0x00,
	0x91,0x00,0x04,0x25,0x00,0x00,0x81,0x00,0x30,0x81,0x00,0x00,0x86,0x08,0x80,0x06,0x20,0x80,0x00,0x24,
	0x80,0x00,0x10,0x80,0x00,0x20,0x00,0x00,0x00,0x80,0x00,0x40,0x00,0x03,0x00,0x8C,0x00,0x02,0x00,0x04,
	0x00,0x00,0x00,0x17,0x00,0x00,0x08,0x00,0x80,0x02,0x00,0x00,0x08,0x00,0x80,0x02,0x00,0x00,0x89,0x00,
	0x04,0x45,0x00,0x00,0x01,0x00,0x00,0x80,0x00,0x20,0x80,0x00,0x20,0x80,0x06,0x00,0x80,0x04,0x00,0x00,
	0x01,0x81,0x00,0x80,0x00,0x00,0x80,0x03,0x02,0x80,0x00,0x04,0x00,0x01,0x82,0x00,0x08,0x00,0x80,0x00,
	0x00,0x00,0x90,0x00,0x01,0x83,0x00,0x80,0x00,0x00,0x80,0x00,0x00,0x00,0x04,0x20,0x00,0x00,0x03,0x80,
	0x00,0x00,0x03,0x0C,0x80,0x00,0x00,0x04,0x05,0x00,0x80,0x00,0x80,0x00,0x00,0x8A,0x94,0x00,0x00,0x00,
	0x0B,0x00,0x80,0x08,0x00,0x80,0x00,0x00,0x40,0x08,0x00,0x00,0x3C,0x00,0x80,0xC1,0x00,0x40,0x05,0x00,
	0x00,0x80,0x00,0x20,0x80,0x00,0x20,0x80,0x02,0x00,0x84,0x04,0x00,0x00,0x20,0x80,0x00,0x10,0x00,0x00,
	0x00,0x10,0x00,0x60,0x10,0x00,0x01,0x82,0x00,0x06,0x00,0x80,0x0C,0x00,0x80,0x0C,0x00,0x00,0x84,0x80,
	0x00,0x00,0x00,0x09,0x00,0x00,0x24,0x00,0x00,0x01,0x00,0x40,0x00,0x00,0x00,0x81,0x20,0x80,0x00,0x20,
	0x00,0x02,0x00,0x83,0x04,0x00,0x00,0x20,0x00,0x00,0x10,0x80,0x00,0x00,0x80,0x00,0x04,0x80,0x80,0x08,
	0x00,0x00,0x81,0x80,0x00,0x00,0x00,0x08,0x00,0x03,0x81,0x20,0x00,0x00,0x20,0x00,0x00,0x02,0x81,0x10,
	0x00,0x00,0x00,0x80,0x00,0x14,0x01,0x81,0x00,0x1B,0x00,0x00,0x08,0x00,0x00,0x87,0x90,0x00,0x00,0x80,
	0x05,0x00,0x00,0x15,0x00,0x00,0x20,0x00,0x80,0x01,0x00,0x60,0x80,0x00,0x00,0x82,0x00,0x00,0x80,0x01,
	0x01,0x84,0x00,0x08,0x00,0x00,0x80,0x00,0x00,0x80,0x00,0x20,0x10,0x00,0x20,0x10,0x00,0x01,0x80,0x00,
	0x19,0x00,0x00,0x88,0x80,0x00,0x00,0x90,0x00,0x00,0x00,0x05,0x00,0x00,0x1D,0x00,0x00,0x40,0x00,0x80,
	0x00,0x00,0x20,0x80,0x00,0x00,0x80,0x00,0x00,0x00,0x01,0x02,0x82,0x00,0x80,0x00,0x00,0x80,0x00,0x20,
	0x00,0x00,0x02,0x81,0x00,0x1F,0x00,0x00,0x08,0x00,0x00,0x80,0x90,0x00,0x00,0x00,0x80,0x00,0x11,0x00,
	0x01,0x80,0x20,0x00,0x00,0x00,0x80,0x00,0x00,0x01,0x03,0x80,0x00,0x80,0x00,0x06,0x80,0x10,0x00,0x00,
	0x0D,0x0D,0x80,0x00,0x00,0x01,0x40,0x00,0x88,0x00,0x02,0x00,0x00,0x06,0x00,0x00,0x05,0x00,0x00,0x1D,
	0x00,0x10,0x01,0x00,0x00,0x09,0x00,0x20,0x00,0x00,0x00,0x49,0x00,0xC0,0x84,0x00,0x00,0x80,0x00,0x02,
	0x00,0x00,0x86,0x00,0x08,0x00,0x00,0x00,0x01,0x00,0x08,0x00,0x20,0x80,0x00,0x10,0x00,0x00,0x80,0x80,
	0x00,0x40,0x80,0x06,0x00,0x84,0x00,0x02,0x00,0x00,0x08,0x00,0x00,0x01,0x00,0x00,0x1D,0x00,0x10,0x01,
	0x00,0x00,0x82,0x20,0x10,0x00,0x00,0x01,0x00,0x00,0x84,0x00,0x02,0x81,0x00,0x00,0x01,0x00,0x00,0x01,
	0x00,0x83,0x20,0x00,0x00,0x10,0x00,0x00,0x40,0x80,0x00,0x00,0x00,0x06,0x04,0x80,0x10,0x00,0x00,0x0A,
	0x82,0x10,0x00,0x00,0x00,0x80,0x00,0x00,0x00,0x06,0x04,0x80,0x10,0x00,0x00,0x0D,0x00,0x82,0x00,0x8E,
	0x00,0x00,0x08,0x00,0x00,0x03,0x00,0x01,0x82,0x00,0x01,0x00,0x00,0x20,0x00,0x60,0x89,0x01,0x00,0x83,
	0x00,0x00,0x04,0x04,0x88,0x00,0x20,0x08,0x00,0x20,0x08,0x00,0x00,0x84,0x20,0x00,0x00,0x50,0x00,0x00,
	0x40,0x00,0x02,0x60,0x80,0x00,0x20,0x82,0x05,0x00,0x80,0x00,0x08,0x00,0x00,0x80,0x00,0x10,0x00,0x01,
	0x80,0x00,0x01,0x00,0x00,0x81,0xE0,0x00,0x01,0x40,0x00,0x00,0x01,0x81,0x20,0x00,0x00,0x20,0x00,0x00,
	0x02,0x80,0xA0,0x00,0x02,0x00,0x80,0x00,0x80,0x05,0x00,0x80,0x00,0x0C,0x00,0x00,0x80,0x00,0x10,0x00,
	0x01,0x80,0x00,0x01,0x00,0x00,0x80,0x40,0x00,0x01,0x02,0x81,0x20,0x00,0x00,0x20,0x00,0x00,0x02,0x80,
	0x00,0x00,0x02,0x00,0x80,0x00,0x00,0x05,0x13,0x00,0x91,0x00,0x0E,0x00,0x00,0x10,0x00,0x00,0x1C,0x00,
	0x00,0x11,0x00,0x00,0x01,0x00,0x00,0x01,0x00,0x00,0x11,0x00,0xC0,0x00,0x00,0x20,0x00,0x00,0x20,0x18,
	0x01,0x30,0x98,0x00,0x20,0x08,0x01,0x20,0x00,0x01,0x60,0x00,0x00,0x40,0x00,0x01,0x40,0x80,0x00,0x10,
	0x00,0x00,0x80,0x00,0x04,0x01,0x80,0x00,0x02,0x00,0x00,0x80,0x00,0x0C,0x00,0x01,0x81,0x00,0x01,0x00,
	0x00,0x01,0x00,0x01,0x80,0x00,0x00,0x01,0x02,0x80,0x20,0x00,0x00,0x00,0x82,0x20,0x80,0x00,0xC0,0x00,
	0x00,0x00,0x00,0x04,0x01,0x80,0x00,0x02,0x00,0x03,0x81,0x00,0x01,0x00,0x00,0x01,0x00,0x01,0x80,0x00,
	0x00,0x01,0x02,0x80,0x20,0x00,0x00,0x00,0x80,0x00,0x80,0x00,0x00,0x80,0x00,0x00,0x04,0x14,0x00,0x80,
	0x00,0x1C,0x00,0x00,0x80,0x00,0x05,0x00,0x02,0x8C,0x00,0x11,0x00,0x40,0x84,0x00,0x00,0x10,0x00,0x20,
	0x08,0x01,0x20,0x12,0x00,0x20,0x00,0x01,0x08,0x00,0x00,0x20,0x00,0x01,0x60,0x00,0x00,0x40,0x80,0x01,
	0x10,0x80,0x00,0x00,0x82,0x00,0x00,0x80,0x00,0x00,0x80,0x00,0x1C,0x00,0x00,0x80,0x00,0x05,0x00,0x03,
	0x8A,0x40,0x04,0x00,0x20,0x00,0x00,0x20,0x00,0x01,0x20,0x00,0x00,0x20,0x00,0x00,0x20,0x00,0x00,0x20,
	0x00,0x00,0x20,0x00,0x00,0x00,0x80,0x01,0x00,0x80,0x00,0x00,0x80,0x00,0x01,0x80,0x00,0x10,0x00,0x00,
	0x80,0x00,0x01,0x00,0x04,0x81,0x20,0x00,0x00,0x00,0x00,0x01,0x04,0x81,0x00,0x80,0x01,0x00,0x80,0x00,
	0x15,0x00,0x81,0x00,0x1C,0x00,0x00,0x02,0x04,0x03,0x8C,0x98,0x30,0x00,0x30,0x40,0x00,0x36,0x80,0x00,
	0x20,0x00,0x00,0x20,0x00,0x00,0x30,0x00,0x00,0x90,0x00,0x00,0x54,0x00,0x00,0x24,0x00,0x00,0x40,0x00,
	0x00,0x40,0x00,0x00,0x40,0x02,0x00,0x60,0x00,0x04,0x00,0x80,0x00,0x1C,0x00,0x04,0x82,0x80,0x10,0x00,
	0x10,0x00,0x00,0x24,0x80,0x00,0x04,0x81,0x14,0x00,0x00,0x40,0x00,0x00,0x01,0x80,0x00,0x00,0x04,0x00,
	0x80,0x00,0x10,0x00,0x04,0x81,0x80,0x00,0x00,0x10,0x00,0x00,0x03,0x81,0x10,0x00,0x00,0x10,0x00,0x00,
	0x03,0x80,0x00,0x00,0x04,0x13,0x09,0x80,0x00,0x00,0x01,0x12,0x80,0x00,0x00,0x01,0x12,0x80,0x00,0x00,
	0x01,0x1C,0x84,0x00,0x10,0x00,0x00,0x06,0x00,0x04,0x02,0x00,0x14,0x08,0x00,0x80,0x00,0x00,0x01,0x90,
	0x00,0x11,0x00,0x20,0x20,0x01,0x20,0xB0,0x00,0x18,0xB0,0x00,0x08,0x80,0x00,0x00,0x80,0x00,0x98,0x01,
	0x00,0x18,0x00,0x00,0x00,0x00,0x01,0x50,0x00,0x01,0x41,0x00,0x00,0x60,0x80,0x04,0x50,0x80,0x04,0x00,
	0x10,0x00,0x00,0x02,0x00,0x04,0x00,0x00,0x00,0x08,0x00,0x03,0x80,0x20,0x40,0x01,0x00,0x81,0x10,0x80,
	0x00,0x18,0x80,0x00,0x00,0x80,0x08,0x00,0x01,0x00,0x86,0x10,0x00,0x01,0x40,0x80,0x01,0x40,0x00,0x00,
	0x40,0x80,0x04,0x40,0x00,0x04,0x00,0x10,0x00,0x00,0x02,0x00,0x05,0x80,0x20,0x00,0x01,0x00,0x83,0x10,
	0x00,0x00,0x08,0x00,0x00,0x10,0x00,0x00,0x08,0x00,0x00,0x00,0x81,0x10,0x00,0x00,0x00,0x00,0x01,0x00,
	0x81,0x00,0x00,0x04,0x00,0x00,0x04,0x13,0x83,0x02,0x00,0x00,0x04,0x0C,0x00,0x00,0x10,0x00,0x00,0x11,
	0x00,0x00,0x80,0x00,0x01,0x00,0x00,0x8C,0x80,0x09,0x00,0x00,0x05,0x00,0x00,0x24,0x00,0x10,0x80,0x05,
	0x10,0x22,0x00,0x0A,0x00,0x01,0x00,0x80,0x01,0x08,0x00,0x01,0x18,0x00,0x01,0x44,0x00,0x00,0x40,0xC0,
	0x02,0x40,0x80,0x00,0x40,0x82,0x02,0x00,0x80,0x04,0x04,0x00,0x00,0x80,0x00,0x01,0x00,0x02,0x86,0x80,
	0x08,0x00,0x00,0x04,0x00,0x00,0x04,0x00,0x00,0x00,0x01,0x00,0x80,0x00,0x18,0x80,0x01,0x08,0x00,0x00,
	0x00,0x82,0x18,0x00,0x01,0x04,0x00,0x00,0x00,0x80,0x02,0x00,0x80,0x00,0x80,0x02,0x00,0x80,0x00,0x04,
	0x00,0x00,0x80,0x00,0x01,0x00,0x02,0x80,0x80,0x00,0x00,0x01,0x82,0x00,0x00,0x01,0x10,0x80,0x00,0x08,
	0x00,0x01,0x00,0x83,0x08,0x00,0x00,0x08,0x00,0x00,0x04,0x00,0x00,0x00,0x80,0x02,0x00,0x80,0x00,0x00,
	0x02,0x13,0x84,0x00,0x10,0x00,0x00,0x0E,0x00,0x00,0x08,0x04,0x00,0x11,0x00,0x00,0x11,0x00,0x00,0x8F,
	0x00,0x08,0x00,0x02,0x08,0x00,0x00,0x20,0x00,0x10,0x40,0x00,0x10,0x20,0x00,0x10,0x40,0x00,0x04,0x80,
	0x00,0x85,0x81,0x02,0x08,0x00,0x00,0x18,0x00,0x01,0x20,0x00,0x00,0x22,0x00,0x01,0x04,0xC0,0x02,0x20,
	0x80,0x01,0x00,0x10,0x00,0x00,0x08,0x00,0x00,0x80,0x00,0x10,0x00,0x03,0x82,0x00,0x20,0x00,0x10,0x00,
	0x00,0x10,0x00,0x00,0x00,0x82,0x00,0x80,0x00,0x01,0x80,0x02,0x00,0x00,0x01,0x01,0x84,0x00,0x40,0x01,
	0x00,0x80,0x02,0x00,0x00,0x01,0x00,0x10,0x00,0x00,0x08,0x00,0x00,0x80,0x00,0x10,0x00,0x04,0x80,0x10,
	0x00,0x00,0x01,0x81,0x00,0x80,0x00,0x01,0x00,0x00,0x02,0x82,0x00,0x00,0x01,0x00,0x80,0x02,0x00,0x00,
	0x01,0x13,0x00,0x88,0x00,0x04,0x00,0x20,0x08,0x00,0x02,0x13,0x01,0x00,0x11,0x00,0x00,0x05,0x00,0x00,
	0x05,0x00,0x00,0x0C,0x00,0x00,0x94,0x00,0x01,0x41,0x04,0x00,0x86,0x00,0x62,0x00,0x00,0x00,0x02,0x82,
	0xC0,0x04,0x00,0x80,0x04,0x08,0x80,0x04,0x30,0x00,0x00,0x20,0x20,0x00,0x00,0x80,0x00,0x40,0x01,0x00,
	0x88,0x00,0x04,0x00,0x20,0x08,0x00,0x02,0x01,0x00,0x00,0x11,0x00,0x00,0x05,0x00,0x00,0x04,0x00,0x00,
	0x0C,0x00,0x00,0x84,0x00,0x00,0x40,0x04,0x01,0x87,0x00,0x40,0x02,0x00,0x00,0x04,0x00,0x00,0x04,0x08,
	0x00,0x00,0x30,0x80,0x00,0x20,0x00,0x00,0x20,0x40,0x00,0x20,0x40,0x01,0x06,0x82,0x00,0x08,0x00,0x00,
	0x80,0x00,0x00,0x00,0x04,0x02,0x80,0x00,0x00,0x04,0x01,0x80,0x10,0x00,0x00,0x01,0x80,0x00,0x00,0x01,
	0x0C,0x80,0x00,0x00,0x04,0x05,0x85,0x30,0x00,0x00,0x00,0x80,0x00,0x00,0x0F,0x00,0x80,0x0C,0x00,0x80,
	0x0C,0x00,0x80,0x08,0x00,0x00,0x8B,0x00,0x10,0x00,0x20,0x34,0x00,0x10,0x00,0x00,0x00,0x40,0x00,0x00,
	0x02,0x00,0x00,0x40,0x00,0x00,0x20,0x01,0x48,0x00,0x03,0x00,0x80,0x00,0x28,0x00,0x00,0x30,0x00,0x00,
	0x00,0x60,0x00,0x00,0x80,0x30,0x00,0x00,0x01,0x82,0x80,0x08,0x00,0x80,0x0C,0x00,0x80,0x00,0x00,0x00,
	0x81,0x00,0x10,0x00,0x20,0x14,0x00,0x02,0x86,0x00,0x40,0x00,0x08,0x00,0x01,0x00,0x80,0x01,0x00,0x80,
	0x00,0x18,0x00,0x00,0x10,0x00,0x00,0x00,0x40,0x00,0x00,0x80,0x30,0x00,0x00,0x03,0x80,0x80,0x00,0x00,
	0x00,0x81,0x00,0x10,0x00,0x20,0x00,0x00,0x03,0x81,0x00,0x00,0x01,0x00,0x00,0x01,0x00,0x82,0x08,0x00,
	0x00,0x10,0x00,0x00,0x00,0x40,0x00,0x14,0x4F,0x80,0x20,0x00,0x00,0x00,0x92,0x00,0x0A,0x00,0x00,0x01,
	0x00,0x00,0x0E,0x00,0x00,0x04,0x04,0x80,0x09,0x00,0x12,0x01,0x04,0xE0,0x18,0x04,0x11,0x44,0x00,0x00,
	0x01,0x00,0x00,0x40,0x00,0x0C,0x00,0x00,0x0E,0x30,0x00,0x40,0x00,0x00,0x28,0x80,0x00,0x10,0x00,0x00,
	0x00,0x80,0x00,0x14,0x00,0x01,0x10,0x22,0x00,0x20,0x00,0x00,0x00,0x87,0x00,0x0E,0x00,0x00,0x08,0x00,
	0x80,0x06,0x00,0x00,0x04,0x00,0x00,0x09,0x00,0x00,0x01,0x04,0x40,0x00,0x04,0x00,0x04,0x00,0x01,0x83,
	0x08,0x00,0x00,0x08,0x00,0x00,0x08,0x00,0x00,0x08,0x00,0x00,0x00,0x83,0x00,0x80,0x00,0x00,0x20,0x01,
	0x00,0x20,0x00,0x20,0x00,0x00,0x00,0x82,0x00,0x08,0x00,0x00,0x08,0x00,0x80,0x00,0x00,0x00,0x81,0x00,
	0x08,0x00,0x00,0x00,0x04,0x03,0x81,0x08,0x00,0x00,0x08,0x00,0x00,0x02,0x81,0x00,0x80,0x00,0x00,0x00,
	0x01,0x07,0x80,0x00,0x00,0x04,0x0B,0x89,0x10,0x00,0x00,0x00,0x22,0x00,0x00,0x17,0x00,0x02,0x04,0x00,
	0x80,0x00,0x00,0x80,0x00,0x00,0x80,0x02,0x00,0x00,0x04,0x00,0xD0,0x10,0x00,0x11,0x20,0x00,0x00,0x8D,
	0x00,0x02,0x00,0x04,0x00,0x00,0x00,0x18,0x00,0x08,0x40,0x00,0x30,0x80,0x00,0x10,0x40,0x00,0x18,0x00,
	0x00,0x14,0x20,0x00,0x10,0x00,0x00,0x10,0x00,0x00,0x00,0x02,0x00,0x00,0x10,0x00,0x82,0x08,0x00,0x00,
	0x08,0x00,0x00,0x80,0x80,0x02,0x00,0x00,0x81,0x90,0x18,0x00,0x30,0x00,0x00,0x03,0x81,0x08,0x00,0x00,
	0x00,0x80,0x00,0x00,0x83,0x18,0x00,0x00,0x10,0x20,0x00,0x10,0x00,0x00,0x10,0x00,0x00,0x00,0x82,0x00,
	0x14,0x00,0x80,0x00,0x00,0x00,0x08,0x00,0x00,0x80,0x80,0x00,0x00,0x00,0x81,0x10,0x10,0x00,0x10,0x00,
	0x00,0x03,0x81,0x08,0x00,0x00,0x00,0x80,0x00,0x00,0x81,0x08,0x00,0x00,0x00,0x20,0x00,0x14,0x00,0x8C,
	0x00,0x00,0x01,0x00,0x06,0x02,0x80,0x04,0x00,0x80,0x0A,0x00,0x80,0x00,0x00,0x80,0x00,0x00,0x80,0x02,
	0x00,0x00,0x04,0x04,0x41,0x00,0x00,0x00,0x41,0x00,0x00,0x42,0x00,0x0C,0x00,0x00,0x00,0x08,0x00,0x00,
	0x83,0x18,0x00,0x00,0x08,0x00,0x00,0x18,0x00,0x00,0x10,0x10,0x00,0x02,0x83,0x00,0x00,0x02,0x00,0x04,
	0x00,0x80,0x0A,0x00,0x80,0x00,0x00,0x00,0x85,0x80,0x02,0x00,0x00,0x0C,0x04,0x20,0x00,0x00,0x00,0x41,
	0x00,0x00,0x40,0x00,0x08,0x00,0x00,0x08,0x80,0x00,0x02,0x00,0x03,0x82,0x80,0x00,0x00,0x00,0x08,0x00,
	0x20,0x00,0x00,0x01,0x80,0x08,0x00,0x00,0x1A,0x8D,0x30,0x00,0x00,0x00,0x20,0x00,0x00,0x01,0x00,0x00,
	0x02,0x00,0x00,0x01,0x00,0x40,0x00,0x00,0x80,0x90,0x00,0x80,0x20,0x00,0x00,0x08,0x04,0x80,0x24,0x00,
	0x10,0x42,0x00,0x00,0x02,0x00,0x0C,0x40,0x00,0x00,0x44,0x00,0x01,0x81,0x08,0x00,0x00,0x10,0x00,0x00,
	0x00,0x81,0x08,0x00,0x00,0x30,0x00,0x00,0x00,0x81,0x00,0x01,0x00,0x00,0x04,0x00,0x01,0x84,0x80,0x80,
	0x00,0x00,0x20,0x00,0x00,0x08,0x04,0x00,0x20,0x00,0x10,0x02,0x00,0x00,0x81,0x08,0x40,0x00,0x00,0x40,
	0x00,0x01,0x80,0x08,0x00,0x00,0x02,0x80,0x30,0x00,0x00,0x00,0x81,0x00,0x01,0x00,0x00,0x04,0x00,0x02,
	0x80,0x00,0x20,0x00,0x03,0x80,0x08,0x00,0x00,0x1A,0x80,0x20,0x80,0x00,0x01,0x8D,0x00,0x0F,0x00,0x80,
	0x06,0x00,0x00,0x8C,0x00,0x00,0x06,0x00,0x80,0x00,0x00,0x80,0x04,0x00,0x00,0x30,0x00,0x80,0x00,0x00,
	0x00,0x41,0x00,0x08,0x40,0x00,0x08,0x40,0x00,0x08,0x40,0x00,0x18,0x00,0x00,0x08,0x00,0x00,0x00,0x82,
	0x10,0x00,0x00,0x08,0x00,0x00,0x20,0x80,0x00,0x01,0x85,0x00,0x02,0x00,0x00,0x04,0x00,0x00,0x0C,0x00,
	0x00,0x02,0x00,0x80,0x00,0x00,0x80,0x00,0x00,0x02,0x82,0x08,0x00,0x00,0x08,0x00,0x00,0x08,0x40,0x00,
	0x00,0x80,0x08,0x00,0x00,0x02,0x80,0x20,0x80,0x00,0x03,0x80,0x00,0x08,0x00,0x05,0x82,0x08,0x00,0x00,
	0x08,0x00,0x00,0x08,0x00,0x00,0x18,0x06,0x80,0x08,0x00,0x00,0x03,0x80,0x04,0x00,0x00,0x42,0x80,0x00,
	0x80,0x00,0x01,0x82,0x80,0x02,0x00,0x00,0x04,0x00,0x00,0x41,0x00,0x00,0x8B,0x00,0x08,0x00,0x00,0x06,
	0x00,0x01,0x10,0x00,0x90,0x21,0x02,0x08,0x00,0x00,0x04,0x00,0x00,0x06,0x04,0x00,0x00,0x48,0x00,0x18,
	0x00,0x00,0x18,0x00,0x00,0x08,0x20,0x00,0x08,0x00,0x00,0x00,0x80,0x00,0x80,0x00,0x03,0x80,0x00,0x01,
	0x00,0x01,0x82,0x00,0x06,0x00,0x00,0x18,0x00,0x90,0x01,0x02,0x00,0x85,0x08,0x00,0x00,0x08,0x00,0x00,
	0x08,0x00,0x00,0x08,0x00,0x00,0x08,0x00,0x00,0x08,0x00,0x00,0x01,0x80,0x00,0x80,0x00,0x06,0x80,0x00,
	0x04,0x00,0x1E,0x00,0x80,0x00,0x04,0x00,0x00,0x80,0x80,0x03,0x00,0x01,0x8C,0x40,0x04,0x00,0x40,0x01,
	0x00,0x00,0x40,0x00,0x00,0x14,0x00,0x00,0x42,0x00,0x00,0x60,0x00,0x08,0xA1,0x05,0x08,0x20,0x00,0x08,
	0x38,0x00,0x0E,0x00,0x00,0x09,0x40,0x00,0x08,0x00,0x00,0x00,0xA0,0x00,0x03,0x80,0x80,0x03,0x00,0x01,
	0x85,0x40,0x04,0x00,0x40,0x01,0x00,0x00,0x40,0x00,0x00,0x08,0x00,0x00,0x22,0x00,0x08,0x00,0x00,0x02,
	0x81,0x00,0x40,0x00,0x00,0x40,0x00,0x00,0x80,0x00,0xA0,0x00,0x03,0x80,0x80,0x02,0x00,0x01,0x83,0x40,
	0x04,0x00,0x40,0x00,0x00,0x00,0x40,0x00,0x00,0x08,0x00,0x07,0x80,0x00,0xA0,0x00,0x14,0x02,0x84,0x82,
	0x13,0x00,0x00,0x06,0x00,0x00,0x03,0x00,0x00,0x04,0x00,0x00,0x02,0x02,0x00,0x87,0xC0,0x0A,0x00,0x88,
	0x08,0x00,0x82,0x00,0x02,0x00,0x20,0x00,0x04,0x21,0x00,0x40,0x10,0x00,0x00,0x60,0x00,0x00,0x40,0x00,
	0x00,0x81,0x08,0x10,0x00,0x08,0x00,0x00,0x02,0x84,0x02,0x11,0x00,0x00,0x04,0x00,0x00,0x01,0x00,0x00,
	0x04,0x00,0x00,0x02,0x00,0x00,0x89,0x40,0x06,0x00,0x88,0x10,0x00,0x02,0x20,0x02,0x00,0x20,0x00,0x04,
	0x20,0x00,0x04,0x20,0x00,0x04,0x00,0x00,0x04,0x00,0x00,0x04,0x00,0x00,0x08,0x20,0x00,0x03,0x81,0x00,
	0x01,0x00,0x00,0x04,0x00,0x00,0x80,0x00,0x04,0x00,0x02,0x81,0x08,0x00,0x00,0x02,0x00,0x00,0x00,0x82,
	0x04,0x00,0x00,0x04,0x00,0x00,0x04,0x00,0x00,0x17,0x80,0x20,0x00,0x00,0x00,0x82,0x00,0x08,0x00,0x80,
	0x01,0x00,0x80,0x04,0x00,0x01,0x8D,0x40,0x05,0x00,0x40,0x08,0x02,0x80,0x00,0x03,0x44,0x1E,0x00,0x04,
	0x11,0x00,0x81,0x20,0x00,0x80,0x20,0x00,0xC4,0x20,0x00,0x00,0x60,0x00,0x04,0x00,0x00,0x06,0x40,0x00,
	0x00,0xA0,0x00,0x00,0x10,0x00,0x20,0x00,0x00,0x01,0x80,0x80,0x01,0x00,0x02,0x81,0x00,0x05,0x00,0x00,
	0x00,0x02,0x00,0x86,0x04,0x08,0x00,0x04,0x01,0x00,0x05,0x00,0x00,0x04,0x00,0x00,0x04,0x20,0x00,0x04,
	0x20,0x00,0x00,0x40,0x00,0x00,0x80,0x00,0xC0,0x00,0x00,0x80,0x20,0x00,0x00,0x05,0x81,0x00,0x04,0x00,
	0x00,0x00,0x02,0x00,0x82,0x04,0x00,0x00,0x04,0x00,0x00,0x05,0x00,0x00,0x00,0x80,0x00,0x20,0x00,0x02,
	0x80,0x00,0xC0,0x00,0x14,0x03,0x8B,0x00,0x02,0x00,0x00,0x01,0x00,0x00,0x02,0x00,0x08,0x00,0x00,0x10,
	0x00,0x00,0x40,0x40,0x00,0x10,0x0A,0x00,0x00,0x10,0x00,0x04,0x50,0x00,0x00,0x01,0x00,0x04,0x20,0x00,
	0x00,0x60,0x00,0x00,0x82,0x02,0x00,0x00,0x14,0x80,0x00,0x10,0x00,0x00,0x03,0x80,0x00,0x02,0x00,0x02,
	0x81,0x10,0x00,0x00,0x40,0x40,0x00,0x00,0x81,0x00,0x10,0x00,0x04,0x00,0x00,0x00,0x80,0x00,0x20,0x00,
	0x00,0x83,0x02,0x20,0x00,0x00,0x40,0x00,0x04,0xC0,0x00,0x00,0x20,0x00,0x07,0x81,0x10,0x00,0x00,0x00,
	0x40,0x00,0x03,0x80,0x00,0x20,0x00,0x02,0x80,0x00,0x80,0x00,0x14,0x4F,0x04,0x81,0x00,0x04,0x00,0x00,
	0x04,0x00,0x01,0x82,0x20,0x00,0x00,0x08,0x04,0x00,0x04,0x10,0x01,0x00,0x82,0x84,0x11,0x02,0x42,0x30,
	0x00,0x02,0x10,0x02,0x00,0x82,0x00,0x40,0x00,0x00,0x40,0x00,0x00,0x72,0x00,0x05,0x80,0x00,0x04,0x00,
	0x01,0x82,0x20,0x00,0x00,0x00,0x04,0x00,0x00,0x00,0x01,0x01,0x81,0x02,0x20,0x00,0x02,0x00,0x00,0x09,
	0x80,0x00,0x04,0x00,0x01,0x80,0x20,0x00,0x00,0x00,0x80,0x00,0x00,0x01,0x01,0x81,0x02,0x20,0x00,0x02,
	0x00,0x00,0x17,0x02,0x84,0x80,0x00,0x00,0x00,0x02,0x00,0x40,0x05,0x02,0x00,0x06,0x00,0x02,0x03,0x00,
	0x01,0x80,0x08,0x06,0x00,0x01,0x81,0x00,0x01,0x00,0xC2,0x20,0x01,0x00,0x80,0x00,0x20,0x00,0x01,0x80,
	0x08,0x51,0x00,0x02,0x82,0x80,0x00,0x00,0x00,0x02,0x00,0x40,0x04,0x00,0x00,0x80,0x00,0x03,0x00,0x01,
	0x80,0x08,0x04,0x00,0x02,0x80,0x02,0x20,0x00,0x00,0x83,0x00,0x60,0x00,0x00,0x40,0x00,0x00,0x40,0x00,
	0x00,0x20,0x00,0x04,0x80,0x40,0x04,0x00,0x07,0x80,0x02,0x20,0x00,0x18,0x02,0x84,0x80,0x01,0x00,0xC0,
	0x00,0x00,0x40,0x04,0x00,0x40,0x04,0x00,0x10,0x00,0x00,0x00,0x82,0x88,0x42,0x00,0x00,0x04,0x00,0x04,
	0x10,0x00,0x00,0x80,0x00,0x00,0x04,0x01,0x83,0x00,0x10,0x00,0x00,0x30,0x00,0x04,0x30,0x00,0x00,0x20,
	0x00,0x02,0x81,0x00,0x01,0x00,0x40,0x00,0x00,0x00,0x80,0x00,0x04,0x00,0x01,0x82,0x20,0x42,0x00,0x00,
	0x08,0x00,0x04,0x00,0x00,0x03,0x83,0x00,0x20,0x00,0x00,0x20,0x00,0x04,0x20,0x00,0x08,0x18,0x00,0x03,
	0x80,0x40,0x00,0x00,0x03,0x80,0x00,0x40,0x00,0x1D,0x80,0x00,0x08,0x00,0x01,0x84,0x40,0x03,0x00,0x00,
	0x00,0x04,0x40,0x03,0x00,0x40,0x00,0x00,0x00,0x02,0x00,0x00,0x83,0x70,0x04,0x00,0xC8,0x19,0x00,0x00,
	0x11,0x00,0x80,0x00,0x00,0x01,0x85,0x12,0x08,0x00,0x02,0x10,0x00,0x02,0x10,0x00,0x08,0x00,0x00,0x04,
	0x08,0x00,0x00,0x08,0x00,0x01,0x83,0xC0,0x01,0x00,0x40,0x00,0x00,0x40,0x01,0x00,0x40,0x02,0x00,0x01,
	0x82,0x10,0x00,0x00,0x80,0x01,0x00,0x00,0x11,0x00,0x02,0x83,0x02,0x00,0x00,0x02,0x00,0x00,0x00,0x10,
	0x00,0x00,0x18,0x00,0x00,0x80,0x00,0x08,0x00,0x01,0x80,0xC0,0x01,0x00,0x04,0x80,0x10,0x00,0x00,0x04,
	0x80,0x02,0x00,0x00,0x17,0x01,0x88,0x80,0x00,0x00,0xC0,0x01,0x00,0x60,0x02,0x00,0x60,0x00,0x00,0x20,
	0x02,0x00,0x40,0x01,0x00,0xE0,0x08,0x00,0x90,0x0A,0x01,0x02,0x00,0x00,0x00,0x80,0x00,0x01,0x00,0x00,
	0x85,0x00,0x04,0x00,0x10,0x1C,0x00,0x12,0x00,0x00,0x00,0x18,0x00,0x00,0x08,0x00,0x04,0x00,0x00,0x01,
	0x88,0x80,0x00,0x00,0x80,0x01,0x00,0x20,0x02,0x00,0x20,0x02,0x00,0x00,0x02,0x00,0x40,0x01,0x00,0x40,
	0x00,0x00,0x00,0x0C,0x00,0x02,0x00,0x00,0x04,0x80,0x00,0x10,0x00,0x04,0x80,0x80,0x00,0x00,0x01,0x81,
	0x20,0x00,0x00,0x00,0x02,0x00,0x01,0x81,0x00,0x08,0x00,0x02,0x00,0x00,0x0D,0x80,0x20,0x00,0x00,0x0D,
	0x4F,0x94,0x00,0x80,0x00,0x00,0x20,0x00,0x00,0x01,0x00,0xC0,0x03,0x00,0xA0,0x03,0x00,0x20,0x07,0x00,
	0x20,0x00,0x00,0x04,0x00,0x00,0x20,0x02,0x00,0x18,0x00,0x00,0x04,0x00,0x00,0x80,0x10,0x00,0x00,0x10,
	0x00,0x00,0x02,0x00,0x02,0x14,0x00,0x00,0x14,0x00,0x02,0x10,0x00,0x10,0x00,0x00,0x00,0x01,0x00,0x04,
	0x00,0x00,0x00,0x80,0x00,0x00,0x84,0x00,0x01,0x00,0x40,0x02,0x00,0x20,0x00,0x00,0x20,0x07,0x00,0x20,
	0x00,0x00,0x00,0x81,0x20,0x06,0x00,0x18,0x08,0x00,0x00,0x81,0x00,0x10,0x00,0x00,0x10,0x00,0x00,0x80,
	0x02,0x00,0x00,0x01,0x80,0x00,0x08,0x00,0x00,0x81,0x04,0x00,0x00,0x00,0x80,0x00,0x00,0x83,0x00,0x01,
	0x00,0x00,0x02,0x00,0x20,0x00,0x00,0x00,0x02,0x00,0x01,0x81,0x20,0x04,0x00,0x08,0x00,0x00,0x03,0x80,
	0x02,0x00,0x00,0x18,0x01,0x82,0x40,0x08,0x00,0x60,0x02,0x00,0x20,0x03,0x00,0x01,0x87,0x20,0x00,0x00,
	0xC0,0x26,0x02,0x14,0x00,0x00,0x85,0x11,0x00,0x04,0x01,0x04,0x04,0x10,0x00,0x02,0x00,0x00,0x02,0x10,
	0x00,0x00,0x83,0x10,0x08,0x00,0x10,0x00,0x00,0x02,0x01,0x00,0x06,0x00,0x00,0x01,0x83,0xC0,0x01,0x00,
	0x00,0x02,0x00,0x20,0x03,0x00,0x20,0x00,0x00,0x01,0x83,0x20,0x0C,0x02,0x08,0x00,0x00,0x84,0x01,0x00,
	0x00,0x10,0x04,0x00,0x80,0x02,0x00,0x00,0x00,0x81,0x02,0x10,0x00,0x00,0x08,0x00,0x00,0x80,0x04,0x00,
	0x00,0x02,0x83,0x40,0x00,0x00,0x20,0x02,0x00,0x00,0x02,0x00,0x20,0x00,0x00,0x01,0x80,0x00,0x00,0x02,
	0x01,0x80,0x00,0x10,0x00,0x00,0x80,0x02,0x00,0x00,0x00,0x80,0x02,0x00,0x00,0x17,0x01,0x88,0xC0,0x03,
	0x00,0x21,0x00,0x00,0x09,0x00,0x00,0x08,0x04,0x00,0x20,0x00,0x00,0x21,0x00,0x00,0x6C,0x0C,0x02,0xC8,
	0x00,0x00,0x04,0x00,0x00,0x00,0x85,0x00,0x10,0x00,0x00,0x16,0x00,0x02,0x10,0x00,0x00,0x08,0x00,0x00,
	0x04,0x00,0x04,0x00,0x00,0x00,0x80,0x00,0x09,0x00,0x01,0x80,0x00,0x02,0x00,0x00,0x85,0x08,0x00,0x00,
	0x08,0x04,0x00,0x20,0x00,0x00,0x21,0x00,0x00,0x1C,0x08,0x02,0x84,0x00,0x00,0x01,0x83,0x02,0x10,0x00,
	0x02,0x10,0x00,0x02,0x10,0x00,0x02,0x00,0x00,0x0A,0x82,0x20,0x00,0x00,0x0C,0x08,0x02,0x04,0x00,0x00,
	0x01,0x80,0x02,0x10,0x00,0x1A,0x8F,0x80,0x00,0x00,0x80,0x05,0x00,0x70,0x00,0x00,0x20,0x11,0x00,0x00,
	0x03,0x00,0x70,0x00,0x00,0x1C,0x00,0x00,0x10,0x0E,0x00,0x10,0x00,0x00,0x82,0x08,0x00,0x00,0x09,0x00,
	0x80,0x00,0x04,0x02,0x08,0x00,0x02,0x1C,0x04,0x02,0x10,0x00,0x00,0x08,0x00,0x01,0x86,0x00,0x08,0x00,
	0x00,0x08,0x00,0x80,0x00,0x00,0x80,0x00,0x00,0x50,0x02,0x00,0x20,0x10,0x00,0x00,0x03,0x00,0x01,0x82,
	0x30,0x04,0x00,0x08,0x00,0x00,0x86,0x00,0x00,0x00,0x81,0x02,0x00,0x04,0x02,0x00,0x00,0x04,0x80,0x00,
	0x08,0x00,0x00,0x82,0x80,0x00,0x00,0x80,0x00,0x00,0x00,0x02,0x00,0x00,0x80,0x00,0x02,0x00,0x01,0x80,
	0x10,0x04,0x00,0x00,0x80,0x02,0x00,0x00,0x07,0x80,0x00,0x08,0x00,0x14,0x84,0x40,0x80,0x00,0xA0,0x22,
	0x00,0x48,0x04,0x00,0x80,0x08,0x00,0x00,0x00,0x04,0x00,0x83,0x20,0x00,0x00,0x30,0x00,0x04,0x4A,0x09,
	0x02,0x00,0x09,0x00,0x00,0x8A,0x02,0x08,0x04,0x02,0x00,0x00,0x00,0x28,0x00,0x80,0x30,0x00,0x00,0x10,
	0x00,0x06,0x00,0x00,0x00,0x0C,0x00,0x04,0x00,0x00,0x02,0x00,0x00,0x00,0x80,0x00,0x20,0x02,0x00,0x03,
	0x85,0x20,0x00,0x00,0x00,0x00,0x04,0x46,0x09,0x02,0x00,0x08,0x00,0x02,0x00,0x00,0x00,0x00,0x04,0x00,
	0x82,0x00,0x10,0x00,0x00,0x10,0x00,0x00,0x10,0x00,0x00,0x80,0x00,0x08,0x00,0x01,0x80,0x00,0x80,0x00,
	0x05,0x81,0x00,0x00,0x04,0x02,0x08,0x02,0x07,0x80,0x00,0x08,0x00,0x08,0x80,0x00,0x00,0x04,0x0B,0x06,
	0x80,0x08,0x00,0x00,0x12,0x80,0x08,0x00,0x00,0x12,0x80,0x08,0x00,0x00,0x1F,0x82,0x04,0x80,0x00,0x80,
	0x21,0x00,0x20,0x02,0x00,0x00,0x85,0x10,0x00,0x04,0x20,0x01,0x00,0x20,0x02,0x00,0x10,0x04,0x04,0x00,
	0x09,0x02,0x02,0x00,0x00,0x00,0x80,0x80,0x00,0x00,0x00,0x84,0x80,0x20,0x00,0x01,0x60,0x00,0x00,0xA0,
	0x02,0x04,0x00,0x00,0x04,0x10,0x00,0x00,0x83,0x04,0x00,0x00,0x00,0x80,0x00,0x80,0x01,0x00,0x20,0x00,
	0x00,0x00,0x81,0x10,0x00,0x00,0x00,0x01,0x00,0x00,0x81,0x10,0x04,0x04,0x00,0x01,0x02,0x03,0x84,0x00,
	0x10,0x00,0x00,0x20,0x00,0x00,0xE0,0x00,0x04,0x38,0x00,0x04,0x10,0x00,0x01,0x80,0x00,0x80,0x00,0x00,
	0x80,0x20,0x00,0x00,0x03,0x81,0x00,0x04,0x04,0x00,0x00,0x02,0x05,0x80,0x00,0x80,0x00,0x00,0x80,0x00,
	0x10,0x00,0x08,0x80,0x00,0x00,0x04,0x0B,0x84,0x04,0x00,0x00,0x80,0x21,0x00,0x00,0x02,0x00,0x00,0x08,
	0x00,0x20,0x00,0x00,0x01,0x83,0x00,0x0B,0x00,0x00,0x0C,0x00,0x02,0x08,0x00,0x02,0x00,0x00,0x00,0x86,
	0x01,0x00,0x00,0x01,0x00,0x00,0x81,0x50,0x01,0x01,0x80,0x00,0x00,0x3C,0x01,0x00,0x0C,0x00,0x04,0x30,
	0x00,0x01,0x80,0x80,0x01,0x00,0x04,0x82,0x00,0x01,0x00,0x00,0x08,0x00,0x02,0x00,0x00,0x03,0x80,0x01,
	0x20,0x00,0x00,0x82,0x00,0xC0,0x00,0x00,0x08,0x00,0x04,0x30,0x00,0x11,0x81,0x00,0x08,0x00,0x00,0x30,
	0x00,0x14,0x83,0x00,0x80,0x00,0x00,0x20,0x00,0x20,0x00,0x00,0x80,0x00,0x00,0x03,0x80,0x00,0x20,0x00,
	0x06,0x84,0x00,0x40,0x00,0x00,0x60,0x00,0x02,0x00,0x00,0x04,0x01,0x00,0x00,0x80,0x00,0x00,0x80,0x20,
	0x00,0x00,0x0A,0x80,0x00,0x10,0x00,0x01,0x80,0x00,0x30,0x00,0x00,0x81,0x04,0x00,0x00,0x00,0x80,0x00,
	0x00,0x80,0x20,0x00,0x00,0x0D,0x80,0x00,0x10,0x00,0x15,0x00,0x82,0x80,0x01,0x00,0x40,0x00,0x00,0x00,
	0x12,0x00,0x00,0x80,0x00,0x01,0x00,0x00,0x83,0x38,0x00,0x00,0x40,0x02,0x00,0x02,0x00,0x00,0x02,0x00,
	0x00,0x00,0x80,0x01,0x00,0x00,0x00,0x84,0x80,0x00,0x00,0x00,0xE0,0x00,0x06,0x00,0x01,0x04,0x08,0x00,
	0x02,0x88,0x00,0x03,0x80,0x00,0x12,0x00,0x00,0x80,0x00,0x01,0x00,0x00,0x82,0x18,0x00,0x00,0x40,0x00,
	0x00,0x02,0x00,0x00,0x04,0x83,0x00,0x40,0x00,0x04,0x00,0x00,0x00,0x10,0x00,0x00,0x88,0x00,0x03,0x80,
	0x00,0x02,0x00,0x02,0x80,0x08,0x00,0x00,0x09,0x80,0x00,0x88,0x00,0x14,0x01,0x87,0x00,0x02,0x00,0x00,
	0x12,0x00,0x10,0x03,0x00,0x40,0x00,0x00,0x00,0x01,0x00,0x00,0x00,0x04,0x04,0x00,0x00,0x00,0x09,0x00,
	0x01,0x81,0x00,0x08,0x00,0x80,0x00,0x00,0x00,0x84,0x00,0x80,0x00,0x06,0x00,0x00,0x04,0x6C,0x00,0x00,
	0x80,0x00,0x00,0x01,0x00,0x01,0x82,0x00,0x02,0x00,0x00,0x12,0x00,0x10,0x03,0x00,0x00,0x82,0x00,0x01,
	0x00,0x00,0x00,0x04,0x04,0x00,0x00,0x05,0x83,0x00,0x80,0x00,0x02,0xC0,0x00,0x00,0x08,0x00,0x00,0x80,
	0x00,0x02,0x82,0x00,0x02,0x00,0x00,0x02,0x00,0x00,0x02,0x00,0x01,0x80,0x00,0x00,0x04,0x06,0x80,0x00,
	0x80,0x00,0x01,0x80,0x00,0x80,0x00,0x07,0x80,0x00,0x00,0x04,0x0B,0x00,0x80,0x20,0x00,0x00,0x05,0x80,
	0x00,0x20,0x00,0x0B,0x80,0x20,0x00,0x00,0x39,0x00,0x88,0x80,0x00,0x00,0x08,0x06,0x00,0x00,0x11,0x00,
	0x20,0x00,0x00,0x00,0x02,0x00,0x24,0x01,0x00,0x10,0x00,0x00,0x0C,0x04,0x00,0x42,0x00,0x00,0x00,0x80,
	0x02,0x00,0x00,0x00,0x85,0x01,0x00,0x00,0x81,0x00,0x01,0x00,0x50,0x02,0x00,0x60,0x00,0x00,0x10,0x00,
	0x02,0x38,0x00,0x01,0x80,0x80,0x00,0x00,0x00,0x80,0x00,0x10,0x00,0x01,0x80,0x00,0x01,0x00,0x00,0x81,
	0x00,0x04,0x00,0x40,0x00,0x00,0x03,0x84,0x01,0x00,0x00,0x00,0x20,0x00,0x00,0x20,0x00,0x00,0x20,0x00,
	0x00,0x38,0x00,0x01,0x80,0x80,0x00,0x00,0x0F,0x80,0x00,0x38,0x00,0x14,0x00,0x84,0x00,0x02,0x00,0xB0,
	0x0B,0x00,0x00,0x02,0x00,0x00,0x02,0x00,0x50,0x04,0x00,0x00,0x8A,0x30,0x00,0x05,0x0A,0x20,0x00,0x02,
	0x08,0x00,0x00,0x08,0x00,0x80,0x08,0x00,0x02,0x00,0x00,0x00,0x40,0x00,0x01,0x08,0x00,0x01,0x08,0x00,
	0x00,0x10,0x00,0x04,0x00,0x00,0x02,0x81,0x00,0x02,0x00,0x10,0x02,0x00,0x01,0x80,0x00,0x04,0x00,0x00,
	0x83,0x30,0x00,0x05,0x0A,0x00,0x00,0x02,0x08,0x00,0x02,0x00,0x00,0x03,0x82,0x00,0x10,0x00,0x00,0x10,
	0x00,0x04,0x18,0x00,0x08,0x82,0x10,0x00,0x04,0x02,0x00,0x00,0x02,0x00,0x00,0x10,0x80,0x00,0x00,0x04,
	0x0B,0x87,0x40,0x00,0x00,0x00,0x04,0x00,0x40,0x01,0x00,0x20,0x00,0x00,0xC9,0x01,0x00,0x20,0x01,0x00,
	0x18,0x01,0x00,0x00,0x00,0x05,0x00,0x81,0x04,0x01,0x00,0x40,0x00,0x00,0x00,0x83,0x82,0x00,0x00,0x00,
	0x40,0x00,0x02,0x1C,0x00,0x00,0x08,0x00,0x00,0x80,0x06,0x00,0x00,0x03,0x87,0x40,0x01,0x00,0x20,0x00,
	0x00,0x88,0x01,0x00,0x20,0x01,0x00,0x20,0x01,0x00,0x20,0x00,0x05,0x18,0x00,0x00,0x04,0x01,0x00,0x00,
	0x82,0x02,0x00,0x00,0x02,0x00,0x00,0x02,0x00,0x00,0x01,0x80,0x00,0x08,0x00,0x08,0x82,0x20,0x00,0x00,
	0x20,0x00,0x04,0x08,0x00,0x00,0x11,0x80,0x00,0x00,0x04,0x0B,0x80,0x80,0x00,0x00,0x00,0x89,0x40,0x00,
	0x00,0x00,0x01,0x00,0xC0,0x00,0x00,0x20,0x11,0x00,0x20,0x00,0x00,0x01,0x00,0x00,0x14,0x00,0x00,0x44,
	0x08,0x00,0x04,0x11,0x00,0x00,0x10,0x00,0x00,0x87,0x00,0x12,0x00,0x00,0x14,0x00,0x02,0x10,0x00,0x02,
	0x08,0x00,0x02,0x00,0x00,0x10,0x00,0x00,0x00,0x08,0x00,0x80,0x00,0x00,0x00,0x83,0x80,0x01,0x00,0x20,
	0x00,0x00,0x80,0x00,0x00,0x20,0x01,0x00,0x00,0x82,0x01,0x00,0x00,0x24,0x00,0x00,0x4C,0x00,0x00,0x00,
	0x85,0x00,0x10,0x00,0x02,0x10,0x00,0x02,0x00,0x00,0x02,0x10,0x00,0x02,0x00,0x00,0x02,0x08,0x00,0x02,
	0x80,0x80,0x00,0x00,0x00,0x81,0x00,0x01,0x00,0x20,0x00,0x00,0x03,0x81,0x04,0x00,0x00,0x04,0x00,0x00,
	0x00,0x82,0x00,0x10,0x00,0x02,0x10,0x00,0x02,0x00,0x00,0x19,0x01,0x84,0xC0,0x00,0x00,0x40,0x00,0x00,
	0xA0,0x01,0x00,0x08,0x00,0x00,0x20,0x00,0x00,0x00,0x84,0x00,0x04,0x00,0x14,0x01,0x00,0x04,0x11,0x00,
	0x04,0x00,0x00,0x84,0x10,0x00,0x00,0x84,0x02,0x10,0x00,0x02,0x00,0x00,0x02,0x18,0x00,0x0C,0x0C,0x00,
	0x18,0x08,0x00,0x02,0x83,0xC0,0x00,0x00,0x00,0x01,0x00,0x20,0x00,0x00,0x08,0x00,0x00,0x01,0x87,0x20,
	0x00,0x00,0x08,0x01,0x00,0x04,0x11,0x00,0x00,0x10,0x00,0x00,0x10,0x00,0x00,0x10,0x00,0x02,0x00,0x00,
	0x02,0x10,0x00,0x00,0x81,0x00,0x08,0x00,0x00,0x08,0x00,0x02,0x80,0xC0,0x00,0x00,0x04,0x81,0x20,0x00,
	0x00,0x08,0x00,0x00,0x03,0x81,0x02,0x00,0x00,0x02,0x00,0x00,0x00,0x81,0x00,0x08,0x00,0x00,0x08,0x00,
	0x14,0x4F,0x02,0x80,0xA0,0x01,0x00,0x00,0x81,0x80,0x00,0x00,0x00,0x01,0x00,0x00,0x8B,0x20,0x02,0x00,
	0x00,0x18,0x00,0x0C,0x00,0x00,0x04,0x10,0x01,0x00,0x10,0x00,0x04,0x02,0x00,0x04,0x24,0x00,0x04,0x20,
	0x00,0x04,0x00,0x00,0x06,0x00,0x00,0x00,0x10,0x00,0x00,0x08,0x00,0x02,0x80,0x00,0x01,0x00,0x00,0x81,
	0x80,0x00,0x00,0x00,0x01,0x00,0x00,0x81,0x00,0x02,0x00,0x10,0x00,0x00,0x00,0x80,0x04,0x00,0x01,0x03,
	0x83,0x00,0x10,0x00,0x04,0x08,0x00,0x00,0x18,0x00,0x00,0x08,0x00,0x02,0x80,0x00,0x01,0x00,0x06,0x80,
	0x00,0x00,0x01,0x04,0x81,0x00,0x08,0x00,0x00,0x10,0x00,0x14,0x02,0x84,0xE0,0x01,0x00,0x20,0x00,0x00,
	0x20,0x02,0x00,0x20,0x00,0x00,0x04,0x00,0x00,0x00,0x8A,0x18,0x00,0x00,0x03,0x10,0x00,0x04,0x01,0x04,
	0x04,0x00,0x00,0x04,0x20,0x00,0x04,0x24,0x00,0x04,0x08,0x00,0x0C,0x20,0x00,0x00,0x10,0x00,0x08,0x08,
	0x00,0x08,0x0A,0x00,0x02,0x80,0xE0,0x00,0x00,0x01,0x80,0x20,0x00,0x00,0x01,0x88,0x30,0x00,0x00,0x0A,
	0x00,0x00,0x00,0x00,0x04,0x04,0x00,0x00,0x04,0x00,0x00,0x04,0x20,0x00,0x04,0x20,0x00,0x04,0x00,0x00,
	0x00,0x08,0x00,0x07,0x80,0x20,0x00,0x00,0x01,0x81,0x10,0x00,0x00,0x02,0x00,0x00,0x1C,0x80,0x20,0x00,
	0x00,0x01,0x91,0x41,0x05,0x00,0x20,0x02,0x00,0x81,0x02,0x00,0x20,0x02,0x00,0x80,0x00,0x00,0x00,0x04,
	0x00,0x20,0x14,0x00,0x18,0x01,0x00,0x04,0x01,0x00,0x05,0x60,0x00,0x04,0x20,0x02,0x04,0x00,0x01,0x0C,
	0x08,0x02,0x10,0x30,0x00,0x08,0x00,0x00,0x08,0x00,0x00,0x08,0x10,0x00,0x20,0x00,0x00,0x01,0x82,0x80,
	0x05,0x00,0x20,0x00,0x00,0xA1,0x02,0x00,0x00,0x86,0x80,0x00,0x00,0x00,0x04,0x00,0x00,0x08,0x00,0x08,
	0x01,0x00,0x04,0x01,0x00,0x01,0x00,0x00,0x00,0x20,0x00,0x01,0x84,0x00,0x20,0x00,0x00,0x30,0x00,0x00,
	0x10,0x00,0x08,0x00,0x00,0x20,0x00,0x00,0x01,0x82,0x80,0x00,0x00,0x20,0x00,0x00,0x21,0x02,0x00,0x01,
	0x80,0x00,0x04,0x00,0x00,0x82,0x08,0x00,0x00,0x04,0x00,0x00,0x01,0x00,0x00,0x04,0x80,0x00,0x10,0x00,
	0x05,0x80,0x01,0x00,0x00,0x0D,0x80,0x20,0x00,0x00,0x01,0x87,0xC0,0x00,0x00,0x40,0x01,0x00,0x20,0x02,
	0x00,0x20,0x00,0x00,0xA0,0x00,0x00,0x00,0x00,0x02,0x20,0x0E,0x00,0x00,0x10,0x00,0x00,0x86,0x84,0x01,
	0x00,0x04,0x00,0x00,0x00,0x20,0x00,0x18,0x40,0x00,0x18,0x70,0x00,0x00,0x20,0x00,0x00,0x20,0x00,0x00,
	0x80,0x20,0x00,0x00,0x01,0x86,0x40,0x00,0x00,0x20,0x00,0x00,0x20,0x00,0x00,0x20,0x02,0x00,0x80,0x00,
	0x00,0x00,0x00,0x02,0x20,0x0C,0x00,0x01,0x81,0x04,0x00,0x00,0x04,0x00,0x00,0x02,0x83,0x00,0x40,0x00,
	0x00,0x70,0x00,0x00,0x10,0x00,0x20,0x00,0x00,0x01,0x80,0x40,0x00,0x00,0x01,0x80,0x00,0x02,0x00,0x00,
	0x81,0x00,0x00,0x02,0x20,0x08,0x00,0x01,0x81,0x04,0x00,0x00,0x04,0x00,0x00,0x19,0x02,0x90,0x80,0x00,
	0x00,0x40,0x00,0x00,0x80,0x02,0x00,0x20,0x02,0x00,0x12,0x02,0x00,0x50,0x00,0x00,0x40,0x0C,0x00,0x94,
	0x10,0x00,0x0A,0x20,0x00,0x80,0xA0,0x00,0x00,0x21,0x00,0x20,0x00,0x00,0x14,0x00,0x00,0x00,0x40,0x00,
	0x00,0x40,0x00,0x10,0x40,0x00,0x10,0xA0,0x00,0x02,0x83,0x80,0x00,0x00,0x40,0x00,0x00,0x20,0x02,0x00,
	0x00,0x02,0x00,0x00,0x84,0x50,0x00,0x00,0x40,0x00,0x00,0x14,0x10,0x00,0x02,0x00,0x00,0x00,0x20,0x00,
	0x01,0x81,0x04,0x00,0x00,0x00,0x40,0x00,0x00,0x81,0x00,0x80,0x00,0x00,0x40,0x00,0x04,0x80,0x20,0x00,
	0x00,0x01,0x80,0x10,0x00,0x00,0x00,0x81,0x04,0x00,0x00,0x02,0x00,0x00,0x02,0x80,0x04,0x00,0x00,0x08,
	0x80,0x20,0x00,0x00,0x0D,0x4F,0x81,0x00,0x08,0x00,0x00,0x80,0x01,0x01,0x87,0xC0,0x02,0x00,0x40,0x07,
	0x00,0x40,0x00,0x00,0x40,0x01,0x00,0x40,0x00,0x00,0x40,0x00,0x00,0x30,0x1A,0x00,0x88,0x03,0x00,0x00,
	0x81,0x00,0x01,0x00,0x64,0x00,0x00,0x00,0x80,0x01,0x40,0x00,0x01,0x81,0x10,0x40,0x00,0x00,0x08,0x00,
	0x02,0x83,0x00,0x02,0x00,0x40,0x04,0x00,0x40,0x00,0x00,0x40,0x01,0x00,0x02,0x80,0x88,0x01,0x00,0x01,
	0x80,0x04,0x00,0x00,0x03,0x81,0x10,0xA0,0x00,0x00,0x08,0x00,0x02,0x80,0x00,0x02,0x00,0x08,0x80,0x04,
	0x00,0x00,0x18,0x81,0x20,0x00,0x00,0x00,0x24,0x00,0x00,0x82,0x02,0x04,0x00,0xC0,0x00,0x04,0x44,0x04,
	0x00,0x00,0x81,0x48,0x06,0x00,0x00,0x02,0x04,0x00,0x8A,0xB0,0x12,0x00,0x08,0x60,0x00,0x08,0x20,0x05,
	0x0A,0x00,0x00,0x08,0x00,0x00,0x46,0x40,0x00,0x04,0x00,0x00,0x04,0x80,0x00,0x00,0x80,0x01,0x10,0x00,
	0x00,0x20,0x00,0x00,0x01,0x81,0x02,0x04,0x00,0xC0,0x00,0x00,0x00,0x82,0x00,0x04,0x00,0x00,0x06,0x00,
	0x00,0x02,0x04,0x00,0x81,0x30,0x02,0x00,0x00,0x20,0x00,0x02,0x80,0x00,0x40,0x00,0x00,0x81,0x00,0x80,
	0x00,0x00,0x80,0x01,0x00,0x80,0x20,0x00,0x00,0x02,0x80,0x40,0x00,0x00,0x01,0x80,0x00,0x04,0x00,0x01,
	0x80,0x10,0x00,0x00,0x05,0x81,0x00,0x80,0x00,0x00,0x00,0x01,0x14,0x00,0x80,0x00,0x04,0x00,0x01,0x8F,
	0x00,0x05,0x00,0x40,0x02,0x02,0x40,0x00,0x00,0x40,0x06,0x00,0x40,0x00,0x00,0x80,0x04,0x02,0x40,0x18,
	0x00,0x10,0x22,0x02,0x00,0x02,0x00,0x01,0x41,0x00,0x40,0x00,0x00,0x60,0x00,0x00,0x08,0x00,0x00,0x0A,
	0x00,0x00,0x08,0x80,0x01,0x00,0x04,0x00,0x03,0x8B,0x00,0x02,0x00,0x40,0x04,0x00,0x00,0x04,0x00,0x40,
	0x02,0x00,0x40,0x00,0x00,0x80,0x00,0x00,0x00,0x10,0x00,0x00,0x02,0x02,0x08,0x00,0x00,0x09,0x00,0x00,
	0x08,0x40,0x00,0x08,0x00,0x00,0x01,0x81,0x08,0x00,0x01,0x00,0x80,0x00,0x04,0x83,0x40,0x04,0x00,0x00,
	0x04,0x00,0x40,0x00,0x00,0x40,0x00,0x00,0x03,0x80,0x01,0x00,0x00,0x03,0x80,0x00,0x00,0x01,0x14,0x81,
	0x10,0x00,0x00,0x00,0x04,0x00,0x00,0x91,0x00,0x03,0x00,0x80,0x06,0x00,0xC4,0x15,0x04,0x40,0x00,0x00,
	0x80,0x00,0x00,0x80,0x64,0x00,0x00,0x04,0x00,0x00,0x56,0x02,0x18,0x40,0x00,0x1C,0x01,0x00,0x0C,0x41,
	0x00,0x08,0x40,0x00,0x30,0x40,0x00,0x30,0x00,0x00,0x08,0x00,0x00,0x38,0x80,0x01,0x20,0x80,0x00,0x10,
	0x00,0x00,0x01,0x8D,0x00,0x01,0x00,0x80,0x04,0x00,0x00,0x04,0x00,0x40,0x00,0x00,0x80,0x00,0x00,0x80,
	0x44,0x00,0x00,0x0C,0x00,0x00,0x22,0x02,0x98,0x00,0x00,0x08,0x40,0x00,0x08,0x40,0x00,0x08,0x00,0x00,
	0x08,0x00,0x00,0x08,0x00,0x00,0x00,0x82,0x10,0xC0,0x01,0x00,0x40,0x00,0x10,0x00,0x00,0x02,0x80,0x00,
	0x04,0x00,0x00,0x80,0x40,0x00,0x00,0x00,0x81,0x00,0x44,0x00,0x00,0x08,0x00,0x00,0x84,0x08,0x00,0x00,
	0x08,0x00,0x00,0x08,0x00,0x00,0x08,0x00,0x00,0x08,0x00,0x00,0x00,0x81,0x08,0x00,0x00,0x00,0x80,0x01,
	0x14,0x00,0x80,0x00,0x02,0x00,0x00,0x90,0x82,0x01,0x00,0x80,0x00,0x00,0x00,0x02,0x00,0x80,0x80,0x00,
	0x80,0x08,0x02,0x80,0x04,0x00,0x10,0x28,0x00,0x80,0x25,0x00,0x10,0x02,0x00,0x10,0x40,0x02,0x00,0x42,
	0x01,0x10,0x80,0x00,0x10,0x80,0x00,0x20,0x00,0x00,0x12,0x10,0x00,0x30,0x00,0x01,0x20,0x40,0x00,0x00,
	0x80,0x00,0x02,0x00,0x00,0x83,0x82,0x03,0x00,0x80,0x04,0x00,0x00,0x02,0x00,0x80,0x80,0x00,0x01,0x8A,
	0x00,0x18,0x00,0x00,0x45,0x00,0x10,0x42,0x00,0x00,0x00,0x02,0x10,0x00,0x01,0x10,0x00,0x00,0x10,0x00,
	0x00,0x00,0x80,0x00,0x08,0x00,0x00,0x10,0x00,0x01,0x20,0x00,0x00,0x02,0x80,0x00,0x03,0x00,0x06,0x82,
	0x10,0x00,0x00,0x10,0x00,0x00,0x00,0x00,0x01,0x00,0x80,0x00,0x80,0x00,0x00,0x81,0x08,0x00,0x00,0x00,
	0x00,0x01,0x14,0x4F,0xB7,0x44,0xCB,0x00,0x54,0x43,0x04,0x2E,0xEC,0x04,0x8B,0xAC,0x03,0xD5,0x67,0x00,
	0x22,0xE4,0x00,0x7F,0xB3,0x01,0xC6,0x41,0x05,0x5D,0x40,0x02,0x74,0xD4,0x00,0x11,0xC3,0x06,0xAD,0x02,
	0x07,0xF6,0x00,0x02,0x14,0x84,0x01,0x10,0x1E,0x02,0x05,0xDC,0x05,0x1E,0xFC,0x07,0x10,0x64,0x07,0x18,
	0xBA,0x06,0x17,0x59,0x07,0x40,0xEB,0x00,0x7A,0x65,0x03,0x19,0x66,0x06,0x34,0xBB,0x02,0x9A,0x78,0x00,
	0x1C,0x20,0x00,0xB0,0x26,0x00,0x83,0x44,0x04,0x80,0x6C,0x02,0xC0,0xE0,0x02,0x20,0x85,0x00,0x01,0x00,
	0x01,0x00,0x00,0x04,0x13,0x80,0x03,0x12,0x88,0x04,0x10,0x3A,0x01,0x0C,0x7A,0x07,0x0F,0xFA,0x07,0x08,
	0xB0,0x07,0x38,0x30,0x06,0xBF,0x14,0x07,0xBF,0x9E,0x07,0xFF,0x9F,0x06,0xFE,0x5C,0x07,0x7E,0x98,0x07,
	0x5E,0xD8,0x07,0x7F,0xD8,0x07,0x7F,0xB8,0x07,0x7F,0x98,0x05,0x3F,0x00,0x07,0x1F,0x00,0x07,0x1E,0x80,
	0x06,0x1F,0x80,0x07,0x0F,0x00,0x02,0x0E,0x00,0x07,0x0E,0x00,0x06,0x00,0x81,0x00,0x80,0x00,0x00,0x80,
	0x00,0x02,0x83,0x00,0x00,0x01,0x01,0x00,0x00,0x01,0x00,0x00,0x21,0x00,0x00,0x06,0x80,0x00,0x00,0x04,
	0x05,0x01,0x80,0x00,0x02,0x00,0x00,0x86,0x20,0x02,0x00,0x08,0x03,0x00,0xB8,0x01,0x00,0x70,0x00,0x00,
	0x00,0x00,0x06,0x14,0x00,0x00,0x30,0x00,0x00,0x00,0x87,0x0C,0x02,0x00,0x13,0x04,0x00,0x03,0x18,0x00,
	0x01,0x60,0x00,0x02,0x40,0x00,0x06,0x80,0x00,0x07,0x40,0x00,0x04,0x18,0x01,0x03,0x81,0x20,0x00,0x00,
	0x00,0x03,0x00,0x06,0x80,0x01,0x00,0x00,0x00,0x84,0x00,0x20,0x00,0x02,0x00,0x00,0x01,0x80,0x00,0x07,
	0x00,0x00,0x00,0x00,0x01,0x27,0x01,0x80,0x00,0x02,0x00,0x00,0x8F,0xF0,0x01,0x00,0x00,0x02,0x00,0x00,
	0x01,0x00,0x60,0x02,0x00,0xD4,0x00,0x00,0xC0,0x00,0x02,0x1C,0x02,0x00,0x8C,0x00,0x00,0x4A,0x01,0x00,
	0xFF,0x00,0x00,0x03,0x08,0x00,0x02,0x10,0x00,0x00,0x40,0x00,0x01,0x00,0x00,0x01,0x86,0x00,0x07,0x07,
	0x00,0x05,0x81,0x00,0x03,0x00,0x00,0x03,0x00,0x04,0x83,0x02,0x00,0x00,0x01,0x08,0x00,0x02,0x00,0x00,
	0x00,0x40,0x00,0x00,0x81,0x01,0x02,0x00,0x06,0x00,0x00,0x27,0x04,0x8E,0xF8,0x00,0x00,0x00,0x01,0x00,
	0x90,0x02,0x00,0x08,0x01,0x00,0xD4,0x00,0x02,0x80,0x03,0x00,0x04,0x00,0x00,0x8C,0x00,0x00,0x42,0x02,
	0x00,0x7F,0x0C,0x00,0x05,0x3A,0x00,0x06,0x60,0x00,0x02,0xC8,0x00,0x03,0x88,0x00,0x00,0x8A,0x01,0x04,
	0x81,0x00,0x01,0x00,0x00,0x01,0x00,0x00,0x80,0x00,0x01,0x00,0x00,0x80,0x00,0x01,0x00,0x02,0x85,0x02,
	0x00,0x00,0x00,0x12,0x00,0x02,0x00,0x00,0x02,0x00,0x00,0x02,0x88,0x00,0x02,0x00,0x00,0x27,0x05,0x80,
	0x78,0x01,0x00,0x00,0x8B,0xD8,0x02,0x00,0x08,0x00,0x00,0x04,0x00,0x00,0x88,0x01,0x00,0x08,0x00,0x00,
	0x84,0x01,0x00,0x82,0x02,0x00,0x6A,0x18,0x00,0x04,0x34,0x00,0x00,0x48,0x00,0x06,0x08,0x00,0x01,0x86,
	0x00,0x0A,0x80,0x00,0x01,0x00,0x02,0x82,0x03,0x08,0x00,0x04,0x24,0x00,0x04,0x48,0x00,0x00,0x80,0x00,
	0x82,0x00,0x10,0x80,0x00,0x08,0x00,0x15,0x4F,0x04,0x8E,0x00,0x01,0x00,0x80,0x00,0x00,0x00,0x01,0x00,
	0x00,0x01,0x04,0xD8,0x00,0x02,0x98,0x02,0x00,0x42,0x00,0x00,0x8C,0x01,0x00,0x08,0x00,0x00,0x00,0x01,
	0x00,0x10,0x08,0x00,0x04,0x34,0x00,0x04,0x04,0x00,0x00,0x0A,0x00,0x06,0x78,0x00,0x06,0x80,0x00,0x01,
	0x00,0x00,0x80,0x00,0x01,0x00,0x01,0x80,0x00,0x01,0x00,0x02,0x83,0x04,0x14,0x00,0x04,0x04,0x00,0x00,
	0x08,0x00,0x00,0x08,0x00,0x11,0x80,0x00,0x08,0x00,0x14,0x89,0xFF,0x0F,0x00,0xFF,0x27,0x00,0xFF,0x20,
	0x00,0x07,0x30,0x00,0x01,0x20,0x00,0x01,0x2B,0x00,0x01,0x08,0x00,0x79,0x01,0x00,0x10,0x01,0x00,0x00,
	0x01,0x00,0x00,0x88,0xC2,0x02,0x00,0x42,0x00,0x00,0x26,0x00,0x00,0xC2,0x00,0x00,0xA0,0x04,0x00,0x7D,
	0x0A,0x00,0x00,0x08,0x00,0x02,0xA2,0x00,0x02,0x08,0x00,0x07,0x80,0x10,0x00,0x00,0x06,0x82,0x00,0x02,
	0x00,0x00,0x28,0x00,0x00,0x60,0x00,0x11,0x81,0x00,0x08,0x00,0x00,0x20,0x00,0x14,0x93,0x1F,0x70,0x00,
	0x87,0x09,0x00,0xD7,0x10,0x00,0x07,0x00,0x00,0x01,0x14,0x00,0x01,0x14,0x00,0x01,0x30,0x00,0x81,0x00,
	0x00,0x00,0x29,0x00,0x00,0x7C,0x02,0x00,0x3C,0x00,0x10,0x1D,0x00,0x00,0x3E,0x00,0x00,0x1E,0x00,0x10,
	0x00,0x00,0xC0,0x7D,0x00,0x00,0xE8,0x00,0x04,0x12,0x00,0x00,0xAF,0x00,0x00,0xC1,0x00,0x07,0x80,0x00,
	0x01,0x00,0x01,0x80,0x00,0x01,0x00,0x03,0x82,0x00,0x08,0x00,0x00,0x02,0x00,0x00,0x2E,0x00,0x12,0x80,
	0x00,0x28,0x00,0x14,0x86,0xE0,0x7F,0x00,0x78,0x2E,0x00,0x28,0x30,0x00,0x00,0x30,0x00,0x00,0x34,0x00,
	0x00,0x3E,0x00,0x00,0x38,0x00,0x00,0x8B,0x10,0x28,0x06,0x00,0x7E,0x00,0x08,0x3E,0x00,0x08,0x1E,0x00,
	0x00,0x3F,0x00,0x0A,0x1E,0x00,0x1A,0x01,0x00,0x80,0x7F,0x00,0x00,0xFD,0x00,0x01,0x7D,0x00,0x00,0xC5,
	0x01,0x02,0x47,0x00,0x07,0x80,0x10,0x00,0x00,0x02,0x80,0x00,0x01,0x00,0x03,0x82,0x00,0x14,0x00,0x00,
	0x21,0x00,0x02,0x47,0x00,0x27,0x07,0x82,0x60,0x01,0x04,0x00,0x01,0x00,0xD0,0x00,0x00,0x00,0x87,0x40,
	0x00,0x00,0xA2,0x00,0x00,0x24,0x00,0x00,0x04,0x00,0x00,0x23,0x02,0x00,0x08,0x10,0x00,0x01,0x25,0x00,
	0x01,0x4C,0x00,0x08,0x80,0x00,0x01,0x00,0x05,0x83,0x03,0x00,0x00,0x00,0x08,0x00,0x00,0x11,0x00,0x00,
	0x20,0x00,0x27,0x4F,0x07,0x84,0x18,0x00,0x04,0x84,0x01,0x00,0x04,0x01,0x00,0x04,0x00,0x00,0x8A,0x00,
	0x00,0x00,0x85,0x04,0x00,0x00,0x10,0x00,0x00,0x07,0x01,0x00,0x33,0x06,0x00,0x00,0x14,0x00,0x00,0x24,
	0x00,0x08,0x81,0x80,0x00,0x00,0x00,0x01,0x00,0x05,0x82,0x03,0x00,0x00,0x00,0x0C,0x00,0x00,0x10,0x00,
	0x27,0x07,0x80,0x80,0x00,0x04,0x00,0x89,0x80,0x00,0x00,0x90,0x00,0x00,0xA0,0x00,0x00,0x40,0x01,0x00,
	0x80,0x00,0x00,0x18,0x00,0x00,0x10,0x00,0x00,0x06,0x01,0x00,0x02,0x0C,0x00,0x02,0x18,0x00,0x09,0x80,
	0x80,0x00,0x00,0x06,0x81,0x02,0x00,0x00,0x00,0x08,0x00,0x27,0x08,0x89,0x80,0x00,0x00,0x00,0x01,0x00,
	0x8C,0x00,0x00,0x04,0x00,0x00,0xA0,0x00,0x00,0x1A,0x00,0x00,0x02,0x00,0x00,0x06,0xC0,0x00,0x40,0xF0,
	0x00,0x02,0xE0,0x00,0x09,0x80,0x80,0x00,0x00,0x00,0x80,0x80,0x00,0x00,0x00,0x80,0x80,0x00,0x00,0x2D,
	0x07,0x8B,0x00,0x03,0x04,0x7C,0x04,0x00,0x7C,0x67,0x00,0xBC,0xF9,0x00,0x10,0x75,0x00,0x5E,0x04,0x00,
	0x8E,0x04,0x00,0x90,0x00,0x00,0x4A,0xC0,0x00,0x7D,0xF0,0x00,0x00,0xE3,0x07,0x00,0x0A,0x00,0x08,0x84,
	0x00,0x01,0x00,0x80,0x04,0x00,0x80,0x04,0x00,0x00,0x04,0x00,0x80,0x04,0x00,0x03,0x81,0x01,0x00,0x00,
	0x01,0x05,0x00,0x09,0x80,0x80,0x00,0x00,0x1C,0x08,0x84,0x80,0x07,0x00,0x00,0x24,0x00,0x80,0x30,0x00,
	0x00,0xB0,0x00,0x80,0x00,0x00,0x0E,0x80,0x80,0x01,0x00,0x00,0x82,0x80,0x00,0x00,0x00,0x04,0x00,0x00,
	0x04,0x00,0x2D,0x4F,0x02,0x80,0x00,0x00,0x04,0x04,0x85,0x80,0x02,0x00,0x40,0x42,0x00,0x00,0xC8,0x00,
	0x80,0xC4,0x00,0x00,0x04,0x00,0x00,0x04,0x00,0x0D,0x81,0x00,0x02,0x00,0x00,0x06,0x00,0x00,0x80,0x80,
	0x00,0x00,0x2E,0x03,0x80,0x00,0x00,0x04,0x03,0x82,0x00,0x01,0x00,0x80,0x01,0x00,0x00,0x04,0x00,0x00,
	0x80,0x80,0x00,0x00,0x0F,0x81,0x80,0x00,0x00,0x00,0x04,0x00,0x00,0x80,0x80,0x00,0x00,0x0F,0x80,0x80,
	0x00,0x00,0x1C,0x02,0x80,0x00,0x00,0x04,0x04,0x80,0x00,0x03,0x00,0x00,0x80,0x00,0x06,0x00,0x01,0x80,
	0x80,0x00,0x00,0x0D,0x80,0x00,0x02,0x00,0x31,0x09,0x81,0x80,0x00,0x00,0xC0,0x00,0x00,0x11,0x80,0x80,
	0x00,0x00,0x12,0x80,0x80,0x00,0x00,0x1C,0x06,0x80,0x00,0x02,0x00,0x01,0x80,0x00,0x03,0x00,0x00,0x82,
	0x40,0x00,0x00,0x40,0x00,0x00,0x40,0x00,0x00,0x0E,0x80,0x00,0x02,0x00,0x30,0x4F,0x03,0x80,0x00,0x00,
	0x04,0x03,0x80,0x80,0x00,0x00,0x01,0x80,0x00,0x02,0x00,0x01,0x80,0x80,0x00,0x00,0x0C,0x80,0x80,0x00,
	0x00,0x12,0x80,0x80,0x00,0x00,0x1D,0x09,0x82,0x80,0x00,0x00,0x00,0x01,0x00,0x40,0x00,0x00,0x00,0x80,
	0x80,0x00,0x00,0x0E,0x80,0x80,0x00,0x00,0x00,0x80,0x40,0x00,0x00,0x00,0x80,0x80,0x00,0x00,0x0E,0x80,
	0x80,0x00,0x00,0x1C,0x07,0x80,0x80,0x00,0x00,0x00,0x81,0x40,0x00,0x00,0x40,0x00,0x00,0x11,0x81,0x40,
	0x00,0x00,0x40,0x00,0x00,0x2F,0x08,0x80,0x40,0x00,0x00,0x04,0x80,0x80,0x00,0x00,0x12,0x80,0x80,0x00,
	0x00,0x2B,0x02,0x81,0x00,0x80,0x00,0x00,0x80,0x00,0x02,0x80,0x80,0x00,0x00,0x00,0x83,0x40,0x00,0x00,
	0x80,0x40,0x00,0x00,0x20,0x00,0x00,0x60,0x00,0x00,0x80,0x80,0x00,0x00,0x0B,0x80,0x80,0x00,0x00,0x02,
	0x80,0x00,0x40,0x00,0x01,0x80,0x80,0x00,0x00,0x2B,0x4F,0x03,0x80,0x00,0x80,0x00,0x03,0x85,0x80,0x01,
	0x00,0x80,0x00,0x00,0x80,0x41,0x00,0x00,0x40,0x00,0x60,0x12,0x00,0x20,0x00,0x00,0x02,0x80,0x00,0x80,
	0x00,0x09,0x80,0xC0,0x01,0x00,0x00,0x82,0x80,0x00,0x00,0x00,0x40,0x00,0x40,0x00,0x00,0x0E,0x80,0x80,
	0x00,0x00,0x1D,0x02,0x80,0x00,0x80,0x00,0x03,0x82,0x40,0x00,0x00,0x40,0x00,0x00,0x40,0x00,0x00,0x00,
	0x81,0x78,0x00,0x00,0x1C,0x48,0x00,0x0E,0x81,0x40,0x00,0x00,0x40,0x00,0x00,0x11,0x81,0x40,0x00,0x00,
	0x40,0x00,0x00,0x1C,0x06,0x87,0x80,0x00,0x00,0x80,0x00,0x00,0xC0,0x00,0x00,0x70,0x00,0x00,0x38,0x00,
	0x00,0x04,0x18,0x00,0x02,0x40,0x00,0x02,0x00,0x00,0x0C,0x80,0x80,0x00,0x00,0x00,0x80,0x40,0x00,0x00,
	0x12,0x80,0x40,0x00,0x00,0x1C,0x09,0x85,0x10,0x70,0x00,0x00,0x78,0x00,0x02,0x00,0x00,0xA0,0x40,0x00,
	0x10,0x00,0x00,0x80,0x00,0x00,0x10,0x80,0x20,0x00,0x00,0x2D,0x08,0x82,0x00,0x01,0x00,0x40,0x70,0x00,
	0x00,0x48,0x00,0x00,0x82,0x20,0x00,0x00,0x94,0x00,0x00,0x80,0x00,0x00,0x0D,0x80,0x40,0x00,0x00,0x01,
	0x80,0x20,0x00,0x00,0x0F,0x80,0x40,0x00,0x00,0x1C,0x06,0x80,0x80,0x00,0x00,0x12,0x80,0x80,0x00,0x00,
	0x33,0x0A,0x83,0x08,0x20,0x00,0x1E,0x78,0x00,0x1E,0x3A,0x00,0x26,0x00,0x00,0x40,0x06,0x80,0x80,0x00,
	0x00,0x00,0x80,0x40,0x00,0x00,0x00,0x81,0x08,0x10,0x00,0x40,0x00,0x00,0x00,0x80,0x80,0x00,0x00,0x0B,
	0x80,0x80,0x00,0x00,0x05,0x80,0x80,0x00,0x00,0x12,0x80,0x80,0x00,0x00,0x18,0x07,0x86,0x40,0x00,0x00,
	0x80,0x00,0x00,0x80,0x00,0x00,0x38,0x00,0x00,0x20,0x00,0x00,0x20,0x18,0x00,0x80,0x00,0x00,0x0D,0x81,
	0x80,0x00,0x00,0x80,0x00,0x00,0x02,0x80,0x80,0x00,0x00,0x12,0x80,0x80,0x00,0x00,0x18,0x02,0x90,0x03,
	0xC0,0x00,0xCC,0xFB,0x07,0x21,0xFF,0x04,0x40,0x1F,0x00,0x58,0x0D,0x04,0x2C,0x0C,0x00,0xAF,0x03,0x05,
	0x7B,0x01,0x05,0x88,0x07,0x05,0x03,0x08,0x05,0x87,0xEA,0x05,0xD3,0xE4,0x04,0x9B,0x46,0x00,0x0A,0xC1,
	0x00,0x08,0xE0,0x00,0x12,0x02,0x07,0x1C,0x00,0x00,0x04,0x8E,0x00,0x00,0x07,0x00,0x00,0x02,0x00,0x00,
	0x04,0x10,0x00,0x04,0x10,0x01,0x00,0x07,0x01,0x00,0x47,0x01,0x00,0x4C,0x05,0x00,0x4C,0x0D,0x00,0x0C,
	0x19,0x00,0x04,0x39,0x00,0x04,0x32,0x00,0x06,0x02,0x00,0x0E,0x04,0x00,0x0E,0x00,0x00,0x05,0x80,0x00,
	0x00,0x04,0x01,0x82,0x40,0x00,0x00,0x40,0x00,0x00,0x80,0x02,0x00,0x06,0x80,0x00,0x04,0x00,0x13,0x01,
	0x83,0x00,0xE0,0x00,0xE3,0x38,0x07,0x0C,0x04,0x02,0x01,0x01,0x00,0x00,0x8C,0x00,0x00,0x04,0x00,0x04,
	0x00,0x21,0x00,0x00,0xC0,0x01,0x00,0x08,0x00,0x00,0x0C,0x01,0x00,0x04,0x03,0x01,0x8C,0xA1,0x00,0x10,
	0x63,0x00,0x12,0x17,0x00,0x1E,0x22,0x01,0x14,0x82,0x00,0x08,0x04,0x00,0x03,0x80,0x00,0x00,0x06,0x00,
	0x80,0x00,0x00,0x04,0x01,0x8A,0x21,0x00,0x00,0xA0,0x01,0x00,0x08,0x00,0x00,0x04,0x01,0x00,0x00,0x01,
	0x00,0x88,0x21,0x00,0x10,0x61,0x00,0x00,0x12,0x00,0x0A,0x06,0x00,0x12,0x04,0x00,0x1A,0x0C,0x00,0x05,
	0x80,0x00,0x00,0x04,0x0A,0x81,0x00,0x04,0x00,0x08,0x04,0x00,0x13,0x4F,0x00,0x92,0x00,0x00,0x01,0x00,
	0x1E,0x07,0xE0,0x04,0x04,0xC0,0x00,0x06,0x20,0x02,0x06,0x00,0x00,0x02,0x48,0x00,0x00,0xF4,0x00,0x04,
	0x50,0x00,0x01,0x08,0x00,0x00,0x90,0x06,0x00,0x88,0x98,0x01,0x94,0x16,0x00,0x8C,0x02,0x00,0x14,0x0A,
	0x00,0x0C,0x10,0x01,0x06,0x00,0x00,0x0A,0x08,0x00,0x28,0x00,0x00,0x02,0x83,0x00,0x00,0x04,0x00,0x00,
	0x02,0x00,0x00,0x02,0x00,0x00,0x02,0x00,0x88,0x30,0x00,0x04,0x10,0x00,0x00,0x08,0x00,0x00,0x80,0x06,
	0x00,0x80,0x08,0x00,0x84,0x14,0x00,0x08,0x00,0x00,0x14,0x08,0x00,0x0C,0x00,0x00,0x01,0x80,0x04,0x0C,
	0x00,0x0A,0x80,0x80,0x02,0x00,0x06,0x80,0x00,0x08,0x00,0x13,0x00,0x80,0x00,0x04,0x00,0x00,0x80,0x00,
	0x00,0x04,0x00,0x83,0x00,0xC2,0x01,0x40,0x00,0x00,0x80,0x07,0x02,0x00,0x0B,0x00,0x00,0x89,0xA0,0x00,
	0x01,0x00,0x80,0x01,0x88,0x08,0x00,0x90,0x08,0x00,0x24,0x08,0x00,0x08,0x00,0x00,0x04,0x08,0x00,0x0C,
	0x00,0x00,0x00,0x04,0x04,0x04,0x00,0x00,0x02,0x80,0x00,0x00,0x04,0x00,0x80,0x00,0xC0,0x01,0x03,0x85,
	0xA0,0x00,0x00,0x80,0x00,0x00,0x18,0x08,0x00,0x10,0x08,0x00,0x04,0x08,0x00,0x08,0x00,0x00,0x00,0x82,
	0x04,0x08,0x00,0x24,0x0C,0x00,0x38,0x00,0x00,0x11,0x81,0x00,0x04,0x00,0x18,0x00,0x00,0x13,0x81,0x00,
	0x80,0x07,0x00,0xE2,0x06,0x00,0x80,0x00,0x03,0x04,0x00,0x8E,0x00,0xCE,0x00,0x00,0x1F,0x04,0x30,0x08,
	0x04,0x38,0x00,0x00,0x68,0x00,0x00,0x82,0x80,0x00,0x90,0x00,0x00,0x00,0x04,0x00,0x38,0x00,0x00,0x30,
	0x60,0x00,0x28,0x01,0x00,0x28,0x22,0x01,0x1C,0x08,0x01,0x14,0x84,0x06,0x10,0x10,0x00,0x02,0x80,0x00,
	0x00,0x04,0x00,0x8E,0x00,0xC0,0x00,0x00,0x00,0x04,0x00,0x00,0x04,0x30,0x00,0x00,0x60,0x00,0x00,0x40,
	0x00,0x00,0x10,0x00,0x00,0x00,0x04,0x00,0x08,0x00,0x00,0x30,0x00,0x00,0x08,0x00,0x00,0x08,0x22,0x00,
	0x30,0x00,0x00,0x38,0x00,0x00,0x38,0x00,0x04,0x10,0x82,0x00,0x00,0x01,0x30,0x00,0x00,0x20,0x00,0x00,
	0x13,0x85,0x00,0x60,0x00,0x00,0x18,0x00,0xC0,0x01,0x00,0xE3,0x00,0x04,0xC0,0x00,0x04,0x60,0x0C,0x04,
	0x01,0x8B,0xD0,0x00,0x00,0x88,0x80,0x00,0x40,0x05,0x00,0x20,0x0B,0x00,0x20,0x00,0x00,0x30,0x00,0x00,
	0x08,0x20,0x04,0x00,0x68,0x00,0x38,0x12,0x00,0x70,0x2E,0x00,0x08,0x54,0x03,0x38,0x14,0x00,0x02,0x82,
	0x00,0x00,0x04,0x00,0x00,0x04,0x00,0x00,0x04,0x01,0x80,0x50,0x00,0x00,0x00,0x80,0x40,0x01,0x00,0x01,
	0x86,0x20,0x00,0x00,0x08,0x00,0x00,0x00,0x68,0x00,0x30,0x0A,0x00,0x08,0x8C,0x00,0x70,0x04,0x00,0x30,
	0x00,0x06,0x10,0x82,0x00,0x08,0x01,0x10,0x00,0x00,0x10,0x10,0x00,0x13,0x93,0xC0,0x1F,0x00,0xDC,0x01,
	0x00,0x3C,0x00,0x00,0x1D,0x10,0x00,0x38,0x78,0x00,0x80,0xB3,0x00,0x80,0x0F,0x01,0x60,0x00,0x00,0x50,
	0x00,0x02,0x50,0x00,0x02,0x00,0x02,0x02,0x02,0x02,0x02,0x20,0x09,0x02,0x11,0x11,0x00,0x50,0x01,0x00,
	0x40,0x50,0x00,0x40,0xBA,0x00,0x30,0x70,0x00,0x10,0xE0,0x01,0x70,0x10,0x01,0x02,0x82,0x00,0x10,0x00,
	0x00,0x78,0x00,0x00,0xB0,0x00,0x01,0x8B,0x40,0x00,0x00,0x40,0x00,0x00,0x00,0x03,0x00,0x02,0x03,0x00,
	0x20,0x08,0x00,0x50,0x00,0x00,0x10,0x00,0x00,0x00,0x10,0x00,0x00,0x38,0x00,0x70,0xB0,0x00,0x50,0xC0,
	0x00,0x60,0x18,0x02,0x0F,0x83,0x00,0x08,0x00,0x20,0x40,0x00,0x60,0x10,0x00,0x20,0x08,0x00,0x13,0x4F,
	0x86,0xC0,0x3F,0x00,0xDC,0x03,0x00,0xFC,0x01,0x00,0xFE,0x11,0x04,0xF8,0x68,0x06,0xE0,0xB1,0x06,0x80,
	0x00,0x04,0x00,0x8B,0x80,0x00,0x00,0xB0,0x00,0x00,0x60,0x04,0x00,0x61,0x88,0x00,0x30,0xC0,0x00,0x01,
	0x90,0x02,0x20,0x28,0x00,0x22,0x22,0x00,0x40,0x78,0x00,0x00,0xD8,0x00,0xC0,0x1C,0x00,0xA0,0x30,0x01,
	0x02,0x83,0x00,0x10,0x04,0x00,0x68,0x06,0x00,0xB0,0x06,0x00,0x00,0x04,0x00,0x8B,0x80,0x00,0x00,0x80,
	0x00,0x00,0x00,0x04,0x00,0x01,0x08,0x00,0x70,0x00,0x00,0x00,0x10,0x00,0x20,0x28,0x00,0x20,0x20,0x00,
	0x50,0x18,0x00,0x00,0x28,0x00,0x20,0x90,0x00,0x40,0x40,0x00,0x0C,0x80,0x00,0x10,0x00,0x01,0x82,0x00,
	0x08,0x00,0x20,0x68,0x00,0x40,0x10,0x00,0x14,0x93,0x00,0x20,0x00,0x00,0x02,0x00,0x00,0x01,0x00,0x00,
	0x00,0x04,0x00,0x17,0x02,0x00,0x0E,0x02,0x00,0x0F,0x00,0xC0,0x00,0x00,0xA0,0x01,0x00,0x80,0x82,0x00,
	0x01,0x8A,0x00,0x54,0x44,0x00,0xA0,0x18,0x00,0x20,0x18,0x02,0x00,0x3A,0x00,0x35,0x38,0x00,0xC0,0x38,
	0x00,0x00,0x74,0x00,0x00,0x38,0x00,0x80,0x20,0x00,0x02,0x82,0x00,0x00,0x04,0x00,0x10,0x02,0x00,0x00,
	0x02,0x01,0x8B,0x80,0x00,0x00,0x80,0x00,0x00,0x00,0x02,0x00,0x54,0x04,0x00,0x00,0x18,0x00,0x20,0x18,
	0x00,0x00,0x08,0x00,0x20,0x18,0x00,0x60,0x20,0x00,0x40,0x18,0x00,0x00,0x68,0x00,0x00,0x70,0x00,0x0C,
	0x80,0x00,0x10,0x00,0x01,0x81,0x00,0x10,0x00,0x00,0x30,0x00,0x15,0x80,0x00,0x18,0x00,0x00,0x91,0x00,
	0x03,0x00,0x00,0x0E,0x00,0x00,0x08,0x00,0x00,0x30,0x00,0x00,0x00,0x02,0x00,0x01,0x07,0x40,0x00,0x00,
	0x40,0x44,0x00,0x08,0x4C,0x00,0x80,0x10,0x00,0x90,0x00,0x00,0x90,0x02,0x00,0x90,0x00,0x00,0xA8,0x18,
	0x00,0x00,0x08,0x00,0xC0,0x34,0x00,0xC0,0x14,0x00,0x80,0x00,0x00,0x05,0x81,0x00,0x00,0x02,0x00,0x00,
	0x06,0x01,0x80,0x08,0x0C,0x00,0x00,0x80,0x80,0x00,0x00,0x01,0x84,0x00,0x18,0x00,0x00,0x18,0x00,0x00,
	0x10,0x00,0x80,0x04,0x00,0x00,0x28,0x00,0x0E,0x84,0x00,0x10,0x00,0x00,0x08,0x00,0x00,0x08,0x00,0x00,
	0x18,0x00,0x00,0x38,0x00,0x12,0x80,0x00,0x10,0x00,0x81,0x00,0x08,0x00,0x00,0x0E,0x00,0x00,0x81,0x00,
	0x10,0x00,0x00,0x10,0x00,0x00,0x80,0x00,0x80,0x00,0x00,0x8B,0x00,0x01,0x05,0x90,0x02,0x01,0x80,0x02,
	0x01,0x98,0x02,0x00,0x00,0x28,0x00,0x40,0x18,0x00,0x40,0x18,0x00,0x00,0x0C,0x00,0x40,0x16,0x00,0x80,
	0x3D,0x00,0x80,0x14,0x00,0x80,0x18,0x00,0x07,0x80,0x00,0x01,0x04,0x01,0x88,0x88,0x00,0x00,0x00,0x08,
	0x00,0x40,0x18,0x00,0x40,0x18,0x00,0x00,0x04,0x00,0x00,0x18,0x00,0x80,0x00,0x00,0x00,0x34,0x00,0x80,
	0x28,0x00,0x0C,0x86,0x00,0x10,0x00,0x00,0x10,0x00,0x00,0x08,0x00,0x00,0x04,0x00,0x00,0x06,0x00,0x00,
	0x30,0x00,0x00,0x08,0x00,0x11,0x80,0x00,0x10,0x00,0x00,0x86,0xF8,0x08,0x00,0x00,0x08,0x00,0x00,0x04,
	0x04,0x00,0x10,0x06,0x00,0x00,0x07,0x00,0x00,0x03,0x80,0x01,0x00,0x00,0x89,0x00,0x01,0x00,0x80,0x0C,
	0x04,0x90,0x10,0x00,0x04,0x18,0x01,0x00,0x5A,0x01,0xC0,0x44,0x02,0xA0,0x08,0x00,0x40,0x1D,0x00,0x80,
	0x3D,0x00,0x80,0x11,0x00,0x00,0x80,0x40,0x60,0x00,0x01,0x83,0x00,0x00,0x04,0x00,0x00,0x06,0x00,0x00,
	0x03,0x00,0x00,0x03,0x01,0x8A,0x00,0x01,0x00,0x00,0x04,0x04,0x80,0x00,0x00,0x04,0x18,0x00,0x00,0x08,
	0x00,0xC0,0x00,0x00,0x80,0x04,0x00,0x00,0x0A,0x00,0x80,0x1B,0x00,0x00,0x38,0x00,0x00,0x20,0x00,0x0E,
	0x83,0x00,0x08,0x00,0x00,0x08,0x00,0x00,0x0C,0x00,0x00,0x16,0x00,0x10,0x82,0x00,0x08,0x00,0x00,0x08,
	0x00,0x00,0x10,0x00,0x01,0x0A,0x80,0x08,0x00,0x00,0x12,0x80,0x08,0x00,0x00,0x2F,0x84,0x18,0x07,0x00,
	0xF0,0x7F,0x00,0x80,0x07,0x04,0x00,0x8C,0x00,0x00,0x10,0x00,0x00,0x8D,0x00,0x00,0x05,0x00,0x02,0x07,
	0x80,0x00,0x06,0x00,0x48,0x00,0xC0,0x40,0x00,0x00,0x60,0x00,0x20,0x04,0x00,0x20,0x0C,0x00,0xC0,0x16,
	0x00,0x00,0x05,0x00,0x00,0x2F,0x00,0x00,0x08,0x00,0x00,0x60,0x00,0x00,0x20,0x00,0x00,0x82,0x00,0x78,
	0x00,0x00,0x00,0x04,0x00,0x80,0x01,0x00,0x84,0x00,0x00,0x04,0x00,0x00,0x01,0x00,0x00,0x01,0x00,0x00,
	0x02,0x00,0x08,0x00,0x02,0x84,0x00,0x08,0x00,0xC0,0x15,0x00,0x00,0x0B,0x00,0x00,0x2B,0x00,0x00,0x20,
	0x00,0x00,0x80,0x00,0x20,0x00,0x04,0x80,0x00,0x00,0x04,0x07,0x83,0x00,0x14,0x00,0x00,0x08,0x00,0x00,
	0x08,0x00,0x00,0x20,0x00,0x00,0x80,0x00,0x20,0x00,0x0E,0x81,0x00,0x08,0x00,0x00,0x08,0x00,0x01,0x80,
	0x00,0x20,0x00,0x93,0x20,0x00,0x00,0x70,0x00,0x00,0x00,0xFC,0x00,0x00,0xE3,0x05,0x00,0x8C,0x05,0x00,
	0x80,0x06,0x00,0x02,0x02,0x00,0x80,0x04,0x00,0x05,0x00,0x80,0x04,0x00,0x00,0x20,0x00,0x00,0x04,0x00,
	0x00,0x20,0x04,0x80,0x1C,0x00,0x40,0x03,0x00,0x00,0x14,0x00,0x00,0x10,0x00,0x00,0x38,0x00,0x80,0x28,
	0x00,0x00,0x08,0x00,0x01,0x85,0x00,0xFC,0x00,0x00,0x60,0x04,0x00,0x80,0x00,0x00,0x80,0x00,0x00,0x00,
	0x04,0x00,0x00,0x04,0x00,0x80,0x80,0x04,0x00,0x01,0x83,0x00,0x20,0x04,0x80,0x14,0x00,0x00,0x09,0x00,
	0x00,0x05,0x00,0x00,0x81,0x00,0x20,0x00,0x80,0x20,0x00,0x06,0x81,0x00,0x00,0x04,0x00,0x00,0x04,0x04,
	0x80,0x00,0x10,0x00,0x03,0x80,0x80,0x20,0x00,0x12,0x80,0x00,0x20,0x00,0x00,0x8E,0xC0,0x0B,0x07,0x00,
	0x78,0x04,0x00,0xE0,0x00,0x00,0x90,0x03,0x00,0xE2,0x00,0x00,0xFC,0x06,0x80,0x80,0x03,0x80,0x00,0x04,
	0x00,0x80,0x00,0x00,0x20,0x04,0x48,0x08,0x00,0x08,0x00,0x00,0x80,0x24,0x04,0x40,0x38,0x00,0x00,0x15,
	0x00,0x00,0x83,0x00,0x14,0x00,0x80,0x08,0x00,0x80,0x68,0x00,0x80,0x20,0x00,0x00,0x8D,0x00,0x78,0x00,
	0x00,0xE0,0x00,0x00,0x10,0x03,0x00,0x60,0x00,0x00,0x40,0x03,0x00,0x80,0x06,0x00,0x00,0x04,0x00,0x00,
	0x04,0x00,0x00,0x04,0x48,0x08,0x00,0x08,0x00,0x00,0x80,0x20,0x04,0x40,0x08,0x00,0x00,0x0C,0x00,0x00,
	0x80,0x00,0x10,0x00,0x00,0x80,0x80,0x00,0x00,0x05,0x82,0x00,0x00,0x03,0x00,0x00,0x02,0x00,0x00,0x04,
	0x04,0x81,0x00,0x08,0x00,0x00,0x0C,0x00,0x00,0x80,0x00,0x10,0x00,0x00,0x80,0x80,0x00,0x00,0x10,0x80,
	0x00,0x10,0x00,0x02,0x93,0x00,0x04,0x06,0x80,0x07,0x00,0x80,0x1D,0x00,0x00,0xF3,0x00,0x00,0x66,0x06,
	0x00,0xDC,0x06,0x00,0x40,0x02,0x00,0x00,0x06,0x80,0x00,0x04,0x00,0x84,0x06,0x00,0x8A,0x04,0xA0,0x80,
	0x04,0x00,0x96,0x00,0x80,0x8C,0x05,0x40,0x04,0x00,0x00,0x04,0x00,0x00,0x34,0x00,0x00,0x24,0x00,0x80,
	0x08,0x00,0x80,0x50,0x00,0x01,0x83,0x00,0x1C,0x00,0x00,0xF0,0x00,0x00,0xE0,0x07,0x00,0x40,0x07,0x00,
	0x80,0x00,0x00,0x02,0x00,0x84,0x00,0x04,0x02,0x00,0x08,0x00,0x80,0x00,0x00,0x00,0x14,0x00,0x00,0x08,
	0x00,0x00,0x81,0x00,0x14,0x00,0x00,0x24,0x00,0x00,0x81,0x00,0x28,0x00,0x00,0x08,0x00,0x04,0x80,0x00,
	0x00,0x07,0x00,0x80,0x00,0x00,0x02,0x03,0x81,0x00,0x10,0x00,0x00,0x08,0x00,0x02,0x82,0x00,0x20,0x00,
	0x00,0x20,0x00,0x00,0x08,0x00,0x11,0x80,0x00,0x20,0x00,0x00,0x83,0x00,0xF0,0x02,0x00,0xF8,0x06,0x00,
	0x3E,0x00,0x00,0x0C,0x00,0x00,0x81,0x00,0x80,0x04,0x00,0x80,0x05,0x00,0x8B,0x00,0x04,0x01,0x40,0x28,
	0x01,0xC8,0x20,0x02,0x4C,0x26,0x00,0x88,0x2A,0x06,0x28,0x18,0x00,0x28,0x1C,0x00,0x00,0x14,0x00,0x80,
	0x24,0x00,0x80,0x04,0x00,0x80,0x04,0x00,0x80,0x0C,0x00,0x04,0x8E,0x00,0x80,0x00,0x00,0x80,0x06,0x00,
	0x00,0x04,0x00,0x00,0x03,0x00,0x08,0x01,0x08,0x00,0x02,0x04,0x00,0x00,0x00,0x08,0x02,0x00,0x18,0x00,
	0x00,0x18,0x00,0x00,0x10,0x00,0x80,0x00,0x00,0x80,0x24,0x00,0x80,0x00,0x00,0x80,0x00,0x00,0x05,0x80,
	0x00,0x00,0x02,0x00,0x80,0x00,0x00,0x02,0x03,0x81,0x00,0x08,0x00,0x00,0x08,0x00,0x02,0x81,0x00,0x20,
	0x00,0x00,0x20,0x00,0x12,0x80,0x00,0x20,0x00,0x4F,0xBB,0x50,0xAF,0x04,0x28,0x3F,0x05,0xD9,0x7F,0x01,
	0x81,0x86,0x03,0x9D,0xCD,0x07,0x83,0x55,0x06,0x53,0xBE,0x03,0x79,0xEE,0x02,0x94,0xD8,0x06,0x4E,0x08,
	0x06,0x4B,0x16,0x04,0xE1,0x8E,0x07,0x25,0x80,0x07,0x65,0x94,0x04,0xE7,0x14,0x03,0x82,0x04,0x03,0x80,
	0x1C,0x03,0x83,0x78,0x07,0x83,0x74,0x05,0x81,0x6C,0x07,0xC3,0x20,0x07,0xD3,0xB0,0x07,0x03,0x30,0x01,
	0x23,0x78,0x04,0x33,0x38,0x00,0x20,0xB8,0x07,0x20,0x70,0x03,0x01,0x50,0x00,0x01,0x80,0x01,0x80,0x04,
	0x03,0xC3,0x08,0x01,0x40,0x10,0x03,0x40,0x0C,0x03,0x00,0x04,0x00,0x00,0x04,0x00,0x02,0x0C,0x00,0x02,
	0x0C,0x00,0x00,0x0C,0x04,0x00,0x28,0x04,0x00,0x00,0x06,0x3F,0xD0,0x07,0x3F,0xC0,0x07,0x3F,0xC0,0x07,
	0x1F,0x80,0x03,0x0F,0xC0,0x07,0x1E,0x40,0x07,0x1E,0x80,0x03,0x1F,0x80,0x05,0x0F,0x00,0x05,0x07,0x00,
	0x07,0x03,0x00,0x06,0x03,0x00,0x06,0x03,0x10,0x06,0x03,0x08,0x06,0x03,0x08,0x06,0x01,0x18,0x06,0x01,
	0x08,0x06,0x01,0x08,0x02,0x01,0x08,0x02,0x01,0x28,0x00,0x04,0x81,0x01,0x00,0x00,0x01,0x00,0x00,0x08,
	0x83,0x00,0x10,0x00,0x00,0x10,0x00,0x00,0x10,0x00,0x00,0x10,0x00,0x89,0xC0,0x58,0x05,0x20,0x14,0x00,
	0x60,0x10,0x01,0x60,0x99,0x02,0xF0,0x1A,0x00,0xE0,0x1E,0x00,0xB0,0x16,0x00,0x70,0x31,0x00,0x08,0x20,
	0x00,0x00,0x80,0x00,0x00,0x96,0x04,0x80,0x00,0x06,0x00,0x01,0x06,0x00,0x00,0x02,0x00,0x00,0x02,0x00,
	0x02,0x02,0x00,0x02,0x02,0x00,0x02,0x01,0x00,0x02,0x03,0x40,0x01,0x40,0x58,0x05,0x60,0x00,0x00,0x40,
	0x00,0x01,0x00,0x88,0x02,0x10,0x08,0x00,0x00,0x08,0x00,0x10,0x00,0x00,0x30,0x30,0x00,0x10,0x80,0x00,
	0x0C,0x80,0x00,0x04,0x00,0x00,0x04,0x00,0x00,0x02,0x00,0x01,0x02,0x00,0x00,0x00,0x80,0x02,0x00,0x00,
	0x00,0x84,0x02,0x00,0x00,0x01,0x00,0x02,0x01,0x00,0x00,0x40,0x50,0x00,0x40,0x00,0x00,0x00,0x81,0x00,
	0x80,0x02,0x10,0x00,0x00,0x02,0x80,0x00,0x80,0x00,0x00,0x80,0x04,0x00,0x00,0x03,0x80,0x02,0x00,0x00,
	0x01,0x80,0x00,0x00,0x02,0x14,0x8A,0xA0,0x03,0x00,0xC0,0x04,0x00,0x41,0x33,0x00,0x00,0x35,0x00,0xA0,
	0x22,0x00,0x00,0x03,0x00,0x60,0x02,0x00,0x8E,0xB7,0x00,0x00,0x4C,0x00,0x18,0x78,0x01,0x08,0x00,0x01,
	0x00,0x94,0x04,0x00,0x00,0x00,0x00,0x02,0x01,0x00,0x02,0x00,0x00,0x02,0x00,0x00,0x04,0x02,0x00,0x01,
	0x02,0x40,0x03,0x00,0x80,0x00,0x80,0x03,0x00,0x00,0x01,0x00,0xC0,0x13,0x00,0x40,0x11,0x00,0x60,0x00,
	0x00,0x40,0x00,0x00,0x60,0x00,0x00,0x68,0x10,0x00,0x30,0x40,0x00,0x08,0x00,0x00,0x04,0x00,0x01,0x04,
	0x00,0x00,0x04,0x00,0x00,0x00,0x86,0x01,0x00,0x00,0x00,0x00,0x02,0x00,0x00,0x06,0x00,0x00,0x02,0x02,
	0x00,0x00,0x00,0x00,0x02,0x80,0x00,0x00,0x00,0x80,0x40,0x00,0x00,0x00,0x80,0x20,0x00,0x00,0x00,0x85,
	0x20,0x00,0x00,0x20,0x00,0x00,0x10,0x00,0x00,0x08,0x00,0x00,0x00,0x00,0x01,0x04,0x00,0x00,0x01,0x83,
	0x01,0x00,0x00,0x00,0x00,0x02,0x00,0x00,0x06,0x00,0x00,0x02,0x15,0x8A,0x00,0x58,0x00,0x80,0x10,0x00,
	0x10,0x31,0x00,0x20,0x06,0x02,0x80,0x52,0x00,0x40,0x77,0x00,0x48,0x37,0x00,0x60,0x3B,0x00,0xF0,0x4F,
	0x01,0xB4,0xC8,0x00,0x04,0x78,0x01,0x00,0x80,0x00,0x80,0x00,0x00,0x92,0x06,0x00,0x02,0x02,0x00,0x02,
	0x02,0x00,0x01,0x00,0x40,0x00,0x00,0x00,0x02,0x01,0x00,0x04,0x00,0x5E,0x00,0x80,0x02,0x00,0x10,0x10,
	0x00,0xA0,0x02,0x02,0xC0,0x50,0x00,0xC0,0x50,0x00,0x00,0x10,0x00,0x00,0x10,0x00,0x70,0x20,0x00,0x08,
	0x40,0x00,0x08,0x00,0x00,0x04,0x00,0x00,0x04,0x00,0x00,0x00,0x80,0x02,0x00,0x02,0x00,0x80,0x02,0x00,
	0x00,0x00,0x83,0x00,0x00,0x02,0x01,0x00,0x00,0x00,0x52,0x00,0x80,0x00,0x00,0x00,0x82,0x20,0x00,0x02,
	0x40,0x40,0x00,0x40,0x40,0x00,0x01,0x81,0x20,0x00,0x00,0x10,0x00,0x00,0x01,0x80,0x04,0x00,0x00,0x00,
	0x80,0x00,0x00,0x02,0x00,0x80,0x02,0x00,0x00,0x16,0x8B,0x40,0x10,0x00,0x40,0x0E,0x00,0x80,0x16,0x00,
	0x00,0x20,0x00,0x80,0x01,0x00,0xF0,0x00,0x00,0x20,0x45,0x00,0x50,0x49,0x00,0xE8,0x46,0x00,0xF0,0x57,
	0x01,0x18,0x80,0x00,0x06,0x40,0x01,0x00,0x85,0x02,0x80,0x00,0x01,0x00,0x00,0x04,0x00,0x00,0x00,0x00,
	0x04,0x02,0x00,0x00,0x02,0x00,0x00,0x00,0x82,0x00,0x18,0x00,0x40,0x1A,0x00,0x80,0x14,0x00,0x00,0x8A,
	0x00,0x01,0x00,0x20,0x00,0x00,0x80,0x00,0x00,0xC0,0x00,0x00,0xE8,0x20,0x00,0x90,0x80,0x01,0x00,0x80,
	0x00,0x0A,0x00,0x00,0x04,0x00,0x00,0x04,0x00,0x00,0x01,0x00,0x00,0x00,0x80,0x00,0x00,0x04,0x00,0x80,
	0x02,0x00,0x00,0x00,0x82,0x00,0x10,0x00,0x00,0x06,0x00,0x80,0x00,0x00,0x01,0x80,0x20,0x00,0x00,0x00,
	0x83,0x40,0x00,0x00,0x40,0x00,0x00,0x20,0x80,0x00,0x08,0x00,0x00,0x02,0x80,0x01,0x00,0x00,0x00,0x80,
	0x00,0x00,0x04,0x16,0x0A,0x80,0x01,0x00,0x00,0x00,0x80,0x02,0x00,0x00,0x41,0x93,0x00,0x10,0x00,0x08,
	0x02,0x00,0x00,0x20,0x00,0x00,0x29,0x02,0x00,0x40,0x00,0x80,0x61,0x00,0x00,0xB5,0x00,0x21,0xA4,0x00,
	0x80,0x00,0x00,0x68,0xC2,0x00,0xB9,0x98,0x01,0x00,0x20,0x00,0x0C,0x00,0x00,0x06,0x00,0x03,0x04,0x00,
	0x00,0x04,0x00,0x02,0x02,0x00,0x01,0x00,0x00,0x01,0x00,0x00,0x01,0x02,0xC0,0x06,0x00,0x80,0x08,0x00,
	0x00,0x00,0x80,0x00,0x08,0x02,0x00,0x82,0x80,0x21,0x00,0x00,0xA1,0x00,0x21,0x20,0x00,0x00,0x8A,0x48,
	0x00,0x00,0x11,0x00,0x01,0x08,0x00,0x01,0x00,0x00,0x01,0x04,0x00,0x01,0x04,0x00,0x02,0x00,0x00,0x02,
	0x02,0x00,0x02,0x00,0x00,0x02,0x00,0x00,0x02,0x00,0x00,0x02,0x02,0x80,0x00,0x00,0x02,0x00,0x82,0x80,
	0x00,0x00,0x00,0x80,0x00,0x01,0x00,0x00,0x00,0x80,0x08,0x00,0x00,0x00,0x80,0x08,0x00,0x01,0x00,0x84,
	0x04,0x00,0x00,0x00,0x00,0x02,0x00,0x00,0x02,0x02,0x00,0x02,0x00,0x00,0x02,0x08,0x80,0x01,0x00,0x00,
	0x00,0x80,0x08,0x00,0x00,0x09,0x95,0x00,0x10,0x00,0x00,0x0E,0x00,0x01,0x00,0x00,0x00,0x01,0x00,0x00,
	0xA0,0x00,0x06,0x50,0x00,0x10,0x41,0x00,0x00,0x12,0x00,0x80,0x12,0x00,0x82,0x81,0x00,0xD8,0x40,0x00,
	0x00,0x80,0x01,0x08,0x40,0x02,0x00,0xC0,0x03,0x06,0x00,0x06,0x06,0x80,0x06,0x03,0x80,0x03,0x00,0x80,
	0x06,0x00,0x80,0x07,0x09,0xC0,0x03,0x00,0x10,0x00,0x00,0x0C,0x00,0x01,0x8F,0x00,0xA0,0x00,0x02,0x40,
	0x00,0x00,0x41,0x00,0x00,0x80,0x00,0x00,0x80,0x00,0x80,0x80,0x00,0x18,0x40,0x00,0x08,0x00,0x01,0x08,
	0x80,0x03,0x04,0x80,0x03,0x00,0x80,0x02,0x02,0x00,0x02,0x02,0x00,0x00,0x00,0x00,0x04,0x00,0x00,0x04,
	0x00,0x00,0x03,0x00,0x80,0x00,0x04,0x00,0x01,0x80,0x00,0x80,0x00,0x01,0x8C,0x00,0x80,0x00,0x00,0x80,
	0x00,0x00,0x80,0x00,0x18,0x00,0x00,0x00,0x80,0x00,0x00,0x00,0x01,0x00,0x00,0x01,0x00,0x00,0x01,0x00,
	0x00,0x01,0x02,0x00,0x01,0x00,0x00,0x05,0x00,0x00,0x07,0x00,0x00,0x02,0x09,0x80,0x08,0x00,0x00,0x08,
	0x97,0x08,0x00,0x05,0x01,0x12,0x00,0x20,0x62,0x00,0x00,0x06,0x02,0x00,0x58,0x00,0x80,0x4D,0x00,0x04,
	0x0C,0x00,0x80,0x4C,0x00,0x86,0x08,0x00,0x31,0xC0,0x01,0x04,0xD0,0x04,0x3C,0xD0,0x07,0x16,0x00,0x01,
	0x0C,0x00,0x01,0x0C,0xE0,0x01,0x00,0x60,0x00,0x04,0x60,0x03,0x03,0x60,0x03,0x02,0x20,0x00,0x1A,0x20,
	0x00,0x00,0x18,0x05,0x00,0x16,0x00,0x20,0x40,0x00,0x00,0x0E,0x02,0x00,0x80,0x80,0x41,0x00,0x00,0x8C,
	0x00,0x40,0x00,0x84,0x00,0x00,0x30,0x40,0x01,0x34,0x40,0x04,0x04,0xC0,0x04,0x04,0xE0,0x01,0x08,0x20,
	0x01,0x00,0xC0,0x01,0x04,0x00,0x00,0x02,0x00,0x02,0x03,0x00,0x03,0x02,0x40,0x01,0x01,0x40,0x01,0x00,
	0x82,0x00,0x02,0x00,0x00,0x40,0x00,0x00,0x00,0x02,0x00,0x80,0x80,0x00,0x00,0x02,0x8A,0x10,0x00,0x00,
	0x04,0x00,0x00,0x14,0x80,0x00,0x0C,0x80,0x00,0x00,0xC0,0x00,0x04,0x80,0x00,0x00,0x80,0x00,0x00,0x80,
	0x00,0x02,0x80,0x00,0x00,0x80,0x00,0x00,0x80,0x01,0x08,0x83,0x10,0x00,0x00,0x04,0x00,0x00,0x04,0x00,
	0x00,0x04,0x00,0x00,0x06,0xA8,0x00,0xBE,0x00,0x02,0x1B,0x00,0x88,0x27,0x01,0x80,0x48,0x04,0x80,0xBC,
	0x04,0x40,0x72,0x00,0x00,0x52,0x00,0x80,0x93,0x01,0x51,0x97,0x01,0x20,0x76,0x00,0x32,0x60,0x02,0x68,
	0x48,0x00,0x38,0x60,0x02,0x04,0x68,0x06,0x10,0x98,0x02,0x04,0x38,0x01,0x0C,0x38,0x00,0x02,0x78,0x00,
	0x02,0x38,0x00,0x16,0xB0,0x00,0x00,0xB2,0x00,0x00,0x08,0x00,0x88,0x06,0x01,0x00,0x04,0x04,0x00,0xA0,
	0x00,0x80,0x20,0x00,0x80,0x40,0x00,0x80,0x40,0x01,0x40,0x00,0x00,0x00,0x60,0x00,0x12,0x60,0x00,0x38,
	0x80,0x00,0x10,0x90,0x00,0x04,0x70,0x04,0x0C,0xC0,0x00,0x00,0x40,0x01,0x04,0x00,0x00,0x02,0x00,0x00,
	0x04,0x40,0x00,0x02,0x40,0x00,0x00,0x3A,0x00,0x00,0x82,0x80,0x00,0x00,0x00,0x00,0x04,0x00,0x80,0x00,
	0x02,0x80,0x40,0x00,0x00,0x00,0x89,0x30,0x00,0x00,0x08,0x80,0x00,0x10,0x40,0x00,0x1C,0x20,0x00,0x0C,
	0x40,0x00,0x0C,0x00,0x00,0x04,0x00,0x00,0x04,0x00,0x00,0x02,0x00,0x00,0x02,0x00,0x00,0x09,0x81,0x10,
	0x00,0x00,0x08,0x00,0x00,0x00,0x81,0x04,0x00,0x00,0x04,0x00,0x00,0x04,0xAF,0x10,0x13,0x00,0x40,0xFC,
	0x00,0xA8,0x01,0x02,0xE0,0xE2,0x00,0x40,0x26,0x00,0xE0,0x2D,0x00,0xA4,0xED,0x01,0x60,0xA8,0x01,0x00,
	0x48,0x01,0x40,0x42,0x03,0x20,0xD8,0x01,0x20,0xAC,0x00,0x39,0x58,0x05,0x0A,0x48,0x00,0x28,0x44,0x00,
	0x02,0x34,0x00,0x06,0x04,0x00,0x1A,0x40,0x00,0x01,0x10,0x00,0x0F,0x18,0x00,0x10,0x06,0x00,0xC0,0x34,
	0x00,0x68,0x01,0x02,0xA0,0x81,0x00,0xC0,0x01,0x00,0x20,0x00,0x00,0x40,0xA0,0x01,0x20,0xA0,0x01,0x40,
	0x00,0x00,0x40,0x80,0x03,0x00,0x70,0x00,0x20,0x18,0x00,0x08,0x20,0x04,0x0A,0x00,0x00,0x18,0x40,0x00,
	0x08,0x40,0x00,0x18,0x40,0x00,0x04,0x00,0x00,0x08,0x00,0x00,0x04,0x00,0x00,0x00,0x06,0x00,0x80,0x30,
	0x00,0x40,0x00,0x00,0x20,0x80,0x00,0x40,0x00,0x00,0x60,0x00,0x00,0x00,0x80,0x00,0x40,0x80,0x00,0x00,
	0x8A,0x00,0x80,0x00,0x00,0xE0,0x00,0x20,0xE0,0x00,0x28,0x20,0x00,0x3A,0x00,0x00,0x18,0x20,0x00,0x10,
	0x40,0x00,0x08,0x00,0x00,0x08,0x00,0x00,0x04,0x00,0x00,0x04,0x00,0x00,0x0A,0x83,0x00,0x80,0x00,0x08,
	0x00,0x00,0x1A,0x00,0x00,0x08,0x00,0x00,0x04,0x4F,0x93,0x00,0x02,0x00,0x20,0x13,0x01,0xE0,0x90,0x00,
	0x30,0x44,0x00,0xF8,0xDB,0x02,0x60,0x92,0x00,0x60,0x20,0x02,0xD0,0x80,0x00,0xA0,0x00,0x00,0xE0,0x4C,
	0x01,0x20,0x04,0x00,0x00,0x78,0x01,0x40,0x08,0x00,0x01,0x00,0x01,0x32,0x08,0x00,0x00,0x20,0x00,0x30,
	0x70,0x05,0x0C,0x04,0x00,0x14,0x0C,0x00,0x1C,0x8C,0x00,0x00,0x85,0x60,0x0E,0x00,0x30,0xEF,0x00,0x10,
	0x5F,0x00,0x50,0x58,0x00,0x30,0x90,0x00,0x10,0x00,0x00,0x00,0x8B,0x00,0xE0,0x00,0x20,0xA0,0x00,0x00,
	0x50,0x00,0x00,0x58,0x01,0x20,0x00,0x00,0x20,0x00,0x00,0x12,0x00,0x00,0x30,0x00,0x00,0x00,0x40,0x01,
	0x08,0x00,0x00,0x10,0x00,0x00,0x08,0x80,0x00,0x00,0x8A,0x40,0x0E,0x00,0x20,0x70,0x00,0x10,0x40,0x00,
	0x30,0x40,0x00,0x10,0x80,0x00,0x20,0x00,0x00,0x20,0x00,0x00,0x20,0xC0,0x00,0x00,0x60,0x00,0x00,0x10,
	0x00,0x00,0x50,0x01,0x01,0x85,0x32,0x00,0x00,0x00,0x20,0x00,0x10,0x40,0x00,0x10,0x00,0x00,0x08,0x00,
	0x00,0x08,0x80,0x00,0x0A,0x80,0x00,0x40,0x01,0x01,0x80,0x12,0x00,0x00,0x04,0xA0,0x20,0x00,0x00,0x60,
	0x04,0x02,0x90,0x1C,0x04,0x7C,0x0B,0x00,0x32,0x56,0x00,0xEA,0x51,0x00,0x34,0x04,0x00,0x2C,0x64,0x00,
	0x67,0x00,0x00,0x30,0x0C,0x00,0x42,0x1C,0x00,0x00,0x14,0x00,0x60,0x00,0x00,0x41,0x80,0x00,0x28,0x00,
	0x00,0x21,0x30,0x00,0x20,0x48,0x00,0x38,0x40,0x00,0x22,0x08,0x00,0x10,0x00,0x00,0x20,0x00,0x00,0xA0,
	0x00,0x00,0x20,0x0C,0x04,0x8C,0x00,0x00,0xEE,0x07,0x00,0x16,0x50,0x00,0x04,0x00,0x00,0x18,0x40,0x00,
	0x3C,0x00,0x00,0x10,0x00,0x00,0x02,0x10,0x00,0x20,0x10,0x00,0x40,0x00,0x00,0x02,0x82,0x20,0x28,0x00,
	0x10,0x00,0x00,0x12,0x00,0x00,0x01,0x8A,0xC0,0x00,0x00,0x20,0x0C,0x00,0x0C,0x00,0x00,0x0C,0x00,0x00,
	0x0C,0x40,0x00,0x1C,0x00,0x00,0x18,0x40,0x00,0x10,0x00,0x00,0x30,0x00,0x00,0x00,0x10,0x00,0x00,0x10,
	0x00,0x04,0x82,0x00,0x40,0x00,0x12,0x00,0x00,0x10,0x00,0x00,0x08,0x80,0x10,0x00,0x00,0x07,0x80,0x02,
	0x00,0x00,0x00,0x80,0x80,0x00,0x00,0x00,0x8A,0xF0,0x10,0x00,0x0E,0x11,0x00,0x1B,0x5D,0x00,0xEC,0x1B,
	0x00,0x10,0x00,0x00,0x0C,0x48,0x00,0x11,0x08,0x00,0x13,0x00,0x01,0x70,0x10,0x00,0xC0,0x00,0x00,0x41,
	0x00,0x00,0x00,0x80,0x00,0x10,0x00,0x00,0x80,0x00,0x38,0x00,0x00,0x81,0x02,0x40,0x00,0x20,0x80,0x00,
	0x01,0x89,0x50,0x00,0x00,0x1E,0x06,0x00,0xC0,0x0F,0x00,0x0A,0x18,0x00,0x05,0x00,0x00,0x00,0x40,0x00,
	0x03,0x00,0x00,0x0C,0x00,0x00,0x30,0x00,0x00,0x40,0x00,0x00,0x01,0x80,0x00,0x10,0x00,0x00,0x80,0x00,
	0x28,0x00,0x00,0x81,0x02,0x00,0x00,0x00,0x80,0x00,0x01,0x81,0x40,0x00,0x00,0x1C,0x00,0x00,0x00,0x85,
	0x03,0x00,0x00,0x02,0x00,0x00,0x07,0x40,0x00,0x0E,0x00,0x00,0x18,0x00,0x00,0x10,0x00,0x00,0x04,0x80,
	0x00,0x20,0x00,0x00,0x81,0x02,0x00,0x00,0x00,0x80,0x00,0x04,0x82,0x01,0x00,0x00,0x01,0x00,0x00,0x01,
	0x00,0x00,0x00,0x81,0x08,0x00,0x00,0x10,0x00,0x00,0x06,0x80,0x02,0x00,0x00,0x00,0x00,0x8A,0xB0,0x01,
	0x00,0xAA,0x12,0x00,0x62,0x03,0x00,0x57,0x15,0x00,0x76,0x08,0x00,0x2E,0x28,0x00,0x08,0x2C,0x01,0x06,
	0x28,0x00,0x2C,0x20,0x00,0x2C,0x10,0x00,0x60,0x08,0x00,0x00,0x80,0x00,0x10,0x00,0x00,0x81,0x00,0x10,
	0x02,0x20,0x08,0x00,0x00,0x81,0x22,0x50,0x00,0x20,0x80,0x02,0x00,0x89,0x00,0x01,0x00,0xA8,0x02,0x00,
	0x62,0x02,0x00,0x3C,0x10,0x00,0x12,0x08,0x00,0x0E,0x00,0x00,0x01,0x00,0x00,0x03,0x00,0x00,0x1C,0x20,
	0x00,0x0C,0x10,0x00,0x03,0x81,0x00,0x10,0x00,0x20,0x08,0x00,0x00,0x81,0x02,0x40,0x00,0x00,0x00,0x02,
	0x00,0x84,0x00,0x01,0x00,0x80,0x02,0x00,0x60,0x00,0x00,0x7C,0x00,0x00,0x02,0x00,0x00,0x00,0x83,0x01,
	0x00,0x00,0x01,0x00,0x00,0x0C,0x20,0x00,0x0C,0x00,0x00,0x06,0x80,0x02,0x00,0x00,0x0A,0x80,0x0C,0x00,
	0x00,0x06,0x80,0x02,0x00,0x00,0x00,0x96,0x44,0x0C,0x00,0x04,0x12,0x00,0x00,0x01,0x00,0x00,0x12,0x00,
	0xC6,0x01,0x00,0x06,0x00,0x00,0x0C,0x08,0x00,0x38,0x08,0x00,0x19,0x40,0x00,0x1A,0x30,0x00,0xC8,0x00,
	0x00,0x18,0x10,0x00,0x10,0x00,0x00,0x01,0x00,0x00,0x00,0x10,0x01,0x20,0x80,0x00,0x00,0x18,0x00,0x20,
	0x70,0x00,0x00,0x90,0x03,0x10,0x00,0x01,0x40,0x00,0x00,0x00,0x12,0x00,0x00,0x01,0x00,0x00,0x88,0x82,
	0x01,0x00,0x7C,0x00,0x00,0x13,0x00,0x00,0x0E,0x00,0x00,0x07,0x00,0x00,0x0E,0x00,0x00,0x18,0x00,0x00,
	0x68,0x00,0x00,0x10,0x00,0x00,0x01,0x84,0x00,0x80,0x00,0x00,0x18,0x00,0x00,0x20,0x00,0x00,0xC0,0x00,
	0x00,0x40,0x01,0x01,0x80,0x00,0x01,0x00,0x01,0x87,0x1D,0x00,0x00,0x02,0x00,0x00,0x01,0x00,0x00,0x01,
	0x00,0x00,0x06,0x00,0x00,0x30,0x00,0x00,0x08,0x00,0x00,0x10,0x00,0x00,0x04,0x80,0x00,0x40,0x00,0x05,
	0x81,0x01,0x00,0x00,0x01,0x00,0x00,0x03,0x81,0x08,0x00,0x00,0x10,0x00,0x00,0x06,0x80,0x02,0x00,0x00,
	0x0D,0x80,0x04,0x00,0x00,0x3F,0x00,0x92,0x40,0x00,0x00,0x40,0x00,0x00,0x80,0x10,0x00,0xA9,0x20,0x00,
	0x36,0x30,0x00,0xC1,0x00,0x00,0x30,0x02,0x00,0x6D,0x00,0x00,0x41,0x70,0x04,0x86,0x40,0x00,0xD8,0x20,
	0x00,0x65,0x10,0x00,0x0C,0x30,0x00,0x04,0x26,0x00,0x08,0x0A,0x00,0x01,0x8A,0x00,0x00,0x32,0x00,0x00,
	0x62,0x00,0x02,0x06,0x04,0x01,0x89,0x40,0x00,0x00,0x80,0x00,0x00,0x09,0x00,0x00,0xE2,0x10,0x00,0x4F,
	0x00,0x00,0x57,0x00,0x00,0x2F,0x00,0x00,0x3E,0x40,0x04,0x46,0x00,0x00,0x68,0x00,0x00,0x03,0x83,0x01,
	0x80,0x00,0x00,0x20,0x00,0x00,0x20,0x00,0x02,0x40,0x04,0x02,0x88,0x80,0x00,0x00,0x01,0x00,0x00,0x60,
	0x00,0x00,0x3C,0x00,0x00,0x3F,0x00,0x00,0x1E,0x00,0x00,0x0A,0x00,0x00,0x3C,0x00,0x00,0x08,0x00,0x00,
	0x04,0x80,0x00,0x20,0x00,0x00,0x80,0x02,0x40,0x04,0x03,0x80,0x01,0x00,0x00,0x01,0x80,0x01,0x00,0x00,
	0x01,0x81,0x0C,0x00,0x00,0x08,0x00,0x00,0x06,0x80,0x02,0x00,0x00,0x01,0x8B,0x00,0x30,0x00,0x00,0x08,
	0x00,0x80,0x01,0x00,0x80,0x00,0x00,0xC0,0x2A,0x00,0x90,0x04,0x00,0xEC,0x48,0x00,0x8C,0x80,0x00,0x48,
	0x20,0x00,0xF0,0x10,0x00,0x20,0x10,0x00,0x20,0xB0,0x00,0x00,0x84,0x00,0x44,0x00,0x00,0x01,0x00,0x11,
	0x09,0x00,0x10,0x2D,0x00,0x00,0x23,0x00,0x01,0x82,0x00,0x24,0x00,0x00,0x0A,0x00,0x80,0x01,0x00,0x00,
	0x87,0xC0,0x20,0x00,0x60,0x00,0x00,0x14,0x40,0x00,0x48,0x80,0x00,0xB0,0x20,0x00,0x10,0x50,0x00,0x00,
	0x70,0x00,0x00,0x60,0x00,0x00,0x80,0x00,0x40,0x00,0x01,0x80,0x10,0x20,0x00,0x02,0x80,0x00,0x24,0x00,
	0x00,0x80,0x80,0x00,0x00,0x00,0x87,0x40,0x00,0x00,0x40,0x00,0x00,0x60,0x40,0x00,0x30,0x00,0x00,0x00,
	0x20,0x00,0x10,0x40,0x00,0x00,0x20,0x00,0x00,0x20,0x00,0x03,0x80,0x00,0x20,0x00,0x0B,0x80,0x10,0x40,
	0x00,0x07,0x00,0x92,0x00,0x18,0x00,0x00,0x1E,0x00,0x88,0x77,0x00,0x80,0x04,0x00,0x00,0x04,0x00,0x00,
	0x22,0x00,0x80,0x07,0x00,0x88,0xA0,0x00,0xFC,0x80,0x04,0x30,0x10,0x00,0x80,0x60,0x01,0x40,0x40,0x04,
	0xE0,0x41,0x00,0x20,0x31,0x00,0x20,0x41,0x00,0x81,0x84,0x00,0xA1,0x06,0x00,0x80,0x43,0x00,0x80,0x01,
	0x00,0x00,0x83,0x00,0x14,0x00,0x00,0x16,0x00,0x80,0x50,0x00,0x80,0x00,0x00,0x00,0x86,0x00,0x20,0x00,
	0x80,0x00,0x00,0x80,0x20,0x00,0xDC,0x60,0x04,0x10,0xE0,0x00,0x00,0x80,0x01,0x40,0xC0,0x04,0x00,0x82,
	0x20,0x00,0x00,0x20,0x40,0x00,0x01,0x80,0x00,0x01,0x80,0x00,0x20,0x00,0x00,0x83,0x00,0x04,0x00,0x00,
	0x1A,0x00,0x80,0x40,0x00,0x80,0x00,0x00,0x03,0x83,0x5C,0x40,0x00,0x10,0x00,0x00,0x00,0xE0,0x01,0x00,
	0x40,0x00,0x00,0x80,0x20,0x00,0x00,0x0D,0x82,0x1C,0x00,0x00,0x10,0x00,0x00,0x00,0x80,0x01,0x07,0x8C,
	0x00,0x08,0x00,0xC0,0x23,0x03,0x40,0x6E,0x00,0x08,0x05,0x00,0x00,0x85,0x02,0x80,0x70,0x00,0x80,0x69,
	0x02,0x00,0xE9,0x01,0x80,0x29,0x00,0x00,0xB0,0x02,0x00,0x60,0x01,0x04,0x20,0x01,0x80,0x70,0x01,0x00,
	0x89,0x80,0x12,0x01,0xB0,0xB2,0x00,0x30,0x13,0x00,0x60,0x71,0x00,0xC0,0xA0,0x03,0xC0,0x00,0x04,0x00,
	0x04,0x00,0x00,0x3D,0x00,0x40,0x13,0x00,0x00,0x01,0x00,0x00,0x91,0x00,0x60,0x00,0x00,0x20,0x00,0x00,
	0x20,0x00,0x00,0x40,0x00,0x00,0xC0,0x02,0x80,0x80,0x00,0x40,0x60,0x00,0x20,0xB0,0x00,0x00,0x60,0x00,
	0x30,0x10,0x00,0x10,0x90,0x00,0x00,0x10,0x00,0x10,0x20,0x00,0x10,0xA0,0x00,0x10,0x00,0x04,0x00,0x04,
	0x00,0x00,0x3B,0x00,0x00,0x01,0x00,0x01,0x80,0x00,0x40,0x00,0x02,0x85,0x00,0x80,0x00,0x00,0xC0,0x00,
	0x00,0x80,0x00,0x00,0xA0,0x00,0x20,0x20,0x00,0x10,0x00,0x00,0x01,0x82,0x00,0x20,0x00,0x00,0x20,0x00,
	0x10,0x00,0x04,0x0D,0x80,0x10,0x00,0x00,0x04,0x96,0xC0,0x38,0x00,0x00,0xF7,0x00,0x00,0x8D,0x00,0x00,
	0x05,0x00,0xA8,0x71,0x00,0x80,0xD1,0x00,0x42,0xA1,0x01,0x80,0xF1,0x01,0x00,0x18,0x01,0x44,0x80,0x00,
	0x00,0xF0,0x03,0x94,0xA0,0x01,0x15,0x50,0x03,0x5D,0x30,0x05,0x54,0x70,0x02,0xD8,0x11,0x02,0xC0,0x50,
	0x05,0x88,0x20,0x01,0x10,0x00,0x00,0x00,0x00,0x01,0x40,0x36,0x00,0x00,0x1A,0x00,0x00,0x81,0x00,0x00,
	0x90,0x08,0x60,0x00,0x00,0x80,0x00,0x42,0x80,0x01,0x00,0xC0,0x01,0x00,0x80,0x00,0xC4,0x00,0x01,0x40,
	0x60,0x00,0x10,0x40,0x01,0x10,0x10,0x00,0x20,0x10,0x04,0x00,0x40,0x00,0x10,0x20,0x00,0x00,0x00,0x01,
	0x00,0x20,0x01,0x00,0x20,0x00,0x10,0x20,0x01,0x00,0x3A,0x00,0x02,0x8E,0x00,0x40,0x00,0x00,0x80,0x00,
	0x40,0x80,0x00,0x00,0x80,0x00,0x00,0x80,0x00,0x44,0x00,0x00,0x00,0x00,0x01,0x30,0x00,0x00,0x30,0xC0,
	0x00,0x10,0x00,0x00,0x10,0x00,0x00,0x10,0x20,0x00,0x10,0x20,0x00,0x10,0x00,0x00,0x10,0x00,0x00,0x09,
	0x80,0x04,0x00,0x00,0x00,0x82,0x10,0x00,0x00,0x10,0x00,0x00,0x10,0x00,0x00,0x05,0x4F,0xA8,0x22,0xEE,
	0x00,0x24,0x1D,0x00,0x80,0x21,0x05,0xC0,0xF1,0x04,0x81,0x90,0x05,0x00,0xE0,0x01,0x00,0xD1,0x01,0x40,
	0x48,0x02,0x90,0xE1,0x03,0x20,0x90,0x02,0xAA,0x10,0x00,0x30,0x10,0x04,0x28,0xB0,0x01,0x10,0x40,0x02,
	0x88,0x81,0x00,0x14,0x80,0x01,0x10,0xC0,0x00,0x00,0x80,0x00,0x42,0x60,0x00,0x52,0xA0,0x02,0x20,0xD3,
	0x00,0x00,0x01,0x00,0x80,0x20,0x05,0x40,0xA0,0x04,0x01,0xC0,0x01,0x00,0x40,0x01,0x00,0x40,0x00,0x40,
	0x80,0x01,0x80,0x80,0x01,0x40,0xE0,0x01,0x02,0x40,0x00,0x20,0x40,0x05,0x08,0x00,0x00,0x10,0x40,0x00,
	0x10,0xC0,0x00,0x10,0x20,0x01,0x10,0x00,0x00,0x00,0x40,0x00,0x02,0x40,0x00,0x02,0x00,0x02,0x00,0x40,
	0x00,0x00,0x83,0x80,0x00,0x00,0x40,0x80,0x04,0x01,0x80,0x01,0x00,0x00,0x01,0x00,0x8C,0x40,0x00,0x01,
	0x00,0x00,0x01,0x00,0x00,0x01,0x20,0x40,0x00,0x00,0xC0,0x00,0x18,0x20,0x00,0x10,0x20,0x00,0x00,0x60,
	0x00,0x00,0x40,0x00,0x00,0x40,0x00,0x00,0x40,0x00,0x02,0x40,0x00,0x02,0x00,0x00,0x03,0x80,0x01,0x00,
	0x00,0x06,0x80,0x08,0x00,0x00,0x04,0x81,0x02,0x00,0x00,0x02,0x00,0x00,0x97,0x04,0x20,0x01,0x10,0x20,
	0x00,0x00,0x0C,0x02,0x80,0x40,0x03,0x00,0xE0,0x00,0x00,0xC0,0x06,0x00,0x40,0x06,0x20,0x01,0x00,0x00,
	0xC0,0x02,0x50,0x90,0x00,0x10,0x00,0x01,0x00,0x60,0x02,0x00,0x60,0x00,0x90,0x81,0x00,0x00,0xC0,0x01,
	0x00,0xC0,0x00,0x00,0x40,0x02,0x00,0x00,0x02,0x00,0x80,0x01,0x10,0x40,0x00,0x00,0x20,0x01,0x00,0x20,
	0x00,0x00,0x40,0x02,0x00,0x40,0x03,0x00,0x8D,0x00,0x80,0x02,0x00,0x80,0x07,0xA0,0x00,0x00,0x40,0x80,
	0x02,0x10,0x80,0x01,0x20,0xA0,0x00,0x00,0x60,0x00,0x10,0x00,0x00,0x10,0x80,0x00,0x00,0x40,0x01,0x00,
	0x80,0x00,0x00,0x00,0x02,0x00,0x40,0x02,0x00,0x40,0x01,0x02,0x81,0x00,0x40,0x00,0x00,0x00,0x03,0x00,
	0x81,0x00,0x00,0x02,0x00,0x00,0x07,0x00,0x85,0x40,0x00,0x02,0x30,0x00,0x01,0x10,0x80,0x01,0x10,0x00,
	0x00,0x00,0x40,0x00,0x00,0x40,0x00,0x00,0x80,0x00,0x80,0x00,0x02,0x80,0x00,0x40,0x00,0x08,0x81,0x10,
	0x00,0x00,0x10,0x00,0x00,0x08,0x96,0x00,0x01,0x00,0x00,0xC0,0x00,0x00,0x41,0x00,0x00,0xC0,0x00,0x00,
	0x80,0x00,0x00,0x80,0x01,0x00,0x01,0x03,0x00,0x40,0x02,0x00,0xC0,0x07,0x20,0xA0,0x02,0x90,0xE0,0x04,
	0x00,0xC0,0x01,0x00,0x80,0x00,0x18,0x40,0x01,0x18,0x80,0x00,0x11,0x00,0x06,0x00,0x80,0x01,0x00,0x80,
	0x00,0x04,0x40,0x06,0x00,0x40,0x00,0x00,0x01,0x00,0x00,0xC0,0x00,0x00,0xC0,0x00,0x00,0x80,0x00,0x80,
	0x00,0x00,0x84,0x00,0x01,0x02,0x00,0x00,0x02,0x00,0x40,0x03,0x00,0x20,0x00,0x00,0x40,0x04,0x00,0x83,
	0x00,0xC0,0x00,0x08,0x80,0x01,0x08,0x00,0x00,0x00,0x80,0x02,0x01,0x81,0x00,0x80,0x06,0x00,0x80,0x00,
	0x00,0x81,0x00,0x40,0x00,0x00,0x80,0x00,0x02,0x82,0x00,0x00,0x02,0x00,0x00,0x02,0x00,0x00,0x03,0x00,
	0x81,0x00,0x40,0x00,0x00,0x40,0x00,0x00,0x81,0x08,0x80,0x00,0x08,0x80,0x00,0x00,0x83,0x00,0x80,0x00,
	0x00,0x80,0x00,0x00,0x80,0x04,0x00,0x80,0x00,0x0C,0x81,0x08,0x00,0x00,0x08,0x00,0x00,0x04,0x91,0x00,
	0x02,0x00,0x10,0x29,0x00,0x00,0x8C,0x00,0x00,0x08,0x00,0x01,0x84,0x00,0x00,0x80,0x01,0x00,0x88,0x01,
	0x00,0xC0,0x03,0xC0,0x60,0x00,0x30,0x60,0x00,0x50,0x80,0x00,0x80,0x00,0x00,0x80,0x40,0x01,0x50,0x80,
	0x00,0x40,0x80,0x07,0x00,0x80,0x01,0x10,0x80,0x00,0x40,0x80,0x05,0x00,0x80,0x00,0x00,0x01,0x00,0x80,
	0x00,0x21,0x00,0x01,0x80,0x01,0x80,0x00,0x00,0x86,0x00,0x00,0x01,0x80,0x81,0x03,0x00,0x40,0x00,0x50,
	0x00,0x00,0x30,0x40,0x00,0x00,0x40,0x00,0x00,0x00,0x01,0x00,0x80,0x00,0x00,0x02,0x01,0x82,0x00,0x00,
	0x04,0x00,0x80,0x00,0x00,0x80,0x00,0x03,0x80,0x01,0x00,0x00,0x00,0x81,0x00,0x00,0x01,0x00,0x00,0x03,
	0x00,0x80,0x30,0x00,0x00,0x06,0x80,0x00,0x00,0x04,0x05,0x80,0x01,0x00,0x00,0x03,0x80,0x10,0x00,0x00,
	0x09,0x96,0x00,0x3E,0x04,0x00,0xB6,0x00,0x80,0x23,0x00,0x00,0x5C,0x00,0x21,0xBC,0x00,0x00,0x84,0x04,
	0x00,0x00,0x01,0x60,0xC1,0x03,0x40,0x00,0x00,0x60,0x60,0x01,0x30,0x80,0x01,0x40,0x00,0x00,0x50,0x00,
	0x02,0x08,0x80,0x00,0x1A,0x00,0x01,0x48,0x00,0x01,0x40,0x00,0x01,0x18,0x00,0x05,0x18,0x00,0x01,0x18,
	0x00,0x00,0x00,0x22,0x04,0x00,0xA0,0x00,0x80,0xE1,0x00,0x00,0x8F,0x01,0x80,0x00,0x00,0x80,0x00,0x00,
	0x80,0x00,0x60,0x00,0x00,0xC0,0x01,0x00,0x80,0x40,0x00,0x50,0x80,0x01,0x20,0x00,0x00,0x10,0x00,0x02,
	0x08,0x80,0x00,0x0A,0x00,0x00,0x08,0x00,0x01,0x08,0x00,0x00,0x08,0x00,0x04,0x08,0x00,0x01,0x08,0x00,
	0x01,0x01,0x80,0x80,0x80,0x00,0x00,0x80,0x01,0x00,0x00,0x01,0x81,0x40,0x00,0x00,0x40,0x00,0x00,0x00,
	0x89,0x30,0x80,0x00,0x10,0x80,0x00,0x00,0x80,0x00,0x08,0x00,0x00,0x0A,0x00,0x00,0x00,0x00,0x01,0x00,
	0x00,0x01,0x00,0x00,0x05,0x00,0x00,0x01,0x00,0x00,0x01,0x03,0x80,0x01,0x00,0x00,0x04,0x80,0x10,0x00,
	0x00,0x01,0x81,0x08,0x00,0x00,0x0A,0x00,0x00,0x04,0x4F,0xBB,0x25,0x15,0x05,0xDD,0x31,0x07,0xCD,0x25,
	0x01,0xAB,0x50,0x03,0x84,0xA5,0x02,0xEF,0x18,0x00,0xC2,0xAF,0x06,0xB8,0xF6,0x00,0xB1,0x2F,0x07,0xA6,
	0x39,0x07,0x6E,0x09,0x00,0xED,0x01,0x05,0xC5,0x21,0x04,0xA2,0x00,0x03,0x69,0x48,0x05,0x5D,0x58,0x01,
	0x29,0xF8,0x05,0x31,0x30,0x00,0x25,0x71,0x00,0x28,0x23,0x00,0x70,0xAA,0x02,0x28,0x03,0x04,0x62,0x23,
	0x07,0xA7,0x08,0x03,0xF8,0xA5,0x00,0xBD,0x28,0x03,0xD3,0x99,0x05,0xBD,0x99,0x01,0x33,0xD1,0x00,0xFE,
	0xE0,0x00,0xB0,0xC0,0x03,0xC1,0xC0,0x06,0xDB,0xD0,0x05,0x3A,0xE0,0x04,0x70,0x00,0x06,0x30,0x90,0x03,
	0x20,0x30,0x07,0x38,0xF0,0x03,0x39,0xF0,0x02,0x38,0xF0,0x02,0x60,0xB6,0x00,0x4C,0x3B,0x00,0x46,0x3B,
	0x00,0x33,0xEF,0x07,0x64,0xE0,0x01,0xE1,0xE8,0x03,0x1C,0x70,0x04,0x19,0x60,0x00,0x41,0xA0,0x00,0x58,
	0x80,0x00,0x1E,0x80,0x01,0x0C,0x80,0x01,0x35,0x00,0x01,0x4C,0x10,0x06,0x0E,0xB0,0x06,0x06,0x20,0x03,
	0x16,0x00,0x06,0x0F,0x00,0x02,0x0E,0x00,0x02,0x0F,0x00,0x02,0x00,0x8D,0x0C,0x04,0x00,0x06,0x04,0x00,
	0x93,0x10,0x00,0x84,0x18,0x00,0x01,0x10,0x00,0x1C,0x80,0x00,0x19,0x80,0x00,0x41,0x00,0x00,0x18,0x00,
	0x00,0x1E,0x00,0x00,0x0C,0x00,0x00,0x04,0x00,0x00,0x0E,0x00,0x00,0x0C,0x00,0x00,0x04,0x94,0x20,0x10,
	0x00,0xC0,0x00,0x00,0x20,0x00,0x00,0x41,0x08,0x00,0xA0,0x81,0x01,0xC0,0x08,0x00,0x28,0x00,0x00,0x60,
	0xA0,0x00,0x80,0x82,0x04,0x40,0x00,0x00,0x80,0x08,0x00,0x00,0x01,0x00,0x00,0x10,0x00,0x80,0x50,0x00,
	0x00,0x88,0x02,0x03,0xF8,0x00,0x00,0xC8,0x00,0x41,0x40,0x00,0x00,0x13,0x00,0x00,0x52,0x00,0x00,0x10,
	0x00,0x01,0x85,0x20,0x00,0x00,0x00,0x80,0x00,0xE0,0x08,0x00,0xA0,0x00,0x00,0x00,0x80,0x00,0x80,0x00,
	0x04,0x00,0x87,0x80,0x00,0x00,0x00,0x01,0x00,0x00,0x10,0x00,0x80,0x50,0x00,0x40,0x80,0x02,0x43,0xF0,
	0x00,0x40,0x40,0x00,0x01,0x00,0x00,0x00,0x81,0x00,0x12,0x00,0x00,0x10,0x00,0x01,0x80,0x20,0x00,0x00,
	0x01,0x81,0x20,0x00,0x00,0x40,0x80,0x00,0x04,0x82,0x00,0x10,0x00,0x40,0x80,0x02,0x02,0x30,0x00,0x00,
	0x80,0x01,0x00,0x00,0x08,0x80,0x00,0x80,0x00,0x0B,0x80,0x40,0x00,0x00,0x00,0x92,0x82,0x01,0x01,0x40,
	0x00,0x01,0xE0,0x0C,0x00,0x60,0x00,0x00,0xC0,0x00,0x01,0x40,0x00,0x00,0x00,0x00,0x04,0x00,0x01,0x00,
	0x80,0x00,0x00,0x00,0x40,0x00,0x00,0x10,0x00,0x00,0x10,0x00,0x80,0x90,0x00,0x00,0x50,0x00,0x40,0x50,
	0x00,0x40,0x00,0x00,0x40,0x00,0x00,0x40,0x15,0x00,0x40,0x00,0x00,0x00,0x82,0xC2,0x00,0x01,0xC0,0x00,
	0x01,0xE0,0x08,0x00,0x00,0x82,0x80,0x00,0x00,0x20,0x00,0x00,0x00,0x00,0x04,0x00,0x80,0x80,0x00,0x00,
	0x01,0x82,0x80,0x00,0x00,0x80,0x10,0x00,0x00,0x10,0x00,0x00,0x81,0x40,0x10,0x00,0x00,0x10,0x00,0x00,
	0x88,0x40,0x00,0x00,0x40,0x00,0x00,0xC0,0x00,0x00,0x40,0x00,0x01,0xE0,0x08,0x00,0x20,0x00,0x00,0x80,
	0x00,0x00,0x20,0x00,0x00,0x40,0x00,0x00,0x03,0x82,0x80,0x00,0x00,0x00,0x10,0x00,0x00,0x10,0x00,0x06,
	0x81,0x80,0x00,0x00,0x80,0x08,0x00,0x02,0x80,0x40,0x00,0x00,0x0A,0x93,0x00,0x02,0x00,0x80,0x00,0x00,
	0x40,0x01,0x00,0x40,0x0B,0x01,0xC0,0x01,0x00,0xA0,0x00,0x00,0x68,0x00,0x01,0x64,0x10,0x00,0x10,0x00,
	0x00,0x04,0x00,0x00,0x00,0x19,0x00,0x00,0x01,0x00,0x00,0x61,0x04,0x00,0x31,0x00,0x80,0x40,0x00,0x40,
	0x00,0x00,0x84,0x00,0x01,0x40,0x10,0x00,0x40,0x02,0x00,0x00,0x06,0x00,0x02,0x85,0xC0,0x00,0x01,0x80,
	0x00,0x00,0xC0,0x00,0x00,0xA0,0x00,0x00,0xA4,0x10,0x00,0x10,0x00,0x00,0x01,0x85,0x00,0x01,0x00,0x00,
	0x41,0x04,0x00,0x10,0x00,0x80,0x50,0x00,0xC0,0x10,0x00,0x04,0x10,0x01,0x00,0x81,0x40,0x00,0x00,0x00,
	0x06,0x00,0x01,0x82,0x80,0x00,0x00,0x00,0x00,0x01,0x40,0x00,0x00,0x00,0x82,0xE0,0x00,0x00,0x24,0x10,
	0x00,0x40,0x00,0x00,0x04,0x82,0x80,0x00,0x00,0x40,0x00,0x00,0x04,0x00,0x00,0x05,0x82,0x80,0x00,0x00,
	0x40,0x00,0x00,0x40,0x00,0x00,0x00,0x80,0x04,0x00,0x00,0x0B,0x00,0x87,0x40,0x00,0x00,0x00,0x06,0x01,
	0xC0,0x02,0x00,0x00,0x01,0x00,0x84,0x11,0x00,0x80,0x08,0x00,0xC0,0x24,0x00,0x88,0x04,0x00,0x00,0x89,
	0x80,0x40,0x00,0x00,0x40,0x00,0x00,0x20,0x02,0xA2,0x00,0x00,0x80,0x90,0x00,0x80,0x10,0x00,0x84,0x20,
	0x00,0x80,0x20,0x01,0x00,0x24,0x00,0x40,0x00,0x00,0x01,0x86,0x00,0x02,0x01,0x00,0x01,0x00,0x00,0x01,
	0x00,0x00,0x01,0x00,0x40,0x00,0x00,0xC0,0x00,0x00,0x80,0x00,0x00,0x00,0x81,0x80,0x00,0x00,0x00,0x40,
	0x00,0x00,0x81,0x80,0x00,0x00,0x00,0x80,0x00,0x00,0x80,0x84,0x00,0x00,0x01,0x80,0x40,0x20,0x00,0x01,
	0x80,0x00,0x02,0x00,0x00,0x83,0x80,0x01,0x00,0x80,0x00,0x00,0x80,0x00,0x00,0xC0,0x00,0x00,0x04,0x80,
	0x80,0x00,0x00,0x01,0x80,0x04,0x00,0x00,0x04,0x80,0x00,0x02,0x00,0x00,0x81,0x80,0x00,0x00,0x80,0x00,
	0x00,0x01,0x80,0x40,0x00,0x00,0x0A,0x4F,0x01,0x87,0x00,0x04,0x00,0x00,0x0C,0x00,0x00,0x01,0x00,0x04,
	0x0A,0x00,0x40,0x00,0x00,0x00,0x28,0x00,0x40,0x10,0x00,0xC0,0x20,0x00,0x00,0x88,0x00,0x16,0x00,0x00,
	0x11,0x00,0x82,0x11,0x00,0x00,0x21,0x00,0x00,0x20,0x00,0x84,0x20,0x00,0x80,0x20,0x01,0x80,0x20,0x00,
	0x00,0x2A,0x00,0x05,0x83,0x40,0x00,0x00,0x00,0x08,0x00,0x00,0x10,0x00,0x80,0x20,0x00,0x01,0x82,0x00,
	0x01,0x00,0x80,0x01,0x00,0x00,0x20,0x00,0x00,0x82,0x04,0x20,0x00,0x80,0x20,0x00,0x00,0x20,0x00,0x0D,
	0x81,0x80,0x00,0x00,0x00,0x20,0x00,0x00,0x80,0x04,0x00,0x00,0x16,0x01,0x89,0x00,0x02,0x00,0x02,0x05,
	0x01,0x00,0x0C,0x00,0x02,0x11,0x00,0x04,0x00,0x00,0x00,0x20,0x00,0x80,0x10,0x00,0x00,0x01,0x00,0xC0,
	0x10,0x00,0xC0,0x04,0x00,0x00,0x86,0x00,0x40,0x00,0x00,0xC0,0x02,0x00,0x01,0x00,0x04,0x20,0x01,0x80,
	0x20,0x00,0x00,0x20,0x00,0x80,0x00,0x00,0x01,0x84,0x00,0x02,0x00,0x02,0x07,0x01,0x00,0x04,0x00,0x02,
	0x01,0x00,0x04,0x00,0x00,0x00,0x80,0x80,0x10,0x00,0x00,0x81,0xC0,0x00,0x00,0x40,0x00,0x00,0x01,0x82,
	0x00,0xE0,0x02,0x00,0x20,0x00,0x04,0x00,0x01,0x00,0x81,0x00,0x08,0x00,0x00,0x08,0x00,0x01,0x81,0x00,
	0x02,0x00,0x00,0x06,0x01,0x00,0x80,0x02,0x00,0x00,0x03,0x81,0x40,0x00,0x00,0x40,0x00,0x00,0x01,0x80,
	0x00,0x00,0x02,0x00,0x80,0x04,0x00,0x00,0x04,0x80,0x00,0x02,0x00,0x01,0x80,0x02,0x00,0x00,0x0D,0x00,
	0x82,0x40,0x04,0x00,0x00,0x00,0x01,0x42,0x00,0x00,0x00,0x84,0x00,0x0A,0x00,0x04,0x08,0x00,0x80,0x20,
	0x00,0x00,0x01,0x00,0x80,0x41,0x00,0x00,0x88,0x00,0x42,0x00,0x04,0x20,0x00,0x00,0x20,0x00,0x00,0x21,
	0x00,0x20,0x41,0x00,0x05,0x01,0x01,0x00,0x40,0x00,0x80,0x0C,0x00,0x20,0x04,0x00,0x00,0x82,0x00,0x04,
	0x00,0x00,0x00,0x01,0x02,0x00,0x00,0x00,0x81,0x00,0x08,0x00,0x04,0x08,0x00,0x01,0x80,0x80,0x00,0x00,
	0x00,0x81,0x00,0x40,0x00,0x04,0x00,0x00,0x00,0x82,0x00,0x01,0x00,0x00,0x01,0x00,0x04,0x40,0x00,0x00,
	0x81,0x80,0x00,0x00,0x00,0x04,0x00,0x00,0x80,0x00,0x04,0x00,0x02,0x80,0x00,0x08,0x00,0x09,0x80,0x04,
	0x00,0x00,0x03,0x80,0x00,0x04,0x00,0x11,0x01,0x81,0x00,0x02,0x01,0x00,0x02,0x00,0x01,0x8D,0x80,0x00,
	0x00,0x00,0x01,0x00,0x40,0x18,0x00,0x00,0x40,0x00,0x00,0x20,0x00,0x00,0x11,0x00,0x04,0x41,0x00,0x20,
	0x60,0x00,0x00,0xC1,0x00,0x00,0xC1,0x00,0x00,0xC0,0x00,0x00,0x41,0x00,0x00,0x40,0x04,0x88,0x10,0x00,
	0x01,0x80,0x00,0x02,0x01,0x02,0x80,0x80,0x00,0x00,0x01,0x80,0x00,0x20,0x00,0x01,0x81,0x04,0x40,0x00,
	0x00,0x20,0x00,0x00,0x84,0x00,0xC0,0x00,0x00,0x01,0x00,0x00,0x40,0x00,0x00,0x00,0x04,0x80,0x40,0x00,
	0x01,0x80,0x00,0x02,0x00,0x0E,0x80,0x00,0x00,0x04,0x02,0x80,0x00,0x02,0x00,0x10,0x01,0x8D,0x00,0x02,
	0x00,0x00,0x06,0x00,0x00,0x01,0x00,0x02,0x01,0x00,0x00,0x00,0x01,0x00,0x10,0x00,0x00,0x28,0x00,0x00,
	0x20,0x00,0x80,0x68,0x00,0x00,0x02,0x00,0x00,0x10,0x00,0xA0,0x20,0x00,0x00,0x80,0x00,0x00,0x40,0x00,
	0x00,0x82,0x01,0x01,0x00,0x00,0x49,0x04,0x08,0x04,0x00,0x01,0x81,0x00,0x02,0x00,0x00,0x06,0x00,0x00,
	0x80,0x02,0x01,0x00,0x01,0x82,0x00,0x20,0x00,0x00,0x20,0x00,0x80,0x20,0x00,0x01,0x81,0x80,0x00,0x00,
	0x00,0x80,0x00,0x01,0x81,0x01,0x01,0x00,0x00,0x40,0x04,0x02,0x81,0x00,0x02,0x00,0x00,0x06,0x00,0x00,
	0x80,0x02,0x00,0x00,0x02,0x80,0x00,0x20,0x00,0x02,0x81,0x80,0x00,0x00,0x00,0x80,0x00,0x01,0x81,0x01,
	0x00,0x00,0x00,0x00,0x04,0x02,0x80,0x00,0x02,0x00,0x01,0x80,0x02,0x00,0x00,0x0D,0x4F,0x01,0x8B,0x02,
	0x06,0x00,0x01,0x07,0x00,0x00,0x0F,0x00,0x00,0x10,0x00,0x00,0x08,0x00,0x00,0x24,0x00,0x80,0x12,0x00,
	0x00,0x10,0x00,0x00,0x28,0x00,0x00,0x22,0x00,0x10,0x00,0x00,0xA0,0x41,0x00,0x01,0x83,0x00,0x80,0x00,
	0x01,0xC0,0x00,0x40,0x00,0x04,0x08,0x00,0x00,0x01,0x84,0x02,0x02,0x00,0x00,0x01,0x00,0x00,0x05,0x00,
	0x00,0x08,0x00,0x00,0x08,0x00,0x00,0x81,0x80,0x10,0x00,0x00,0x10,0x00,0x02,0x80,0x80,0x41,0x00,0x01,
	0x82,0x00,0x80,0x00,0x01,0x80,0x00,0x00,0x00,0x04,0x02,0x80,0x00,0x02,0x00,0x01,0x80,0x00,0x08,0x00,
	0x01,0x80,0x00,0x10,0x00,0x03,0x80,0x80,0x00,0x00,0x02,0x81,0x01,0x00,0x00,0x00,0x00,0x04,0x02,0x80,
	0x00,0x02,0x00,0x10,0x01,0x8D,0x00,0x04,0x00,0x01,0x0C,0x00,0x00,0x08,0x00,0x02,0x09,0x00,0x80,0x00,
	0x01,0x80,0x01,0x00,0x40,0x80,0x04,0x00,0x10,0x00,0x00,0x10,0x00,0x00,0x41,0x00,0x80,0x01,0x00,0x84,
	0x00,0x00,0x00,0x01,0x00,0x00,0x01,0x00,0x01,0x81,0x00,0x08,0x00,0x20,0x00,0x00,0x02,0x83,0x00,0x04,
	0x00,0x00,0x08,0x00,0x02,0x08,0x00,0x80,0x00,0x00,0x00,0x80,0x00,0x00,0x04,0x03,0x80,0x80,0x00,0x00,
	0x03,0x80,0x00,0x08,0x00,0x04,0x81,0x00,0x08,0x00,0x02,0x00,0x00,0x06,0x80,0x80,0x00,0x00,0x09,0x81,
	0x00,0x08,0x00,0x02,0x00,0x00,0x0D,0x80,0x00,0x02,0x00,0x01,0x80,0x00,0x04,0x00,0x00,0x82,0x00,0x03,
	0x00,0x80,0x01,0x00,0x00,0x08,0x04,0x01,0x81,0x40,0x20,0x00,0x80,0x21,0x00,0x00,0x86,0x00,0x01,0x00,
	0x00,0x41,0x00,0x00,0x41,0x00,0x00,0xC1,0x00,0x00,0x41,0x00,0x00,0x49,0x00,0x00,0x50,0x00,0x02,0x80,
	0x00,0x04,0x00,0x00,0x82,0x00,0x01,0x00,0x00,0x01,0x00,0x00,0x08,0x00,0x01,0x81,0x00,0x20,0x00,0x80,
	0x20,0x00,0x01,0x85,0x00,0x01,0x00,0x00,0x01,0x00,0x00,0x80,0x00,0x00,0x01,0x00,0x00,0x48,0x00,0x00,
	0x40,0x00,0x04,0x80,0x00,0x01,0x00,0x03,0x80,0x00,0x20,0x00,0x1C,0x02,0x85,0x00,0x08,0x00,0x00,0x08,
	0x00,0x00,0x09,0x00,0x00,0x01,0x00,0x00,0x00,0x04,0x00,0x00,0x04,0x00,0x80,0x00,0x08,0x00,0x00,0x82,
	0x10,0x01,0x00,0x00,0x10,0x00,0x00,0x20,0x00,0x00,0x83,0x00,0x41,0x00,0x00,0xC1,0x00,0x40,0x48,0x00,
	0x00,0x44,0x00,0x03,0x82,0x00,0x08,0x00,0x00,0x09,0x00,0x00,0x01,0x00,0x00,0x80,0x00,0x00,0x04,0x06,
	0x82,0x00,0x41,0x00,0x00,0x40,0x00,0x00,0x08,0x00,0x04,0x81,0x00,0x08,0x00,0x00,0x01,0x00,0x11,0x80,
	0x00,0x08,0x00,0x0E,0x80,0x00,0x00,0x04,0x01,0x80,0x01,0x00,0x00,0x00,0x80,0x00,0x08,0x00,0x00,0x8D,
	0x80,0x00,0x00,0x40,0x00,0x00,0xC0,0x10,0x00,0x80,0x30,0x00,0x80,0x20,0x00,0x00,0x10,0x00,0x80,0x10,
	0x00,0x80,0x21,0x00,0x20,0x21,0x00,0x00,0x21,0x00,0x80,0x20,0x00,0x80,0x08,0x04,0x08,0x04,0x00,0x00,
	0x00,0x04,0x08,0x81,0x40,0x20,0x00,0x40,0x20,0x00,0x00,0x82,0x80,0x10,0x00,0x00,0x20,0x00,0x00,0x20,
	0x00,0x01,0x82,0x80,0x00,0x04,0x80,0x0C,0x00,0x00,0x00,0x04,0x08,0x81,0x40,0x20,0x00,0x40,0x00,0x00,
	0x00,0x80,0x80,0x00,0x00,0x03,0x80,0x00,0x00,0x04,0x14,0x4F,0x80,0x00,0x00,0x04,0x00,0x80,0x00,0x02,
	0x00,0x01,0x88,0x02,0x10,0x00,0x80,0x00,0x01,0x00,0x08,0x00,0xD0,0x00,0x00,0x40,0x00,0x00,0x60,0x20,
	0x00,0x30,0x20,0x00,0xC0,0x10,0x04,0x04,0x30,0x00,0x00,0x80,0x42,0x10,0x00,0x00,0x83,0x00,0x40,0x00,
	0x80,0x00,0x00,0x00,0x2A,0x00,0x00,0x00,0x04,0x00,0x80,0x00,0x02,0x00,0x01,0x80,0x02,0x00,0x00,0x00,
	0x81,0x00,0x08,0x00,0xD0,0x00,0x00,0x00,0x82,0x60,0x00,0x00,0x50,0x00,0x00,0x00,0x10,0x04,0x00,0x84,
	0x00,0x10,0x00,0x42,0x00,0x00,0x80,0x20,0x00,0x80,0x60,0x00,0x00,0x20,0x00,0x00,0x80,0x00,0x00,0x04,
	0x00,0x80,0x00,0x02,0x00,0x01,0x80,0x02,0x00,0x00,0x01,0x82,0x40,0x00,0x00,0x40,0x00,0x00,0x20,0x00,
	0x00,0x03,0x80,0x42,0x00,0x00,0x05,0x80,0x00,0x02,0x00,0x01,0x80,0x02,0x00,0x00,0x01,0x80,0x40,0x00,
	0x00,0x0A,0x06,0x89,0x80,0x00,0x00,0x00,0x14,0x00,0x44,0x12,0x00,0x90,0x08,0x00,0xA0,0x00,0x00,0x60,
	0x50,0x00,0x00,0x50,0x00,0x80,0xF0,0x00,0x00,0x10,0x00,0x80,0x10,0x00,0x00,0x81,0x00,0x20,0x01,0x40,
	0x22,0x00,0x06,0x88,0x80,0x00,0x00,0x40,0x10,0x00,0x00,0x10,0x00,0x30,0x00,0x00,0x20,0x00,0x00,0x20,
	0x40,0x00,0x00,0x50,0x00,0x80,0x80,0x00,0x80,0x10,0x00,0x02,0x80,0x40,0x22,0x00,0x06,0x81,0x80,0x00,
	0x00,0x00,0x10,0x00,0x02,0x82,0x20,0x00,0x00,0x00,0x10,0x00,0x80,0x80,0x00,0x18,0x80,0x01,0x00,0x00,
	0x03,0x8E,0x00,0x08,0x00,0x00,0x00,0x05,0x00,0x10,0x00,0x88,0x10,0x00,0x00,0x04,0x00,0x20,0x20,0x00,
	0xC0,0x40,0x00,0x00,0x11,0x00,0x80,0x20,0x00,0x00,0xD0,0x00,0x80,0x10,0x00,0x00,0xD0,0x00,0x40,0x90,
	0x00,0x40,0x00,0x00,0x00,0x20,0x00,0x07,0x83,0x40,0x00,0x00,0x20,0x00,0x00,0x00,0x20,0x00,0x80,0x00,
	0x00,0x00,0x81,0x80,0x20,0x00,0x80,0x90,0x00,0x00,0x80,0x00,0xD0,0x00,0x00,0x81,0x40,0x00,0x00,0x00,
	0x04,0x00,0x07,0x81,0x40,0x00,0x00,0x20,0x00,0x00,0x02,0x81,0x80,0x00,0x00,0x00,0x90,0x00,0x18,0x80,
	0x01,0x00,0x00,0x01,0x80,0x00,0x08,0x00,0x00,0x82,0x00,0x08,0x00,0x00,0x00,0x04,0x80,0x00,0x00,0x00,
	0x8A,0x00,0x20,0x00,0x20,0x04,0x00,0x68,0x01,0x00,0x20,0x10,0x00,0x00,0x10,0x00,0x41,0x00,0x02,0x20,
	0x90,0x00,0x40,0x90,0x00,0x40,0x50,0x00,0x00,0x50,0x00,0x40,0x00,0x00,0x06,0x80,0x80,0x00,0x00,0x00,
	0x80,0x00,0x20,0x00,0x00,0x84,0x60,0x00,0x00,0x20,0x10,0x00,0x00,0x10,0x00,0x00,0x00,0x02,0x00,0x10,
	0x00,0x00,0x80,0x40,0x10,0x00,0x08,0x80,0x80,0x00,0x00,0x00,0x80,0x00,0x20,0x00,0x01,0x83,0x20,0x00,
	0x00,0x00,0x10,0x00,0x00,0x00,0x02,0x00,0x10,0x00,0x17,0x80,0x00,0x10,0x00,0x05,0x85,0x80,0x10,0x00,
	0x40,0x20,0x00,0x04,0x02,0x00,0xA0,0x00,0x00,0x88,0x0C,0x00,0x00,0x04,0x00,0x00,0x80,0x80,0x00,0x00,
	0x00,0x84,0x40,0x00,0x00,0x00,0x30,0x00,0x00,0x10,0x04,0x00,0x01,0x00,0x00,0x10,0x00,0x05,0x83,0x00,
	0x10,0x00,0x00,0x20,0x00,0x20,0x00,0x00,0x20,0x00,0x00,0x04,0x82,0x40,0x00,0x00,0x00,0x80,0x00,0x00,
	0x10,0x04,0x00,0x80,0x00,0x10,0x00,0x05,0x82,0x00,0x10,0x00,0x40,0x00,0x00,0x20,0x00,0x00,0x07,0x80,
	0x00,0x00,0x04,0x14,0x05,0x80,0x08,0x00,0x00,0x48,0x83,0x02,0x00,0x00,0x00,0x00,0x01,0x00,0x02,0x00,
	0x41,0x10,0x01,0x01,0x89,0x88,0x00,0x00,0x80,0x90,0x00,0x80,0x10,0x00,0x04,0x20,0x00,0x30,0x20,0x00,
	0x60,0x11,0x00,0xC0,0x40,0x06,0x08,0x60,0x00,0x00,0x20,0x02,0x60,0x80,0x00,0x00,0x86,0x00,0x60,0x00,
	0x00,0x02,0x00,0x00,0x50,0x00,0x02,0x00,0x00,0x00,0x00,0x01,0x00,0x02,0x00,0x00,0x00,0x01,0x02,0x87,
	0x80,0x90,0x00,0x40,0x10,0x00,0x40,0x00,0x00,0x10,0x00,0x00,0x40,0x01,0x00,0x80,0x40,0x04,0x08,0x60,
	0x00,0x00,0x00,0x02,0x00,0x81,0x00,0x20,0x00,0x00,0x20,0x00,0x02,0x82,0x00,0x00,0x01,0x00,0x02,0x00,
	0x00,0x00,0x01,0x02,0x81,0x00,0x90,0x00,0x40,0x00,0x00,0x02,0x80,0x80,0x00,0x00,0x00,0x80,0x00,0x00,
	0x02,0x05,0x81,0x00,0x00,0x01,0x00,0x02,0x00,0x03,0x81,0x00,0x80,0x00,0x40,0x00,0x00,0x0A,0xC4,0x0F,
	0x0E,0x03,0x8E,0xC7,0x07,0x48,0xF5,0x03,0x3D,0xB2,0x06,0x17,0xAB,0x02,0x4A,0xC6,0x02,0x2A,0x66,0x01,
	0x38,0xAC,0x03,0xC4,0x79,0x05,0xEF,0xE2,0x06,0xC2,0xF6,0x05,0xEA,0xC9,0x01,0x11,0x01,0x01,0xA4,0x42,
	0x01,0xA4,0x63,0x03,0x88,0xF4,0x04,0x5D,0x5D,0x01,0x40,0x00,0x05,0x10,0x3B,0x00,0xD9,0xEE,0x00,0xF9,
	0xB1,0x04,0xAD,0x29,0x03,0x61,0x7F,0x06,0x68,0x3A,0x07,0x17,0x2D,0x04,0x15,0xA1,0x03,0x6E,0xDF,0x04,
	0xE5,0xC0,0x03,0x8E,0x00,0x00,0x43,0xA1,0x00,0x29,0x87,0x04,0x4B,0x4E,0x00,0xA1,0xCC,0x04,0x92,0x5B,
	0x07,0xD2,0x56,0x04,0x17,0x8D,0x03,0x22,0x2D,0x07,0x7E,0xAC,0x03,0x3E,0x07,0x07,0xBF,0xEA,0x07,0xD9,
	0xB6,0x06,0xF7,0xBF,0x04,0xFD,0x79,0x06,0x6C,0x2F,0x03,0x3B,0xA9,0x05,0x3B,0xA8,0x03,0xE2,0x72,0x05,
	0x2B,0xF0,0x06,0x36,0x20,0x03,0x3F,0x80,0x00,0x1D,0x80,0x00,0x1F,0x80,0x00,0xBE,0x05,0x00,0x8D,0x00,
	0x06,0x8D,0x90,0x04,0xC9,0x12,0x05,0xDD,0x82,0x01,0x81,0x83,0x05,0x81,0x40,0x05,0x00,0x48,0x01,0x00,
	0x00,0x06,0x0C,0x00,0x05,0x06,0x06,0x06,0x93,0x10,0x07,0xC4,0x90,0x07,0xC0,0x90,0x07,0x1D,0x00,0x07,
	0x1C,0x80,0x07,0x41,0x00,0x03,0x00,0x80,0x02,0x00,0x00,0x00,0x87,0x00,0x02,0x00,0x00,0x07,0x00,0x00,
	0x8F,0x00,0x00,0xFF,0x00,0x00,0x7F,0x00,0x00,0x7F,0x00,0x00,0x3F,0x00,0x00,0x37,0x00,0xB1,0x0C,0x80,
	0x04,0x02,0x80,0x00,0x36,0xA0,0x03,0x64,0x10,0x03,0x8E,0xA0,0x00,0xC0,0x01,0x04,0x0A,0x44,0x00,0x0C,
	0xC4,0x05,0xC8,0x0C,0x05,0x00,0x02,0x05,0x88,0x08,0x05,0x08,0x00,0x06,0xF0,0xA5,0x06,0x20,0x85,0x06,
	0x20,0xC9,0x04,0xE0,0x01,0x02,0x60,0xA1,0x02,0x00,0x55,0x07,0x00,0x82,0x07,0x80,0x3A,0x02,0x0E,0x00,
	0x05,0x06,0x00,0x00,0x02,0x00,0x02,0x64,0x10,0x01,0x86,0x80,0x00,0xC0,0x41,0x00,0x0A,0x00,0x06,0x08,
	0xC0,0x07,0x48,0x00,0x07,0x00,0x02,0x01,0x80,0x08,0x04,0x08,0x00,0x04,0x10,0x03,0x02,0x40,0x05,0x03,
	0x00,0x40,0x05,0x40,0xC0,0x03,0x60,0xC0,0x02,0x80,0xC1,0x07,0x80,0x40,0x07,0x00,0x50,0x03,0x04,0x00,
	0x00,0x02,0x00,0x00,0x00,0x00,0x02,0x04,0x00,0x00,0x04,0x80,0x00,0x00,0x40,0x00,0x00,0x00,0x02,0x08,
	0x80,0x01,0x08,0x00,0x07,0x00,0x00,0x01,0x01,0x87,0x00,0x07,0x00,0x00,0x00,0x01,0x00,0x80,0x04,0x80,
	0x81,0x01,0x40,0x80,0x00,0x80,0x01,0x01,0x80,0x40,0x01,0x00,0x00,0x01,0x01,0x80,0x00,0x00,0x02,0x00,
	0x80,0x00,0x80,0x00,0x01,0x81,0x00,0x80,0x04,0x00,0x00,0x03,0x02,0x84,0x00,0x06,0x00,0x00,0x00,0x01,
	0x00,0x80,0x00,0x80,0x81,0x00,0x00,0x80,0x00,0x00,0x80,0x00,0x40,0x00,0x00,0xAF,0x80,0xC0,0x06,0x12,
	0xC0,0x00,0x14,0xE8,0x06,0x48,0x42,0x04,0x00,0x80,0x02,0x2C,0xC0,0x07,0x88,0xC4,0x02,0xC4,0x00,0x05,
	0x8C,0x40,0x00,0x14,0x60,0x00,0x04,0x62,0x07,0x90,0x41,0x04,0x00,0x0A,0x05,0x70,0x84,0x01,0xB0,0x6E,
	0x06,0xE0,0x33,0x03,0x10,0x65,0x00,0x30,0xE0,0x04,0x41,0x65,0x01,0x00,0xE5,0x01,0x84,0x40,0x06,0x06,
	0x00,0x00,0x16,0xA0,0x01,0x4A,0x22,0x05,0x02,0x80,0x02,0x2E,0x80,0x06,0x08,0xC4,0x06,0xC4,0x00,0x02,
	0x04,0x40,0x03,0x14,0x40,0x00,0x04,0x40,0x01,0x10,0x00,0x03,0x00,0x02,0x05,0x70,0x8D,0x06,0x30,0xD8,
	0x05,0xA0,0x32,0x01,0x10,0x24,0x03,0x30,0x80,0x06,0x40,0x95,0x03,0x00,0x58,0x03,0x00,0x40,0x00,0x04,
	0x00,0x00,0x16,0xA0,0x00,0x00,0x20,0x05,0x02,0x80,0x02,0x06,0x00,0x04,0x00,0x04,0x04,0xC4,0x00,0x02,
	0x01,0x81,0x00,0x00,0x01,0x00,0x00,0x01,0x00,0x86,0x20,0x0D,0x06,0x20,0x90,0x01,0xA0,0x02,0x00,0x00,
	0x05,0x02,0x00,0x81,0x02,0x00,0x80,0x02,0x00,0xC8,0x02,0x02,0x81,0x00,0x00,0x01,0x00,0x80,0x00,0x00,
	0x81,0x00,0x00,0x04,0x00,0x00,0x02,0x04,0x84,0x00,0x01,0x02,0x00,0x00,0x01,0x80,0x00,0x00,0x00,0x01,
	0x00,0x00,0x81,0x00,0x00,0x80,0x00,0x48,0x00,0xAC,0x1B,0xD0,0x00,0x13,0x80,0x06,0x17,0xB1,0x05,0x03,
	0xC8,0x01,0x0D,0x80,0x06,0x07,0x40,0x04,0x4F,0x4A,0x07,0x2C,0x40,0x00,0x0C,0x80,0x00,0x08,0x01,0x07,
	0x10,0x20,0x07,0xA0,0x08,0x04,0xE1,0x0A,0x02,0x61,0x05,0x07,0x01,0xD0,0x01,0xB1,0x0C,0x00,0x81,0xC8,
	0x02,0x41,0xA1,0x01,0x00,0x70,0x01,0x01,0x66,0x04,0x18,0x90,0x00,0x00,0x80,0x00,0x12,0x01,0x04,0x06,
	0x40,0x05,0x0C,0x00,0x04,0x00,0x40,0x04,0x0C,0x02,0x07,0x20,0x00,0x03,0x08,0x00,0x00,0x00,0x01,0x07,
	0x10,0x00,0x06,0xA0,0x00,0x06,0x80,0x08,0x06,0x20,0x0C,0x01,0x20,0x00,0x02,0x30,0x84,0x01,0xA0,0x00,
	0x03,0x00,0x20,0x02,0x00,0xC1,0x03,0x00,0xD5,0x06,0x02,0x00,0x00,0x02,0x80,0x00,0x12,0x00,0x04,0x06,
	0x00,0x01,0x04,0x00,0x00,0x00,0x80,0x04,0x00,0x02,0x01,0x8A,0x00,0x00,0x05,0x00,0x00,0x04,0x80,0x00,
	0x06,0x80,0x08,0x04,0x20,0x04,0x01,0x00,0x00,0x02,0x00,0x84,0x01,0xA0,0x00,0x03,0x00,0x00,0x03,0x00,
	0x01,0x02,0x00,0x55,0x02,0x01,0x81,0x00,0x00,0x04,0x00,0x00,0x01,0x01,0x80,0x00,0x00,0x02,0x03,0x80,
	0x00,0x00,0x02,0x00,0x80,0x00,0x00,0x01,0x00,0x81,0x00,0x80,0x01,0x00,0x00,0x01,0x00,0x81,0x00,0x01,
	0x00,0x00,0x55,0x00,0x4F,0x9F,0x41,0x44,0x03,0x0B,0xF0,0x07,0x7C,0x53,0x02,0x04,0x13,0x01,0x47,0x00,
	0x00,0x01,0x40,0x05,0x76,0x87,0x07,0xAF,0x05,0x02,0x05,0xC5,0x04,0x01,0x20,0x04,0x09,0x44,0x04,0x21,
	0x30,0x07,0x40,0x48,0x02,0x80,0x09,0x03,0xD0,0x62,0x05,0xB0,0x80,0x07,0x68,0xA0,0x00,0x70,0xA9,0x01,
	0x20,0x9D,0x02,0x80,0x1D,0x07,0x43,0x44,0x01,0x01,0x90,0x03,0x64,0x91,0x01,0x04,0x83,0x00,0x43,0x40,
	0x04,0x03,0x00,0x01,0x14,0x01,0x00,0x2A,0x81,0x03,0x00,0x81,0x00,0x00,0x00,0x01,0x08,0x80,0x01,0x20,
	0x10,0x03,0x00,0x8F,0x00,0x01,0x06,0x70,0x52,0x05,0x00,0x80,0x06,0x08,0xA0,0x04,0x10,0xA9,0x04,0x20,
	0x85,0x07,0x80,0x09,0x03,0x00,0x00,0x01,0x00,0x80,0x01,0x00,0x90,0x00,0x00,0x80,0x04,0x02,0x40,0x04,
	0x02,0x00,0x04,0x04,0x01,0x00,0x00,0x80,0x03,0x00,0x80,0x00,0x00,0x81,0x00,0x80,0x00,0x00,0x00,0x01,
	0x00,0x82,0x00,0x00,0x04,0x10,0x40,0x01,0x00,0x00,0x02,0x01,0x82,0x00,0x80,0x01,0x00,0x08,0x00,0x00,
	0x00,0x01,0x01,0x82,0x00,0x80,0x04,0x00,0x00,0x04,0x00,0x00,0x04,0x00,0x80,0x00,0x80,0x01,0x05,0x80,
	0x00,0x00,0x01,0x02,0x81,0x00,0x80,0x00,0x00,0x08,0x00,0x94,0x00,0x30,0x05,0x01,0x10,0x05,0x12,0x58,
	0x03,0x42,0x60,0x04,0x04,0x01,0x04,0x17,0x06,0x03,0x87,0x83,0x05,0x00,0x82,0x02,0x82,0x10,0x00,0x02,
	0x08,0x00,0x44,0x91,0x02,0x50,0x88,0x01,0x80,0x07,0x04,0x10,0x1B,0x00,0xB8,0xF0,0x02,0x88,0x83,0x06,
	0x00,0x83,0x07,0x20,0x03,0x04,0x00,0xCD,0x04,0x00,0x19,0x00,0x00,0x10,0x00,0x00,0x99,0x11,0x80,0x07,
	0x43,0x80,0x00,0x05,0x41,0x04,0x14,0x80,0x04,0x01,0x03,0x06,0x06,0x00,0x01,0x82,0x00,0x00,0x02,0x88,
	0x00,0x44,0x11,0x02,0x10,0x08,0x00,0x00,0x08,0x00,0x00,0x18,0x00,0xB8,0x31,0x02,0xB8,0x00,0x00,0x00,
	0x02,0x07,0x20,0x02,0x04,0x00,0x08,0x04,0x00,0x14,0x00,0x00,0x00,0x04,0x00,0x00,0x04,0x00,0x00,0x03,
	0x02,0x20,0x00,0x01,0x00,0x00,0x00,0x00,0x04,0x00,0x83,0x05,0x06,0x80,0x00,0x00,0x80,0x00,0x80,0x00,
	0x00,0x8B,0x00,0x08,0x02,0x00,0x00,0x04,0x00,0x08,0x00,0xA0,0x31,0x00,0x90,0x00,0x00,0x00,0x02,0x07,
	0x20,0x02,0x04,0x00,0x08,0x04,0x00,0x14,0x00,0x00,0x00,0x04,0x00,0x00,0x04,0x00,0x00,0x03,0x02,0x80,
	0x00,0x80,0x01,0x03,0x80,0x00,0x00,0x02,0x00,0x83,0x00,0x08,0x00,0x80,0x11,0x00,0x80,0x00,0x00,0x00,
	0x00,0x01,0x00,0x81,0x00,0x08,0x00,0x00,0x14,0x00,0x91,0x09,0x83,0x07,0x0D,0xC2,0x00,0x06,0x88,0x03,
	0x03,0x25,0x00,0x22,0x02,0x00,0x81,0x8C,0x07,0xD7,0x89,0x07,0x55,0x80,0x01,0x44,0xA2,0x02,0x0A,0x80,
	0x00,0xA0,0x81,0x01,0x58,0x4C,0x01,0x48,0x00,0x06,0xE8,0x25,0x00,0xE8,0x39,0x02,0xF0,0x06,0x07,0x28,
	0x04,0x00,0x10,0x41,0x00,0x00,0x92,0x00,0x28,0x04,0x0D,0xC3,0x04,0x00,0x88,0x04,0x0E,0x48,0x04,0x01,
	0x41,0x04,0x21,0x80,0x05,0x00,0x84,0x02,0x86,0x88,0x03,0x15,0x00,0x01,0x44,0x82,0x00,0x08,0x00,0x02,
	0xA0,0x01,0x02,0xD8,0x04,0x05,0xC8,0x0A,0x04,0x08,0x21,0x00,0xC0,0xC1,0x00,0xB0,0x04,0x07,0x18,0x04,
	0x00,0x10,0x01,0x00,0x00,0x80,0x00,0x00,0x04,0x00,0x87,0x00,0x88,0x04,0x00,0x08,0x04,0x01,0x00,0x04,
	0x01,0x80,0x04,0x00,0x00,0x03,0x82,0x80,0x03,0x00,0x00,0x01,0x00,0x80,0x00,0x00,0x87,0x00,0x00,0x02,
	0xC0,0x04,0x06,0xC0,0x08,0x04,0x00,0x01,0x00,0x80,0x80,0x00,0xA0,0x04,0x05,0x10,0x04,0x00,0x00,0x01,
	0x00,0x00,0x80,0x00,0x00,0x04,0x03,0x81,0x00,0x80,0x00,0x00,0x80,0x03,0x05,0x80,0x00,0x08,0x04,0x00,
	0x81,0x80,0x00,0x00,0x80,0x00,0x01,0x03,0xA5,0x2E,0xE0,0x03,0x04,0xAF,0x05,0x41,0xA2,0x05,0xA3,0xC0,
	0x02,0x02,0x80,0x07,0x4A,0x06,0x04,0x08,0x06,0x00,0x01,0x80,0x04,0x01,0x06,0x05,0x03,0x84,0x01,0x30,
	0x88,0x07,0x24,0x08,0x06,0xE4,0x09,0x00,0x70,0x1A,0x00,0xC4,0xA2,0x01,0xC8,0x38,0x02,0x80,0x01,0x00,
	0x00,0x01,0x04,0x00,0x07,0x04,0x00,0x0E,0x00,0x2A,0xC0,0x07,0x00,0x60,0x03,0x40,0xF9,0x01,0xA3,0xC0,
	0x00,0x02,0x80,0x01,0x0A,0x82,0x02,0x0B,0x80,0x04,0x02,0x80,0x04,0x01,0x04,0x07,0x01,0x84,0x06,0x10,
	0x80,0x01,0x04,0x0C,0x06,0x44,0x0A,0x00,0x88,0x03,0x00,0x3C,0xE2,0x01,0x80,0x20,0x02,0x80,0x01,0x00,
	0x00,0x01,0x00,0x00,0x85,0x00,0x0A,0x00,0x00,0x40,0x05,0x00,0x60,0x02,0x00,0xD9,0x00,0x01,0x40,0x02,
	0x00,0x00,0x03,0x00,0x84,0x03,0x00,0x04,0x02,0x00,0x04,0x00,0x00,0x06,0x00,0x00,0x06,0x00,0x80,0x00,
	0x00,0x85,0x40,0x02,0x00,0x88,0x01,0x00,0x28,0x40,0x01,0x80,0x00,0x00,0x80,0x00,0x00,0x00,0x01,0x00,
	0x00,0x85,0x00,0x08,0x00,0x00,0x00,0x01,0x00,0x00,0x02,0x00,0xC0,0x00,0x00,0x00,0x02,0x00,0x00,0x03,
	0x06,0x80,0x00,0x02,0x00,0x00,0x81,0x00,0x40,0x01,0x80,0x00,0x00,0x02,0x80,0x00,0x08,0x00,0xB0,0x92,
	0x90,0x02,0x81,0x6E,0x05,0x25,0xF1,0x00,0x00,0xC2,0x06,0x11,0x00,0x04,0xD0,0x8C,0x01,0x23,0x0E,0x02,
	0x02,0x1A,0x01,0xC2,0x82,0x05,0x27,0x03,0x07,0x80,0x84,0x00,0x20,0x05,0x03,0x40,0x89,0x00,0xE0,0x66,
	0x04,0xA0,0xD2,0x02,0x50,0x84,0x00,0x88,0x85,0x02,0x00,0xA0,0x01,0x40,0xF4,0x00,0x00,0xBE,0x02,0x90,
	0xE0,0x02,0x01,0xB4,0x03,0x25,0x61,0x04,0x01,0x42,0x06,0x11,0x80,0x01,0x40,0x0C,0x03,0xC2,0x0E,0x00,
	0x02,0x00,0x04,0xC2,0x02,0x01,0x27,0x81,0x06,0x80,0x04,0x05,0x60,0x06,0x06,0x00,0x0B,0x00,0x64,0x53,
	0x00,0x18,0x71,0x00,0x98,0x04,0x00,0x28,0x05,0x02,0x20,0x81,0x00,0x40,0x0D,0x00,0x00,0x97,0x02,0x00,
	0x60,0x02,0x00,0x54,0x03,0x00,0x01,0x06,0x00,0x00,0x04,0x00,0x80,0x07,0x40,0x04,0x06,0xC0,0x04,0x04,
	0x00,0x00,0x04,0x00,0x02,0x04,0x00,0x8C,0x00,0x04,0x05,0x60,0x06,0x04,0x00,0x01,0x00,0x60,0x10,0x00,
	0x10,0x20,0x00,0x08,0x04,0x00,0x20,0x04,0x02,0x20,0x00,0x00,0x00,0x08,0x00,0x00,0x10,0x00,0x00,0x00,
	0x02,0x00,0x40,0x03,0x00,0x00,0x02,0x00,0x80,0x00,0x00,0x01,0x00,0x82,0x00,0x00,0x04,0x00,0x00,0x04,
	0x00,0x00,0x04,0x01,0x80,0x00,0x04,0x04,0x01,0x80,0x00,0x20,0x00,0x02,0x81,0x00,0x08,0x00,0x00,0x10,
	0x00,0x4F,0xB1,0x6B,0x80,0x02,0x03,0x85,0x03,0x90,0x17,0x02,0x10,0x00,0x05,0x08,0x00,0x07,0x61,0x04,
	0x06,0x50,0x00,0x06,0x09,0x11,0x06,0x31,0x01,0x05,0xD0,0x80,0x07,0x10,0x84,0x03,0xA2,0x0D,0x05,0x84,
	0x09,0x04,0x30,0x08,0x04,0x5C,0x85,0x03,0x9A,0x80,0x07,0x88,0x9D,0x06,0x30,0x35,0x03,0x10,0x90,0x02,
	0x00,0x01,0x01,0x69,0xF8,0x01,0x01,0x78,0x01,0x10,0x04,0x06,0x10,0x00,0x06,0x08,0x00,0x00,0x41,0x00,
	0x04,0x41,0x00,0x04,0x08,0x00,0x04,0x31,0x00,0x07,0xD0,0x00,0x06,0x00,0x00,0x04,0x22,0x0F,0x06,0x00,
	0x01,0x02,0xAC,0x00,0x00,0xCC,0x85,0x03,0x4E,0x80,0x04,0x80,0x8C,0x06,0x20,0x01,0x05,0x10,0x85,0x07,
	0x00,0x01,0x01,0x00,0x18,0x07,0x00,0xA0,0x06,0x00,0x04,0x06,0x00,0x00,0x06,0x00,0x00,0x04,0x40,0x00,
	0x00,0x41,0x00,0x00,0x00,0x00,0x04,0x00,0x00,0x03,0x00,0x00,0x01,0x00,0x8E,0x20,0x01,0x02,0x00,0x00,
	0x02,0xAC,0x00,0x00,0xC4,0x85,0x01,0x00,0x00,0x04,0x00,0x04,0x06,0x00,0x01,0x04,0x00,0x85,0x05,0x00,
	0x01,0x00,0x00,0x00,0x01,0x00,0xA0,0x00,0x00,0x00,0x04,0x00,0x00,0x04,0x00,0x00,0x04,0x00,0x00,0x04,
	0x02,0x80,0x00,0x00,0x04,0x03,0x80,0xC0,0x81,0x01,0x01,0x82,0x00,0x01,0x00,0x00,0x85,0x00,0x00,0x01,
	0x00,0xAE,0x3B,0x56,0x03,0x40,0xB4,0x04,0x80,0x36,0x03,0x08,0x02,0x00,0x02,0x00,0x07,0x7C,0x82,0x01,
	0x61,0x84,0x04,0x01,0x01,0x02,0x10,0x83,0x03,0x28,0xC1,0x05,0x28,0x02,0x05,0x30,0x0E,0x02,0x86,0x80,
	0x02,0xE2,0x01,0x03,0x42,0x4D,0x03,0x42,0x56,0x05,0xCC,0x10,0x07,0xC8,0x01,0x05,0xB0,0xD9,0x06,0x90,
	0xF1,0x02,0x3A,0x68,0x00,0x02,0x2E,0x00,0x00,0x02,0x05,0x08,0x02,0x06,0x02,0x00,0x07,0x24,0x00,0x00,
	0x01,0x00,0x04,0x01,0x00,0x02,0x10,0x03,0x01,0x28,0xC0,0x00,0x08,0x00,0x03,0x80,0x00,0x04,0x82,0x09,
	0x04,0x66,0x01,0x02,0x3A,0xC4,0x03,0x3E,0xC7,0x00,0x9C,0x01,0x00,0x48,0x01,0x02,0x20,0x51,0x02,0x90,
	0x11,0x06,0x00,0x70,0x04,0x00,0x1A,0x05,0x00,0x02,0x05,0x00,0x00,0x07,0x00,0x00,0x06,0x20,0x00,0x03,
	0x00,0x00,0x06,0x00,0x90,0x00,0x03,0x02,0x00,0x00,0x02,0x00,0x00,0x06,0x80,0x00,0x04,0x80,0x09,0x00,
	0x64,0x01,0x00,0x18,0x84,0x01,0xF4,0x87,0x00,0x18,0x01,0x00,0x00,0x00,0x02,0x00,0x00,0x02,0x00,0x10,
	0x06,0x00,0x70,0x04,0x00,0x18,0x05,0x00,0x00,0x01,0x00,0x00,0x01,0x00,0x00,0x01,0x01,0x81,0x00,0x00,
	0x02,0x00,0x00,0x02,0x00,0x80,0x00,0x00,0x04,0x00,0x84,0x00,0x09,0x00,0x00,0x01,0x00,0x00,0x80,0x01,
	0xC0,0x81,0x00,0x00,0x01,0x00,0x01,0x80,0x00,0x10,0x00,0xAE,0x13,0x69,0x05,0x8D,0x25,0x04,0x08,0x25,
	0x01,0x00,0x82,0x06,0x07,0x00,0x01,0x1A,0x86,0x03,0x01,0x01,0x00,0x18,0x00,0x01,0x98,0x43,0x07,0xA0,
	0x00,0x03,0x1C,0xC0,0x07,0xC0,0x48,0x03,0x73,0x88,0x02,0x85,0xFE,0x02,0xDE,0x72,0x03,0xEE,0x88,0x00,
	0xCC,0x6C,0x00,0x40,0x9D,0x06,0x38,0xA2,0x05,0x80,0x3E,0x00,0x12,0x94,0x07,0x0D,0x0E,0x02,0x08,0x02,
	0x03,0x00,0x82,0x07,0x07,0x80,0x02,0x22,0x86,0x00,0x01,0x01,0x00,0x08,0x00,0x02,0x18,0x81,0x04,0x20,
	0x40,0x00,0x04,0x00,0x01,0x00,0x0A,0x01,0x81,0x01,0x04,0x1B,0xC9,0x00,0xAE,0x93,0x02,0x1A,0x81,0x00,
	0xC8,0xE9,0x00,0xD8,0x0C,0x06,0xA0,0x82,0x07,0x88,0x26,0x02,0x00,0x84,0x02,0x00,0x04,0x01,0x00,0x00,
	0x01,0x00,0x80,0x07,0x00,0x80,0x02,0x20,0x02,0x02,0x00,0x00,0x02,0x00,0x92,0x00,0x81,0x07,0x00,0xC0,
	0x02,0x00,0x00,0x02,0x00,0x0A,0x02,0x00,0x08,0x04,0x1A,0x08,0x00,0xBE,0x02,0x00,0x38,0x00,0x00,0x48,
	0x80,0x00,0x88,0x00,0x00,0x88,0x00,0x00,0x80,0x20,0x00,0x00,0x80,0x01,0x00,0x04,0x02,0x00,0x00,0x02,
	0x00,0x80,0x02,0x00,0x00,0x02,0x00,0x00,0x02,0x00,0x00,0x02,0x01,0x82,0x00,0x00,0x02,0x00,0x00,0x02,
	0x00,0x02,0x02,0x00,0x83,0x00,0x08,0x00,0xB0,0x00,0x00,0x20,0x00,0x00,0x00,0x80,0x00,0x01,0x80,0x00,
	0x20,0x00,0xAD,0x30,0x00,0x05,0xE0,0x0D,0x02,0x50,0x36,0x00,0x04,0x40,0x05,0x08,0x03,0x04,0x10,0x0F,
	0x03,0x33,0x02,0x04,0x54,0x00,0x00,0x40,0x03,0x04,0x94,0x00,0x00,0x08,0x0F,0x04,0xF1,0x9B,0x01,0xD0,
	0x08,0x00,0x02,0x1C,0x07,0xF9,0x02,0x02,0x21,0x86,0x01,0x4A,0x80,0x03,0x38,0x84,0x01,0xE0,0xD8,0x03,
	0x14,0x03,0x07,0x00,0x07,0x00,0x00,0x86,0x01,0x00,0x84,0x03,0x04,0x00,0x05,0x00,0x80,0x04,0x00,0x0C,
	0x02,0x03,0x02,0x01,0x0C,0x00,0x03,0x00,0x00,0x01,0x94,0x00,0x02,0x00,0x02,0x06,0xC1,0x16,0x00,0x00,
	0x00,0x02,0xC7,0x14,0x03,0x62,0x52,0x00,0x0F,0x02,0x00,0x42,0x00,0x03,0xBC,0x80,0x01,0x64,0x00,0x01,
	0x94,0x83,0x05,0x00,0x83,0x02,0x00,0x83,0x03,0x00,0x24,0x01,0x00,0xC0,0x05,0x00,0x80,0x05,0x00,0x00,
	0x03,0x00,0x88,0x00,0x00,0x02,0x00,0x00,0x01,0x80,0x00,0x03,0x00,0x02,0x05,0xC0,0x00,0x02,0x40,0x00,
	0x02,0x07,0x10,0x07,0x4F,0x52,0x00,0x1E,0x02,0x00,0x00,0x85,0x08,0x80,0x01,0x80,0x00,0x00,0x00,0x80,
	0x00,0x00,0x80,0x02,0x00,0x82,0x00,0x00,0xA0,0x00,0x02,0x82,0x00,0x00,0x01,0x00,0x00,0x01,0x00,0x00,
	0x01,0x03,0x82,0x00,0x00,0x07,0x48,0x50,0x00,0x10,0x00,0x00,0x00,0x81,0x00,0x80,0x00,0x80,0x00,0x00,
	0x00,0xC1,0x70,0x78,0x02,0xC8,0xE9,0x07,0xD6,0xD8,0x06,0xC2,0xA0,0x00,0x0F,0xC0,0x06,0x88,0x86,0x04,
	0x95,0x8A,0x03,0xA0,0x43,0x03,0x8C,0x86,0x04,0x94,0x84,0x05,0x80,0xA4,0x06,0xC0,0x04,0x02,0xE2,0x0C,
	0x05,0x90,0xA4,0x02,0x23,0x30,0x07,0x91,0xD1,0x02,0xA5,0x6B,0x03,0xC2,0xCC,0x04,0xA2,0x80,0x04,0x08,
	0x04,0x04,0x80,0xFD,0x00,0x88,0xC3,0x07,0x66,0x31,0x07,0x42,0x00,0x01,0x83,0x00,0x06,0x01,0x01,0x00,
	0x0D,0x00,0x03,0x00,0x01,0x01,0x04,0x85,0x05,0xD4,0xC4,0x00,0x00,0x04,0x00,0x40,0x05,0x00,0x60,0x08,
	0x01,0xA3,0x38,0x05,0x2D,0x40,0x02,0xA0,0xD1,0x02,0xE9,0x63,0x02,0x86,0x40,0x06,0x66,0x84,0x06,0xC4,
	0x00,0x06,0x80,0xCE,0x01,0x80,0x81,0x07,0x60,0x51,0x07,0x40,0x00,0x01,0x80,0x00,0x07,0x00,0x01,0x01,
	0x08,0x80,0x02,0x00,0x80,0x00,0x00,0x81,0x01,0xC0,0xC0,0x01,0x00,0x04,0x01,0x40,0x04,0x01,0x20,0x00,
	0x02,0x83,0x00,0x00,0x07,0x00,0x02,0xCC,0x01,0x02,0xA8,0x03,0x00,0x84,0x00,0x00,0x44,0x84,0x00,0x84,
	0x00,0x00,0x00,0x4E,0x00,0x00,0x01,0x01,0x00,0x40,0x01,0x00,0x00,0x01,0x00,0x00,0x01,0x00,0x00,0x01,
	0x02,0x8A,0x00,0x00,0x01,0x00,0x00,0x01,0x00,0x04,0x00,0x00,0x00,0x02,0x80,0x00,0x00,0x04,0x00,0x00,
	0xC8,0x00,0x00,0x80,0x00,0x00,0x80,0x00,0x00,0x00,0x04,0x00,0x80,0x00,0x00,0x4F,0xBE,0xE0,0x66,0x00,
	0x74,0x1D,0x05,0x43,0xEF,0x03,0x03,0x82,0x02,0x34,0x80,0x03,0xCC,0x4F,0x04,0x3E,0x44,0x05,0x9A,0x49,
	0x01,0x4C,0x80,0x04,0x06,0xC2,0x01,0x42,0x54,0x05,0xF1,0x81,0x00,0x93,0x04,0x00,0x34,0x84,0x04,0x3B,
	0xE4,0x07,0x80,0x8C,0x01,0xDD,0x98,0x01,0xBA,0xF8,0x02,0x11,0x03,0x02,0xC8,0x68,0x00,0xC0,0xAF,0x03,
	0xE4,0x41,0x01,0x73,0x0E,0x00,0x11,0x61,0x02,0x80,0x81,0x02,0x01,0x87,0x00,0x0A,0x83,0x05,0x86,0xC0,
	0x00,0xA0,0xC1,0x04,0x26,0x80,0x00,0x02,0x50,0x00,0xA1,0x84,0x00,0xC2,0x00,0x03,0xC7,0x8C,0x00,0xD9,
	0x58,0x01,0xD2,0x00,0x01,0x2D,0x10,0x02,0x94,0x50,0x02,0x9B,0x02,0x02,0xCA,0x28,0x02,0x40,0xC1,0x01,
	0x60,0x80,0x01,0x50,0xDF,0x00,0x30,0xC1,0x02,0x40,0x00,0x02,0x80,0x06,0x00,0x08,0x82,0x01,0x84,0x80,
	0x00,0xA0,0x81,0x00,0x20,0x80,0x00,0x00,0x80,0x00,0xA0,0x00,0x01,0xC0,0x04,0x01,0x07,0x8C,0x00,0x81,
	0x60,0x05,0x04,0x00,0x00,0x8C,0x00,0x02,0x04,0x00,0x02,0x0A,0x00,0x02,0x40,0x28,0x02,0x00,0x01,0x01,
	0x00,0x40,0x00,0x00,0x13,0x00,0x00,0x85,0x00,0x80,0x00,0x00,0x80,0x00,0x00,0x80,0x00,0x00,0x80,0x00,
	0x00,0x80,0x00,0x00,0x80,0x00,0x00,0x84,0x00,0x00,0x01,0x80,0x04,0x00,0x00,0x04,0x00,0x80,0x20,0x01,
	0x04,0x00,0x00,0x02,0x80,0x00,0x28,0x00,0x96,0x20,0xD1,0x05,0x90,0x68,0x04,0xAA,0x6A,0x06,0x6B,0x40,
	0x04,0x2B,0xC0,0x02,0x71,0x47,0x05,0x6A,0x83,0x06,0x36,0xC0,0x07,0xF6,0x01,0x06,0x32,0xA8,0x06,0x21,
	0xA0,0x02,0x61,0xE7,0x07,0xB2,0x00,0x02,0x63,0x06,0x05,0xD0,0x48,0x01,0xE8,0x34,0x00,0x89,0x02,0x01,
	0x99,0x45,0x02,0x6F,0x14,0x02,0x60,0x22,0x04,0xE0,0x21,0x02,0x90,0x00,0x00,0x32,0x1D,0x04,0x00,0xA9,
	0x81,0x80,0x02,0x81,0x81,0x01,0x82,0x02,0x04,0x94,0x00,0x01,0xA2,0x81,0x00,0x42,0x28,0x01,0x01,0x40,
	0x02,0x21,0x87,0x01,0x93,0x04,0x03,0x21,0x02,0x05,0x57,0x38,0x04,0xCF,0x20,0x00,0xE3,0x02,0x00,0xD9,
	0x45,0x00,0x0C,0x04,0x00,0x67,0x00,0x00,0xA0,0xA0,0x00,0x90,0xA0,0x00,0x80,0xA0,0x04,0x90,0x80,0x00,
	0xB0,0x40,0x02,0xC0,0x40,0x01,0x80,0x41,0x00,0x94,0x40,0x01,0xA0,0xC0,0x00,0x40,0x40,0x01,0x00,0xC0,
	0x02,0x20,0x84,0x01,0x10,0x00,0x02,0x01,0x02,0x04,0x24,0x38,0x04,0x23,0x00,0x00,0x92,0x02,0x00,0xC0,
	0x01,0x00,0x04,0x00,0x00,0x46,0x00,0x00,0x80,0xA0,0x00,0x80,0xA0,0x00,0x00,0xA0,0x00,0x10,0x80,0x00,
	0x80,0x00,0x00,0x80,0x00,0x00,0x03,0x80,0x00,0x80,0x00,0x02,0x81,0x24,0x08,0x04,0x22,0x00,0x00,0x03,
	0xBB,0xE8,0x42,0x06,0x8A,0x7E,0x03,0x49,0x0D,0x05,0xF0,0x22,0x00,0xF8,0x41,0x04,0xD6,0x07,0x05,0xD7,
	0xE1,0x07,0xC5,0x22,0x03,0x33,0xC0,0x00,0x33,0xA0,0x04,0x10,0xA2,0x06,0x78,0x41,0x00,0x80,0x20,0x07,
	0x81,0x8D,0x06,0xC5,0x26,0x04,0xE9,0x48,0x07,0xDC,0xC8,0x02,0x3C,0x00,0x00,0x74,0x00,0x00,0x64,0x14,
	0x00,0x90,0x40,0x05,0xC2,0x80,0x03,0x69,0x46,0x01,0x10,0x50,0x00,0x11,0x00,0x00,0x30,0x47,0x04,0x41,
	0xC0,0x03,0x11,0x00,0x02,0x11,0x20,0x00,0x13,0x80,0x04,0x00,0x61,0x00,0x50,0x42,0x00,0xF8,0x04,0x05,
	0x00,0x0C,0x00,0x42,0x0C,0x04,0xB2,0xF8,0x00,0x9E,0xC8,0x00,0x28,0x00,0x00,0x37,0x00,0x00,0x07,0x10,
	0x00,0x10,0x60,0x00,0x00,0xE0,0x03,0xE8,0x2C,0x01,0x98,0x00,0x00,0x19,0x40,0x00,0x30,0x41,0x00,0xC0,
	0xC0,0x01,0x10,0x40,0x02,0x10,0x40,0x00,0x10,0xC0,0x00,0x00,0x01,0x00,0x50,0x83,0x00,0x68,0x04,0x01,
	0x40,0x00,0x00,0x53,0x00,0x00,0x02,0xB0,0x00,0x9C,0x80,0x00,0x60,0x00,0x00,0x63,0x00,0x00,0x43,0x00,
	0x00,0x01,0x87,0x80,0x4C,0x00,0x90,0x40,0x00,0x10,0x40,0x00,0x00,0x40,0x00,0x80,0x40,0x00,0x00,0x40,
	0x00,0x00,0x40,0x00,0x00,0x40,0x00,0x00,0x87,0x00,0x83,0x00,0x00,0x00,0x01,0x40,0x00,0x00,0x50,0x00,
	0x00,0x02,0xB0,0x00,0x10,0x80,0x00,0x40,0x00,0x00,0x40,0x00,0x00,0x00,0xB3,0x24,0x71,0x01,0x61,0x88,
	0x03,0x6D,0x30,0x05,0x59,0x18,0x01,0x96,0x40,0x06,0x63,0x41,0x03,0x51,0xAF,0x06,0xC1,0x81,0x00,0x53,
	0x40,0x04,0xB0,0x40,0x00,0x50,0x69,0x00,0x30,0x68,0x00,0xA9,0x40,0x01,0x48,0x86,0x00,0x43,0x3C,0x05,
	0x27,0x51,0x00,0x93,0x01,0x00,0x5D,0x2A,0x00,0x4A,0x10,0x00,0xB1,0x4D,0x00,0x00,0x10,0x00,0x21,0x80,
	0x03,0x11,0x54,0x01,0x6C,0x71,0x01,0x58,0x60,0x00,0xE8,0x21,0x02,0x81,0x25,0x06,0x00,0x20,0x00,0x10,
	0x20,0x00,0x20,0x60,0x00,0x10,0x48,0x00,0x10,0x8A,0x00,0x51,0x02,0x01,0x40,0x02,0x02,0x6A,0x30,0x05,
	0x23,0x31,0x04,0x84,0x01,0x00,0x44,0x08,0x00,0x08,0x10,0x00,0x73,0x49,0x00,0x00,0x50,0x00,0x20,0xD0,
	0x03,0x00,0x10,0x01,0x0C,0x20,0x01,0x58,0x00,0x00,0xC8,0x00,0x02,0x00,0x04,0x04,0x80,0x00,0x00,0x10,
	0x20,0x00,0x20,0x60,0x00,0x10,0x40,0x00,0x10,0x00,0x00,0x00,0x83,0x00,0x02,0x02,0x0A,0x00,0x04,0x11,
	0x01,0x04,0x9E,0x01,0x00,0x01,0x86,0x60,0x48,0x00,0x00,0x50,0x00,0x00,0x50,0x00,0x00,0x10,0x00,0x08,
	0x00,0x00,0x58,0x00,0x00,0xC0,0x00,0x00,0x03,0x80,0x00,0x40,0x00,0x01,0x83,0x00,0x00,0x02,0x08,0x00,
	0x00,0x10,0x00,0x00,0x18,0x00,0x00,0x01,0x80,0x40,0x48,0x00,0xAC,0x70,0xE4,0x02,0x84,0x61,0x01,0x9C,
	0xB8,0x01,0x78,0x26,0x00,0xA1,0x81,0x00,0x00,0x26,0x01,0xAB,0x65,0x05,0xCA,0xE4,0x06,0x08,0x81,0x00,
	0x38,0x23,0x02,0xC1,0xE1,0x01,0x24,0xC0,0x07,0x10,0x82,0x01,0x74,0x00,0x07,0x01,0x09,0x07,0x20,0x70,
	0x01,0x44,0x00,0x04,0x0E,0x18,0x00,0x32,0x18,0x01,0x59,0x48,0x05,0x50,0xA0,0x00,0xC0,0xA8,0x01,0x54,
	0xB0,0x01,0x3C,0x02,0x00,0x0D,0xA0,0x00,0x40,0x02,0x00,0x40,0x01,0x05,0xC0,0xE0,0x06,0x80,0x01,0x00,
	0x00,0x01,0x00,0x81,0xE0,0x01,0x20,0x80,0x01,0x74,0x80,0x00,0x0C,0x00,0x02,0x22,0x01,0x00,0x1D,0x40,
	0x05,0x51,0x00,0x00,0x2C,0x18,0x00,0x03,0x18,0x00,0x08,0x40,0x00,0x50,0x30,0x00,0x40,0x30,0x01,0x14,
	0x90,0x01,0x28,0x20,0x00,0x0D,0xA0,0x00,0x00,0x92,0x00,0x01,0x05,0xC0,0xE0,0x02,0x80,0x00,0x00,0x00,
	0x21,0x00,0x80,0xA0,0x01,0x20,0xC0,0x01,0x34,0x00,0x00,0x04,0x00,0x00,0x20,0x01,0x00,0x13,0x40,0x01,
	0x55,0x00,0x00,0x08,0x00,0x00,0x01,0x00,0x00,0x01,0x40,0x00,0x40,0x00,0x00,0x40,0x00,0x00,0x00,0x20,
	0x00,0x08,0x20,0x00,0x08,0x00,0x00,0x01,0x80,0x80,0x00,0x00,0x00,0x80,0x00,0x20,0x00,0x03,0x82,0x20,
	0x00,0x00,0x02,0x40,0x00,0x44,0x00,0x00,0x01,0x80,0x00,0x40,0x00,0x12,0x80,0x00,0x02,0x00,0x12,0x80,
	0x00,0x02,0x00,0x12,0x80,0x00,0x02,0x00,0x12,0x80,0x00,0x02,0x00,0xCF,0xDD,0x08,0x06,0x1D,0xFE,0x03,
	0x21,0x8C,0x00,0x89,0xBF,0x03,0xE4,0xFE,0x03,0x90,0x2F,0x03,0x89,0xF8,0x02,0x18,0x80,0x01,0x48,0xFB,
	0x07,0x39,0x1C,0x00,0x50,0xBA,0x03,0xFC,0x23,0x04,0xE8,0x11,0x03,0x39,0x76,0x05,0x0A,0xB4,0x07,0xB0,
	0xC5,0x07,0x93,0x42,0x02,0x61,0xEF,0x04,0xD7,0xBE,0x04,0x57,0x95,0x02,0x41,0xE0,0x06,0xE1,0x88,0x04,
	0x3D,0xDC,0x07,0x21,0x48,0x00,0xF5,0x9F,0x06,0x89,0xCD,0x01,0xF0,0x04,0x07,0x51,0x07,0x07,0x11,0xC5,
	0x05,0xA1,0x01,0x00,0xE0,0x46,0x02,0x40,0x6A,0x05,0xFC,0x8B,0x01,0xA5,0x0D,0x06,0xC7,0x4D,0x02,0xD4,
	0x48,0x07,0x92,0x39,0x06,0xF7,0x8E,0x04,0x19,0x7F,0x06,0x99,0xD3,0x03,0x20,0xA0,0x06,0x10,0x80,0x02,
	0x4C,0xFC,0x00,0x5C,0x7D,0x00,0x3C,0xC0,0x01,0xB8,0xB0,0x02,0x40,0x7E,0x00,0x40,0x18,0x00,0x80,0x58,
	0x01,0xD0,0x3D,0x04,0x50,0x5F,0x00,0x60,0x32,0x01,0x6C,0xF1,0x01,0x3C,0x74,0x07,0x7E,0x79,0x02,0xE1,
	0x80,0x03,0xA1,0xE0,0x06,0xA8,0x41,0x06,0x20,0x00,0x06,0x20,0x42,0x00,0xC0,0xCF,0x00,0xC0,0xCF,0x00,
	0x80,0x6F,0x00,0x80,0x60,0x00,0xC0,0x40,0x00,0x40,0x00,0x00,0x80,0x40,0x00,0x80,0x40,0x00,0x00,0xC0,
	0x00,0x00,0xE0,0x03,0x00,0xC0,0x07,0x00,0x81,0x07,0x80,0x03,0x07,0xC0,0x03,0x07,0xE0,0x07,0x04,0x8E,
	0x8F,0x00,0xCC,0xFF,0x00,0xC0,0x7F,0x00,0xC0,0x7F,0x00,0xC0,0x3D,0x00,0xA2,0x31,0x00,0x05,0x21,0x50,
	0x05,0x21,0xC0,0x04,0x21,0x00,0x04,0xA0,0x60,0x00,0x40,0x69,0x00,0x20,0x80,0x00,0x41,0x40,0x00,0x41,
	0x01,0x02,0x31,0x01,0x04,0x31,0x10,0x04,0x30,0x8C,0x02,0x80,0x09,0x04,0x71,0x00,0x00,0xD0,0x03,0x00,
	0x80,0x00,0x00,0x52,0x14,0x00,0x00,0x00,0x01,0xE0,0x00,0x00,0x00,0x00,0x02,0x31,0x00,0x00,0x21,0x50,
	0x00,0x21,0xC0,0x00,0x21,0x80,0x04,0x20,0xA0,0x00,0x40,0x08,0x00,0x20,0x00,0x00,0x41,0x00,0x00,0x01,
	0x81,0x00,0xA1,0x01,0x00,0x61,0x00,0x04,0x30,0x0C,0x02,0x80,0x09,0x00,0x01,0x00,0x00,0x60,0x01,0x00,
	0x00,0x83,0x00,0x10,0x00,0x00,0x00,0x01,0x80,0x00,0x00,0x00,0x00,0x02,0x00,0x84,0x00,0x50,0x00,0x00,
	0x80,0x00,0x00,0x80,0x00,0x00,0x80,0x00,0x00,0x08,0x00,0x01,0x81,0x00,0x80,0x00,0x80,0x00,0x00,0x00,
	0x81,0x00,0x0C,0x00,0x80,0x09,0x00,0x00,0x83,0x40,0x00,0x00,0x80,0x00,0x00,0x00,0x10,0x00,0x00,0x00,
	0x01,0x09,0x80,0x00,0x80,0x00,0x05,0x80,0x80,0x00,0x00,0x03,0x8E,0x20,0x40,0x01,0x24,0x80,0x01,0x20,
	0x04,0x02,0x20,0x8C,0x00,0x41,0xA0,0x00,0xC1,0x90,0x00,0x40,0xE8,0x00,0x80,0xC0,0x00,0x60,0x81,0x04,
	0xE0,0x00,0x02,0xE0,0x22,0x02,0xC0,0x21,0x00,0x68,0x52,0x04,0x10,0x0A,0x04,0x54,0x08,0x00,0x00,0x85,
	0x80,0x00,0x04,0x30,0x20,0x00,0x10,0xA0,0x06,0x40,0x01,0x00,0x00,0xC0,0x01,0x00,0x00,0x01,0x00,0x8B,
	0x00,0x08,0x00,0x01,0x80,0x00,0x01,0xA0,0x00,0x00,0x80,0x00,0x80,0xC0,0x00,0x40,0x80,0x04,0xC0,0x00,
	0x02,0x80,0x00,0x02,0xC0,0x21,0x00,0x28,0x00,0x04,0x00,0x08,0x04,0x24,0x08,0x00,0x01,0x81,0x00,0x20,
	0x00,0x00,0x20,0x00,0x00,0x81,0x00,0x40,0x01,0x00,0x00,0x01,0x02,0x80,0x00,0x20,0x00,0x04,0x83,0xC0,
	0x00,0x00,0x00,0x00,0x04,0x00,0x08,0x04,0x20,0x08,0x00,0x01,0x80,0x00,0x20,0x00,0x06,0x80,0x00,0x20,
	0x00,0x05,0x80,0x00,0x00,0x04,0x00,0x80,0x20,0x00,0x00,0x04,0x91,0x08,0x80,0x01,0x00,0xE0,0x05,0x80,
	0xE0,0x00,0x00,0x2C,0x02,0x00,0x50,0x00,0xE0,0x40,0x00,0xA0,0x40,0x00,0x20,0x40,0x04,0x00,0xC0,0x07,
	0x10,0x83,0x00,0x30,0x00,0x00,0x80,0x00,0x04,0x80,0x02,0x02,0x20,0x01,0x01,0xE8,0x00,0x00,0xF0,0x08,
	0x00,0x41,0x02,0x01,0x68,0x98,0x00,0x00,0x80,0x00,0x01,0x01,0x00,0x90,0x00,0xA0,0x00,0x80,0x00,0x00,
	0x00,0x44,0x02,0x00,0x30,0x00,0xA0,0x20,0x00,0x20,0x40,0x00,0x20,0x40,0x04,0x00,0x00,0x03,0x40,0x03,
	0x02,0xA0,0x00,0x00,0x40,0x00,0x00,0x80,0x00,0x00,0x00,0x01,0x00,0xA8,0x00,0x00,0xC0,0x08,0x00,0x40,
	0x00,0x00,0x40,0x88,0x00,0x00,0x80,0x00,0x00,0x01,0x00,0x81,0x00,0xA0,0x00,0x80,0x00,0x00,0x00,0x80,
	0x00,0x30,0x00,0x00,0x84,0x00,0x40,0x00,0x00,0x40,0x04,0x00,0x00,0x01,0x40,0x02,0x02,0xA0,0x00,0x00,
	0x00,0x80,0x80,0x00,0x00,0x00,0x81,0x20,0x00,0x00,0x80,0x08,0x00,0x00,0x80,0x00,0x80,0x00,0x02,0x80,
	0x00,0x80,0x00,0x01,0x80,0x00,0x20,0x00,0x00,0x81,0x00,0x40,0x00,0x00,0x40,0x00,0x00,0x80,0x00,0x00,
	0x02,0x03,0x81,0x20,0x00,0x00,0x80,0x00,0x00,0x03,0x92,0x08,0x00,0x04,0x00,0x80,0x01,0x00,0x02,0x00,
	0x08,0x40,0x02,0x28,0x60,0x04,0x88,0x50,0x00,0x88,0x00,0x04,0x88,0x04,0x02,0xA8,0xC4,0x04,0x48,0x01,
	0x02,0xE8,0x02,0x01,0x08,0x3A,0x02,0x3C,0x07,0x04,0x38,0x80,0x00,0x50,0x00,0x00,0xB8,0x00,0x03,0x80,
	0xC9,0x00,0x08,0x80,0x01,0xE8,0x40,0x05,0x00,0x92,0x00,0x80,0x04,0x00,0x00,0x01,0x00,0x42,0x00,0x08,
	0x40,0x02,0x08,0x40,0x00,0x08,0x50,0x00,0x88,0x40,0x04,0x08,0x44,0x02,0x88,0xC4,0x04,0x08,0x00,0x04,
	0x08,0x02,0x01,0x28,0x10,0x00,0x3C,0x04,0x04,0x38,0x00,0x00,0x70,0x00,0x00,0x30,0x00,0x00,0x80,0x09,
	0x00,0x08,0x80,0x00,0xC0,0x00,0x01,0x00,0x80,0x00,0x80,0x04,0x00,0x82,0x00,0x42,0x00,0x00,0x40,0x00,
	0x00,0x40,0x00,0x01,0x81,0x00,0x04,0x00,0x00,0x84,0x04,0x00,0x82,0x00,0x02,0x00,0x20,0x00,0x00,0x00,
	0x04,0x04,0x00,0x84,0x40,0x00,0x00,0x20,0x00,0x00,0x00,0x08,0x00,0x00,0x80,0x00,0x00,0x00,0x01,0x00,
	0x80,0x00,0x80,0x00,0x00,0x82,0x00,0x40,0x00,0x00,0x40,0x00,0x00,0x40,0x00,0x06,0x80,0x00,0x00,0x04,
	0x06,0x0E,0x80,0x00,0x00,0x02,0x3F,0xA7,0x1A,0x80,0x01,0x1C,0xA0,0x04,0x18,0x86,0x04,0x10,0x02,0x00,
	0x10,0x30,0x04,0x50,0x18,0x00,0x90,0x34,0x00,0x70,0x00,0x02,0xB0,0x40,0x05,0x58,0x81,0x06,0x18,0x09,
	0x00,0x10,0x02,0x00,0x00,0x08,0x02,0x80,0x01,0x00,0x5A,0x80,0x00,0x10,0x00,0x02,0x58,0x00,0x00,0x04,
	0x00,0x03,0x40,0x00,0x00,0x80,0x00,0x04,0x18,0x80,0x01,0x18,0xA0,0x04,0x18,0xC0,0x00,0x10,0x42,0x00,
	0x10,0x60,0x00,0x50,0x60,0x00,0x10,0x54,0x00,0x10,0x40,0x00,0x30,0x00,0x00,0x50,0x81,0x02,0x30,0x01,
	0x00,0x10,0x02,0x00,0x00,0x00,0x02,0x80,0x00,0x00,0x62,0x00,0x00,0x20,0x00,0x00,0xD0,0x00,0x00,0x80,
	0x00,0x03,0x40,0x00,0x00,0x80,0x00,0x00,0x00,0x80,0x00,0x20,0x00,0x00,0x84,0x00,0x02,0x00,0x00,0x20,
	0x00,0x00,0x40,0x00,0x00,0x44,0x00,0x00,0x40,0x00,0x00,0x80,0x00,0x01,0x00,0x00,0x80,0x00,0x02,0x00,
	0x01,0x80,0x60,0x00,0x00,0x00,0x81,0x80,0x00,0x00,0x80,0x00,0x00,0x05,0x80,0x00,0x20,0x00,0x0A,0x80,
	0x80,0x00,0x00,0x02,0x99,0x02,0xE0,0x06,0x18,0xC8,0x04,0x90,0x60,0x00,0x10,0x04,0x05,0x00,0x30,0x04,
	0x20,0x54,0x00,0x20,0x50,0x00,0x10,0x20,0x04,0x08,0x00,0x00,0xB0,0x00,0x07,0xE0,0x41,0x06,0x68,0x40,
	0x04,0xCC,0x10,0x04,0xF0,0x00,0x00,0x41,0x00,0x01,0xF0,0x20,0x02,0x80,0x60,0x00,0x88,0x1C,0x00,0x88,
	0x30,0x00,0x48,0x80,0x02,0x00,0x20,0x02,0x00,0x48,0x00,0x80,0x60,0x00,0x00,0x44,0x05,0x00,0x50,0x00,
	0x20,0x14,0x00,0x00,0x88,0x10,0x00,0x00,0x00,0x40,0x00,0x80,0x00,0x05,0xE0,0x00,0x06,0x40,0x00,0x04,
	0x8C,0x00,0x00,0xB0,0x00,0x00,0x21,0x00,0x00,0xD0,0x00,0x00,0x00,0x88,0x88,0x14,0x00,0x08,0x10,0x00,
	0x00,0x80,0x00,0x00,0x20,0x00,0x00,0x08,0x00,0x80,0x40,0x00,0x00,0x40,0x00,0x00,0x40,0x00,0x00,0x14,
	0x00,0x01,0x82,0x00,0x40,0x00,0x00,0x00,0x04,0x20,0x00,0x00,0x00,0x81,0x80,0x00,0x00,0x80,0x00,0x00,
	0x00,0x82,0x10,0x00,0x00,0x80,0x00,0x00,0x80,0x10,0x00,0x06,0x80,0x00,0x10,0x00,0x01,0x82,0x00,0x40,
	0x00,0x00,0x00,0x04,0x20,0x00,0x00,0x04,0x80,0x80,0x00,0x00,0x02,0x96,0x14,0xC0,0x00,0x02,0xC0,0x02,
	0x08,0x10,0x04,0x00,0x42,0x00,0x00,0x50,0x00,0x40,0x70,0x00,0x00,0x44,0x00,0x00,0x60,0x00,0x40,0x40,
	0x06,0xA8,0x08,0x04,0x08,0x11,0x01,0x60,0x00,0x01,0xB0,0x00,0x02,0x80,0x01,0x00,0x58,0x01,0x00,0xB8,
	0x00,0x00,0x60,0x00,0x00,0x82,0x00,0x00,0x80,0x00,0x01,0x10,0x00,0x00,0x00,0xC0,0x00,0x00,0x80,0x00,
	0x00,0x00,0x04,0x01,0x8B,0x00,0x40,0x00,0x00,0x40,0x00,0x00,0x60,0x00,0x40,0x40,0x06,0x20,0x08,0x00,
	0x60,0x01,0x01,0x20,0x00,0x01,0x80,0x00,0x00,0x40,0x00,0x00,0x40,0x01,0x00,0xA0,0x00,0x00,0x60,0x00,
	0x00,0x02,0x81,0x00,0x80,0x00,0x00,0x80,0x00,0x06,0x81,0x00,0x08,0x00,0x60,0x01,0x00,0x00,0x81,0x80,
	0x00,0x00,0x40,0x00,0x00,0x00,0x81,0x80,0x00,0x00,0x80,0x00,0x00,0x0C,0x80,0x20,0x00,0x00,0x08,0x84,
	0x00,0xC0,0x06,0x08,0xC0,0x00,0x68,0x61,0x00,0x00,0x36,0x01,0x10,0x08,0x04,0x00,0x9E,0x50,0x30,0x00,
	0x40,0x28,0x04,0x0C,0x40,0x01,0x14,0x48,0x05,0xF4,0x04,0x00,0x2C,0x11,0x02,0xF4,0x61,0x04,0x14,0x05,
	0x00,0x04,0x04,0x00,0xB0,0x80,0x02,0x0C,0x00,0x04,0xC4,0x20,0x00,0xC0,0x00,0x00,0x40,0x00,0x00,0x00,
	0x00,0x04,0x00,0x40,0x00,0x60,0x01,0x00,0x00,0x22,0x01,0x00,0x18,0x00,0x00,0x10,0x00,0x10,0x10,0x00,
	0x00,0x00,0x04,0x04,0x00,0x01,0x04,0x08,0x04,0xA4,0x00,0x00,0x04,0x10,0x00,0x24,0x00,0x04,0x94,0x04,
	0x00,0x04,0x04,0x00,0xB0,0x00,0x00,0x40,0x00,0x00,0x00,0x80,0x40,0x00,0x00,0x01,0x81,0x00,0x40,0x00,
	0x60,0x01,0x00,0x00,0x80,0x00,0x18,0x00,0x00,0x80,0x00,0x10,0x00,0x01,0x80,0x00,0x08,0x00,0x01,0x84,
	0x20,0x00,0x00,0x80,0x04,0x00,0x00,0x04,0x00,0x20,0x00,0x00,0x40,0x00,0x00,0x03,0x80,0x00,0x40,0x00,
	0x01,0x80,0x00,0x10,0x00,0x00,0x80,0x00,0x10,0x00,0x0C,0x89,0x04,0x40,0x06,0x06,0x70,0x00,0x24,0x30,
	0x04,0x04,0x20,0x00,0x04,0x14,0x00,0x04,0x2C,0x00,0x04,0x2C,0x00,0x04,0x20,0x02,0x00,0x62,0x00,0x88,
	0x00,0x00,0x00,0x9B,0x20,0x0C,0x00,0x68,0x00,0x00,0x28,0x00,0x00,0x38,0x01,0x00,0x0C,0x05,0x00,0x80,
	0x01,0x00,0x81,0x02,0x00,0xC0,0xA0,0x00,0x10,0x00,0x00,0x00,0x40,0x02,0x04,0x10,0x00,0x24,0x30,0x00,
	0x04,0x00,0x00,0x04,0x14,0x00,0x04,0x08,0x00,0x04,0x2C,0x00,0x04,0x20,0x02,0x00,0x42,0x00,0x88,0x00,
	0x00,0x20,0x00,0x00,0x20,0x08,0x00,0x08,0x00,0x00,0x38,0x00,0x00,0x38,0x00,0x00,0x08,0x04,0x00,0xC0,
	0x00,0x00,0xC0,0x02,0x00,0x00,0xA0,0x00,0x00,0x82,0x00,0x40,0x02,0x00,0x10,0x00,0x20,0x20,0x00,0x00,
	0x80,0x00,0x04,0x00,0x00,0x85,0x00,0x20,0x00,0x00,0x20,0x02,0x00,0x42,0x00,0x80,0x00,0x00,0x20,0x00,
	0x00,0x20,0x00,0x00,0x00,0x80,0x30,0x00,0x00,0x00,0x80,0x00,0x04,0x00,0x00,0x81,0xC0,0x00,0x00,0x00,
	0xA0,0x00,0x00,0x80,0x00,0x40,0x00,0x00,0x80,0x00,0x20,0x00,0x02,0x81,0x00,0x20,0x00,0x00,0x20,0x00,
	0x02,0x80,0x20,0x00,0x00,0x07,0x4F,0xA7,0x0C,0x40,0x00,0x0B,0x80,0x00,0x08,0x20,0x04,0x08,0x30,0x00,
	0x08,0x20,0x00,0x08,0x02,0x00,0x58,0x32,0x00,0x08,0x22,0x00,0x48,0xA0,0x00,0x04,0x00,0x01,0x2C,0x00,
	0x00,0x24,0x00,0x00,0xA0,0x00,0x02,0x34,0x00,0x00,0xCC,0x00,0x00,0x2A,0x20,0x01,0x48,0x40,0x01,0x08,
	0x85,0x00,0xC0,0x40,0x01,0xE4,0x00,0x04,0x0C,0x00,0x00,0x08,0x80,0x00,0x08,0x00,0x04,0x08,0x30,0x00,
	0x08,0x00,0x00,0x08,0x02,0x00,0x48,0x12,0x00,0x08,0x02,0x00,0x08,0x20,0x00,0x00,0x00,0x01,0x08,0x00,
	0x00,0x20,0x00,0x00,0x00,0x00,0x02,0x30,0x00,0x00,0xC0,0x00,0x00,0x12,0x00,0x00,0x08,0x00,0x00,0xC8,
	0x01,0x00,0xC0,0x40,0x01,0xC0,0x00,0x04,0x01,0x81,0x00,0x00,0x04,0x00,0x20,0x00,0x00,0x82,0x00,0x02,
	0x00,0x00,0x12,0x00,0x00,0x02,0x00,0x00,0x80,0x00,0x00,0x01,0x00,0x82,0x20,0x00,0x00,0x00,0x00,0x02,
	0x30,0x00,0x00,0x02,0x82,0x80,0x00,0x00,0x40,0x40,0x00,0x00,0x00,0x04,0x02,0x80,0x00,0x20,0x00,0x01,
	0x80,0x00,0x10,0x00,0x01,0x80,0x00,0x00,0x01,0x00,0x81,0x20,0x00,0x00,0x00,0x00,0x02,0x06,0x9D,0x02,
	0x40,0x06,0x0C,0x44,0x00,0x0C,0x23,0x04,0x0C,0xE1,0x00,0x04,0x38,0x00,0x0C,0x20,0x00,0x04,0x20,0x00,
	0x54,0x00,0x06,0x1C,0x40,0x02,0x08,0x40,0x03,0x00,0x40,0x01,0x20,0x10,0x00,0x80,0x24,0x00,0xF0,0xC0,
	0x00,0x70,0x00,0x00,0x28,0x00,0x00,0x60,0x20,0x00,0x88,0x28,0x00,0x28,0x38,0x00,0x40,0x60,0x01,0x00,
	0x40,0x04,0x00,0x44,0x00,0x00,0x20,0x00,0x00,0xC1,0x00,0x00,0x30,0x00,0x00,0x20,0x00,0x00,0x20,0x00,
	0x40,0x20,0x02,0x10,0x00,0x00,0x00,0x40,0x00,0x00,0x84,0x20,0x00,0x00,0x20,0x00,0x00,0x20,0x00,0x00,
	0x30,0x00,0x00,0x38,0x00,0x00,0x00,0x84,0xA8,0x08,0x00,0x68,0x08,0x00,0x40,0x60,0x00,0x00,0x00,0x04,
	0x00,0x04,0x00,0x00,0x81,0x00,0x01,0x00,0x00,0x20,0x00,0x01,0x80,0x00,0x00,0x02,0x03,0x80,0x20,0x00,
	0x00,0x01,0x80,0x08,0x00,0x00,0x00,0x81,0x40,0x08,0x00,0x40,0x00,0x00,0x00,0x80,0x00,0x00,0x04,0x02,
	0x80,0x00,0x20,0x00,0x0E,0x91,0x0C,0xD0,0x02,0x02,0x20,0x00,0x30,0x60,0x00,0x00,0x20,0x01,0x00,0xB0,
	0x00,0x18,0x38,0x00,0x40,0x2A,0x00,0x40,0x24,0x07,0x08,0x20,0x00,0x80,0x00,0x03,0x70,0x08,0x06,0x30,
	0x00,0x02,0xCC,0x08,0x04,0x18,0x08,0x00,0x58,0x00,0x00,0xB9,0x00,0x00,0xA0,0x04,0x00,0xE0,0x42,0x00,
	0x00,0x86,0x30,0x00,0x02,0x00,0x90,0x00,0x00,0x20,0x00,0x30,0x40,0x00,0x00,0x20,0x01,0x00,0x80,0x00,
	0x10,0x00,0x00,0x00,0x80,0x00,0x20,0x03,0x00,0x84,0x80,0x00,0x03,0x60,0x00,0x00,0x70,0x00,0x02,0x48,
	0x00,0x00,0xD8,0x00,0x00,0x00,0x85,0xB1,0x00,0x00,0x60,0x04,0x00,0x80,0x00,0x00,0x20,0x00,0x00,0x20,
	0x00,0x02,0x00,0x10,0x00,0x00,0x80,0x30,0x00,0x00,0x03,0x80,0x00,0x20,0x02,0x00,0x80,0x80,0x00,0x00,
	0x00,0x80,0x60,0x00,0x00,0x00,0x80,0xC0,0x00,0x00,0x01,0x83,0x20,0x04,0x00,0x20,0x00,0x00,0x20,0x00,
	0x00,0x00,0x00,0x02,0x13,0x93,0x00,0x20,0x06,0x01,0x50,0x06,0x40,0x20,0x04,0x00,0x23,0x04,0x08,0x28,
	0x04,0x04,0x20,0x00,0x0C,0x30,0x02,0x0C,0x20,0x00,0x04,0x20,0x04,0x1C,0x40,0x04,0x0C,0x04,0x01,0x20,
	0x00,0x00,0xA0,0x45,0x01,0x40,0x01,0x00,0x05,0x01,0x00,0x7C,0x80,0x00,0x50,0x00,0x00,0x20,0x00,0x00,
	0x65,0x00,0x00,0x20,0x00,0x00,0x00,0x89,0x00,0x10,0x04,0x40,0x20,0x04,0x00,0x02,0x04,0x00,0x28,0x00,
	0x00,0x20,0x00,0x08,0x20,0x02,0x08,0x00,0x00,0x00,0x20,0x00,0x10,0x00,0x04,0x08,0x00,0x00,0x00,0x81,
	0xA0,0x00,0x00,0xC0,0x00,0x00,0x00,0x81,0x68,0x80,0x00,0x70,0x00,0x00,0x00,0x80,0x40,0x00,0x00,0x01,
	0x81,0x00,0x10,0x04,0x40,0x20,0x00,0x01,0x81,0x00,0x20,0x00,0x00,0x20,0x00,0x00,0x80,0x00,0x20,0x00,
	0x02,0x80,0x80,0x00,0x00,0x02,0x80,0x40,0x00,0x00,0x0A,0x80,0x00,0x20,0x00,0x0A,0x94,0x07,0x40,0x00,
	0x05,0x20,0x00,0x14,0x09,0x05,0x04,0x20,0x00,0x04,0x18,0x00,0x18,0x18,0x00,0x00,0x20,0x04,0x30,0x10,
	0x00,0x00,0xA0,0x00,0x82,0x80,0x01,0x82,0x00,0x00,0x42,0x01,0x00,0x06,0x01,0x00,0x06,0x00,0x00,0x43,
	0x00,0x00,0x52,0x10,0x00,0x1C,0x00,0x00,0x24,0x81,0x00,0x60,0x14,0x00,0x24,0x80,0x00,0x00,0x40,0x00,
	0x00,0x84,0x10,0x01,0x00,0x00,0x20,0x00,0x00,0x10,0x00,0x08,0x18,0x00,0x00,0x00,0x04,0x00,0x8A,0x00,
	0x80,0x00,0x02,0x00,0x00,0x82,0x00,0x00,0x42,0x00,0x00,0x82,0x00,0x00,0x02,0x00,0x00,0x42,0x00,0x00,
	0x52,0x00,0x00,0x10,0x00,0x00,0x00,0x80,0x00,0x40,0x14,0x00,0x00,0x80,0x00,0x40,0x00,0x00,0x83,0x10,
	0x00,0x00,0x00,0x20,0x00,0x00,0x10,0x00,0x00,0x08,0x00,0x05,0x81,0x80,0x00,0x00,0x80,0x00,0x00,0x00,
	0x80,0x10,0x00,0x00,0x01,0x80,0x00,0x10,0x00,0x04,0x81,0x00,0x10,0x00,0x00,0x08,0x00,0x0D,0x08,0x80,
	0x00,0x04,0x00,0x05,0x80,0x10,0x00,0x00,0x0B,0x80,0x00,0x04,0x00,0x05,0x80,0x10,0x00,0x00,0x0B,0x80,
	0x00,0x04,0x00,0x1D,0x9C,0x02,0x00,0x00,0x03,0x40,0x04,0x82,0x30,0x04,0x02,0x09,0x04,0x02,0x30,0x02,
	0x22,0x28,0x00,0x02,0x02,0x00,0x0A,0x00,0x00,0x42,0x00,0x00,0x00,0x80,0x01,0x00,0x01,0x00,0xA4,0x03,
	0x00,0x80,0x03,0x00,0x40,0x0A,0x00,0x91,0x01,0x00,0x08,0x80,0x00,0xF8,0x00,0x01,0x0A,0x00,0x02,0x60,
	0x08,0x00,0x40,0x00,0x01,0x02,0x00,0x00,0x02,0x40,0x00,0x82,0x00,0x04,0x02,0x01,0x04,0x02,0x10,0x00,
	0x22,0x00,0x00,0x02,0x02,0x00,0x0A,0x00,0x00,0x02,0x00,0x00,0x00,0x82,0x00,0x01,0x00,0xA0,0x03,0x00,
	0x80,0x01,0x00,0x00,0x85,0x80,0x00,0x00,0x08,0x80,0x00,0x78,0x00,0x00,0x68,0x00,0x00,0x20,0x00,0x00,
	0x40,0x00,0x01,0x00,0x81,0x00,0x40,0x00,0x80,0x00,0x04,0x00,0x80,0x00,0x10,0x00,0x04,0x82,0x00,0x01,
	0x00,0x00,0x02,0x00,0x00,0x01,0x00,0x02,0x83,0x48,0x00,0x00,0x40,0x00,0x00,0x20,0x00,0x00,0x00,0x00,
	0x01,0x01,0x80,0x00,0x00,0x04,0x00,0x80,0x00,0x10,0x00,0x0E,0x98,0x00,0x00,0x02,0x00,0x20,0x04,0x04,
	0x10,0x00,0x04,0x82,0x03,0x18,0x98,0x04,0x20,0x10,0x00,0x00,0x00,0x04,0x00,0x05,0x00,0x08,0x80,0x00,
	0x80,0x41,0x00,0x00,0x02,0x04,0x20,0x0A,0x00,0x81,0x03,0x00,0x48,0x02,0x00,0x04,0x80,0x00,0x0D,0x00,
	0x01,0x72,0x20,0x00,0x00,0x00,0x04,0x28,0x00,0x00,0x60,0x00,0x00,0x00,0x00,0x02,0x00,0x20,0x04,0x04,
	0x10,0x00,0x04,0x80,0x03,0x00,0x98,0x00,0x00,0x8D,0x00,0x00,0x04,0x00,0x05,0x00,0x00,0x80,0x00,0x80,
	0x01,0x00,0x00,0x03,0x00,0x20,0x08,0x00,0x80,0x03,0x00,0x08,0x00,0x00,0x04,0x00,0x00,0x04,0x00,0x00,
	0x30,0x00,0x00,0x60,0x00,0x04,0x48,0x00,0x00,0x20,0x00,0x00,0x00,0x81,0x00,0x20,0x00,0x00,0x10,0x00,
	0x00,0x80,0x00,0x18,0x00,0x01,0x80,0x00,0x01,0x00,0x00,0x81,0x00,0x01,0x00,0x00,0x02,0x00,0x00,0x80,
	0x00,0x01,0x00,0x02,0x82,0x20,0x00,0x00,0x20,0x00,0x00,0x40,0x00,0x00,0x01,0x81,0x00,0x20,0x00,0x00,
	0x10,0x00,0x00,0x80,0x00,0x18,0x00,0x0E,0x82,0x04,0x38,0x00,0x04,0x70,0x04,0x01,0x20,0x00,0x00,0x92,
	0x3C,0x68,0x00,0x05,0x0A,0x04,0x04,0x01,0x00,0x04,0x01,0x00,0xC4,0x00,0x06,0x14,0x01,0x00,0x20,0x02,
	0x00,0x02,0x06,0x02,0x68,0x43,0x04,0x05,0x08,0x00,0x12,0x00,0x00,0x02,0x00,0x00,0x70,0x10,0x00,0x60,
	0x00,0x00,0x68,0x00,0x00,0x40,0x00,0x00,0x04,0x28,0x00,0x04,0x00,0x00,0x00,0x20,0x00,0x00,0x8A,0x1C,
	0x60,0x00,0x04,0x08,0x00,0x04,0x01,0x00,0x04,0x01,0x00,0x44,0x00,0x00,0x14,0x00,0x00,0x20,0x00,0x00,
	0x00,0x02,0x02,0x68,0x02,0x00,0x84,0x00,0x00,0x10,0x00,0x00,0x00,0x84,0x30,0x00,0x00,0x20,0x00,0x00,
	0x68,0x00,0x00,0x40,0x00,0x00,0x00,0x08,0x00,0x02,0x80,0x00,0x20,0x00,0x00,0x81,0x00,0x01,0x00,0x00,
	0x01,0x00,0x0A,0x80,0x40,0x00,0x00,0x13,0x8D,0x02,0x00,0x00,0x82,0x00,0x01,0x03,0x10,0x00,0x02,0x40,
	0x00,0x12,0x10,0x06,0x00,0x02,0x00,0x32,0x00,0x00,0x03,0x00,0x00,0x82,0x00,0x00,0x02,0x03,0x05,0x02,
	0x86,0x04,0x08,0x00,0x00,0x52,0x00,0x01,0x02,0x00,0x00,0x00,0x81,0x08,0x00,0x00,0x0D,0x04,0x00,0x00,
	0x81,0x80,0x00,0x00,0x44,0x00,0x00,0x00,0x80,0x80,0x00,0x00,0x00,0x81,0x00,0x40,0x00,0x00,0x10,0x00,
	0x02,0x82,0x80,0x00,0x00,0x00,0x03,0x05,0x00,0x86,0x00,0x00,0x80,0x50,0x00,0x00,0x01,0x84,0x08,0x00,
	0x00,0x4D,0x04,0x00,0x40,0x00,0x00,0xC0,0x00,0x00,0x40,0x00,0x00,0x00,0x80,0x80,0x00,0x00,0x01,0x80,
	0x00,0x10,0x00,0x03,0x81,0x00,0x02,0x00,0x00,0x04,0x00,0x03,0x81,0x08,0x00,0x00,0x48,0x04,0x00,0x01,
	0x80,0x40,0x00,0x00,0x03,0x80,0x00,0x10,0x00,0x0E,0x96,0x04,0x10,0x00,0x04,0x30,0x06,0xA4,0x0C,0x04,
	0x04,0x00,0x00,0x20,0x08,0x00,0x06,0x00,0x00,0x0C,0x00,0x00,0x4D,0x00,0x04,0x04,0x41,0x00,0x30,0x02,
	0x00,0x24,0x81,0x01,0x14,0x80,0x00,0x0D,0x02,0x00,0x00,0x01,0x00,0x05,0x00,0x00,0x80,0x01,0x00,0x40,
	0x01,0x00,0x58,0x01,0x00,0xC0,0x20,0x00,0x80,0x40,0x00,0x00,0x10,0x00,0x00,0x30,0x04,0x20,0x0C,0x04,
	0x00,0x80,0x20,0x08,0x00,0x00,0x80,0x08,0x00,0x00,0x01,0x83,0x20,0x00,0x00,0x04,0x80,0x00,0x14,0x00,
	0x00,0x0C,0x00,0x00,0x01,0x84,0x80,0x00,0x00,0x40,0x00,0x00,0x58,0x00,0x00,0x40,0x20,0x00,0x80,0x00,
	0x00,0x00,0x81,0x00,0x00,0x04,0x20,0x04,0x04,0x0D,0x81,0x40,0x00,0x00,0x40,0x00,0x00,0x01,0x81,0x00,
	0x00,0x04,0x00,0x00,0x04,0x10,0x4F,0x81,0x00,0x00,0x04,0x00,0x60,0x00,0x00,0x83,0x00,0x00,0x04,0x00,
	0x20,0x00,0x08,0x00,0x04,0x20,0x00,0x04,0x00,0x8B,0x11,0x20,0x00,0x24,0x80,0x01,0x30,0x80,0x00,0x08,
	0x00,0x00,0x20,0x00,0x02,0x04,0x09,0x00,0x09,0x01,0x00,0x15,0x00,0x00,0x10,0x00,0x00,0x50,0x00,0x01,
	0x50,0x02,0x04,0xC1,0x00,0x00,0x00,0x82,0x00,0x40,0x00,0x00,0x00,0x04,0x00,0x00,0x04,0x00,0x80,0x08,
	0x00,0x00,0x01,0x82,0x10,0x00,0x00,0x00,0x80,0x00,0x20,0x80,0x00,0x00,0x80,0x00,0x00,0x02,0x03,0x82,
	0x40,0x00,0x00,0x10,0x02,0x04,0x80,0x00,0x00,0x09,0x80,0x20,0x00,0x00,0x00,0x80,0x00,0x00,0x02,0x05,
	0x80,0x80,0x00,0x00,0x0B,0x80,0x00,0x00,0x02,0x06,0x97,0x00,0x04,0x00,0x00,0x28,0x04,0x00,0x88,0x04,
	0x00,0x29,0x00,0x20,0x28,0x00,0x40,0x00,0x04,0x40,0x10,0x06,0x00,0x04,0x01,0x00,0xA2,0x02,0x70,0x00,
	0x02,0x20,0x85,0x05,0x40,0x04,0x00,0x00,0x03,0x00,0x00,0x10,0x00,0x08,0x81,0x00,0x00,0x05,0x00,0x90,
	0x01,0x00,0x00,0x00,0x04,0xC0,0x41,0x04,0xC0,0x00,0x00,0x00,0x04,0x02,0x00,0x20,0x04,0x00,0x08,0x00,
	0x00,0x29,0x00,0x01,0x85,0x00,0x10,0x06,0x00,0x04,0x01,0x00,0x22,0x02,0x60,0x00,0x02,0x40,0x80,0x00,
	0x40,0x04,0x00,0x01,0x87,0x00,0x01,0x00,0x00,0x05,0x00,0x90,0x01,0x00,0x00,0x00,0x04,0x40,0x01,0x04,
	0x40,0x00,0x00,0x00,0x04,0x00,0x00,0x20,0x04,0x00,0x80,0x00,0x20,0x00,0x01,0x80,0x00,0x00,0x04,0x00,
	0x81,0x00,0x22,0x00,0x20,0x00,0x00,0x00,0x80,0x00,0x04,0x00,0x02,0x81,0x00,0x04,0x00,0x10,0x00,0x00,
	0x03,0x80,0x00,0x00,0x04,0x05,0x80,0x00,0x20,0x00,0x0A,0x00,0x81,0x00,0x10,0x04,0x00,0x90,0x00,0x00,
	0x90,0x48,0x10,0x02,0x50,0x02,0x04,0x60,0x21,0x00,0x10,0x10,0x00,0x10,0x00,0x04,0x00,0x40,0x00,0x54,
	0x24,0x00,0x00,0x8D,0x02,0x40,0x26,0x04,0x28,0x41,0x00,0x10,0x00,0x00,0x40,0x20,0x02,0x14,0x10,0x00,
	0x20,0x00,0x02,0x00,0x30,0x00,0x80,0x00,0x00,0x00,0x00,0x04,0x00,0x80,0x00,0x00,0x04,0x00,0x85,0x08,
	0x00,0x00,0x40,0x00,0x00,0x40,0x01,0x00,0x10,0x00,0x00,0x00,0x00,0x04,0x00,0x40,0x01,0x00,0x89,0x00,
	0x08,0x00,0x40,0x06,0x04,0x28,0x01,0x00,0x10,0x00,0x00,0x40,0x00,0x00,0x10,0x00,0x00,0x20,0x00,0x00,
	0x00,0x31,0x00,0x00,0x01,0x00,0x00,0x00,0x04,0x00,0x80,0x00,0x00,0x04,0x02,0x80,0x00,0x01,0x00,0x01,
	0x81,0x00,0x00,0x01,0x40,0x00,0x00,0x00,0x80,0x00,0x04,0x00,0x02,0x80,0x10,0x00,0x00,0x00,0x82,0x00,
	0x11,0x00,0x80,0x00,0x00,0x00,0x00,0x04,0x07,0x80,0x00,0x00,0x01,0x09,0x98,0x00,0x28,0x06,0x10,0xA9,
	0x04,0x00,0x00,0x04,0x00,0x20,0x02,0x00,0x20,0x02,0x00,0x30,0x04,0x00,0x10,0x00,0x40,0x20,0x04,0x00,
	0xE0,0x00,0xA8,0x00,0x00,0x48,0x20,0x02,0x64,0xC0,0x00,0xE4,0x25,0x02,0xC8,0x83,0x00,0x04,0x04,0x00,
	0x2C,0x22,0x00,0x20,0x02,0x00,0x08,0x0B,0x00,0xA0,0x00,0x00,0x00,0x00,0x01,0x00,0x00,0x06,0x10,0x09,
	0x00,0x00,0x00,0x04,0x00,0x00,0x02,0x00,0x20,0x00,0x00,0x8F,0x00,0x10,0x00,0x40,0x00,0x00,0x00,0xC0,
	0x00,0xA0,0x00,0x00,0x88,0x00,0x00,0x00,0x40,0x00,0x80,0x00,0x00,0xC8,0x01,0x00,0x04,0x04,0x00,0x20,
	0x00,0x00,0x20,0x00,0x00,0x08,0x08,0x00,0x20,0x01,0x00,0x00,0x01,0x01,0x00,0x00,0x02,0x10,0x01,0x00,
	0x01,0x80,0x00,0x20,0x00,0x02,0x81,0x00,0xC0,0x00,0x20,0x00,0x00,0x03,0x80,0x04,0x04,0x00,0x01,0x80,
	0x00,0x08,0x00,0x00,0x80,0x00,0x01,0x01,0x13,0x81,0x01,0x00,0x04,0x80,0x00,0x04,0x00,0x90,0x00,0x0A,
	0x00,0x30,0x10,0x00,0x40,0x01,0x04,0x48,0x04,0x04,0x10,0x00,0x00,0x00,0x01,0x05,0xB0,0x01,0x00,0xA1,
	0x20,0x01,0x18,0x03,0x01,0x88,0x07,0x00,0xC0,0x46,0x01,0x04,0x02,0x00,0x10,0x12,0x00,0x40,0x02,0x00,
	0xB0,0x01,0x04,0xB0,0x46,0x00,0x20,0x10,0x00,0x00,0x80,0x00,0x00,0x04,0x00,0x82,0x00,0x02,0x00,0x00,
	0x10,0x00,0x00,0x01,0x00,0x01,0x8B,0x00,0x00,0x01,0x00,0x01,0x00,0x00,0x00,0x01,0x98,0x00,0x01,0x88,
	0x07,0x00,0x00,0x06,0x00,0x04,0x00,0x00,0x00,0x02,0x00,0x40,0x02,0x00,0x80,0x01,0x00,0x10,0x01,0x00,
	0x20,0x12,0x00,0x00,0x80,0x00,0x00,0x04,0x00,0x80,0x00,0x02,0x00,0x00,0x80,0x00,0x01,0x00,0x03,0x80,
	0x80,0x00,0x00,0x01,0x81,0x00,0x04,0x00,0x04,0x00,0x00,0x01,0x81,0x00,0x01,0x00,0x00,0x01,0x00,0x01,
	0x80,0x00,0x00,0x04,0x0F,0x80,0x00,0x01,0x00,0x00,0x05,0x80,0x01,0x00,0x00,0x48,0x96,0x00,0x08,0x02,
	0x10,0x00,0x00,0x00,0x21,0x00,0x00,0x10,0x00,0x1C,0x02,0x00,0x08,0x29,0x00,0x00,0x28,0x00,0x10,0x20,
	0x06,0x00,0xA0,0x00,0x80,0x03,0x05,0xE8,0x41,0x04,0x88,0x02,0x00,0xC0,0x02,0x02,0xE9,0x84,0x00,0x10,
	0x02,0x00,0x48,0x00,0x00,0x44,0x06,0x02,0x44,0x06,0x00,0x80,0x04,0x01,0x20,0x02,0x00,0x00,0x08,0x00,
	0x10,0x00,0x00,0x00,0x20,0x00,0x00,0x86,0x10,0x02,0x00,0x00,0x29,0x00,0x00,0x20,0x00,0x10,0x20,0x06,
	0x00,0x20,0x00,0x00,0x02,0x05,0xE0,0x01,0x04,0x00,0x87,0x00,0x00,0x02,0xE0,0x00,0x00,0x10,0x02,0x00,
	0x48,0x00,0x00,0x00,0x02,0x00,0x44,0x03,0x00,0x80,0x01,0x01,0x20,0x03,0x00,0x00,0x80,0x10,0x00,0x00,
	0x01,0x83,0x00,0x02,0x00,0x00,0x21,0x00,0x00,0x20,0x00,0x10,0x20,0x02,0x01,0x81,0xE0,0x00,0x00,0x80,
	0x00,0x00,0x00,0x80,0xC0,0x00,0x00,0x02,0x82,0x00,0x03,0x00,0x00,0x03,0x00,0x00,0x01,0x00,0x09,0x80,
	0xC0,0x00,0x00,0x06,0x81,0x00,0x01,0x00,0x00,0x02,0x00,0x94,0x00,0x14,0x00,0x00,0x08,0x00,0x00,0x01,
	0x00,0x00,0x30,0x00,0x20,0x30,0x00,0x80,0x00,0x00,0x11,0x00,0x00,0xB0,0x08,0x00,0x20,0x43,0x01,0xC0,
	0x42,0x00,0x20,0x2D,0x00,0x10,0x00,0x00,0x08,0x0F,0x00,0x50,0x08,0x00,0x00,0x06,0x00,0x10,0x84,0x00,
	0x04,0x2B,0x00,0x90,0x00,0x00,0x60,0x04,0x02,0x40,0x03,0x00,0x00,0x10,0x00,0x01,0x81,0x00,0x30,0x00,
	0x20,0x00,0x00,0x00,0x87,0x90,0x00,0x00,0x30,0x00,0x00,0x20,0x02,0x00,0xC0,0x03,0x00,0x40,0x00,0x00,
	0x10,0x01,0x00,0x00,0x0D,0x00,0x50,0x0A,0x00,0x01,0x83,0x80,0x0B,0x00,0x80,0x06,0x00,0x40,0x02,0x02,
	0x40,0x04,0x00,0x02,0x80,0x00,0x10,0x00,0x02,0x83,0x10,0x00,0x00,0x00,0x02,0x00,0x00,0x01,0x00,0x40,
	0x01,0x00,0x00,0x81,0x00,0x08,0x00,0x40,0x08,0x00,0x01,0x82,0x00,0x08,0x00,0x00,0x04,0x00,0x00,0x03,
	0x00,0x03,0x80,0x00,0x10,0x00,0x05,0x80,0x40,0x00,0x00,0x06,0x80,0x00,0x02,0x00,0x00,0x95,0x00,0x20,
	0x02,0x00,0x80,0x04,0x00,0x10,0x04,0x00,0x19,0x04,0x30,0x08,0x00,0x81,0x20,0x00,0xA0,0x20,0x02,0x80,
	0x04,0x00,0x01,0x80,0x00,0x20,0x02,0x02,0x51,0x0B,0x02,0xE0,0x82,0x00,0xC0,0x60,0x00,0x40,0x29,0x01,
	0xD0,0x0E,0x00,0x00,0x84,0x02,0x40,0x04,0x00,0x09,0x03,0x00,0x40,0x00,0x00,0x00,0x07,0x04,0x00,0x20,
	0x02,0x00,0x00,0x04,0x00,0x80,0x00,0x08,0x04,0x00,0x90,0x80,0x00,0x00,0x20,0x00,0x02,0x80,0x00,0x00,
	0x00,0x80,0x00,0x00,0x01,0x02,0x00,0x02,0x00,0xC0,0x0B,0x00,0x00,0x04,0x00,0x00,0x0E,0x00,0xD0,0x0C,
	0x00,0x00,0x04,0x00,0x00,0x05,0x00,0x81,0x07,0x00,0x00,0x06,0x00,0x00,0x01,0x04,0x00,0x20,0x00,0x00,
	0x00,0x04,0x00,0x80,0x00,0x08,0x00,0x04,0x85,0x00,0x01,0x00,0xC0,0x01,0x00,0x40,0x01,0x00,0x00,0x04,
	0x00,0x00,0x0E,0x00,0x00,0x08,0x00,0x00,0x85,0x00,0x01,0x00,0x80,0x00,0x00,0x00,0x06,0x00,0x00,0x04,
	0x04,0x00,0x20,0x00,0x00,0x00,0x04,0x00,0x80,0x00,0x08,0x00,0x05,0x80,0x80,0x01,0x00,0x06,0x80,0x00,
	0x02,0x00,0x00,0x97,0x03,0x48,0x04,0xC3,0x3A,0x04,0x82,0x10,0x00,0x00,0x1C,0x00,0x40,0x0C,0x00,0x00,
	0x01,0x00,0x10,0x00,0x00,0xA0,0x00,0x02,0x28,0x02,0x01,0x40,0x01,0x00,0x60,0x0C,0x00,0x50,0x04,0x00,
	0x30,0x05,0x02,0x00,0x87,0x00,0x41,0x01,0x00,0x6C,0x08,0x02,0x20,0x2B,0x00,0xC0,0x27,0x00,0x00,0x09,
	0x00,0x40,0x0E,0x00,0x01,0x00,0x04,0xC1,0x32,0x00,0x80,0x10,0x00,0x00,0x14,0x00,0x00,0x80,0x10,0x01,
	0x00,0x00,0x8E,0x20,0x00,0x00,0x08,0x02,0x01,0x40,0x02,0x00,0x00,0x09,0x00,0x40,0x00,0x00,0x30,0x05,
	0x00,0x00,0x0A,0x00,0x40,0x01,0x00,0x68,0x08,0x00,0x00,0x01,0x00,0x80,0x05,0x00,0x40,0x03,0x00,0x00,
	0x0C,0x00,0x00,0x00,0x04,0x40,0x12,0x00,0x00,0x80,0x00,0x04,0x00,0x00,0x80,0x00,0x01,0x00,0x01,0x85,
	0x08,0x02,0x01,0x00,0x02,0x00,0x00,0x0A,0x00,0x40,0x01,0x00,0x00,0x01,0x00,0x00,0x04,0x00,0x00,0x84,
	0x00,0x08,0x00,0x00,0x03,0x00,0x80,0x02,0x00,0x40,0x04,0x00,0x00,0x06,0x00,0x00,0x80,0x00,0x10,0x00,
	0x08,0x80,0x00,0x01,0x00,0x00,0x80,0x00,0x04,0x00,0x03,0x81,0x00,0x04,0x00,0x00,0x06,0x00,0xA7,0x00,
	0x30,0x00,0x00,0x02,0x04,0x01,0x3B,0x00,0x03,0x28,0x00,0x03,0x00,0x00,0xA3,0x01,0x04,0x42,0x0A,0x06,
	0x22,0x22,0x00,0x42,0xC1,0x00,0x40,0x05,0x00,0x40,0x05,0x02,0xC0,0x09,0x00,0x50,0x1A,0x04,0x00,0x0D,
	0x00,0x88,0x0E,0x00,0x48,0x08,0x02,0x80,0x0E,0x04,0xC1,0x06,0x00,0x80,0x22,0x00,0x80,0x03,0x00,0x00,
	0x10,0x00,0x00,0x02,0x04,0x01,0x0B,0x00,0x01,0x08,0x00,0x01,0x00,0x00,0x01,0x01,0x04,0x00,0x0B,0x04,
	0x20,0x03,0x00,0x40,0x41,0x00,0x00,0x07,0x00,0x80,0x05,0x00,0x80,0x00,0x00,0x80,0x0C,0x04,0x00,0x10,
	0x00,0x08,0x0E,0x00,0x40,0x00,0x00,0x00,0x0E,0x00,0x41,0x07,0x00,0x80,0x02,0x00,0x80,0x0A,0x00,0x00,
	0x81,0x00,0x02,0x00,0x00,0x02,0x00,0x01,0x80,0x00,0x01,0x00,0x00,0x80,0x00,0x02,0x00,0x00,0x81,0x00,
	0x06,0x00,0x80,0x07,0x00,0x00,0x80,0x80,0x0A,0x00,0x00,0x80,0x00,0x08,0x00,0x00,0x83,0x00,0x02,0x00,
	0x40,0x05,0x00,0x00,0x0A,0x00,0x00,0x0A,0x00,0x09,0x81,0x00,0x03,0x00,0x00,0x02,0x00,0x07,0x02,0x80,
	0x00,0x10,0x00,0x08,0x80,0x10,0x00,0x00,0x41,0x95,0x00,0x30,0x00,0x80,0x18,0x00,0x00,0x08,0x03,0x00,
	0x11,0x00,0x00,0x10,0x04,0x60,0x11,0x00,0x41,0x35,0x02,0x21,0xC1,0x04,0x01,0xE4,0x07,0x23,0x06,0x00,
	0x83,0x0D,0x00,0x23,0x8A,0x01,0xA3,0x19,0x00,0xEB,0x0E,0x00,0x79,0x16,0x00,0x31,0x18,0x00,0x41,0x17,
	0x00,0xC0,0x11,0x04,0x00,0x15,0x00,0xC0,0x23,0x00,0x00,0x20,0x00,0x00,0x08,0x04,0x00,0x80,0x00,0x01,
	0x00,0x00,0x8E,0x20,0x00,0x00,0x41,0x10,0x02,0x01,0xC0,0x00,0x41,0x84,0x02,0x21,0x00,0x00,0x01,0x0C,
	0x00,0x81,0x0C,0x00,0x21,0x0C,0x00,0x61,0x1E,0x00,0x69,0x0C,0x00,0x21,0x18,0x00,0x01,0x10,0x00,0x40,
	0x13,0x00,0x40,0x11,0x00,0x80,0x0E,0x00,0x00,0x80,0x00,0x00,0x04,0x00,0x80,0x00,0x01,0x00,0x01,0x80,
	0x00,0x00,0x02,0x00,0x82,0x40,0x84,0x00,0x20,0x00,0x00,0x00,0x08,0x00,0x00,0x87,0x00,0x02,0x00,0x00,
	0x1C,0x00,0x00,0x04,0x00,0x00,0x10,0x00,0x00,0x10,0x00,0x40,0x13,0x00,0xC0,0x1C,0x00,0x80,0x0C,0x00,
	0x07,0x80,0x00,0x80,0x00,0x01,0x82,0x00,0x04,0x00,0x00,0x02,0x00,0x00,0x1C,0x00,0x03,0x81,0x00,0x0C,
	0x00,0x00,0x0C,0x00,0x83,0xC3,0x18,0x04,0x02,0x14,0x00,0x08,0x05,0x04,0x00,0x2C,0x00,0x00,0x92,0x20,
	0x31,0x04,0xE0,0x02,0x04,0xC0,0x00,0x06,0x40,0x02,0x05,0x80,0x06,0x02,0x80,0x18,0x04,0xC0,0x05,0x00,
	0xA0,0x0B,0x00,0x20,0x8A,0x00,0x1A,0x0D,0x00,0x02,0x10,0x00,0x02,0x47,0x00,0x06,0x1E,0x00,0xC1,0x1A,
	0x00,0x41,0x35,0x00,0xC2,0x30,0x00,0x02,0x14,0x00,0x08,0x0C,0x00,0x00,0x04,0x00,0x00,0x89,0x00,0x11,
	0x00,0x40,0x02,0x00,0x40,0x02,0x02,0xC0,0x00,0x05,0x80,0x02,0x00,0x00,0x17,0x04,0x80,0x00,0x00,0x00,
	0x0A,0x00,0x80,0x09,0x00,0xA0,0x0A,0x00,0x00,0x87,0x00,0x5B,0x00,0x00,0x05,0x00,0x00,0x14,0x00,0xC0,
	0x15,0x00,0xC0,0x30,0x00,0x00,0x04,0x00,0x08,0x0C,0x00,0x00,0x04,0x00,0x00,0x81,0x00,0x10,0x00,0x00,
	0x02,0x00,0x00,0x80,0x40,0x00,0x00,0x00,0x84,0x00,0x14,0x00,0x80,0x04,0x00,0x00,0x0C,0x00,0x80,0x09,
	0x00,0xA0,0x1E,0x00,0x01,0x83,0x00,0x04,0x00,0x00,0x0C,0x00,0x00,0x10,0x00,0x00,0x10,0x00,0x00,0x80,
	0x00,0x08,0x00,0x01,0x80,0x00,0x10,0x00,0x03,0x80,0x00,0x04,0x00,0x00,0x82,0x00,0x0C,0x00,0x00,0x08,
	0x00,0x00,0x1C,0x00,0x02,0x80,0x00,0x08,0x00,0x00,0xA7,0x00,0x40,0x04,0x81,0x10,0x02,0x8B,0x18,0x00,
	0x03,0x50,0x00,0x03,0x08,0x00,0xC3,0x30,0x06,0x43,0x2C,0x05,0x43,0x2E,0x04,0x8B,0xD2,0x06,0x03,0x08,
	0x06,0x23,0x0F,0x00,0x83,0x0B,0x00,0xC1,0x35,0x00,0xDB,0x09,0x00,0x31,0x0D,0x00,0xC1,0x2C,0x00,0x81,
	0x20,0x00,0x01,0x32,0x00,0x82,0x39,0x02,0x80,0x01,0x00,0x00,0x50,0x00,0x80,0x00,0x00,0x0A,0x08,0x00,
	0x02,0x50,0x00,0x02,0x38,0x00,0x42,0x22,0x06,0x42,0x26,0x05,0x02,0x0C,0x04,0x8A,0x52,0x00,0x82,0x04,
	0x04,0x22,0x1B,0x00,0x02,0x09,0x00,0x80,0x07,0x00,0x42,0x29,0x00,0xD0,0x11,0x00,0xC0,0x2C,0x00,0x80,
	0x24,0x00,0x00,0x3E,0x00,0x80,0x12,0x02,0x80,0x1C,0x00,0x00,0x81,0x80,0x00,0x00,0x08,0x00,0x00,0x00,
	0x8F,0x00,0x28,0x00,0x00,0x22,0x04,0x00,0x20,0x04,0x00,0x0C,0x00,0x88,0x50,0x00,0x80,0x04,0x00,0x20,
	0x13,0x00,0x00,0x09,0x00,0x80,0x06,0x00,0x00,0x08,0x00,0xC0,0x09,0x00,0x00,0x20,0x00,0x00,0x20,0x00,
	0x00,0x2A,0x00,0x00,0x19,0x00,0x00,0x05,0x00,0x00,0x80,0x80,0x00,0x00,0x03,0x80,0x00,0x00,0x04,0x00,
	0x80,0x00,0x40,0x00,0x00,0x83,0x00,0x02,0x00,0x00,0x09,0x00,0x00,0x02,0x00,0x00,0x08,0x00,0x03,0x80,
	0x00,0x10,0x00,0x00,0xAC,0xC2,0x1C,0x04,0xE2,0x10,0x04,0x82,0x35,0x00,0x02,0x0C,0x00,0x02,0x35,0x00,
	0xC2,0x36,0x00,0x42,0x29,0x01,0x02,0xE0,0x02,0x06,0x85,0x00,0x02,0x8D,0x00,0x82,0x3E,0x00,0x82,0x76,
	0x04,0x82,0x33,0x00,0x52,0x6C,0x00,0x60,0x21,0x00,0x02,0x0A,0x01,0x82,0x32,0x04,0x02,0xBB,0x00,0x90,
	0x65,0x00,0x82,0x75,0x02,0x80,0x0C,0x04,0xA0,0x10,0x04,0x00,0x11,0x00,0x00,0x38,0x00,0x00,0x15,0x00,
	0x80,0x14,0x00,0x00,0x04,0x00,0x00,0x24,0x02,0x04,0x81,0x04,0x00,0x85,0x00,0x80,0x14,0x00,0x00,0x75,
	0x00,0x02,0x2B,0x00,0x00,0x64,0x00,0x72,0x06,0x00,0x02,0x0E,0x00,0x82,0x38,0x00,0x02,0xBF,0x00,0x90,
	0x66,0x00,0x00,0x34,0x02,0x80,0x00,0x04,0xA0,0x10,0x04,0x00,0x01,0x00,0x00,0x18,0x00,0x00,0x11,0x00,
	0x00,0x82,0x00,0x04,0x00,0x00,0x20,0x00,0x04,0x00,0x04,0x00,0x85,0x80,0x04,0x00,0x00,0x24,0x00,0x00,
	0x30,0x00,0x00,0x24,0x00,0x60,0x04,0x00,0x00,0x1C,0x00,0x01,0x81,0x80,0x70,0x00,0x80,0x0B,0x02,0x00,
	0x80,0x80,0x00,0x00,0x00,0x81,0x00,0x10,0x00,0x00,0x10,0x00,0x02,0x80,0x00,0x00,0x04,0x00,0x80,0x00,
	0x04,0x00,0x00,0x82,0x00,0x10,0x00,0x00,0x24,0x00,0x00,0x04,0x00,0x02,0x81,0x00,0x10,0x00,0x00,0x09,
	0x00,0x97,0x01,0x30,0x00,0xE1,0x09,0x04,0x40,0x10,0x00,0x00,0x34,0x00,0x00,0x1C,0x00,0x80,0x06,0x04,
	0x80,0x15,0x02,0x80,0x14,0x04,0x00,0x65,0x03,0x60,0x09,0x04,0x00,0x6D,0x00,0x00,0x31,0x01,0x02,0x32,
	0x00,0x40,0x53,0x00,0x20,0x72,0x00,0x62,0xF9,0x00,0x82,0x44,0x00,0x02,0x85,0x00,0x0C,0x7A,0x01,0x00,
	0x1B,0x00,0x00,0x10,0x04,0x60,0x09,0x00,0x40,0x00,0x00,0x00,0x24,0x00,0x00,0x92,0x00,0x06,0x06,0x80,
	0x15,0x00,0x80,0x00,0x00,0x00,0x04,0x03,0x60,0x08,0x00,0x00,0x23,0x00,0x00,0x39,0x00,0x00,0x3F,0x00,
	0x40,0x70,0x00,0x00,0x5D,0x00,0x00,0xFF,0x00,0x80,0x40,0x00,0x00,0xDC,0x00,0x0C,0x2B,0x01,0x00,0x06,
	0x00,0x00,0x10,0x00,0x20,0x01,0x00,0x40,0x00,0x00,0x00,0x20,0x00,0x00,0x80,0x00,0x00,0x06,0x01,0x87,
	0x00,0x00,0x02,0x60,0x08,0x00,0x00,0x01,0x00,0x00,0x31,0x00,0x00,0x3D,0x00,0x40,0x21,0x00,0x00,0x79,
	0x00,0x00,0x7A,0x00,0x00,0x82,0x00,0x54,0x00,0x00,0x12,0x00,0x00,0x19,0x00,0x0A,0x84,0x00,0x10,0x00,
	0x00,0x10,0x00,0x00,0x20,0x00,0x00,0x20,0x00,0x00,0x18,0x00,0x02,0x80,0x00,0x01,0x00,0x00,0x81,0x80,
	0x00,0x00,0x00,0x20,0x00,0x06,0x80,0x00,0x01,0x00,0x06,0x80,0x40,0x00,0x00,0x02,0x80,0x00,0x20,0x00,
	0x06,0x80,0x00,0x01,0x00,0x12,0x80,0x00,0x01,0x00,0x1C,0xA9,0x20,0x0A,0x00,0x40,0x1C,0x04,0xC1,0x0C,
	0x00,0x01,0x30,0x04,0x01,0x26,0x00,0x81,0x1D,0x07,0x81,0x12,0x03,0x81,0x99,0x02,0x01,0x01,0x03,0x11,
	0x81,0x03,0x21,0xD7,0x06,0x01,0x57,0x03,0x81,0x39,0x05,0x81,0x59,0x00,0x01,0xA3,0x00,0x91,0x76,0x00,
	0x95,0x36,0x00,0x01,0x3D,0x01,0x02,0x47,0x03,0x00,0x45,0x00,0x20,0x0A,0x04,0x80,0x04,0x04,0x80,0x04,
	0x00,0x00,0x14,0x04,0x00,0x24,0x00,0x80,0x11,0x01,0x00,0x00,0x07,0x00,0x10,0x00,0x00,0x01,0x00,0x10,
	0x81,0x01,0x20,0x87,0x02,0x00,0x22,0x01,0x00,0x44,0x01,0x00,0x34,0x00,0x00,0x2A,0x00,0x00,0x25,0x00,
	0x80,0x64,0x00,0x00,0x4C,0x00,0x02,0x45,0x01,0x00,0x47,0x00,0x20,0x02,0x04,0x00,0x04,0x00,0x00,0x83,
	0x00,0x04,0x00,0x00,0x04,0x00,0x80,0x00,0x00,0x00,0x00,0x05,0x00,0x82,0x00,0x01,0x00,0x10,0x01,0x00,
	0x20,0x03,0x00,0x00,0x88,0x00,0x50,0x01,0x00,0x0C,0x00,0x00,0x10,0x00,0x00,0x31,0x00,0x00,0x40,0x00,
	0x00,0x08,0x00,0x00,0x01,0x00,0x00,0x06,0x00,0x00,0x00,0x04,0x01,0x81,0x00,0x04,0x00,0x00,0x04,0x00,
	0x00,0x80,0x00,0x00,0x04,0x04,0x81,0x00,0x10,0x00,0x00,0x04,0x00,0x00,0x80,0x00,0x20,0x00,0x02,0x80,
	0x00,0x02,0x00,0xA7,0x21,0x18,0x00,0x61,0x00,0x01,0x81,0x00,0x04,0x01,0x1A,0x00,0x81,0x00,0x00,0x81,
	0x86,0x06,0x01,0xA9,0x04,0x81,0x18,0x00,0x07,0xF3,0x00,0x01,0x48,0x01,0x51,0x29,0x00,0x01,0x37,0x03,
	0x01,0x30,0x02,0x51,0x56,0x00,0x01,0xE5,0x00,0x01,0x6E,0x00,0x8F,0x7A,0x05,0x03,0x29,0x01,0x21,0x84,
	0x00,0x01,0x0A,0x00,0x01,0x00,0x04,0x61,0x08,0x04,0x01,0x0C,0x04,0x01,0x1E,0x00,0x81,0x1C,0x00,0x01,
	0x98,0x06,0x01,0xBA,0x06,0x81,0x08,0x02,0x07,0xFB,0x02,0x01,0x10,0x02,0x51,0x28,0x00,0x01,0x30,0x02,
	0x01,0x02,0x00,0x41,0x44,0x00,0x01,0xF7,0x00,0x01,0xA1,0x00,0x01,0x0B,0x00,0x01,0x08,0x01,0x00,0x80,
	0x00,0x00,0x28,0x00,0x00,0x8E,0x60,0x08,0x04,0x00,0x04,0x00,0x00,0x0A,0x00,0x80,0x18,0x00,0x00,0x1C,
	0x00,0x00,0x18,0x02,0x80,0x00,0x02,0x06,0x19,0x00,0x00,0x00,0x02,0x50,0x20,0x00,0x00,0x22,0x00,0x00,
	0x20,0x00,0x40,0x60,0x00,0x00,0x92,0x00,0x00,0x6D,0x00,0x01,0x80,0x00,0x80,0x00,0x01,0x81,0x40,0x08,
	0x04,0x00,0x04,0x00,0x00,0x82,0x00,0x10,0x00,0x00,0x18,0x00,0x00,0x10,0x02,0x01,0x86,0x00,0x00,0x02,
	0x00,0x20,0x00,0x00,0x22,0x00,0x00,0x20,0x00,0x00,0x20,0x00,0x00,0x50,0x00,0x00,0x0C,0x00,0x03,0xA8,
	0x61,0x00,0x04,0xA1,0x1C,0x00,0x81,0x12,0x04,0x01,0x5D,0x02,0x01,0x1E,0x01,0x81,0x54,0x00,0x81,0x15,
	0x05,0x01,0x96,0x00,0x01,0x88,0x07,0x01,0xE8,0x07,0x01,0x5A,0x00,0x81,0x64,0x03,0x01,0xF4,0x01,0x11,
	0xA9,0x05,0x09,0x9F,0x00,0x01,0xA2,0x00,0x11,0x59,0x00,0x02,0x12,0x00,0x11,0x46,0x01,0x00,0x88,0x00,
	0x20,0x08,0x02,0x00,0x18,0x04,0x80,0x1A,0x00,0x00,0x59,0x02,0x00,0x1C,0x01,0x80,0x50,0x01,0x80,0x09,
	0x00,0x00,0x80,0x02,0x00,0x08,0x02,0x00,0x4A,0x03,0x00,0x0A,0x00,0x80,0x26,0x01,0x00,0xFA,0x01,0x00,
	0xF3,0x05,0x00,0x11,0x00,0x00,0x62,0x00,0x00,0x78,0x00,0x00,0x12,0x00,0x01,0x66,0x00,0x00,0x20,0x00,
	0x00,0x08,0x00,0x00,0x81,0x80,0x0A,0x00,0x00,0x11,0x00,0x00,0x8A,0x00,0x08,0x01,0x80,0x11,0x00,0x00,
	0x10,0x00,0x00,0x00,0x02,0x00,0x20,0x01,0x00,0x42,0x00,0x80,0x06,0x01,0x00,0xFA,0x01,0x00,0xEA,0x05,
	0x00,0x90,0x00,0x00,0x72,0x00,0x00,0x83,0x00,0x20,0x00,0x00,0x04,0x00,0x00,0x60,0x00,0x00,0x08,0x00,
	0x00,0x81,0x00,0x08,0x00,0x00,0x10,0x00,0x02,0x88,0x00,0x10,0x00,0x00,0x00,0x02,0x00,0x20,0x01,0x00,
	0x40,0x00,0x00,0x00,0x01,0x00,0x20,0x00,0x00,0x20,0x00,0x00,0x10,0x00,0x00,0x40,0x00,0x03,0xB8,0x10,
	0x26,0x04,0xA0,0x08,0x06,0x00,0x0E,0x06,0x00,0x0C,0x00,0x00,0x20,0x00,0xC0,0x9F,0x00,0x00,0xB1,0x05,
	0xC0,0x30,0x04,0x43,0x63,0x07,0x38,0xC3,0x02,0x10,0xBE,0x07,0x00,0x92,0x01,0x00,0x7C,0x04,0x08,0xEA,
	0x00,0x00,0x2E,0x07,0x18,0xD5,0x01,0x00,0x37,0x04,0x09,0x40,0x02,0x03,0x04,0x00,0x00,0x30,0x00,0x10,
	0x2C,0x06,0xE0,0x00,0x02,0x00,0x14,0x06,0x00,0x16,0x00,0x00,0x36,0x00,0x40,0x18,0x03,0x00,0x23,0x05,
	0xC0,0x21,0x05,0x43,0x81,0x05,0x38,0x73,0x04,0x10,0x66,0x01,0x00,0x44,0x01,0x00,0x20,0x04,0x00,0x02,
	0x01,0x00,0x82,0x06,0x00,0x3E,0x01,0x00,0x94,0x00,0x00,0xD0,0x00,0x00,0x80,0x00,0x00,0xA0,0x00,0x10,
	0x00,0x06,0xC0,0x00,0x00,0x00,0x14,0x04,0x00,0x0C,0x00,0x00,0x1A,0x00,0x40,0x10,0x00,0x00,0x01,0x04,
	0xC0,0x20,0x04,0x43,0x81,0x04,0x38,0x43,0x00,0x10,0x02,0x00,0x00,0x04,0x01,0x00,0x60,0x04,0x00,0xC0,
	0x01,0x00,0xC0,0x06,0x00,0x64,0x01,0x00,0xA4,0x00,0x00,0x81,0x00,0xC0,0x00,0x00,0xF0,0x00,0x00,0x83,
	0x40,0x00,0x00,0x00,0x04,0x00,0x00,0x08,0x00,0x00,0x0C,0x00,0x01,0x82,0x00,0x00,0x04,0x00,0x80,0x04,
	0x00,0x40,0x00,0x00,0x84,0x00,0x00,0x01,0x00,0x60,0x00,0x00,0x40,0x00,0x00,0x80,0x00,0x00,0x74,0x00,
	0x02,0x80,0x00,0x60,0x00,0xBB,0x50,0x02,0x00,0x40,0x02,0x01,0x60,0x00,0x05,0x08,0x16,0x01,0x40,0x9E,
	0x00,0x40,0x4E,0x01,0x00,0xD5,0x05,0x40,0x03,0x00,0x80,0x02,0x04,0x20,0x18,0x04,0xA8,0x28,0x00,0x00,
	0x05,0x05,0x00,0xDA,0x03,0x04,0x45,0x01,0x0E,0x59,0x02,0x08,0x88,0x03,0x05,0xF0,0x04,0x0C,0xA4,0x00,
	0x0E,0xB4,0x00,0x80,0xF2,0x00,0x40,0x0A,0x02,0x60,0x0E,0x02,0x20,0x02,0x05,0x00,0x16,0x01,0x40,0x86,
	0x00,0x00,0x11,0x02,0x00,0xD1,0x02,0x40,0x03,0x01,0x80,0x12,0x01,0x00,0x5C,0x05,0x28,0x08,0x00,0x00,
	0xA5,0x05,0x00,0x6E,0x00,0x00,0x81,0x00,0x00,0xEC,0x02,0x00,0x58,0x02,0x00,0x44,0x04,0x00,0x94,0x00,
	0x00,0x78,0x00,0x80,0xCA,0x00,0x40,0x08,0x00,0x20,0x0A,0x02,0x20,0x00,0x00,0x00,0x16,0x00,0x40,0x08,
	0x00,0x00,0x17,0x02,0x00,0x91,0x02,0x40,0x01,0x01,0x80,0x72,0x01,0x00,0x90,0x05,0x28,0x08,0x00,0x00,
	0x21,0x04,0x00,0x44,0x00,0x00,0xE0,0x01,0x00,0x68,0x03,0x00,0xE8,0x02,0x00,0x04,0x00,0x00,0x80,0x00,
	0x00,0x60,0x00,0x00,0x80,0x00,0x00,0x80,0x20,0x00,0x00,0x00,0x80,0x00,0x02,0x00,0x01,0x80,0x00,0x00,
	0x02,0x00,0x82,0x00,0x60,0x01,0x00,0x80,0x05,0x00,0x08,0x00,0x00,0x82,0x00,0xC4,0x00,0x00,0xE0,0x01,
	0x00,0x28,0x01,0x02,0x80,0x00,0x40,0x00,0x00,0x4F,0xAB,0x30,0x01,0x06,0x50,0x0A,0x01,0x40,0x8B,0x04,
	0x84,0x74,0x00,0x40,0xDC,0x01,0xC0,0x12,0x03,0x00,0x1D,0x05,0x00,0xC3,0x06,0x80,0x54,0x07,0x0C,0x11,
	0x05,0x00,0x76,0x01,0x00,0xC6,0x00,0x80,0xAC,0x03,0x01,0x88,0x03,0x00,0x9C,0x02,0x00,0x4C,0x01,0x08,
	0x14,0x02,0x03,0x78,0x05,0x0D,0xC6,0x04,0x70,0x36,0x00,0x30,0x05,0x04,0x10,0x0C,0x00,0x40,0x8F,0x00,
	0x80,0x64,0x00,0x00,0x51,0x01,0x40,0x96,0x02,0x00,0x00,0x05,0x00,0x91,0x03,0x80,0x14,0x04,0x0C,0xB5,
	0x07,0x00,0xD8,0x01,0x00,0x02,0x00,0x80,0x7C,0x02,0x00,0xC0,0x00,0x00,0xA4,0x03,0x00,0x4A,0x01,0x00,
	0x20,0x02,0x00,0x38,0x00,0x00,0x06,0x00,0x70,0x06,0x00,0x00,0x01,0x06,0x10,0x04,0x02,0x40,0x0B,0x04,
	0x80,0x04,0x00,0x00,0x89,0x00,0x96,0x00,0x00,0x10,0x01,0x00,0x11,0x06,0x80,0x40,0x00,0x0C,0x15,0x04,
	0x00,0x90,0x00,0x00,0x80,0x01,0x80,0x90,0x01,0x00,0x40,0x02,0x00,0x84,0x02,0x00,0x8B,0x00,0x10,0x02,
	0x00,0x20,0x00,0x00,0x04,0x00,0x00,0x04,0x00,0x00,0x00,0x02,0x00,0x04,0x02,0x00,0x0A,0x04,0x00,0x04,
	0x00,0x00,0x10,0x00,0x00,0x10,0x00,0x00,0x10,0x01,0x00,0x10,0x06,0x00,0x85,0x00,0x00,0x04,0x00,0x90,
	0x00,0x00,0x80,0x01,0x00,0x80,0x01,0x00,0x00,0x02,0x00,0xC0,0x01,0x04,0xBE,0x38,0x11,0x05,0x50,0x01,
	0x01,0x20,0x77,0x06,0x08,0x97,0x04,0x20,0x14,0x00,0x20,0xF4,0x00,0xC0,0x51,0x00,0x80,0x94,0x01,0x21,
	0x40,0x07,0x30,0xCA,0x00,0x0C,0x98,0x01,0xC1,0x40,0x00,0x00,0x50,0x07,0x0B,0xC1,0x06,0x01,0xBE,0x01,
	0x00,0x04,0x01,0x00,0x2E,0x06,0x00,0x98,0x02,0x08,0xAC,0x01,0x0E,0xB2,0x01,0x08,0x10,0x02,0x70,0x05,
	0x03,0x20,0x6A,0x02,0x00,0x81,0x04,0x20,0x0B,0x00,0x20,0x54,0x01,0x40,0x82,0x02,0x80,0xB4,0x01,0x21,
	0xC4,0x03,0x10,0x8A,0x07,0x0C,0xC0,0x02,0x40,0x40,0x00,0x00,0x70,0x02,0x00,0xC0,0x01,0x00,0xBE,0x02,
	0x00,0x00,0x01,0x00,0x3C,0x06,0x00,0xC0,0x00,0x00,0x00,0x01,0x0E,0x30,0x00,0x08,0x04,0x03,0x60,0x01,
	0x00,0x20,0x02,0x02,0x00,0x1C,0x00,0x20,0x15,0x00,0x20,0xD0,0x00,0x40,0x00,0x00,0x80,0x90,0x05,0x21,
	0x24,0x02,0x10,0x8A,0x02,0x0C,0x40,0x01,0x40,0x00,0x03,0x00,0xE0,0x06,0x00,0xC0,0x04,0x00,0xA4,0x00,
	0x00,0x04,0x00,0x00,0x30,0x02,0x00,0xC0,0x00,0x00,0x00,0x01,0x00,0x10,0x00,0x00,0x04,0x00,0x20,0x00,
	0x00,0x00,0x02,0x00,0x00,0x81,0x00,0x01,0x00,0x00,0x80,0x00,0x00,0x87,0x00,0x00,0x01,0x00,0x20,0x02,
	0x00,0x00,0x02,0x00,0x40,0x01,0x00,0x00,0x02,0x00,0x20,0x02,0x00,0x80,0x00,0x00,0x20,0x00,0x00,0x80,
	0x00,0x30,0x00,0x02,0xA5,0x38,0x03,0x02,0x10,0x04,0x03,0x01,0x07,0x02,0x40,0x78,0x00,0xE0,0x9B,0x04,
	0xA0,0x71,0x00,0x00,0x52,0x07,0x40,0x10,0x01,0x80,0xC0,0x03,0x04,0x34,0x06,0x90,0xE4,0x00,0x80,0xA0,
	0x07,0x43,0x29,0x04,0x00,0x2C,0x02,0x04,0xC8,0x05,0x02,0x80,0x05,0x04,0x18,0x07,0x04,0x78,0x06,0x00,
	0x22,0x00,0x01,0x10,0x04,0x20,0x05,0x06,0x30,0x06,0x01,0x00,0x08,0x04,0x40,0x60,0x00,0x00,0x5C,0x04,
	0x80,0x33,0x01,0x00,0xD6,0x01,0x40,0x94,0x03,0x80,0xE4,0x00,0x04,0x0C,0x02,0x90,0xA4,0x00,0x80,0xA1,
	0x06,0x40,0x88,0x03,0x00,0xA4,0x05,0x00,0x82,0x01,0x00,0x84,0x04,0x00,0x20,0x01,0x00,0x78,0x04,0x00,
	0x92,0x01,0x20,0x04,0x20,0x04,0x07,0x10,0x04,0x01,0x00,0x01,0x02,0x40,0x01,0x00,0x00,0x4A,0x00,0x00,
	0x22,0x05,0x00,0xC2,0x07,0x40,0x24,0x03,0x80,0x80,0x01,0x04,0x00,0x03,0x10,0x04,0x02,0x00,0xA1,0x01,
	0x40,0x00,0x01,0x00,0x84,0x03,0x00,0x32,0x00,0x00,0x00,0x04,0x00,0x20,0x01,0x00,0x38,0x04,0x00,0x84,
	0x00,0x20,0x04,0x00,0x00,0x01,0x10,0x00,0x00,0x00,0x01,0x02,0x00,0x11,0x00,0x01,0x88,0x00,0x80,0x01,
	0x00,0x20,0x03,0x00,0x00,0x01,0x00,0x00,0x03,0x00,0x04,0x02,0x00,0x80,0x04,0x00,0x00,0x01,0x00,0x00,
	0x03,0x00,0x30,0x00,0x00,0x80,0x00,0x20,0x00,0x01,0x80,0x00,0x20,0x00,0xB6,0x91,0x8C,0x05,0x20,0x02,
	0x00,0x01,0x0A,0x02,0x02,0xB8,0x06,0x10,0x80,0x04,0x20,0x8D,0x05,0xA0,0x24,0x00,0x20,0x26,0x01,0x80,
	0xA0,0x02,0x0A,0xF5,0x01,0xC6,0x31,0x05,0x60,0x2C,0x04,0x03,0xC8,0x04,0x05,0x7C,0x05,0x00,0xF8,0x00,
	0x01,0x60,0x00,0x00,0x04,0x01,0x00,0x30,0x01,0x04,0x00,0x07,0x00,0x65,0x05,0x98,0x8C,0x01,0x38,0x04,
	0x00,0x80,0x06,0x06,0x80,0x83,0x02,0x90,0xA9,0x04,0x20,0x64,0x05,0x20,0x50,0x05,0x20,0x66,0x05,0x80,
	0x08,0x03,0x0A,0xF9,0x01,0x06,0xB5,0x07,0xA0,0x00,0x03,0x00,0x88,0x03,0x00,0x54,0x00,0x00,0xCC,0x00,
	0x00,0x60,0x00,0x00,0x0C,0x01,0x00,0x20,0x00,0x00,0x00,0x03,0x00,0x41,0x00,0x80,0x02,0x00,0x38,0x02,
	0x01,0x80,0x18,0x04,0x00,0x03,0x00,0x10,0x2C,0x04,0x00,0x80,0x04,0x20,0x14,0x04,0x20,0x62,0x03,0x80,
	0x00,0x00,0x0A,0xA9,0x01,0x06,0x81,0x03,0xA0,0x00,0x05,0x00,0x00,0x06,0x00,0x44,0x04,0x00,0x3C,0x00,
	0x00,0x87,0x00,0x08,0x01,0x00,0x20,0x00,0x00,0x00,0x03,0x00,0x01,0x00,0x00,0x02,0x00,0x10,0x02,0x01,
	0x00,0x08,0x04,0x00,0x02,0x00,0x00,0x82,0x00,0x80,0x04,0x00,0x00,0x04,0x00,0x00,0x01,0x00,0x83,0x00,
	0x28,0x00,0x00,0x80,0x00,0x80,0x00,0x05,0x00,0x00,0x04,0x06,0xB7,0x99,0x00,0x03,0x80,0x81,0x00,0x00,
	0x3E,0x06,0x04,0x30,0x03,0x70,0x69,0x06,0xC0,0x4A,0x02,0x80,0x32,0x01,0x80,0x44,0x06,0x40,0x39,0x05,
	0x01,0x09,0x01,0xCA,0x33,0x00,0xC1,0xAD,0x03,0x20,0x31,0x06,0x00,0xC6,0x03,0x02,0x8E,0x04,0x03,0x40,
	0x01,0x02,0x00,0x03,0x02,0x80,0x05,0x00,0x3A,0x02,0x00,0x36,0x04,0x0C,0x03,0x03,0x98,0x03,0x01,0x80,
	0x1E,0x00,0x00,0x28,0x05,0x80,0x41,0x06,0xD0,0xEE,0x04,0x80,0x66,0x07,0x80,0x46,0x07,0x40,0x39,0x00,
	0x01,0x0C,0x05,0x4A,0xA5,0x04,0xC0,0xA9,0x00,0x20,0x00,0x07,0x00,0x02,0x07,0x00,0x36,0x05,0x00,0x00,
	0x01,0x00,0x00,0x04,0x00,0x80,0x04,0x00,0x3A,0x02,0x00,0x32,0x06,0x0C,0x83,0x03,0x80,0x82,0x00,0x00,
	0x0C,0x05,0x80,0x00,0x04,0x80,0x61,0x00,0x10,0xE4,0x06,0x80,0x64,0x05,0x80,0x04,0x01,0x40,0x29,0x00,
	0x01,0x04,0x01,0x0A,0x84,0x04,0x80,0x00,0x00,0x20,0x00,0x03,0x00,0x00,0x01,0x00,0x02,0x00,0x00,0x00,
	0x01,0x00,0x83,0x00,0x80,0x04,0x00,0x22,0x02,0x00,0x02,0x02,0x08,0x01,0x00,0x00,0x85,0x00,0x14,0x04,
	0x80,0x20,0x00,0x80,0x20,0x00,0x00,0x60,0x00,0x00,0x44,0x00,0x00,0x04,0x05,0x00,0x82,0x00,0x04,0x00,
	0x00,0x80,0x04,0x80,0x00,0x00,0x06,0x80,0x00,0x02,0x00,0x11,0x80,0x02,0x00,0x00,0x3C,0xA4,0x90,0x40,
	0x03,0xD8,0x81,0x00,0x00,0x33,0x04,0xA2,0x0C,0x07,0x08,0x6A,0x04,0x90,0x84,0x04,0x80,0x0E,0x01,0x70,
	0x89,0x07,0x10,0xC4,0x05,0x06,0x2A,0x02,0x90,0xAD,0x04,0x10,0x56,0x05,0x00,0x9D,0x00,0x02,0x76,0x01,
	0x00,0x01,0x04,0x00,0xC3,0x04,0x02,0x88,0x06,0x00,0x10,0x00,0x00,0x60,0x07,0x80,0x40,0x04,0x9C,0x41,
	0x01,0x54,0x02,0x00,0xC0,0x27,0x02,0xE0,0x2C,0x06,0xC8,0x08,0x02,0x10,0x63,0x06,0x80,0xAA,0x03,0x70,
	0xCF,0x04,0x10,0x04,0x04,0x06,0x06,0x00,0x90,0x88,0x04,0xD0,0x42,0x04,0x00,0x1D,0x00,0x00,0x28,0x04,
	0x00,0x01,0x06,0x00,0x21,0x00,0x00,0x08,0x04,0x00,0x91,0x00,0x00,0x01,0x00,0x00,0x04,0x18,0x80,0x01,
	0x54,0x81,0x00,0xC0,0x23,0x01,0xA0,0x0B,0x06,0x08,0x23,0x06,0x00,0x40,0x06,0x80,0x80,0x00,0x70,0xC7,
	0x03,0x10,0x00,0x04,0x06,0x02,0x00,0x10,0x08,0x00,0x50,0x00,0x00,0x00,0x10,0x00,0x00,0x28,0x04,0x00,
	0x01,0x00,0x00,0x21,0x00,0x01,0x80,0x00,0x00,0x01,0x00,0x88,0x08,0x80,0x00,0x00,0x81,0x00,0x80,0x03,
	0x01,0x00,0x02,0x04,0x00,0x02,0x00,0x00,0x42,0x02,0x00,0x82,0x02,0x00,0xC6,0x00,0x00,0x00,0x04,0x01,
	0x82,0x40,0x00,0x00,0x00,0x10,0x00,0x00,0x28,0x00,0x05,0xBC,0xC4,0x42,0x01,0xC4,0x40,0x04,0x00,0x67,
	0x02,0x00,0xEF,0x01,0xB8,0x18,0x03,0x68,0xF3,0x01,0x40,0x87,0x02,0x20,0x67,0x04,0x40,0x6A,0x01,0x81,
	0x02,0x03,0x14,0x83,0x02,0x40,0x0F,0x07,0x10,0x7A,0x06,0x01,0x65,0x05,0x01,0x54,0x06,0x00,0xA0,0x06,
	0x03,0x01,0x07,0x01,0x60,0x02,0x01,0x80,0x01,0x00,0x63,0x05,0x4E,0xC3,0x01,0x8C,0x81,0x04,0x40,0x58,
	0x06,0x00,0x0B,0x07,0xC0,0x1B,0x01,0x68,0x91,0x02,0x40,0x21,0x01,0x20,0x84,0x07,0x40,0x42,0x07,0x81,
	0x00,0x04,0xB4,0x82,0x06,0xE0,0x8C,0x06,0x10,0x82,0x04,0x00,0x44,0x06,0x00,0x50,0x06,0x00,0xA0,0x06,
	0x00,0x91,0x02,0x00,0x60,0x06,0x00,0xC0,0x01,0x00,0x61,0x01,0x46,0xC1,0x01,0x00,0x41,0x04,0x00,0x9A,
	0x00,0x40,0x0B,0x05,0xC0,0x03,0x00,0x08,0x40,0x07,0x40,0xA0,0x02,0x20,0x80,0x06,0x40,0x42,0x04,0x81,
	0x00,0x00,0x94,0x02,0x02,0xC0,0x80,0x05,0x10,0x80,0x00,0x00,0x44,0x02,0x00,0x00,0x06,0x00,0xA0,0x02,
	0x00,0x91,0x00,0x00,0x20,0x02,0x00,0xC0,0x01,0x00,0x41,0x01,0x04,0x00,0x00,0x01,0x84,0x40,0x01,0x00,
	0x40,0x01,0x00,0x00,0x00,0x04,0x00,0x20,0x00,0x00,0x80,0x02,0x02,0x80,0x40,0x80,0x05,0x00,0x80,0x00,
	0x00,0x02,0x01,0x80,0x00,0x10,0x00,0x00,0x81,0x00,0x40,0x00,0x00,0x40,0x00,0xB6,0xCA,0xC1,0x05,0x2E,
	0xC1,0x06,0xC0,0x5A,0x03,0xD0,0x2B,0x03,0x84,0x2E,0x06,0x78,0x61,0x00,0x10,0x21,0x00,0xA8,0x06,0x00,
	0x8C,0x34,0x00,0x22,0x52,0x07,0x48,0x12,0x03,0x28,0xB7,0x06,0x00,0xB4,0x07,0x80,0x53,0x06,0x00,0x0E,
	0x06,0x00,0x26,0x04,0x00,0x3A,0x03,0x00,0xBA,0x00,0x00,0x68,0x05,0x70,0xA4,0x06,0x0C,0xC0,0x00,0x2E,
	0x00,0x02,0x20,0x75,0x01,0xF0,0x23,0x00,0x64,0x36,0x07,0x90,0x24,0x07,0x10,0xC5,0x01,0xA8,0x21,0x02,
	0x8C,0xF4,0x00,0x02,0x42,0x04,0xC8,0x42,0x01,0xC8,0xA2,0x03,0x80,0x44,0x07,0x00,0x23,0x00,0x00,0x78,
	0x04,0x00,0x02,0x04,0x00,0x2A,0x06,0x00,0x92,0x02,0x00,0x48,0x06,0x00,0x40,0x04,0x8E,0xC0,0x00,0xAA,
	0x40,0x02,0x60,0xAD,0x00,0xD0,0x21,0x02,0x84,0x31,0x07,0x00,0x25,0x03,0x10,0x44,0x00,0xA8,0xA0,0x03,
	0x8C,0x80,0x02,0x02,0x00,0x05,0x08,0x40,0x05,0x08,0x02,0x07,0x80,0x40,0x01,0x00,0x02,0x02,0x00,0x58,
	0x00,0x00,0x8A,0x00,0x00,0x04,0x00,0x90,0x02,0x00,0x00,0x02,0x00,0x00,0x04,0x86,0x40,0x00,0x80,0x40,
	0x00,0x40,0x89,0x00,0x00,0x01,0x02,0x00,0x01,0x00,0x00,0x01,0x01,0x00,0x45,0x01,0x00,0x82,0x00,0x00,
	0x02,0x00,0x00,0x01,0x00,0x40,0x04,0x08,0xBB,0x20,0x81,0x00,0x64,0xA1,0x06,0xC0,0x40,0x02,0x40,0x38,
	0x03,0xFC,0xE3,0x05,0xD4,0x18,0x00,0x60,0xC9,0x07,0x80,0x53,0x00,0x80,0xA6,0x02,0x81,0xFA,0x02,0x72,
	0xE1,0x05,0x94,0x4A,0x05,0xC8,0xD8,0x04,0x80,0x6E,0x02,0x00,0x5F,0x04,0x00,0x62,0x02,0x80,0xF5,0x05,
	0x81,0x01,0x01,0x00,0x9A,0x05,0xB0,0xE2,0x06,0xE5,0xC1,0x00,0xC2,0x41,0x00,0x60,0x28,0x03,0x40,0xA8,
	0x02,0xC0,0xFB,0x03,0xE4,0x1D,0x01,0xE0,0x04,0x02,0x00,0x33,0x01,0x80,0xAA,0x03,0x01,0xA0,0x00,0x22,
	0xA3,0x02,0x64,0x00,0x05,0xC8,0x50,0x00,0x80,0x6C,0x05,0x00,0x4D,0x01,0x00,0x20,0x04,0x80,0x1D,0x07,
	0x80,0x18,0x03,0x00,0xB8,0x02,0x80,0xA2,0x06,0xA1,0xE0,0x00,0x80,0x20,0x00,0x80,0x51,0x00,0xA0,0xA1,
	0x03,0xE0,0x09,0x07,0x44,0x81,0x07,0x60,0xC0,0x03,0x00,0x43,0x01,0x80,0x0A,0x03,0x01,0x00,0x02,0x02,
	0x22,0x00,0x44,0x00,0x01,0x48,0x90,0x05,0x00,0x2C,0x04,0x00,0x41,0x07,0x00,0x00,0x04,0x80,0x09,0x02,
	0x80,0x00,0x01,0x00,0xA0,0x02,0x80,0xA0,0x06,0x01,0x83,0x80,0x10,0x00,0xA0,0x00,0x01,0xA0,0x00,0x04,
	0x40,0x00,0x06,0x00,0x81,0x00,0x43,0x01,0x00,0x00,0x01,0x00,0x84,0x00,0x22,0x00,0x00,0x00,0x04,0x00,
	0x90,0x01,0x00,0x08,0x05,0x00,0x00,0x02,0x03,0x80,0x00,0x20,0x00,0xC6,0x87,0xB0,0x04,0xD5,0xC0,0x05,
	0xB0,0x87,0x03,0xA8,0xD3,0x02,0x62,0xD5,0x07,0xE4,0x82,0x07,0x90,0x2E,0x03,0x14,0xC1,0x05,0x44,0x0D,
	0x00,0x78,0x08,0x00,0x4D,0x3E,0x05,0x64,0x83,0x05,0x90,0x9A,0x07,0x40,0x06,0x07,0x00,0xB8,0x00,0x80,
	0x03,0x04,0x00,0x5B,0x03,0x81,0x4C,0x02,0x01,0x90,0x01,0x20,0x23,0x01,0x64,0x30,0x02,0x57,0xA0,0x05,
	0x50,0xBE,0x02,0xB8,0xE3,0x02,0x12,0x73,0x03,0x00,0xA2,0x02,0x10,0xEC,0x03,0x94,0x51,0x01,0x44,0x27,
	0x00,0x48,0xFC,0x01,0x4D,0x3A,0x01,0x04,0x03,0x02,0x50,0x88,0x03,0x00,0xD0,0x04,0x80,0x9A,0x04,0x80,
	0x05,0x02,0x00,0xF0,0x05,0x80,0x0C,0x01,0x00,0x20,0x07,0x00,0x10,0x01,0x47,0x20,0x02,0x55,0xA0,0x05,
	0xF0,0x58,0x04,0xE8,0x40,0x03,0xC2,0x22,0x05,0xC0,0xA2,0x05,0x90,0xAC,0x03,0x14,0xD1,0x01,0x44,0x25,
	0x01,0x48,0xA0,0x00,0x4D,0x28,0x02,0x04,0x00,0x02,0x10,0x00,0x04,0x00,0x90,0x02,0x00,0x86,0x06,0x80,
	0x01,0x00,0x00,0x60,0x00,0x80,0x08,0x01,0x00,0x00,0x01,0x00,0x00,0x01,0x43,0x20,0x00,0x40,0x20,0x00,
	0xE0,0x40,0x00,0x80,0x00,0x00,0x80,0x20,0x00,0xC0,0x80,0x00,0x80,0xA0,0x00,0x00,0x01,0x00,0x00,0x04,
	0x00,0x00,0x80,0x00,0x00,0x20,0x02,0x01,0x81,0x00,0x10,0x00,0x00,0x00,0x03,0x01,0x80,0x00,0x08,0x00,
	0x01,0x00,0x80,0x00,0x10,0x00,0x00,0x80,0x01,0x00,0x00,0x10,0x80,0x00,0x10,0x00,0x39,0xBC,0x91,0x10,
	0x01,0xF3,0x00,0x01,0xE0,0x71,0x03,0x29,0xA7,0x01,0x76,0x52,0x00,0x2C,0xA6,0x06,0x28,0x32,0x04,0x4A,
	0x60,0x00,0x64,0x50,0x00,0xDC,0x60,0x00,0x2F,0xE3,0x00,0x9A,0x60,0x07,0x34,0x17,0x03,0xC0,0x03,0x03,
	0x00,0x84,0x00,0x00,0x23,0x00,0x80,0x0B,0x02,0x80,0x1D,0x07,0x01,0x9F,0x00,0xCC,0x5F,0x06,0x93,0x30,
	0x02,0xA2,0x40,0x06,0x20,0x99,0x00,0x20,0x65,0x01,0x68,0x3A,0x00,0xB2,0x02,0x07,0xE8,0x82,0x00,0xCA,
	0x02,0x00,0x64,0x50,0x00,0x4C,0x58,0x01,0x06,0xC8,0x00,0x02,0x62,0x06,0x34,0x37,0x00,0x40,0x03,0x07,
	0x40,0x05,0x00,0x80,0xAF,0x02,0x00,0x18,0x05,0x80,0x39,0x03,0x00,0x1E,0x03,0xC0,0x0F,0x06,0x53,0x30,
	0x02,0x42,0x50,0x06,0x90,0x00,0x00,0xD0,0xA4,0x01,0xF0,0x18,0x03,0xA2,0x62,0x06,0xA8,0xE2,0x00,0xCA,
	0xA2,0x00,0x64,0xA0,0x00,0x4C,0x58,0x01,0x06,0x00,0x01,0x02,0x42,0x06,0x34,0x02,0x00,0x00,0x02,0x05,
	0x00,0x00,0x01,0x80,0x05,0x01,0x00,0x00,0x05,0x80,0x2C,0x00,0x00,0x10,0x01,0xC0,0x12,0x06,0x01,0x00,
	0x00,0x00,0x83,0x10,0x20,0x00,0x50,0xA0,0x00,0x50,0x00,0x03,0x20,0x22,0x03,0x00,0x84,0x80,0xA2,0x00,
	0x00,0xA0,0x00,0x00,0x48,0x00,0x00,0x00,0x01,0x00,0x42,0x06,0x00,0x82,0x00,0x00,0x01,0x00,0x80,0x00,
	0x00,0x00,0x01,0x00,0x80,0x00,0x08,0x00,0x01,0xC4,0x51,0x38,0x00,0x09,0x98,0x03,0xE8,0x20,0x01,0x34,
	0x0C,0x03,0x32,0x3A,0x00,0x91,0x92,0x06,0x68,0x9E,0x01,0xC4,0xA9,0x07,0x02,0x6F,0x00,0x23,0xD5,0x00,
	0x01,0xC4,0x00,0x23,0xD4,0x00,0x84,0xE2,0x03,0x20,0xDC,0x05,0x00,0x67,0x05,0x80,0x9F,0x05,0x80,0xC0,
	0x07,0x40,0x9E,0x03,0x40,0xCF,0x07,0x10,0xE4,0x00,0x41,0x38,0x04,0x48,0x08,0x02,0xD8,0x00,0x03,0x5C,
	0x78,0x02,0x09,0x30,0x03,0xE1,0x32,0x05,0x08,0xDC,0x01,0x44,0xE3,0x00,0x02,0xDC,0x00,0x23,0x58,0x00,
	0x00,0x54,0x01,0x23,0x20,0x06,0x04,0xC0,0x06,0x00,0xA8,0x00,0x00,0x27,0x05,0xC0,0x5E,0x00,0x00,0x31,
	0x02,0x40,0x02,0x07,0x40,0x83,0x05,0x00,0x96,0x00,0x20,0x30,0x04,0x28,0x10,0x02,0x48,0x10,0x03,0x74,
	0x60,0x02,0x69,0xA2,0x02,0x61,0xC2,0x05,0x48,0xDE,0x01,0x04,0xA1,0x00,0x02,0x94,0x00,0x23,0x80,0x00,
	0x00,0x34,0x01,0x23,0x20,0x05,0x04,0x40,0x04,0x00,0x08,0x01,0x00,0x80,0x01,0x00,0x4B,0x01,0x00,0xB0,
	0x02,0xC0,0x00,0x00,0x40,0x84,0x04,0x00,0x91,0x00,0x20,0x10,0x00,0x20,0x10,0x00,0x40,0x00,0x00,0x40,
	0x60,0x00,0x48,0x02,0x00,0x60,0xC0,0x00,0x40,0x42,0x00,0x00,0x41,0x00,0x00,0x04,0x00,0x00,0x85,0x00,
	0x30,0x00,0x00,0x20,0x05,0x00,0x40,0x04,0x00,0x08,0x01,0x00,0x40,0x01,0x00,0x00,0x01,0x00,0x80,0x80,
	0x00,0x00,0x00,0x80,0x00,0x10,0x00,0xBB,0x29,0xC4,0x03,0x39,0x50,0x03,0x70,0xE8,0x01,0x26,0x90,0x05,
	0x34,0x42,0x03,0x41,0xA7,0x00,0x34,0xC5,0x00,0x27,0xE8,0x04,0x10,0x4D,0x02,0x24,0xA8,0x04,0x9B,0x17,
	0x05,0x2C,0x96,0x01,0x10,0xB0,0x06,0x20,0x2B,0x04,0xA0,0xD1,0x03,0x20,0xFB,0x05,0xC0,0x41,0x00,0x80,
	0x3C,0x00,0x00,0x4B,0x06,0x40,0x61,0x06,0x39,0x14,0x00,0x31,0x28,0x01,0x70,0x98,0x00,0x02,0x04,0x00,
	0x3C,0x08,0x01,0x18,0x7A,0x01,0x64,0x5C,0x04,0x67,0x3A,0x04,0x10,0x29,0x00,0x24,0x08,0x04,0x8B,0x29,
	0x01,0x24,0x10,0x05,0x10,0xD4,0x07,0x00,0x2A,0x06,0x00,0xB8,0x07,0x00,0xCB,0x04,0x00,0x00,0x01,0x00,
	0x34,0x04,0x00,0xED,0x07,0x80,0x62,0x07,0x29,0x18,0x00,0x21,0x20,0x01,0x68,0x90,0x00,0x6A,0x58,0x00,
	0x70,0xC0,0x01,0x50,0x90,0x01,0x54,0x76,0x04,0x67,0x69,0x04,0x10,0x50,0x00,0x24,0x08,0x04,0x03,0xB9,
	0x01,0x24,0x00,0x04,0x10,0x44,0x02,0x00,0x8A,0x02,0x00,0x80,0x00,0x00,0x08,0x00,0x80,0x00,0x01,0x00,
	0x3C,0x04,0x40,0xC8,0x06,0x00,0x60,0x07,0x00,0x84,0x00,0x08,0x00,0x28,0x10,0x00,0x28,0x00,0x00,0x20,
	0x80,0x00,0x10,0x00,0x01,0x00,0x81,0x40,0x00,0x00,0x00,0x50,0x00,0x00,0x84,0x00,0x88,0x00,0x00,0x00,
	0x04,0x00,0x44,0x06,0x00,0x88,0x00,0x00,0x80,0x04,0x01,0x82,0x80,0x00,0x00,0x40,0x00,0x00,0x00,0x20,
	0x00,0xB4,0x38,0xB4,0x00,0x24,0xBC,0x00,0x20,0xA0,0x04,0x54,0x1A,0x03,0x1B,0x23,0x04,0xA0,0xEB,0x04,
	0x2E,0xA4,0x04,0x85,0x1B,0x06,0xA1,0xE9,0x05,0x10,0x1D,0x00,0xCF,0xD0,0x00,0x51,0xF9,0x07,0x64,0x8A,
	0x01,0x80,0x16,0x03,0x00,0x7A,0x03,0x80,0xE4,0x01,0xA0,0x01,0x00,0x80,0xE6,0x03,0x00,0x7E,0x01,0xA2,
	0x92,0x01,0x30,0x38,0x06,0x34,0x0C,0x01,0x0C,0x48,0x04,0x38,0x78,0x01,0x04,0xB1,0x00,0x98,0xF9,0x00,
	0x0E,0x63,0x04,0x05,0x26,0x04,0x21,0x75,0x04,0x90,0x7D,0x00,0x4B,0xDC,0x00,0x11,0xF0,0x07,0x64,0x0A,
	0x04,0x00,0x40,0x00,0x00,0x02,0x06,0x00,0x80,0x00,0x00,0x06,0x04,0x40,0x2E,0x01,0x80,0x52,0x01,0xA0,
	0xB3,0x00,0x00,0x30,0x06,0x04,0x00,0x01,0x24,0x40,0x00,0x3C,0x4C,0x01,0x34,0xE0,0x00,0x38,0x29,0x00,
	0x2E,0x41,0x00,0x25,0x22,0x04,0x21,0x41,0x04,0x90,0x65,0x00,0x43,0xC0,0x00,0x11,0x90,0x06,0x24,0x00,
	0x04,0x00,0x81,0x00,0x60,0x02,0x00,0xC0,0x04,0x00,0x8E,0x40,0x20,0x02,0x40,0x52,0x01,0x20,0x93,0x00,
	0x10,0x08,0x00,0x10,0x00,0x00,0x20,0x08,0x00,0x24,0x0C,0x00,0x24,0x40,0x00,0x38,0xE0,0x00,0x20,0x20,
	0x00,0x20,0x22,0x00,0x00,0x01,0x00,0x00,0x04,0x00,0x00,0x40,0x00,0x00,0x90,0x06,0x01,0x81,0x00,0x40,
	0x02,0x00,0x00,0x04,0x01,0x81,0x40,0x00,0x00,0x00,0x10,0x00,0xC2,0x04,0x3A,0x01,0x8C,0x0C,0x00,0x16,
	0x2C,0x02,0x35,0x38,0x01,0x1C,0x36,0x03,0xBB,0x78,0x00,0x88,0xD8,0x06,0xC0,0x7D,0x04,0x58,0x49,0x06,
	0x72,0x66,0x06,0xCA,0xCC,0x00,0xF0,0x26,0x04,0x18,0xC4,0x04,0x20,0x44,0x03,0x80,0xE3,0x01,0x30,0x64,
	0x07,0x50,0xAA,0x00,0x20,0xE4,0x01,0x10,0xE8,0x06,0xE0,0x14,0x05,0x14,0x1E,0x03,0x10,0x10,0x00,0x06,
	0x28,0x02,0x17,0x9C,0x00,0x1E,0x58,0x00,0x0D,0x71,0x02,0x28,0xD8,0x00,0x30,0x32,0x00,0x98,0x0B,0x04,
	0x92,0x15,0x06,0x82,0xAC,0x00,0xD0,0x62,0x04,0x18,0xA0,0x01,0x20,0x14,0x03,0x00,0xF3,0x00,0x30,0xE8,
	0x00,0x50,0x8E,0x04,0x00,0x20,0x01,0x50,0x24,0x02,0x00,0x20,0x05,0x0C,0x18,0x03,0x08,0x14,0x00,0x26,
	0x24,0x00,0x31,0x8C,0x00,0x38,0x62,0x00,0x20,0xE8,0x02,0x20,0x81,0x06,0x90,0x20,0x00,0x18,0x28,0x04,
	0x12,0x10,0x06,0x82,0xEC,0x00,0x50,0x38,0x00,0x18,0x60,0x03,0x20,0x50,0x01,0x00,0x01,0x02,0x10,0xC8,
	0x06,0x10,0x86,0x04,0x00,0x20,0x00,0x50,0x20,0x02,0x00,0x20,0x05,0x08,0x04,0x00,0x08,0x00,0x00,0x04,
	0x00,0x00,0x10,0x08,0x00,0x10,0x32,0x00,0x00,0x20,0x00,0x00,0x01,0x00,0x00,0x80,0x00,0x20,0x00,0x00,
	0x83,0x00,0x04,0x00,0x00,0x08,0x00,0x00,0x40,0x03,0x00,0x50,0x00,0x00,0x81,0x00,0x00,0x02,0x00,0x00,
	0x04,0x02,0x00,0x80,0x80,0x00,0x00,0x05,0x80,0x00,0x00,0x02,0x12,0x80,0x00,0x00,0x02,0x12,0x80,0x00,
	0x00,0x02,0x1E,0xBB,0x00,0x87,0x05,0x08,0xCA,0x00,0x15,0x62,0x05,0x16,0xE8,0x00,0x0A,0xFA,0x00,0x19,
	0xDD,0x01,0x1B,0x75,0x04,0xB0,0x08,0x03,0x82,0x13,0x07,0x59,0xBB,0x02,0x83,0x28,0x04,0x2E,0x1B,0x07,
	0x22,0x80,0x01,0x30,0x80,0x01,0x20,0x80,0x02,0x20,0x3A,0x05,0x28,0x60,0x00,0x10,0xA4,0x04,0x28,0xF1,
	0x02,0x10,0x42,0x05,0x04,0x03,0x04,0x02,0x02,0x00,0x13,0x06,0x05,0x07,0x18,0x00,0x03,0x02,0x00,0x09,
	0xF1,0x05,0x87,0x1C,0x03,0x60,0x13,0x00,0x00,0x25,0x02,0x49,0x2E,0x02,0x01,0x0E,0x04,0x2A,0xB7,0x01,
	0x02,0x80,0x07,0x10,0x10,0x00,0x00,0x00,0x02,0x20,0x2A,0x04,0x28,0x40,0x06,0x10,0x80,0x05,0x08,0xBC,
	0x00,0x50,0x54,0x00,0x08,0x06,0x00,0x0A,0x04,0x00,0x01,0x04,0x00,0x1E,0x04,0x00,0x1A,0x2C,0x00,0x14,
	0xC1,0x05,0x97,0x6D,0x01,0x10,0x1E,0x00,0x80,0x30,0x02,0x09,0x24,0x02,0x01,0x00,0x04,0x0A,0x69,0x07,
	0x02,0x90,0x05,0x10,0x10,0x00,0x00,0x00,0x01,0x00,0x00,0x02,0x08,0x40,0x04,0x10,0x00,0x05,0x08,0xBC,
	0x00,0x10,0x44,0x00,0x00,0x87,0x00,0x04,0x00,0x00,0x04,0x00,0x12,0x00,0x00,0x12,0x00,0x00,0x14,0x41,
	0x00,0x10,0x00,0x00,0x10,0x01,0x00,0x80,0x10,0x00,0x01,0x83,0x00,0x40,0x07,0x00,0x90,0x01,0x00,0x10,
	0x00,0x00,0x00,0x01,0x00,0x80,0x00,0x00,0x04,0x02,0xC2,0x02,0x8E,0x04,0x0C,0x40,0x00,0x18,0xD6,0x00,
	0x15,0x06,0x00,0x8B,0x09,0x03,0xD7,0x7B,0x05,0x04,0x22,0x00,0x50,0x22,0x01,0x46,0x07,0x02,0x58,0x33,
	0x04,0x35,0x62,0x04,0xA4,0x08,0x07,0x84,0xB8,0x03,0x30,0xD0,0x06,0x30,0xE2,0x04,0x08,0xDE,0x06,0x00,
	0xE0,0x06,0x08,0x70,0x06,0x40,0x43,0x01,0xA8,0x85,0x04,0x02,0x8F,0x06,0x0C,0x0A,0x00,0x08,0x90,0x00,
	0x02,0x40,0x00,0x8C,0x13,0x02,0xCE,0x70,0x04,0x10,0x39,0x02,0x48,0x06,0x04,0x04,0x01,0x00,0x18,0x08,
	0x00,0x41,0x76,0x00,0x30,0x44,0x05,0x84,0x58,0x01,0x00,0xE0,0x06,0x30,0x30,0x00,0x08,0x38,0x00,0x00,
	0xE0,0x06,0x08,0x90,0x06,0x40,0x46,0x05,0x88,0x84,0x04,0x06,0x8F,0x00,0x04,0x08,0x00,0x12,0x12,0x00,
	0x18,0x44,0x00,0x1C,0x0E,0x00,0x9C,0x50,0x04,0x14,0x18,0x06,0x48,0x01,0x04,0x44,0x11,0x00,0x08,0x08,
	0x00,0x01,0x66,0x00,0x00,0x04,0x03,0x04,0x38,0x02,0x00,0xA0,0x04,0x30,0x00,0x05,0x08,0x30,0x01,0x00,
	0xE0,0x00,0x08,0x10,0x06,0x40,0x42,0x05,0x88,0x80,0x00,0x04,0x02,0x00,0x04,0x02,0x00,0x02,0x00,0x00,
	0x08,0x04,0x00,0x08,0x1C,0x00,0x08,0x10,0x00,0x04,0x00,0x00,0x00,0x80,0x40,0x01,0x00,0x00,0x82,0x00,
	0x02,0x00,0x00,0x04,0x07,0x00,0x08,0x04,0x01,0x80,0x00,0x00,0x01,0x03,0xBB,0x0C,0x5D,0x02,0x26,0x06,
	0x00,0x02,0x78,0x02,0x0F,0x1A,0x00,0x83,0x64,0x06,0x09,0x62,0x04,0x25,0x0E,0x07,0x68,0x81,0x04,0x28,
	0x9E,0x00,0x34,0x02,0x06,0xC4,0x0A,0x06,0xB5,0xFA,0x05,0x33,0xEA,0x04,0x20,0xE4,0x02,0x20,0x1C,0x06,
	0x00,0x9C,0x00,0x00,0x30,0x03,0xD0,0x9E,0x02,0x40,0x08,0x07,0xE0,0xA4,0x02,0x8E,0x03,0x03,0x07,0x07,
	0x00,0x09,0x49,0x02,0x07,0x22,0x00,0x87,0x04,0x02,0x80,0xEA,0x02,0xE7,0xBC,0x05,0xE0,0x01,0x04,0x48,
	0x0B,0x00,0x3C,0x17,0x00,0x04,0x0C,0x02,0x0D,0x9C,0x02,0x03,0xC6,0x06,0x20,0x54,0x04,0x20,0x34,0x06,
	0x00,0x14,0x05,0x00,0x60,0x00,0x00,0x8E,0x00,0xC0,0x02,0x00,0x60,0x20,0x00,0x04,0x02,0x01,0x05,0x04,
	0x00,0x00,0x0A,0x04,0x0F,0x20,0x00,0x0D,0x08,0x00,0x0E,0xC1,0x02,0x4F,0xA4,0x01,0x88,0x00,0x04,0x08,
	0x08,0x00,0x04,0x16,0x00,0x04,0x00,0x02,0x0D,0x80,0x02,0x03,0xCC,0x06,0x20,0x00,0x00,0x20,0x90,0x04,
	0x00,0x20,0x00,0x00,0x60,0x00,0x00,0x80,0x00,0xC0,0x00,0x00,0x60,0x20,0x00,0x01,0x85,0x00,0x02,0x00,
	0x09,0x02,0x00,0x09,0x08,0x00,0x0A,0x21,0x00,0x0C,0x00,0x00,0x08,0x00,0x00,0x02,0x84,0x00,0x80,0x02,
	0x00,0xC4,0x00,0x00,0x00,0x04,0x00,0x80,0x04,0x00,0x20,0x04,0x03,0xC2,0x83,0xE7,0x04,0x04,0x05,0x00,
	0x09,0x28,0x04,0x00,0x35,0x01,0x01,0xAA,0x01,0xC5,0x52,0x01,0x68,0x95,0x06,0xC4,0x82,0x02,0x42,0x0F,
	0x05,0x8C,0x42,0x05,0x6F,0x8B,0x02,0x00,0x41,0x01,0x08,0xE2,0x00,0x18,0x30,0x06,0x20,0xEB,0x02,0x94,
	0xF2,0x06,0x90,0x9D,0x05,0xF6,0xC0,0x04,0xBC,0xA2,0x07,0x16,0x0E,0x00,0x03,0xC2,0x04,0x04,0x01,0x00,
	0x04,0x01,0x02,0x00,0x00,0x01,0x02,0x04,0x05,0x8E,0x5D,0x02,0xAC,0x15,0x04,0xEC,0x06,0x00,0xA2,0x03,
	0x00,0x04,0x0E,0x04,0x64,0x8B,0x00,0x18,0xA7,0x01,0x08,0xAC,0x03,0x08,0x58,0x02,0x00,0x09,0x04,0x14,
	0x20,0x02,0x10,0xA1,0x04,0x24,0x13,0x03,0x4C,0xA2,0x06,0x14,0x41,0x00,0x83,0xC3,0x00,0x02,0x00,0x00,
	0x09,0x00,0x06,0x0C,0x02,0x00,0x0E,0x08,0x04,0x0F,0x59,0x02,0x8A,0x00,0x06,0x24,0x00,0x00,0x02,0x05,
	0x00,0x04,0x0A,0x04,0x04,0x89,0x00,0x00,0x87,0x03,0x08,0x20,0x03,0x08,0x78,0x00,0x00,0x89,0x06,0x14,
	0xB0,0x06,0x10,0xF0,0x00,0x84,0x12,0x03,0x8C,0xA1,0x02,0x94,0x41,0x00,0x02,0x01,0x00,0x02,0x01,0x00,
	0x01,0x01,0x00,0x04,0x00,0x00,0x04,0x00,0x00,0x05,0x10,0x00,0x82,0x00,0x00,0x03,0x85,0x00,0x82,0x01,
	0x00,0x20,0x02,0x00,0x28,0x02,0x00,0x08,0x00,0x00,0xA0,0x00,0x00,0x20,0x00,0x02,0xBC,0x06,0xC1,0x02,
	0xA2,0x00,0x04,0x07,0x14,0x05,0x08,0xA6,0x01,0x04,0xA7,0x05,0x2B,0x5E,0x00,0x44,0x45,0x02,0xF0,0x49,
	0x05,0x34,0xC8,0x06,0xC4,0x03,0x02,0x20,0x46,0x01,0x34,0x7E,0x00,0x39,0x94,0x04,0xB0,0x1A,0x00,0x08,
	0xDA,0x07,0x28,0x66,0x02,0x18,0x6C,0x03,0xD2,0x09,0x06,0x38,0x43,0x03,0x02,0xA5,0x02,0xC5,0x44,0x02,
	0x82,0x00,0x04,0x87,0x05,0x01,0x01,0xB3,0x05,0x00,0x81,0x03,0xED,0x0C,0x04,0xE1,0xD0,0x01,0x94,0x0C,
	0x00,0x84,0x0F,0x00,0xC8,0x01,0x04,0x00,0x44,0x01,0x04,0x0E,0x00,0x21,0x60,0x06,0x90,0x30,0x01,0x08,
	0x0A,0x06,0x28,0x80,0x06,0x08,0x34,0x01,0xD0,0xF0,0x04,0xA8,0xC3,0x01,0x00,0xA1,0x02,0x82,0x44,0x00,
	0x02,0x01,0x00,0x03,0x04,0x00,0x00,0x12,0x04,0x00,0x06,0x02,0xC4,0x16,0x04,0xA5,0xD0,0x03,0x80,0x04,
	0x00,0xA4,0x02,0x00,0x40,0x01,0x04,0x00,0x40,0x01,0x04,0x00,0x01,0x21,0x60,0x03,0x10,0x18,0x03,0x08,
	0x58,0x00,0x08,0x00,0x02,0x08,0x54,0x05,0x90,0xB1,0x00,0x28,0xC1,0x01,0x00,0x26,0x00,0x80,0x00,0x00,
	0x01,0x86,0x00,0x01,0x00,0x00,0x04,0x00,0x04,0x00,0x00,0x84,0x00,0x00,0x80,0x00,0x00,0xA0,0x00,0x00,
	0x40,0x00,0x00,0x00,0x81,0x00,0x00,0x01,0x00,0x60,0x00,0x00,0x83,0x00,0x48,0x02,0x00,0x00,0x02,0x00,
	0x10,0x00,0x00,0x20,0x00,0x01,0x4F,0xA0,0x63,0x43,0x05,0x03,0x03,0x06,0x05,0x16,0x05,0xC4,0x79,0x00,
	0x80,0x42,0x06,0x82,0x88,0x05,0xA2,0x41,0x07,0xDC,0x44,0x06,0x30,0x03,0x06,0x6E,0x86,0x04,0xBF,0x06,
	0x03,0x06,0x6B,0x05,0x08,0x86,0x01,0x00,0x74,0x03,0xB0,0x50,0x02,0x40,0xAC,0x01,0x20,0x18,0x06,0x15,
	0x2C,0x00,0x0C,0xD3,0x07,0x68,0xA3,0x00,0xA0,0x03,0x01,0x82,0x03,0x02,0x87,0x02,0x07,0x05,0x78,0x04,
	0x81,0x07,0x00,0x03,0x0A,0x00,0xC2,0x41,0x04,0x0C,0x00,0x04,0x50,0x00,0x04,0x46,0x06,0x04,0x92,0x0A,
	0x04,0x0A,0x90,0x05,0x08,0xD6,0x01,0x00,0x8D,0xB0,0x40,0x01,0x00,0xF0,0x03,0x00,0x0A,0x04,0x84,0x46,
	0x01,0x04,0xF0,0x02,0x28,0x85,0x00,0x40,0x03,0x00,0x01,0x03,0x00,0x07,0x02,0x03,0x07,0x09,0x04,0x06,
	0x07,0x04,0x05,0x02,0x04,0x47,0x41,0x00,0x44,0x00,0x00,0x00,0x8A,0x42,0x00,0x00,0x82,0x0A,0x00,0x02,
	0x90,0x01,0x00,0x96,0x00,0x00,0x00,0x01,0x10,0x00,0x00,0x00,0x10,0x02,0x00,0x30,0x00,0x04,0x13,0x01,
	0x04,0xB0,0x00,0x28,0x00,0x00,0x00,0x86,0x81,0x00,0x00,0x80,0x00,0x00,0x04,0x00,0x00,0x04,0x02,0x00,
	0x02,0x02,0x00,0x43,0x00,0x00,0x04,0x00,0x00,0x00,0x80,0x40,0x00,0x00,0x00,0x83,0x00,0x80,0x00,0x00,
	0x00,0x01,0x00,0x00,0x01,0x00,0x00,0x01,0x00,0x81,0x00,0x30,0x00,0x00,0x10,0x00,0x01,0xBC,0xA3,0x30,
	0x00,0x41,0x42,0x00,0x45,0x28,0x04,0xC7,0x8D,0x06,0x04,0xF0,0x02,0x12,0x14,0x00,0x96,0xE1,0x03,0xC7,
	0x86,0x01,0x04,0x60,0x01,0x72,0x20,0x03,0x42,0xA2,0x02,0x4C,0x32,0x00,0x1C,0x55,0x01,0x14,0x20,0x01,
	0x80,0x83,0x03,0x04,0xF5,0x03,0xB0,0x06,0x01,0x1A,0x0B,0x03,0x00,0xA0,0x00,0x02,0x03,0x00,0x42,0x20,
	0x00,0x41,0x00,0x00,0xC5,0xA0,0x01,0x80,0x85,0x06,0x03,0xC2,0x01,0x74,0x0C,0x02,0x83,0xA0,0x01,0x17,
	0x06,0x00,0x50,0x00,0x00,0x32,0x00,0x00,0x02,0x20,0x00,0x44,0x12,0x00,0x1C,0x30,0x00,0x14,0xA0,0x00,
	0x80,0x60,0x02,0x04,0x41,0x00,0x90,0x22,0x03,0x1A,0x2B,0x02,0x00,0x90,0x00,0x02,0x02,0x00,0x41,0x20,
	0x00,0x80,0x00,0x00,0x01,0x00,0x01,0x06,0x05,0x02,0x07,0x01,0x01,0x60,0x08,0x02,0x80,0xA0,0x01,0x13,
	0x04,0x00,0x50,0x00,0x00,0x22,0x00,0x00,0x02,0x20,0x00,0x40,0x82,0x00,0x14,0xA0,0x00,0x14,0xB0,0x01,
	0x00,0x40,0x01,0x04,0x50,0x01,0x00,0x20,0x03,0x0A,0x00,0x00,0x00,0x30,0x00,0x02,0x00,0x00,0x41,0x00,
	0x00,0x01,0x81,0x82,0x00,0x00,0x02,0x01,0x00,0x02,0x81,0x50,0x00,0x00,0x20,0x00,0x00,0x00,0x82,0x00,
	0x80,0x00,0x00,0x20,0x00,0x00,0x10,0x00,0x00,0x80,0x00,0x50,0x01,0x01,0x80,0x00,0x20,0x00,0x00,0xB0,
	0xE0,0x90,0x06,0x80,0x01,0x07,0x02,0x8B,0x05,0x62,0x10,0x03,0x01,0x2A,0x00,0x60,0xEA,0x03,0x92,0x29,
	0x00,0xC4,0x00,0x02,0x63,0x00,0x03,0x46,0x43,0x06,0x60,0x35,0x07,0x05,0x68,0x06,0x04,0xEB,0x06,0x00,
	0xB0,0x07,0x00,0xAA,0x01,0x18,0x78,0x03,0x00,0x92,0x07,0x10,0xE8,0x02,0x2A,0x70,0x07,0x24,0x12,0x01,
	0x81,0xB0,0x00,0x81,0x01,0x01,0x40,0x81,0x02,0x03,0x10,0x02,0x82,0x02,0x02,0x03,0x07,0x00,0x71,0x28,
	0x02,0xE6,0x00,0x02,0x13,0x00,0x02,0x44,0x02,0x06,0x60,0x30,0x06,0x05,0xC8,0x06,0x00,0xE8,0x06,0x00,
	0x18,0x02,0x00,0x82,0x04,0x08,0xD0,0x06,0x00,0xD0,0x07,0x10,0x88,0x00,0x32,0xE0,0x01,0x24,0x18,0x01,
	0xA1,0x30,0x00,0xC1,0x01,0x00,0x00,0x81,0x00,0x81,0x00,0x02,0x82,0x02,0x02,0x03,0x03,0x02,0x52,0x20,
	0x00,0xE0,0x00,0x00,0x03,0x00,0x00,0x00,0x89,0x40,0x30,0x00,0x01,0xC8,0x00,0x00,0x40,0x00,0x00,0x88,
	0x00,0x00,0x22,0x00,0x08,0xD0,0x00,0x00,0xC0,0x01,0x00,0x80,0x00,0x22,0x60,0x00,0x24,0x18,0x00,0x01,
	0x80,0x40,0x00,0x00,0x00,0x83,0x02,0x00,0x00,0x02,0x02,0x00,0x42,0x00,0x00,0xC0,0x00,0x00,0x02,0x84,
	0x00,0x40,0x00,0x00,0x80,0x00,0x00,0x80,0x00,0x00,0xA0,0x00,0x00,0xD0,0x00,0x01,0x80,0x00,0x60,0x00,
	0x00,0xB7,0x71,0x1A,0x00,0x21,0xE0,0x00,0x40,0x14,0x00,0x43,0x6A,0x02,0x42,0x51,0x02,0x1B,0x21,0x03,
	0x73,0xB8,0x01,0x48,0xC2,0x01,0x7C,0xB0,0x00,0xBA,0x16,0x01,0x0D,0x00,0x01,0x02,0x12,0x00,0x08,0xCA,
	0x04,0x88,0xFB,0x04,0x04,0x48,0x04,0x02,0x2C,0x04,0x20,0x19,0x01,0x57,0x84,0x01,0x06,0xD0,0x00,0x21,
	0xBA,0x02,0x50,0x10,0x00,0x21,0x80,0x00,0x43,0xD0,0x00,0x03,0x6A,0x03,0xC2,0xC0,0x02,0x0B,0x06,0x01,
	0x63,0xD9,0x00,0xAA,0x02,0x00,0xA0,0x00,0x00,0xA2,0x00,0x00,0x01,0x00,0x00,0x02,0x00,0x00,0x00,0x18,
	0x00,0x88,0x0A,0x04,0x04,0x28,0x00,0x02,0x7C,0x01,0x00,0x0A,0x00,0x06,0x24,0x01,0x16,0xF0,0x00,0x00,
	0x28,0x00,0x00,0x10,0x00,0x40,0x00,0x00,0x03,0x80,0x00,0x42,0x02,0x01,0x01,0x80,0x00,0x00,0x04,0x01,
	0x21,0xD1,0x00,0x02,0x00,0x00,0x80,0x00,0x00,0x20,0x00,0x00,0x01,0x00,0x00,0x02,0x40,0x00,0x00,0x50,
	0x00,0x08,0x82,0x04,0x04,0xA0,0x00,0x02,0x0C,0x01,0x00,0x81,0x06,0x20,0x00,0x16,0xD0,0x00,0x01,0x80,
	0x40,0x00,0x00,0x00,0x80,0x02,0x00,0x00,0x01,0x83,0x21,0x00,0x00,0x02,0x00,0x00,0x80,0x00,0x00,0x20,
	0x00,0x00,0x00,0x81,0x00,0x40,0x00,0x00,0x10,0x00,0x03,0x81,0x00,0x20,0x00,0x10,0x40,0x00,0x00,0xBA,
	0x4B,0x41,0x00,0x00,0x01,0x02,0x63,0x40,0x03,0x81,0x8F,0x01,0x10,0x04,0x00,0x31,0xD7,0x03,0xDB,0x09,
	0x01,0xE6,0x0C,0x00,0x88,0x05,0x01,0xF6,0xA1,0x07,0x20,0x5D,0x03,0x70,0xF0,0x01,0x48,0x34,0x03,0x18,
	0xC8,0x01,0x08,0x92,0x03,0x12,0x79,0x01,0x12,0xAB,0x05,0x18,0x23,0x03,0x00,0xBA,0x02,0x40,0xD6,0x02,
	0x3B,0x40,0x00,0x60,0x00,0x00,0x43,0x40,0x01,0x82,0x0B,0x01,0x13,0x01,0x01,0x12,0x06,0x00,0x13,0x09,
	0x00,0x08,0x08,0x01,0x28,0x04,0x01,0x80,0x03,0x07,0x00,0x1D,0x03,0x00,0x68,0x01,0x48,0x30,0x03,0x18,
	0x48,0x03,0x08,0x18,0x03,0x02,0xA3,0x03,0x12,0x61,0x05,0x18,0x21,0x00,0x00,0x2C,0x00,0x00,0x17,0x00,
	0x30,0x00,0x00,0x60,0x00,0x00,0x60,0x40,0x00,0xC1,0x03,0x01,0x03,0x00,0x01,0x13,0x03,0x01,0x02,0x00,
	0x00,0x08,0x00,0x00,0x20,0x00,0x00,0x00,0x02,0x00,0x00,0x18,0x00,0x00,0x68,0x00,0x08,0x60,0x00,0x18,
	0x00,0x00,0x08,0x58,0x00,0x02,0x02,0x00,0x02,0x61,0x00,0x18,0x32,0x00,0x00,0x68,0x00,0x00,0x80,0x20,
	0x00,0x00,0x01,0x82,0x41,0x00,0x00,0x01,0x00,0x00,0x01,0x01,0x00,0x01,0x80,0x20,0x00,0x00,0x01,0x83,
	0x00,0x20,0x00,0x00,0x40,0x00,0x00,0x40,0x00,0x00,0x10,0x00,0x01,0x80,0x00,0x30,0x00,0x01,0x4F,0xBB,
	0x60,0x19,0x03,0xE0,0x40,0x01,0xC1,0x66,0x01,0xD2,0x60,0x01,0x02,0x11,0x01,0x3B,0x96,0x00,0xCA,0xDD,
	0x01,0x34,0xC6,0x00,0xF8,0xDD,0x06,0xF2,0x8B,0x00,0x10,0x0B,0x04,0x0A,0x8C,0x02,0x82,0x7A,0x07,0x02,
	0x10,0x04,0x20,0x74,0x00,0x40,0xF0,0x02,0xB8,0x69,0x00,0x18,0xAA,0x04,0x1C,0x23,0x00,0x80,0x30,0x00,
	0x70,0x08,0x00,0xE0,0x40,0x00,0xC0,0x60,0x00,0x02,0xA0,0x01,0x02,0x41,0x01,0xA3,0x83,0x00,0x48,0x70,
	0x01,0xA4,0x06,0x00,0xC0,0x09,0x06,0x20,0x07,0x00,0x10,0x0B,0x04,0x08,0x24,0x02,0x82,0x78,0x01,0x02,
	0x18,0x00,0x20,0x20,0x00,0x00,0x88,0x00,0x88,0x29,0x00,0x00,0xD2,0x04,0x10,0x20,0x00,0x80,0x34,0x00,
	0x40,0x08,0x00,0xC0,0x00,0x00,0xE0,0x40,0x00,0x02,0x80,0x00,0x00,0x41,0x00,0xA0,0x80,0x00,0xC8,0x70,
	0x00,0x24,0x00,0x00,0x40,0x00,0x00,0x00,0x04,0x00,0x00,0x08,0x00,0x08,0x20,0x00,0x02,0x70,0x00,0x02,
	0x58,0x00,0x00,0x60,0x00,0x00,0x88,0x00,0x08,0x0B,0x00,0x00,0x71,0x00,0x10,0x02,0x00,0x00,0x04,0x00,
	0x01,0x80,0x20,0x00,0x00,0x03,0x81,0x24,0x00,0x00,0x40,0x00,0x00,0x01,0x80,0x00,0x20,0x00,0x01,0x80,
	0x00,0x40,0x00,0x01,0x81,0x00,0x20,0x00,0x10,0x00,0x00,0x00,0x94,0x62,0x0D,0x00,0x20,0x30,0x00,0x01,
	0xC9,0x00,0xB5,0x03,0x01,0xC1,0x02,0x00,0x31,0xDA,0x00,0xF0,0x76,0x00,0x1B,0xA0,0x00,0x99,0x02,0x02,
	0x09,0x94,0x02,0xAB,0x10,0x04,0x2A,0x38,0x00,0x04,0x04,0x00,0x64,0x60,0x07,0x30,0x19,0x00,0x30,0xD8,
	0x04,0x10,0xB0,0x00,0x00,0x6A,0x01,0x11,0xBA,0x01,0x60,0x8B,0x04,0x42,0x08,0x00,0x00,0x9A,0x20,0xA8,
	0x00,0x21,0x83,0x00,0x00,0x80,0x00,0x90,0x89,0x00,0xA1,0x04,0x00,0xD0,0x00,0x00,0x99,0x02,0x02,0x08,
	0x84,0x02,0x29,0x10,0x04,0x2A,0x30,0x00,0x00,0x0C,0x00,0x44,0x08,0x03,0x10,0x79,0x00,0x30,0x08,0x04,
	0x10,0xB3,0x00,0x20,0x2A,0x00,0x01,0xB0,0x00,0x00,0x87,0x00,0x40,0x08,0x00,0x20,0x00,0x00,0x00,0x20,
	0x00,0x20,0x83,0x00,0x00,0x80,0x00,0x00,0x81,0x00,0xA0,0x00,0x00,0xD0,0x00,0x00,0x09,0x00,0x00,0x00,
	0x88,0x21,0x10,0x00,0x28,0x10,0x00,0x00,0x2C,0x00,0x04,0x28,0x02,0x10,0x48,0x00,0x10,0x08,0x00,0x10,
	0x00,0x00,0x00,0x28,0x00,0x01,0x02,0x00,0x01,0x80,0x20,0x00,0x00,0x03,0x82,0xA0,0x00,0x00,0xC0,0x00,
	0x00,0x08,0x00,0x00,0x01,0x81,0x00,0x10,0x00,0x00,0x20,0x00,0x06,0xA7,0x90,0xA0,0x01,0x90,0x00,0x01,
	0x30,0x10,0x01,0x15,0x02,0x01,0xE1,0x87,0x00,0x85,0x28,0x00,0x3B,0x08,0x04,0xF6,0xA5,0x00,0xB0,0xC4,
	0x04,0xC2,0x00,0x05,0x13,0xEA,0x03,0x50,0x88,0x05,0x00,0xAD,0x01,0x48,0x93,0x03,0x00,0xAC,0x01,0x01,
	0xF7,0x03,0x00,0x30,0x00,0x8A,0xB7,0x04,0x94,0x74,0x01,0x00,0x1A,0x02,0x00,0x20,0x00,0x30,0x00,0x00,
	0x10,0x10,0x00,0x20,0xC0,0x00,0xE1,0x86,0x00,0x05,0x89,0x00,0x91,0xA0,0x04,0xC6,0x84,0x00,0x20,0x80,
	0x04,0x82,0x00,0x05,0x01,0x82,0x03,0x40,0xA0,0x01,0x00,0xAD,0x00,0x48,0x81,0x04,0x00,0xBC,0x01,0x01,
	0xE3,0x03,0x20,0x21,0x00,0x2A,0x00,0x04,0x10,0x1C,0x00,0x00,0x03,0x00,0x00,0x80,0x20,0x00,0x00,0x00,
	0x84,0x00,0x40,0x00,0xC1,0x00,0x00,0x01,0x00,0x00,0x11,0x20,0x00,0x06,0x00,0x00,0x00,0x8A,0x80,0x00,
	0x00,0x01,0x00,0x00,0x00,0x20,0x00,0x00,0x04,0x00,0x08,0x30,0x04,0x00,0x3C,0x00,0x01,0x60,0x00,0x00,
	0x20,0x00,0x22,0x01,0x00,0x00,0x04,0x00,0x00,0x01,0x00,0x03,0x83,0x81,0x00,0x00,0x01,0x00,0x00,0x11,
	0x00,0x00,0x06,0x00,0x00,0x04,0x81,0x00,0x20,0x00,0x00,0x30,0x00,0x04,0xA8,0x78,0x0C,0x00,0x10,0xB0,
	0x00,0x10,0xF3,0x00,0x42,0xE0,0x00,0x18,0xEA,0x00,0x40,0x50,0x00,0xE1,0x6C,0x00,0xD5,0x58,0x00,0x78,
	0x64,0x02,0x45,0x02,0x01,0x41,0x4C,0x02,0x80,0x09,0x05,0x84,0x8C,0x00,0x10,0x02,0x00,0x00,0x46,0x00,
	0x24,0x44,0x01,0x80,0x8E,0x00,0x08,0x2A,0x00,0x58,0x04,0x04,0x40,0x30,0x00,0x70,0x04,0x00,0x00,0x20,
	0x00,0x01,0x60,0x00,0x21,0x00,0x00,0x99,0x48,0x00,0x01,0x54,0x00,0xA0,0x1C,0x00,0x91,0x08,0x00,0xB0,
	0x04,0x02,0x01,0x02,0x01,0x01,0x04,0x02,0x80,0x11,0x00,0x84,0xB0,0x00,0x10,0x32,0x02,0x00,0x32,0x00,
	0x04,0x04,0x01,0x20,0x02,0x00,0x00,0x03,0x00,0x08,0x09,0x00,0x00,0x11,0x00,0x70,0x04,0x00,0x00,0x86,
	0x00,0x20,0x00,0x21,0x00,0x00,0x00,0x40,0x00,0x00,0x50,0x00,0x80,0x10,0x00,0x80,0x00,0x00,0x90,0x00,
	0x00,0x00,0x8A,0x01,0x00,0x00,0x00,0x18,0x00,0x04,0x20,0x00,0x10,0x30,0x02,0x00,0x08,0x00,0x04,0x00,
	0x00,0x20,0x02,0x00,0x00,0x02,0x00,0x00,0x08,0x00,0x00,0x10,0x00,0x10,0x00,0x00,0x01,0x80,0x21,0x00,
	0x00,0x03,0x80,0x90,0x00,0x00,0x01,0x82,0x00,0x10,0x00,0x00,0x10,0x00,0x00,0x10,0x00,0x03,0x80,0x00,
	0x08,0x00,0x00,0xAE,0x98,0x15,0x00,0x60,0x08,0x00,0x90,0x34,0x00,0x08,0x23,0x00,0x80,0x65,0x00,0xD8,
	0x13,0x00,0x60,0x03,0x04,0x10,0x45,0x00,0x50,0x40,0x06,0xD2,0x48,0x06,0x0C,0x09,0x05,0x05,0x90,0x05,
	0x00,0x18,0x06,0x00,0x38,0x06,0x04,0x1C,0x06,0x28,0x57,0x00,0x42,0x73,0x00,0xC0,0x56,0x04,0x18,0x5A,
	0x02,0xA2,0x68,0x01,0x08,0x15,0x00,0x70,0x00,0x00,0x10,0x14,0x00,0x21,0x63,0x00,0x01,0x21,0x00,0x59,
	0x74,0x00,0x01,0x00,0x04,0x40,0x05,0x00,0xC0,0x00,0x06,0x00,0x40,0x06,0x08,0x19,0x05,0x01,0x90,0x04,
	0x00,0x00,0x04,0x00,0x10,0x00,0x04,0x10,0x06,0x28,0x49,0x00,0x02,0x41,0x00,0x00,0x5A,0x00,0x18,0x43,
	0x00,0x82,0x28,0x00,0x08,0x04,0x00,0x70,0x00,0x00,0x10,0x10,0x00,0x00,0x61,0x00,0x01,0x20,0x00,0x49,
	0x74,0x00,0x40,0x00,0x00,0x02,0x86,0x00,0x18,0x00,0x01,0x00,0x00,0x00,0x18,0x00,0x00,0x10,0x00,0x04,
	0x00,0x00,0x28,0x0E,0x00,0x02,0x06,0x00,0x00,0x81,0x10,0x01,0x00,0x02,0x24,0x00,0x0C,0x80,0x00,0x18,
	0x00,0x05,0x0A,0x80,0x08,0x00,0x00,0x12,0x80,0x08,0x00,0x00,0x12,0x80,0x08,0x00,0x00,0x1B,0xC4,0xE6,
	0x8F,0x03,0x20,0x7D,0x07,0x38,0x2E,0x04,0xA8,0xB5,0x01,0x57,0x3B,0x01,0xE8,0xAB,0x06,0x1A,0xEE,0x00,
	0xDE,0xAB,0x06,0xD0,0xA2,0x01,0x17,0xCA,0x01,0x30,0x8D,0x07,0x07,0x06,0x00,0xAD,0x26,0x05,0x33,0xC4,
	0x01,0x11,0xB4,0x02,0xCB,0x49,0x03,0x75,0xEE,0x03,0xFD,0x7A,0x06,0xFA,0xE6,0x05,0xBF,0xB7,0x00,0xF1,
	0xF4,0x05,0xDF,0x5B,0x00,0x96,0xA6,0x03,0x35,0x43,0x00,0x56,0x4D,0x01,0x5A,0x44,0x00,0xB9,0x79,0x00,
	0xB3,0x72,0x00,0x57,0x6B,0x06,0x95,0x2D,0x00,0xE0,0x66,0x02,0x2A,0xC6,0x07,0xAD,0xDA,0x07,0x0C,0x42,
	0x07,0x2F,0x0D,0x01,0x8A,0x61,0x00,0x37,0x66,0x00,0x09,0xCC,0x02,0x32,0xD2,0x03,0x7F,0x87,0x07,0xE6,
	0x05,0x02,0xD0,0xBB,0x07,0x98,0x0F,0x04,0x01,0x21,0x07,0x40,0x20,0x06,0xD8,0x24,0x06,0xE9,0x10,0x06,
	0xC4,0x00,0x06,0x48,0x09,0x04,0x80,0x09,0x04,0xE0,0x07,0x04,0xE8,0x17,0x00,0xED,0x03,0x00,0xED,0x0D,
	0x00,0xEF,0x38,0x00,0x4B,0x1E,0x00,0x34,0x1C,0x00,0x3E,0x08,0x00,0x8D,0x05,0x00,0x00,0x39,0x00,0x0F,
	0x00,0x00,0x1F,0x00,0x00,0x1F,0x00,0x00,0x1F,0x00,0x00,0x7F,0x00,0x00,0xFF,0x00,0x00,0x6F,0x00,0x00,
	0x5C,0x00,0x00,0x48,0x00,0x00,0x01,0x80,0x00,0x10,0x00,0x00,0x80,0x00,0x18,0x00,0x03,0x81,0x00,0x09,
	0x00,0x80,0x01,0x00,0x00,0x92,0x00,0x59,0x00,0x08,0x3F,0x00,0x00,0x4B,0x00,0x00,0x0F,0x01,0x00,0x10,
	0x01,0x00,0x22,0x01,0x00,0x2C,0x00,0x08,0x0A,0x03,0x05,0x08,0x04,0x20,0x10,0x06,0x00,0x1C,0x04,0x40,
	0x16,0x04,0x9E,0x55,0x00,0x11,0x0A,0x04,0xCF,0xA1,0x00,0x79,0xE0,0x06,0x84,0x89,0x00,0x00,0x02,0x04,
	0xD0,0x3E,0x04,0x00,0x85,0x00,0x08,0x00,0x08,0x20,0x00,0x00,0x06,0x00,0x00,0x02,0x00,0x00,0x00,0x01,
	0x00,0x00,0x01,0x00,0x8B,0x08,0x08,0x02,0x05,0x00,0x00,0x00,0x18,0x04,0x00,0x2C,0x00,0x00,0x30,0x04,
	0x9E,0x3A,0x00,0x90,0x51,0x04,0xC0,0x70,0x00,0x24,0x70,0x04,0x00,0x90,0x00,0x40,0x18,0x04,0xE0,0x3E,
	0x00,0x00,0x82,0x00,0x08,0x00,0x08,0x00,0x00,0x00,0x06,0x00,0x03,0x80,0x00,0x08,0x02,0x00,0x82,0x00,
	0x08,0x04,0x00,0x0C,0x00,0x00,0x08,0x00,0x00,0x82,0x80,0x00,0x00,0x41,0x00,0x00,0x0E,0x00,0x00,0x00,
	0x81,0x80,0x00,0x00,0xC0,0x00,0x00,0x0A,0x80,0x00,0x1C,0x00,0x05,0x81,0x80,0x01,0x00,0x80,0x01,0x00,
	0x98,0x00,0x1B,0x03,0x00,0x90,0x04,0x00,0xB9,0x00,0x08,0x8C,0x00,0x00,0x95,0x01,0x00,0x00,0x01,0x00,
	0x14,0x04,0x01,0x01,0x04,0x10,0x10,0x04,0x01,0x1E,0x00,0x40,0x02,0x00,0x00,0x1D,0x00,0x77,0x3F,0x00,
	0x83,0x00,0x04,0x41,0x21,0x00,0x91,0x14,0x00,0x15,0x44,0x00,0x09,0xDC,0x00,0x22,0x09,0x00,0xE8,0x06,
	0x06,0x00,0x1B,0x02,0x00,0x10,0x00,0x00,0x0D,0x00,0x08,0x8E,0x00,0x00,0x07,0x01,0x00,0x83,0x00,0x10,
	0x00,0x00,0x00,0x04,0x10,0x10,0x00,0x01,0x18,0x00,0x00,0x8A,0x00,0x0D,0x00,0x10,0x1B,0x00,0x83,0x15,
	0x04,0x80,0x18,0x00,0x40,0x38,0x00,0x04,0x28,0x00,0x04,0x48,0x00,0xC0,0x04,0x00,0x30,0x00,0x02,0x00,
	0x1B,0x02,0x00,0x10,0x00,0x00,0x81,0x00,0x08,0x00,0x00,0x07,0x01,0x01,0x80,0x00,0x00,0x04,0x00,0x80,
	0x00,0x08,0x00,0x00,0x83,0x00,0x06,0x00,0x10,0x0C,0x00,0x00,0x05,0x00,0x00,0x04,0x00,0x00,0x83,0x0D,
	0x00,0x00,0x02,0x00,0x00,0x40,0x00,0x00,0xA0,0x02,0x00,0x0A,0x80,0x00,0x0E,0x00,0x05,0x80,0x80,0x00,
	0x00,0x00,0x97,0x00,0x18,0x00,0x00,0x6B,0x00,0x02,0x78,0x04,0x08,0x28,0x00,0x20,0x02,0x00,0x04,0x0E,
	0x01,0x08,0x07,0x07,0x00,0x07,0x03,0x40,0x09,0x04,0x08,0x00,0x05,0x14,0x11,0x06,0x00,0x0F,0x00,0x88,
	0x03,0x00,0xE4,0x12,0x04,0x50,0x05,0x00,0x22,0x1E,0x02,0x00,0x02,0x04,0x5A,0x44,0x03,0x87,0x18,0x04,
	0x50,0x86,0x01,0x00,0x18,0x00,0x00,0x6C,0x00,0x02,0x6C,0x00,0x08,0x20,0x00,0x00,0x91,0x00,0x00,0x01,
	0x00,0x04,0x00,0x00,0x02,0x03,0x00,0x01,0x04,0x08,0x00,0x02,0x00,0x00,0x04,0x00,0x0A,0x00,0x80,0x00,
	0x00,0x64,0x03,0x04,0x50,0x0E,0x00,0x22,0x08,0x00,0x00,0x16,0x04,0x0C,0x36,0x03,0x82,0x02,0x04,0x00,
	0x82,0x01,0x00,0x18,0x00,0x00,0x6C,0x00,0x02,0x24,0x00,0x01,0x80,0x00,0x00,0x01,0x00,0x88,0x00,0x00,
	0x02,0x00,0x01,0x00,0x00,0x00,0x02,0x00,0x00,0x04,0x00,0x02,0x00,0x00,0x05,0x00,0x00,0x07,0x00,0x40,
	0x06,0x00,0x20,0x06,0x00,0x00,0x80,0x04,0x00,0x00,0x00,0x80,0x00,0x03,0x00,0x0A,0x81,0x00,0x02,0x00,
	0x00,0x01,0x00,0x06,0x00,0x92,0x94,0x38,0x00,0x00,0x58,0x06,0x0A,0x00,0x01,0x40,0x0B,0x00,0x01,0x09,
	0x04,0x00,0x2C,0x02,0x06,0x22,0x00,0x22,0x1D,0x02,0x00,0x10,0x00,0x01,0x03,0x04,0x00,0x06,0x02,0x80,
	0x09,0x04,0xE0,0xCD,0x03,0x42,0x0A,0x06,0x2D,0x0F,0x02,0x80,0x04,0x05,0x0F,0x99,0x04,0x0F,0x60,0x02,
	0x7F,0x61,0x00,0x00,0x84,0x00,0x30,0x00,0x00,0x00,0x02,0x0A,0x18,0x00,0x40,0x0A,0x00,0x00,0x03,0x00,
	0x00,0x8C,0x00,0x06,0x00,0x22,0x0D,0x00,0x00,0x08,0x00,0x00,0x08,0x02,0x00,0x07,0x04,0x00,0x8A,0x04,
	0xE0,0x0B,0x00,0x80,0x04,0x04,0x8C,0x02,0x02,0x01,0x08,0x00,0x03,0x0A,0x00,0x05,0x62,0x02,0x70,0x60,
	0x00,0x00,0x83,0x00,0x30,0x00,0x00,0x00,0x02,0x00,0x10,0x00,0x40,0x08,0x00,0x02,0x80,0x00,0x01,0x00,
	0x01,0x81,0x00,0x04,0x04,0x80,0x01,0x00,0x00,0x85,0x00,0x02,0x00,0x00,0x04,0x00,0x01,0x02,0x00,0x02,
	0x03,0x00,0x00,0x03,0x00,0xE0,0x00,0x00,0x0B,0x80,0x80,0x01,0x00,0x00,0x82,0x00,0x01,0x00,0x00,0x01,
	0x00,0x00,0x01,0x00,0x02,0x04,0x80,0x01,0x00,0x00,0x49,0x00,0x92,0x80,0xE0,0x00,0x28,0x79,0x00,0x00,
	0xB8,0x00,0x01,0x59,0x01,0x01,0x0B,0x04,0x30,0x23,0x02,0x20,0x24,0x04,0x9D,0x10,0x00,0x21,0x04,0x00,
	0x86,0x0B,0x03,0x00,0x12,0x04,0xCE,0x75,0x02,0xA3,0x79,0x04,0xA2,0x77,0x05,0x5F,0xA7,0x03,0x01,0x21,
	0x05,0xCD,0xC8,0x00,0x1C,0x79,0x01,0x4F,0x72,0x04,0x01,0x86,0x08,0x78,0x00,0x00,0x18,0x00,0x00,0x07,
	0x00,0x00,0x0C,0x00,0x10,0x05,0x00,0x00,0x06,0x04,0x1D,0x00,0x00,0x00,0x89,0x01,0x04,0x02,0x00,0x04,
	0x02,0x00,0x11,0x04,0xA0,0x44,0x00,0x02,0x00,0x00,0x8C,0x03,0x03,0xC7,0x86,0x01,0x4F,0x87,0x04,0x89,
	0x79,0x05,0x06,0x73,0x00,0x01,0x85,0x08,0x78,0x00,0x00,0x08,0x00,0x00,0x02,0x00,0x00,0x0E,0x00,0x10,
	0x06,0x00,0x00,0x06,0x04,0x01,0x89,0x01,0x04,0x02,0x01,0x00,0x00,0xC1,0x00,0x04,0xC0,0x00,0x00,0x42,
	0x01,0x00,0xC2,0x03,0x00,0x07,0x02,0x00,0x0F,0x02,0x00,0x81,0x00,0x00,0x41,0x02,0x00,0x02,0x81,0x00,
	0x08,0x00,0x00,0x02,0x00,0x06,0x85,0xC0,0x00,0x00,0xC0,0x00,0x00,0x80,0x01,0x00,0x80,0x01,0x00,0x80,
	0x00,0x00,0x80,0x00,0x00,0x01,0x93,0x00,0x80,0x00,0x00,0x20,0x00,0x00,0x24,0x00,0x00,0x9F,0x00,0x00,
	0x4E,0x00,0x40,0x05,0x00,0x00,0x05,0x00,0x00,0x02,0x00,0x00,0x10,0x05,0xDC,0x0A,0x00,0x37,0x00,0x02,
	0x01,0xA1,0x03,0xFF,0x49,0x00,0x92,0x30,0x00,0x94,0xB4,0x06,0xE0,0x87,0x00,0x72,0x9A,0x07,0xFE,0xD0,
	0x03,0xEE,0x0A,0x07,0x0C,0x51,0x01,0x01,0x91,0x00,0x24,0x00,0x00,0x9E,0x00,0x00,0x0C,0x00,0x00,0x02,
	0x00,0x00,0x05,0x00,0x00,0x02,0x00,0x00,0x02,0x05,0xC0,0x04,0x00,0x24,0x06,0x00,0x08,0x02,0x02,0xA8,
	0x4A,0x02,0x98,0x7B,0x00,0xAA,0x3B,0x00,0x2A,0x59,0x01,0x4E,0x80,0x03,0x3C,0x63,0x07,0x46,0x1B,0x07,
	0x0A,0x53,0x07,0x01,0x84,0x00,0x24,0x00,0x00,0x88,0x00,0x00,0x04,0x00,0x00,0x07,0x00,0x00,0x02,0x00,
	0x00,0x8B,0x00,0x02,0x00,0xC0,0x00,0x00,0x05,0x02,0x00,0x0F,0x02,0x02,0x4F,0x02,0x00,0xA0,0x42,0x04,
	0xCA,0x01,0x00,0x2A,0x81,0x00,0xEE,0xC0,0x00,0x0C,0x01,0x00,0xE6,0x02,0x00,0xC2,0x02,0x00,0x02,0x83,
	0x00,0x08,0x00,0x00,0x04,0x00,0x00,0x06,0x00,0x00,0x02,0x00,0x04,0x87,0x40,0x00,0x00,0xA0,0x00,0x00,
	0xC0,0x00,0x00,0xC0,0x00,0x00,0xC0,0x01,0x00,0x40,0x00,0x00,0xC0,0x00,0x00,0xC0,0x00,0x00,0x94,0x00,
	0x08,0x01,0x00,0x04,0x02,0x00,0x20,0x00,0x00,0xEC,0x00,0x00,0x81,0x00,0x00,0x8B,0x00,0x00,0x0A,0x01,
	0x10,0x0C,0x00,0x80,0x15,0x00,0xDA,0x00,0x00,0x1F,0x28,0x00,0x57,0x2F,0x00,0x89,0x93,0x07,0x88,0x52,
	0x04,0xD4,0x7F,0x05,0xA0,0x20,0x04,0x1A,0x1A,0x02,0xC0,0x96,0x02,0xE8,0xB8,0x03,0xB8,0x52,0x07,0x00,
	0x08,0x01,0x00,0x92,0x00,0x20,0x00,0x00,0x4C,0x00,0x00,0x89,0x00,0x00,0x0C,0x00,0x00,0x05,0x01,0x10,
	0x0D,0x00,0x00,0x07,0x00,0xC0,0x02,0x00,0x2D,0x03,0x00,0x80,0x2A,0x00,0x08,0x97,0x02,0x60,0x6C,0x00,
	0x68,0x41,0x02,0xA8,0xC6,0x00,0xF8,0xDC,0x02,0xA8,0x08,0x02,0x58,0x3C,0x03,0x6C,0xEE,0x07,0x00,0x08,
	0x01,0x00,0x80,0x00,0x20,0x00,0x01,0x8E,0x00,0x0C,0x00,0x00,0x00,0x01,0x10,0x04,0x00,0x00,0x02,0x00,
	0xC0,0x00,0x00,0x04,0x01,0x00,0xB6,0x05,0x00,0x3E,0x17,0x02,0x40,0x68,0x02,0x48,0x04,0x04,0x88,0xE0,
	0x04,0x98,0x80,0x04,0x38,0x30,0x04,0xD8,0x3C,0x04,0xFC,0x2E,0x00,0x04,0x82,0x00,0x04,0x00,0x00,0x01,
	0x00,0x00,0x01,0x00,0x04,0x86,0x40,0x00,0x00,0x60,0x00,0x00,0x60,0x00,0x00,0x60,0x20,0x00,0xA0,0x00,
	0x00,0xA0,0x00,0x00,0xA0,0x00,0x00,0x81,0x02,0x04,0x01,0x88,0x04,0x00,0x00,0x91,0x00,0x7E,0x00,0x00,
	0xD8,0x00,0x06,0x30,0x00,0x80,0x85,0x02,0x80,0x14,0x02,0x40,0x13,0x00,0xC4,0x08,0x05,0x08,0x20,0x01,
	0x69,0xE8,0x00,0x57,0x48,0x01,0x10,0x30,0x00,0x10,0xB2,0x00,0xB0,0x91,0x00,0x68,0x53,0x02,0x50,0xCA,
	0x04,0x30,0xBB,0x05,0xBF,0xAA,0x05,0x02,0x04,0x01,0x01,0x91,0x00,0x2E,0x00,0x00,0x0C,0x00,0x00,0x12,
	0x00,0x80,0x04,0x00,0x80,0x00,0x02,0x00,0x01,0x00,0x00,0x01,0x01,0xA8,0x01,0x01,0xD8,0x2E,0x00,0x1F,
	0x04,0x01,0x30,0x68,0x01,0x90,0x61,0x03,0xF0,0xC3,0x00,0x00,0x83,0x00,0x40,0x96,0x00,0xF0,0xAB,0x01,
	0xCC,0xB7,0x03,0x02,0x04,0x01,0x01,0x90,0x00,0x08,0x00,0x00,0x0C,0x00,0x00,0x02,0x00,0x00,0x06,0x00,
	0x00,0x02,0x02,0x80,0x00,0x00,0x00,0x01,0x00,0x80,0x00,0x00,0x68,0x04,0x00,0x30,0x15,0x00,0x00,0x28,
	0x00,0xA0,0x22,0x02,0x60,0x72,0x02,0x70,0x68,0x02,0x50,0x28,0x02,0xC0,0x24,0x02,0xD0,0x30,0x00,0x03,
	0x82,0x00,0x04,0x00,0x00,0x02,0x00,0x00,0x02,0x00,0x00,0x80,0x80,0x00,0x00,0x05,0x84,0x00,0x20,0x00,
	0x10,0x30,0x00,0x50,0x00,0x00,0x90,0x06,0x00,0x90,0x00,0x00,0x94,0x08,0x84,0x00,0x00,0x08,0x00,0x0A,
	0x1C,0x00,0x00,0x3B,0x00,0x12,0xFB,0x00,0x88,0xE9,0x00,0x00,0x07,0x01,0x80,0x9B,0x00,0x00,0xB0,0x04,
	0xA0,0xB1,0x06,0x80,0xF0,0x00,0xE1,0xB2,0x01,0x03,0x0F,0x02,0x40,0x8B,0x01,0x33,0x11,0x00,0x40,0xFF,
	0x04,0x30,0xFE,0x01,0x10,0x55,0x01,0xBC,0x24,0x06,0x8C,0x84,0x00,0x08,0x04,0x00,0x00,0x92,0x0A,0x1C,
	0x00,0x00,0x56,0x00,0x00,0xEE,0x00,0x00,0x87,0x00,0x80,0x01,0x01,0xC0,0x0A,0x00,0x40,0x01,0x04,0x80,
	0x01,0x00,0x40,0x00,0x00,0x80,0x31,0x01,0xC3,0x4E,0x01,0xA0,0xAD,0x01,0xC2,0xAD,0x01,0x90,0xE2,0x00,
	0x80,0xFC,0x00,0xC0,0xCA,0x00,0x60,0xFA,0x01,0x2C,0xF2,0x01,0x08,0x04,0x00,0x00,0x88,0x0A,0x1C,0x00,
	0x00,0x7C,0x00,0x00,0x8B,0x00,0x00,0x01,0x00,0x80,0x01,0x01,0x80,0x03,0x00,0x80,0x01,0x00,0x80,0x00,
	0x00,0x40,0x00,0x00,0x00,0x87,0x00,0x03,0x01,0x20,0x01,0x01,0xE0,0x3D,0x01,0x30,0x06,0x01,0x30,0x38,
	0x01,0x90,0x11,0x01,0xC0,0x11,0x01,0x20,0x12,0x01,0x03,0x84,0x00,0x03,0x00,0x00,0x01,0x00,0x80,0x01,
	0x00,0x80,0x01,0x00,0x80,0x00,0x00,0x03,0x86,0x20,0x00,0x00,0x20,0x00,0x00,0x30,0x28,0x00,0x20,0x1C,
	0x00,0x00,0x06,0x00,0x00,0x01,0x00,0x00,0x02,0x00,0x07,0x80,0x00,0x00,0x04,0x04,0x80,0x04,0x00,0x00,
	0x01,0x80,0x00,0x02,0x00,0x09,0x80,0x00,0x00,0x04,0x04,0x80,0x04,0x00,0x00,0x01,0x80,0x00,0x02,0x00,
	0x12,0x80,0x00,0x02,0x00,0x12,0x80,0x00,0x02,0x00,0x01,0x01,0x91,0x00,0x31,0x00,0x92,0x1E,0x00,0x60,
	0x60,0x00,0xC0,0x96,0x00,0xC0,0x65,0x01,0xA0,0x60,0x00,0xE4,0x57,0x04,0xE0,0x50,0x00,0xC0,0x04,0x00,
	0xD6,0x37,0x04,0x1C,0x45,0x05,0x1A,0xFE,0x00,0x78,0x0E,0x04,0x40,0xAF,0x05,0x30,0x95,0x00,0x11,0x83,
	0x02,0x80,0xB9,0x07,0xA0,0xBB,0x06,0x01,0x91,0x00,0x2B,0x00,0x92,0x22,0x00,0xE0,0x01,0x00,0xC0,0x17,
	0x00,0x80,0x07,0x01,0xE0,0x04,0x00,0x24,0x14,0x04,0x20,0x1B,0x00,0x40,0x09,0x00,0x50,0x36,0x00,0x1C,
	0xCB,0x04,0x70,0x5E,0x00,0x48,0xEA,0x04,0x20,0xED,0x00,0x60,0x68,0x00,0x50,0xFD,0x00,0x90,0x58,0x07,
	0x50,0xDF,0x04,0x01,0x85,0x00,0x23,0x00,0x00,0x14,0x00,0x60,0x01,0x00,0x00,0x05,0x00,0xC0,0x04,0x01,
	0xC0,0x04,0x00,0x00,0x8A,0x00,0x04,0x00,0x40,0x04,0x00,0x50,0x00,0x00,0x80,0x00,0x00,0x00,0x08,0x00,
	0x40,0x92,0x04,0x20,0x9D,0x00,0x60,0x15,0x00,0x00,0x8F,0x00,0x90,0x0C,0x07,0x10,0x8B,0x04,0x03,0x83,
	0x00,0x01,0x00,0x00,0x01,0x00,0xC0,0x00,0x00,0xC0,0x00,0x00,0x05,0x85,0x00,0x04,0x00,0x00,0x0E,0x00,
	0x20,0x0E,0x00,0xC0,0x07,0x00,0x00,0x04,0x00,0x10,0x03,0x00,0x00,0x92,0x00,0x05,0x00,0x01,0x39,0x01,
	0x4C,0x3A,0x04,0xEC,0x18,0x00,0xE1,0x8F,0x05,0xC0,0x8B,0x00,0xA8,0x16,0x01,0x84,0x09,0x00,0xD0,0x17,
	0x00,0x60,0x81,0x01,0x40,0x67,0x01,0xA0,0xFB,0x00,0xEA,0x54,0x02,0x21,0xB6,0x07,0x50,0xEF,0x04,0xF0,
	0xDD,0x00,0x21,0x5A,0x02,0xB3,0x28,0x01,0xA0,0x12,0x03,0x00,0x92,0x00,0x02,0x00,0x81,0x1F,0x01,0x4C,
	0x14,0x04,0xA0,0x4C,0x00,0x41,0xE8,0x00,0xA0,0x92,0x00,0xC0,0x1A,0x00,0x84,0x01,0x00,0x80,0x1E,0x00,
	0xE0,0x88,0x00,0xC0,0xE1,0x00,0xE0,0xA8,0x00,0x80,0x01,0x00,0x21,0x55,0x04,0xF0,0x53,0x00,0xE0,0x8F,
	0x00,0x30,0x0E,0x00,0x50,0x09,0x01,0x10,0x2A,0x03,0x00,0x92,0x00,0x02,0x00,0x01,0x07,0x01,0x00,0x24,
	0x00,0x20,0x50,0x00,0x00,0x9C,0x00,0xC0,0x03,0x00,0xC0,0x0D,0x00,0x00,0x0E,0x00,0x80,0x07,0x00,0x40,
	0x04,0x00,0x40,0x00,0x00,0x00,0x84,0x00,0x80,0x0C,0x00,0x20,0x4C,0x04,0xE0,0x4F,0x00,0xE0,0x86,0x00,
	0x10,0x06,0x00,0x40,0x06,0x01,0x00,0x04,0x03,0x02,0x80,0x00,0x04,0x00,0x01,0x82,0xC0,0x03,0x00,0xC0,
	0x05,0x00,0x00,0x01,0x00,0x03,0x85,0x00,0x02,0x00,0x00,0x06,0x00,0x00,0x07,0x00,0xC0,0x03,0x00,0x00,
	0x02,0x00,0x00,0x02,0x00,0x00,0x00,0x92,0x08,0x07,0x00,0x60,0x5A,0x00,0x01,0x39,0x00,0x20,0x68,0x00,
	0xDA,0xAA,0x02,0x86,0x74,0x00,0xD0,0xEA,0x04,0xA8,0xED,0x00,0xA4,0x94,0x01,0xF0,0x4A,0x01,0x80,0xE5,
	0x05,0x40,0x5D,0x00,0xC0,0xE1,0x04,0xAF,0x65,0x04,0xB8,0x4C,0x04,0x16,0xE7,0x00,0xEF,0x01,0x02,0x40,
	0x2F,0x01,0x70,0x5D,0x00,0x00,0x92,0x00,0x05,0x00,0x00,0x6E,0x00,0x80,0x1B,0x00,0x20,0x37,0x00,0x4A,
	0x0A,0x00,0xD0,0xE7,0x00,0xE0,0xE5,0x00,0x98,0xE9,0x01,0x50,0xF5,0x01,0x20,0x39,0x01,0x00,0x32,0x01,
	0x40,0xE3,0x00,0x00,0x29,0x00,0xAF,0xAA,0x00,0x10,0x02,0x00,0x46,0x87,0x00,0xA0,0x24,0x00,0x50,0x32,
	0x01,0xA0,0x11,0x00,0x00,0x92,0x00,0x05,0x00,0x00,0x7E,0x00,0x00,0x1C,0x00,0x20,0x2B,0x00,0x00,0x1A,
	0x00,0x90,0x83,0x00,0x80,0x05,0x00,0x00,0x0E,0x01,0xE0,0x03,0x01,0x20,0x40,0x01,0x00,0x20,0x01,0x40,
	0xE4,0x00,0x00,0x06,0x00,0x20,0xC6,0x00,0x40,0x47,0x00,0x50,0x82,0x00,0x90,0x03,0x00,0x10,0x03,0x01,
	0xA0,0x02,0x00,0x02,0x85,0x00,0x04,0x00,0x00,0x03,0x00,0x00,0x02,0x00,0x80,0x03,0x00,0x80,0x05,0x00,
	0x00,0x01,0x00,0x03,0x86,0x00,0x03,0x00,0x00,0x02,0x00,0xE0,0x01,0x00,0x00,0x01,0x00,0x10,0x01,0x00,
	0x10,0x01,0x00,0x80,0x01,0x00,0xBB,0x04,0x02,0x01,0x80,0x4F,0x00,0x00,0x03,0x00,0x20,0x11,0x00,0x90,
	0x51,0x07,0xEC,0x91,0x00,0xD1,0xBE,0x02,0x57,0x30,0x03,0xE4,0x7E,0x00,0x94,0x52,0x02,0x50,0x36,0x00,
	0x60,0x50,0x01,0xA0,0x91,0x05,0x00,0x15,0x00,0x30,0xA7,0x06,0xD8,0xE6,0x03,0xC6,0xF1,0x06,0x00,0x8F,
	0x00,0x2F,0x86,0x00,0xEF,0x07,0x00,0x04,0x02,0x01,0x00,0x0A,0x00,0x80,0x15,0x00,0x60,0x14,0x00,0xD0,
	0x67,0x00,0x8C,0xF0,0x00,0xE0,0x71,0x00,0xBF,0xEA,0x01,0x44,0x81,0x00,0x60,0xC8,0x00,0x60,0xB8,0x01,
	0x40,0x51,0x00,0xC0,0x91,0x05,0xC0,0x87,0x01,0xF0,0x81,0x01,0x30,0x22,0x01,0x96,0x62,0x00,0xC0,0xD1,
	0x00,0x8F,0x80,0x00,0x20,0x01,0x00,0x04,0x02,0x01,0x00,0x08,0x00,0x00,0x01,0x00,0x00,0x07,0x00,0x50,
	0x7C,0x00,0x40,0x7A,0x00,0x00,0x79,0x00,0x20,0xEC,0x01,0xF0,0x80,0x00,0x10,0xC0,0x01,0x20,0xB8,0x01,
	0x00,0x50,0x01,0x00,0x01,0x01,0x40,0x03,0x01,0x80,0x02,0x01,0xD0,0x81,0x01,0x10,0x01,0x00,0xC0,0x81,
	0x00,0x80,0x81,0x00,0xA0,0x00,0x00,0x03,0x82,0x00,0x03,0x00,0x00,0x02,0x00,0x00,0x01,0x00,0x05,0x85,
	0x80,0x01,0x00,0x80,0x00,0x00,0x10,0x00,0x00,0x90,0x00,0x00,0x80,0x00,0x00,0x80,0x00,0x00,0x00,0xA8,
	0x01,0x04,0x00,0x14,0x0C,0x00,0x80,0x8A,0x00,0x70,0x1C,0x04,0x60,0x17,0x00,0x9F,0x3B,0x00,0xAA,0xC6,
	0x00,0x22,0x40,0x01,0x2D,0x26,0x04,0x43,0xDE,0x04,0x28,0x84,0x02,0x98,0xAE,0x05,0xA0,0x0D,0x00,0x80,
	0x51,0x02,0x00,0x72,0x00,0xC0,0x90,0x01,0x60,0xD8,0x02,0x28,0xCB,0x07,0x7F,0x4A,0x06,0x0F,0x82,0x00,
	0x01,0x04,0x00,0x00,0x04,0x00,0x80,0x8A,0x00,0xC0,0x05,0x04,0x20,0x08,0x00,0x17,0x3D,0x00,0xCC,0x67,
	0x00,0x00,0x1E,0x00,0x34,0x26,0x06,0x68,0xDC,0x00,0x20,0x85,0x03,0xA0,0x0B,0x02,0xA0,0x12,0x03,0x40,
	0x12,0x03,0x20,0x61,0x01,0x00,0x01,0x00,0x20,0x91,0x00,0x00,0x08,0x03,0x1F,0x48,0x06,0xC0,0x83,0x00,
	0x01,0x04,0x00,0x00,0x91,0x80,0x80,0x00,0xC0,0x00,0x00,0xA0,0x08,0x00,0x10,0x30,0x00,0x88,0x79,0x00,
	0x98,0x03,0x00,0x08,0x20,0x02,0x08,0xD8,0x02,0x20,0x80,0x02,0x20,0x01,0x02,0xA0,0x10,0x02,0xC0,0x00,
	0x02,0xE0,0x21,0x00,0x80,0x00,0x00,0xC0,0x00,0x00,0xC0,0x00,0x03,0xC0,0x00,0x06,0x20,0x80,0x00,0x05,
	0x80,0x00,0x01,0x00,0x05,0x82,0x80,0x00,0x00,0xE0,0x00,0x00,0x80,0x00,0x00,0x00,0x82,0x40,0x00,0x00,
	0x40,0x00,0x00,0x60,0x00,0x00,0x02,0x80,0x00,0x01,0x00,0x00,0x80,0x20,0x00,0x00,0x10,0x80,0x00,0x01,
	0x00,0x37,0xA8,0x00,0x07,0x01,0x04,0x0C,0x00,0x80,0x93,0x00,0x20,0x21,0x00,0x00,0x01,0x00,0xBC,0x8D,
	0x04,0x78,0x10,0x05,0x18,0x1C,0x04,0x2A,0x2F,0x06,0x60,0xE0,0x04,0x97,0x85,0x01,0xA3,0x07,0x03,0x21,
	0x02,0x00,0x80,0xBB,0x06,0x20,0x40,0x01,0xB0,0x31,0x00,0xF0,0xA0,0x00,0xB6,0x00,0x04,0x40,0x11,0x00,
	0x82,0x03,0x04,0x00,0x07,0x01,0x00,0x04,0x00,0x80,0x92,0x00,0x20,0x01,0x00,0x20,0x07,0x00,0x80,0x91,
	0x04,0x3D,0x08,0x01,0x46,0x13,0x04,0x24,0x28,0x02,0x68,0xE0,0x00,0x10,0x81,0x06,0x83,0x08,0x02,0x40,
	0x89,0x02,0x40,0x20,0x04,0xC0,0x11,0x00,0x70,0x10,0x00,0x80,0x20,0x00,0x00,0x00,0x04,0x20,0x10,0x00,
	0x40,0x03,0x04,0x00,0x07,0x01,0x00,0x91,0x80,0x80,0x00,0x20,0x00,0x00,0x20,0x00,0x00,0x80,0x0F,0x00,
	0x78,0x07,0x01,0x40,0x00,0x00,0x04,0x20,0x02,0x28,0xE0,0x04,0x10,0x80,0x04,0x80,0x09,0x00,0x00,0x01,
	0x00,0x00,0x21,0x04,0x80,0x00,0x00,0x80,0x00,0x00,0x40,0x00,0x00,0x60,0x00,0x04,0x40,0x00,0x00,0x20,
	0x01,0x04,0x0E,0x81,0x40,0x00,0x00,0x40,0x00,0x00,0x00,0x80,0x20,0x00,0x00,0x00,0xAF,0x08,0x09,0x00,
	0x88,0x0F,0x00,0x40,0x39,0x00,0x50,0x38,0x00,0xD8,0x00,0x00,0x40,0x27,0x04,0xB1,0x22,0x00,0xB4,0x60,
	0x00,0xE8,0x00,0x07,0x08,0x08,0x03,0x30,0x11,0x04,0x20,0x02,0x06,0x22,0x0D,0x05,0x41,0x88,0x02,0xC0,
	0x58,0x02,0xA0,0x08,0x01,0x30,0x00,0x00,0x71,0x20,0x00,0x70,0x0C,0x00,0x22,0x11,0x04,0x08,0x09,0x00,
	0x00,0x0A,0x00,0xC0,0x28,0x00,0x60,0x20,0x00,0xC8,0x00,0x00,0xA8,0x01,0x04,0xC8,0x01,0x00,0x64,0x00,
	0x00,0x20,0x00,0x00,0x20,0x08,0x00,0x10,0x11,0x04,0xA0,0x05,0x04,0xC0,0x08,0x00,0x40,0x88,0x02,0x20,
	0x50,0x02,0x40,0x00,0x01,0x50,0x00,0x00,0x70,0x20,0x00,0x00,0x0C,0x00,0x80,0x11,0x04,0x08,0x09,0x00,
	0x00,0x08,0x00,0x00,0x20,0x00,0x60,0x20,0x00,0x08,0x00,0x00,0x28,0x00,0x00,0x08,0x00,0x00,0x04,0x00,
	0x00,0x00,0x83,0x20,0x08,0x01,0x10,0x10,0x00,0xA0,0x00,0x04,0xC0,0x08,0x00,0x00,0x80,0x60,0x50,0x02,
	0x00,0x83,0x60,0x00,0x00,0x20,0x00,0x00,0x20,0x00,0x00,0x00,0x01,0x04,0x0D,0x80,0x60,0x00,0x00,0x01,
	0x80,0x20,0x00,0x00,0x01,0x9B,0x44,0x04,0x00,0x10,0x01,0x00,0x60,0x0B,0x00,0x20,0x28,0x04,0x04,0x34,
	0x00,0x77,0x01,0x00,0x5E,0x00,0x00,0x08,0x20,0x00,0x00,0x18,0x00,0x60,0x1C,0x07,0x88,0x4E,0x05,0x2C,
	0xA8,0x00,0x84,0x41,0x02,0x44,0x5C,0x00,0xA0,0x00,0x00,0x70,0x58,0x00,0x48,0x2C,0x00,0x20,0x20,0x00,
	0x10,0x30,0x00,0x20,0x11,0x01,0x44,0x04,0x00,0x00,0x07,0x00,0x40,0x02,0x00,0x20,0x09,0x04,0x04,0x00,
	0x00,0x65,0x00,0x00,0x25,0x00,0x00,0x00,0x20,0x00,0x00,0x8C,0x30,0x14,0x00,0x18,0x49,0x01,0x2C,0x81,
	0x04,0xC0,0x41,0x00,0x04,0x50,0x00,0xE0,0x08,0x00,0x40,0x08,0x00,0x60,0x08,0x00,0x20,0x00,0x00,0x00,
	0x30,0x00,0x20,0x11,0x01,0x44,0x04,0x00,0x00,0x07,0x00,0x00,0x84,0xC0,0x00,0x00,0x04,0x00,0x00,0x04,
	0x00,0x00,0x04,0x00,0x00,0x00,0x20,0x00,0x00,0x87,0x00,0x10,0x06,0x18,0x48,0x00,0xA0,0x80,0x00,0xC0,
	0x40,0x00,0x00,0x50,0x00,0x40,0x00,0x00,0x60,0x00,0x00,0x20,0x00,0x00,0x01,0x80,0x00,0x00,0x01,0x02,
	0x80,0x40,0x00,0x00,0x0B,0x80,0x20,0x00,0x00,0x02,0x94,0x00,0x24,0x06,0x01,0x03,0x00,0xC0,0x02,0x00,
	0xA0,0x0B,0x02,0x1D,0x2B,0x00,0xE0,0x41,0x04,0x03,0x00,0x04,0x08,0xF0,0x02,0x1C,0x20,0x00,0x03,0xA8,
	0x06,0x0B,0x00,0x00,0x66,0x1A,0x06,0xB8,0x82,0x05,0x4A,0x08,0x00,0x40,0x04,0x03,0x13,0x14,0x01,0x36,
	0xB0,0x02,0x28,0x90,0x00,0x10,0x74,0x02,0x10,0x00,0x00,0x00,0x24,0x06,0x00,0x8D,0x80,0x06,0x00,0x60,
	0x13,0x02,0xAC,0x23,0x00,0xE0,0x00,0x04,0x12,0x00,0x00,0x0C,0x50,0x02,0x1C,0x00,0x00,0x03,0x28,0x00,
	0x00,0x00,0x01,0xFE,0x00,0x00,0xE0,0x00,0x04,0x4A,0x08,0x00,0x60,0x00,0x02,0x03,0x10,0x01,0x00,0x83,
	0x08,0x10,0x00,0x00,0x54,0x00,0x80,0x00,0x00,0x00,0x24,0x06,0x01,0x81,0x40,0x01,0x00,0x6C,0x20,0x00,
	0x00,0x89,0x02,0x00,0x00,0x0C,0x40,0x00,0x0C,0x00,0x00,0x00,0x20,0x00,0x00,0x00,0x07,0x30,0x00,0x04,
	0xE0,0x00,0x04,0x40,0x08,0x00,0x60,0x00,0x02,0x20,0x10,0x00,0x06,0x80,0x40,0x00,0x00,0x0A,0x80,0x20,
	0x00,0x00,0x03,0x94,0x9E,0x98,0x01,0x02,0x00,0x06,0x00,0x06,0x00,0xC0,0x0E,0x02,0x36,0x1B,0x00,0x91,
	0x77,0x00,0x19,0xA0,0x00,0x0B,0x10,0x00,0x1C,0x50,0x01,0x1B,0x24,0x00,0x68,0x08,0x00,0xE8,0x91,0x04,
	0x14,0xBA,0x01,0x69,0xA2,0x00,0x90,0x44,0x02,0x02,0x24,0x00,0x00,0x00,0x02,0x07,0x10,0x01,0x00,0x98,
	0x00,0x20,0x90,0x00,0x9E,0x98,0x01,0x00,0x92,0x00,0x05,0x00,0x40,0x1F,0x02,0x50,0x19,0x00,0x60,0x01,
	0x00,0xD0,0xA0,0x00,0x09,0x00,0x00,0x08,0x10,0x00,0x13,0x00,0x00,0x20,0x00,0x00,0x68,0x00,0x00,0xD0,
	0xB9,0x04,0x49,0x80,0x00,0x80,0x44,0x02,0x22,0x24,0x00,0x20,0x00,0x00,0x07,0x00,0x00,0x00,0x88,0x00,
	0x20,0x90,0x00,0x9E,0x98,0x01,0x00,0x86,0x00,0x05,0x00,0x00,0x19,0x00,0x90,0x01,0x00,0x60,0x00,0x00,
	0x00,0x80,0x00,0x08,0x00,0x00,0x08,0x00,0x00,0x01,0x84,0xA8,0x00,0x03,0x90,0x38,0x06,0x40,0x00,0x00,
	0x00,0x40,0x02,0x20,0x20,0x00,0x01,0x81,0x00,0x80,0x00,0x00,0x80,0x00,0x13,0x06,0x80,0x02,0x00,0x00,
	0x08,0x81,0x00,0x00,0x04,0x00,0x00,0x02,0x3C,0x94,0x10,0x00,0x00,0x08,0x00,0x00,0x80,0x02,0x00,0x11,
	0x06,0x04,0x67,0x17,0x00,0xC5,0x29,0x00,0xCE,0x20,0x01,0xE4,0x00,0x00,0x15,0x00,0x00,0x18,0x10,0x05,
	0x0C,0xA4,0x00,0xA0,0x0C,0x04,0x60,0x85,0x05,0x67,0xD0,0x02,0x31,0xC6,0x02,0xE0,0x08,0x07,0x58,0x04,
	0x04,0x26,0xC4,0x05,0x70,0x48,0x05,0x22,0x60,0x06,0x10,0x00,0x00,0x00,0x85,0x00,0x02,0x00,0x10,0x02,
	0x04,0x40,0x04,0x00,0x70,0x23,0x00,0xD4,0x21,0x01,0x20,0x00,0x00,0x00,0x8B,0x00,0x00,0x05,0x08,0xA4,
	0x00,0x00,0x08,0x04,0xA0,0x04,0x00,0x27,0xC0,0x00,0x21,0x04,0x02,0x40,0x00,0x00,0x40,0x04,0x00,0x06,
	0x84,0x00,0x20,0x08,0x05,0x00,0x40,0x00,0x10,0x00,0x00,0x00,0x80,0x00,0x02,0x00,0x01,0x81,0x9E,0x21,
	0x00,0xF6,0x00,0x01,0x02,0x85,0x08,0xA0,0x00,0x00,0x08,0x00,0x20,0x80,0x01,0x00,0x40,0x03,0x20,0x00,
	0x02,0x40,0x00,0x00,0x00,0x82,0x00,0x80,0x00,0x20,0x00,0x05,0x00,0x40,0x00,0x04,0x80,0x02,0x00,0x00,
	0x0D,0xAA,0x40,0x00,0x00,0x05,0x10,0x00,0x03,0x40,0x04,0x08,0x00,0x00,0x40,0x08,0x00,0x25,0x14,0x00,
	0xAD,0x33,0x04,0x48,0x41,0x01,0x7C,0x40,0x01,0x10,0x40,0x01,0x1C,0x38,0x04,0x11,0x20,0x02,0x68,0x20,
	0x00,0x00,0x92,0x05,0x21,0xC8,0x01,0x21,0x20,0x00,0x00,0x80,0x07,0x21,0x40,0x06,0x20,0xA0,0x04,0xE0,
	0x20,0x06,0x40,0x00,0x00,0x00,0x10,0x00,0x03,0x40,0x00,0x08,0x00,0x00,0x40,0x00,0x00,0x63,0x14,0x00,
	0xAC,0x01,0x00,0x4C,0x40,0x01,0x28,0x00,0x00,0x18,0x40,0x01,0x00,0x10,0x00,0x09,0x00,0x02,0x00,0x20,
	0x00,0x00,0xC0,0x04,0x21,0x48,0x00,0x21,0x20,0x00,0x00,0x80,0x07,0x21,0x40,0x06,0x00,0x80,0x04,0x20,
	0x20,0x00,0x40,0x00,0x00,0x00,0x10,0x00,0x03,0x40,0x00,0x00,0x8F,0x40,0x00,0x00,0x02,0x00,0x00,0x10,
	0x01,0x00,0xF8,0x40,0x00,0x08,0x00,0x00,0x10,0x40,0x00,0x00,0x10,0x00,0x08,0x00,0x00,0x00,0x20,0x00,
	0x00,0xC0,0x04,0x20,0x88,0x01,0x00,0x20,0x00,0x00,0x00,0x07,0x00,0x00,0x06,0x00,0x80,0x04,0x20,0x20,
	0x00,0x04,0x81,0x02,0x00,0x00,0x18,0x00,0x00,0x0C,0x82,0x00,0x20,0x04,0x10,0x44,0x00,0x00,0x91,0x00,
	0x00,0x8F,0x00,0x0B,0x00,0xCA,0x0D,0x00,0x32,0x02,0x01,0xA8,0x00,0x00,0xEC,0x00,0x00,0x6C,0x50,0x00,
	0x2C,0xE8,0x04,0xB8,0x48,0x00,0x30,0x08,0x00,0x00,0x86,0x00,0x01,0x64,0x00,0x50,0xA0,0x01,0x66,0x32,
	0x00,0x40,0x48,0x01,0x41,0x40,0x00,0x20,0x00,0x00,0x00,0x81,0x00,0x40,0x00,0x00,0x90,0x00,0x01,0x8A,
	0x86,0x05,0x00,0xFE,0x00,0x01,0x60,0x20,0x00,0x4C,0x00,0x00,0x2C,0x50,0x00,0x30,0xD8,0x00,0x20,0x48,
	0x00,0x50,0x08,0x00,0x00,0x04,0x00,0x01,0x64,0x00,0x40,0x00,0x01,0x00,0x82,0x60,0x08,0x01,0x61,0x60,
	0x00,0x00,0x10,0x00,0x00,0x81,0x00,0x40,0x00,0x00,0x90,0x00,0x02,0x86,0x58,0x00,0x01,0x18,0x20,0x00,
	0x70,0x00,0x00,0x00,0x40,0x00,0x10,0xD8,0x00,0x00,0x48,0x00,0x50,0x08,0x00,0x00,0x81,0x00,0x20,0x00,
	0x40,0x00,0x01,0x00,0x81,0x20,0x00,0x01,0x00,0x40,0x00,0x06,0x81,0x18,0x00,0x00,0x18,0x00,0x00,0x03,
	0x80,0x40,0x00,0x00,0x03,0x80,0x20,0x00,0x00,0x01,0x8F,0x80,0x10,0x00,0x02,0x08,0x00,0x00,0x41,0x00,
	0x01,0x05,0x00,0x80,0x1B,0x00,0xA9,0x22,0x00,0x38,0x21,0x01,0x3D,0x30,0x00,0xA0,0x80,0x00,0x7D,0x20,
	0x04,0x70,0x28,0x02,0xE8,0x51,0x06,0x50,0x15,0x04,0x01,0x21,0x04,0x60,0x22,0x00,0x30,0x20,0x00,0x00,
	0x85,0x48,0x44,0x02,0x58,0x70,0x00,0x60,0x00,0x00,0x80,0x00,0x00,0x00,0x08,0x00,0x00,0x40,0x00,0x00,
	0x92,0x00,0x0B,0x00,0x08,0x00,0x00,0x98,0x21,0x01,0xED,0x00,0x00,0xCC,0x00,0x00,0x0C,0x00,0x04,0x18,
	0x28,0x00,0xB0,0x50,0x06,0xA0,0x11,0x04,0x40,0x00,0x00,0x40,0x00,0x00,0x20,0xA0,0x00,0x00,0x10,0x00,
	0x28,0x64,0x00,0x38,0x70,0x00,0x40,0x00,0x00,0x80,0x00,0x00,0x00,0x08,0x00,0x00,0x40,0x00,0x00,0x80,
	0x00,0x02,0x00,0x00,0x81,0x80,0x21,0x01,0xD8,0x00,0x00,0x00,0x85,0x70,0x00,0x00,0x00,0x28,0x00,0xD0,
	0x50,0x00,0x20,0x10,0x04,0x40,0x00,0x00,0x40,0x00,0x00,0x00,0x83,0x20,0x00,0x00,0x00,0x40,0x00,0x20,
	0x60,0x00,0x20,0x00,0x00,0x06,0x80,0x18,0x00,0x00,0x00,0x80,0x10,0x00,0x00,0x05,0x80,0x20,0x00,0x00,
	0x00,0x81,0x20,0x00,0x00,0x20,0x00,0x00,0x94,0x8C,0x08,0x00,0x00,0x03,0x00,0x80,0x03,0x02,0x00,0x18,
	0x00,0x80,0x00,0x00,0x00,0x26,0x00,0xC0,0x01,0x00,0xA8,0x21,0x00,0x20,0x30,0x00,0xA8,0x14,0x00,0x18,
	0x0C,0x00,0x80,0x18,0x04,0x60,0x42,0x00,0x41,0xA7,0x00,0x40,0x48,0x04,0x18,0xA0,0x00,0xC0,0xCC,0x00,
	0xA0,0xC0,0x03,0xC0,0x61,0x00,0xC2,0xD0,0x01,0x80,0x00,0x00,0x00,0x92,0x00,0x03,0x00,0x00,0x09,0x00,
	0x80,0x00,0x00,0x00,0x02,0x00,0x80,0x01,0x00,0xB8,0x00,0x00,0x70,0x10,0x00,0x28,0x10,0x00,0xB8,0x14,
	0x00,0x20,0x1D,0x04,0x40,0x40,0x00,0x20,0x00,0x00,0x00,0x08,0x00,0x20,0x90,0x00,0x20,0x0C,0x00,0x20,
	0xF0,0x00,0x20,0x40,0x00,0x60,0xC2,0x01,0x80,0x00,0x00,0x00,0x81,0x00,0x03,0x00,0x00,0x09,0x00,0x03,
	0x84,0x40,0x00,0x00,0x10,0x00,0x00,0x60,0x10,0x00,0x60,0x1C,0x00,0x20,0x40,0x00,0x00,0x85,0x00,0x08,
	0x00,0x00,0x90,0x00,0x40,0x00,0x00,0x40,0xE0,0x00,0x40,0x40,0x00,0x40,0xC0,0x01,0x08,0x80,0x10,0x00,
	0x00,0x00,0x81,0x40,0x00,0x00,0x60,0x00,0x00,0x01,0x80,0x20,0x00,0x00,0x03,0x4F,0x80,0x05,0x08,0x00,
	0x00,0x92,0x00,0x12,0x02,0x00,0x0B,0x00,0x00,0x2E,0x00,0xC0,0x12,0x00,0x00,0x01,0x00,0x00,0x11,0x01,
	0xA1,0x59,0x00,0xC0,0xB4,0x00,0x90,0x1D,0x00,0x82,0x0E,0x04,0xA0,0x03,0x00,0x41,0x04,0x00,0xE0,0x50,
	0x00,0xA6,0x0E,0x01,0xFE,0x30,0x00,0x80,0x20,0x01,0xC1,0x00,0x07,0x20,0x35,0x01,0x01,0x00,0x00,0x00,
	0x83,0x00,0x14,0x00,0x00,0x01,0x00,0x00,0x26,0x00,0xC0,0x11,0x00,0x00,0x8D,0x00,0x10,0x01,0x80,0x40,
	0x00,0xC0,0x20,0x00,0x00,0x15,0x00,0xE0,0x0C,0x04,0x60,0x01,0x00,0x40,0x00,0x00,0x40,0x50,0x00,0xE0,
	0x54,0x00,0x9E,0x40,0x00,0xE0,0x30,0x00,0x81,0x00,0x00,0x00,0x36,0x01,0x01,0x00,0x00,0x00,0x80,0x00,
	0x14,0x00,0x00,0x81,0x00,0x22,0x00,0xC0,0x00,0x00,0x01,0x84,0x00,0x40,0x00,0x40,0x20,0x00,0x80,0x10,
	0x00,0x40,0x0C,0x00,0x20,0x00,0x00,0x00,0x85,0x20,0x50,0x00,0x40,0x00,0x00,0x40,0x00,0x00,0x40,0x30,
	0x00,0x40,0x00,0x00,0x40,0x22,0x01,0x0A,0x81,0x40,0x00,0x00,0x20,0x00,0x00,0x02,0x83,0x40,0x00,0x00,
	0x40,0x00,0x00,0x40,0x00,0x00,0x40,0x00,0x00,0x00,0x81,0x00,0xA0,0x00,0x00,0x01,0x00,0x00,0x83,0x80,
	0x40,0x00,0x10,0x00,0x02,0x00,0x40,0x00,0x00,0x10,0x00,0x00,0x8A,0x20,0x09,0x00,0xE8,0x17,0x01,0x60,
	0x41,0x00,0x22,0x05,0x02,0xE0,0x41,0x01,0xC6,0x7D,0x00,0xA0,0x2B,0x03,0x1E,0x51,0x00,0x40,0x22,0x00,
	0x40,0x20,0x01,0x40,0x84,0x00,0x00,0x80,0x00,0xA0,0x00,0x01,0x82,0x00,0x40,0x00,0x00,0x01,0x02,0x00,
	0x40,0x00,0x01,0x8A,0x20,0x08,0x00,0xC0,0x15,0x00,0xA0,0x41,0x00,0x20,0x00,0x02,0xA0,0x01,0x00,0x46,
	0x44,0x00,0x60,0x08,0x00,0xBE,0x50,0x00,0xA0,0x20,0x00,0xE0,0x00,0x00,0xA0,0x64,0x00,0x00,0x80,0x00,
	0xA0,0x00,0x01,0x82,0x00,0x40,0x00,0x00,0x01,0x00,0x00,0x40,0x00,0x01,0x8A,0x20,0x00,0x00,0x80,0x11,
	0x00,0x80,0x41,0x00,0x20,0x00,0x02,0x80,0x00,0x00,0x20,0x40,0x00,0x20,0x00,0x00,0xA0,0x40,0x00,0xE0,
	0x20,0x00,0xE0,0x00,0x00,0x40,0x02,0x00,0x09,0x80,0x80,0x00,0x00,0x00,0x80,0x20,0x00,0x00,0x00,0x80,
	0x20,0x00,0x00,0x04,0x81,0x04,0x08,0x00,0x80,0xA0,0x00,0x00,0x90,0x42,0x00,0x00,0x80,0x08,0x00,0x00,
	0x31,0x00,0x00,0x10,0x04,0x01,0x08,0x00,0x08,0x08,0x00,0x20,0x0C,0x00,0x58,0x0E,0x00,0x45,0x05,0x00,
	0x10,0x42,0x00,0xB1,0xE0,0x00,0x82,0x25,0x00,0x1C,0x00,0x04,0x80,0x3A,0x05,0x20,0x89,0x05,0x98,0x57,
	0x06,0x20,0xE3,0x00,0x00,0x80,0x00,0xA0,0x00,0x02,0x83,0x00,0x10,0x00,0x00,0x10,0x00,0x01,0x00,0x00,
	0x00,0x08,0x00,0x00,0x89,0x40,0x0A,0x00,0x40,0x00,0x00,0xB0,0x00,0x00,0x10,0x00,0x00,0x92,0x25,0x00,
	0x10,0x20,0x00,0x50,0x18,0x05,0xB0,0x88,0x00,0x88,0x54,0x00,0x80,0x80,0x00,0x00,0x80,0x00,0xA0,0x00,
	0x07,0x84,0x00,0x08,0x00,0x40,0x00,0x00,0x80,0x00,0x00,0x20,0x00,0x00,0x00,0x20,0x00,0x00,0x83,0x00,
	0x20,0x05,0x00,0x80,0x00,0x00,0x50,0x00,0x80,0x00,0x00,0x0A,0x80,0x40,0x00,0x00,0x00,0x80,0x20,0x00,
	0x00,0x05,0x94,0x00,0x64,0x04,0xC0,0x00,0x00,0x04,0x04,0x02,0x40,0x1B,0x00,0x80,0x02,0x00,0x80,0x22,
	0x00,0x80,0x80,0x02,0x80,0x01,0x04,0x80,0x00,0x00,0x59,0x18,0x00,0xE2,0x04,0x00,0x28,0x80,0x00,0x01,
	0xA0,0x04,0x80,0x45,0x02,0x05,0xC4,0x03,0x82,0x81,0x07,0xC0,0x11,0x04,0x80,0x09,0x01,0x92,0x8D,0x00,
	0xC0,0x9D,0x02,0x00,0x40,0x00,0x00,0x92,0x04,0x00,0x00,0x00,0x01,0x00,0x80,0x02,0x00,0x80,0x01,0x00,
	0x80,0x80,0x00,0x80,0x00,0x04,0x80,0x00,0x00,0x01,0x18,0x00,0xA2,0x04,0x00,0x40,0x00,0x00,0x10,0x00,
	0x04,0x90,0x04,0x02,0x15,0x54,0x00,0x10,0x91,0x07,0x10,0x01,0x00,0x10,0x01,0x00,0x10,0xED,0x00,0xC0,
	0x81,0x02,0x00,0x40,0x00,0x00,0x80,0x04,0x00,0x00,0x00,0x82,0x00,0x02,0x00,0x80,0x01,0x00,0x00,0x80,
	0x00,0x01,0x81,0x01,0x18,0x00,0xA0,0x04,0x00,0x00,0x87,0x10,0x00,0x04,0x10,0x00,0x02,0x10,0x50,0x00,
	0x10,0x80,0x07,0x10,0x10,0x00,0x10,0x00,0x00,0x90,0xA0,0x00,0x40,0x00,0x02,0x09,0x80,0x80,0x00,0x00,
	0x00,0x86,0x10,0x00,0x00,0x10,0x00,0x00,0x10,0x00,0x00,0x10,0x00,0x00,0x10,0x00,0x00,0x10,0x00,0x00,
	0x90,0x00,0x00,0x00,0x93,0x04,0x04,0x00,0xA1,0x00,0x00,0x00,0x04,0x00,0x10,0x05,0x00,0x00,0x12,0x00,
	0x00,0x92,0x02,0xC2,0x11,0x02,0x20,0x10,0x02,0x10,0x00,0x00,0x86,0x08,0x00,0xE1,0x98,0x00,0x40,0x3D,
	0x07,0x51,0x10,0x06,0x28,0x06,0x02,0xC8,0x88,0x01,0xC0,0x10,0x00,0x71,0x89,0x02,0x59,0x29,0x04,0xDA,
	0x09,0x00,0x6D,0xC1,0x02,0x00,0x82,0x01,0x00,0x00,0x00,0x04,0x00,0x10,0x04,0x00,0x00,0x80,0x00,0x02,
	0x02,0x00,0x80,0x00,0x10,0x02,0x00,0x8A,0x80,0x08,0x00,0xC1,0x01,0x00,0xC0,0x38,0x00,0x40,0x00,0x02,
	0x30,0x04,0x02,0x70,0x00,0x00,0xD0,0x00,0x00,0xE0,0x80,0x02,0xC9,0x28,0x00,0xD8,0x30,0x00,0x40,0x00,
	0x02,0x00,0x81,0x01,0x00,0x00,0x00,0x04,0x00,0x03,0x80,0x00,0x10,0x00,0x00,0x84,0x00,0x08,0x00,0x40,
	0x01,0x00,0x80,0x38,0x00,0x00,0x00,0x02,0x00,0x00,0x02,0x01,0x83,0xF0,0x80,0x02,0x50,0x28,0x00,0x40,
	0x10,0x00,0x00,0x00,0x02,0x0F,0x80,0x40,0x00,0x00,0x02,0x05,0x80,0x20,0x00,0x00,0x04,0x80,0x00,0x00,
	0x02,0x0C,0x80,0x20,0x00,0x00,0x04,0x80,0x00,0x00,0x02,0x0C,0x80,0x20,0x00,0x00,0x04,0x80,0x00,0x00,
	0x02,0x1A,0x9A,0x82,0x04,0x00,0x00,0x60,0x00,0x00,0x13,0x00,0x08,0x25,0x04,0x80,0x02,0x04,0x80,0x9B,
	0x00,0x2C,0x00,0x04,0xC0,0x01,0x00,0x70,0x00,0x00,0xA1,0x20,0x00,0xB3,0x00,0x00,0x28,0x58,0x04,0xD0,
	0x00,0x06,0x00,0x01,0x00,0x54,0x0C,0x05,0x62,0x40,0x00,0x58,0xC3,0x00,0xF1,0x72,0x01,0xB0,0x83,0x00,
	0xF3,0x23,0x01,0x82,0x00,0x00,0x00,0x60,0x00,0x00,0x10,0x00,0x08,0x05,0x00,0x80,0x00,0x04,0x00,0x10,
	0x00,0x20,0x01,0x00,0x01,0x91,0x81,0x20,0x00,0xA3,0x00,0x00,0x28,0x58,0x04,0x90,0x00,0x06,0x38,0x00,
	0x00,0x38,0x0C,0x00,0x68,0x48,0x00,0x28,0xC0,0x00,0x21,0x50,0x00,0x90,0xD1,0x00,0xB0,0x41,0x01,0x82,
	0x00,0x00,0x00,0x60,0x00,0x00,0x10,0x00,0x00,0x01,0x00,0x00,0x00,0x04,0x00,0x10,0x00,0x20,0x00,0x00,
	0x01,0x8A,0x01,0x20,0x00,0x80,0x00,0x00,0x28,0x58,0x04,0x08,0x00,0x02,0x38,0x00,0x00,0x30,0x08,0x00,
	0x60,0x40,0x00,0x00,0xC0,0x00,0x00,0x50,0x00,0x90,0x81,0x00,0x40,0x01,0x01,0x0C,0x81,0x20,0x00,0x00,
	0x20,0x00,0x00,0x02,0x81,0x80,0x00,0x00,0x40,0x00,0x00,0x00,0x92,0x03,0x08,0x00,0x00,0x02,0x00,0x04,
	0x29,0x00,0x00,0x12,0x00,0x00,0x04,0x00,0xA0,0x11,0x00,0xA4,0x60,0x00,0xC0,0x08,0x00,0x50,0x40,0x03,
	0xA8,0x4B,0x02,0x64,0x03,0x00,0xD2,0x90,0x04,0x04,0x04,0x00,0x13,0x2C,0x00,0x52,0x19,0x00,0xA9,0xC8,
	0x04,0xEC,0x01,0x02,0x38,0x64,0x00,0x91,0x31,0x00,0x00,0x83,0x03,0x08,0x00,0x00,0x02,0x00,0x00,0x08,
	0x00,0x00,0x12,0x00,0x00,0x8D,0x20,0x11,0x00,0x00,0x20,0x00,0x40,0x00,0x00,0x20,0x40,0x00,0x20,0x03,
	0x02,0xCC,0x02,0x00,0x90,0x00,0x04,0x2C,0x04,0x00,0x18,0x2C,0x00,0x38,0x19,0x00,0xC8,0xC8,0x00,0xC8,
	0x10,0x00,0xE0,0x49,0x00,0x00,0x01,0x00,0x00,0x83,0x03,0x08,0x00,0x00,0x02,0x00,0x00,0x08,0x00,0x00,
	0x12,0x00,0x00,0x83,0x20,0x11,0x00,0x00,0x20,0x00,0x40,0x00,0x00,0x20,0x40,0x00,0x00,0x88,0x44,0x00,
	0x00,0x44,0x00,0x00,0x2C,0x00,0x00,0x18,0x28,0x00,0x18,0x18,0x00,0x08,0xC8,0x00,0x88,0x00,0x00,0x20,
	0x41,0x00,0x00,0x21,0x00,0x0A,0x80,0x40,0x00,0x00,0x00,0x84,0x20,0x00,0x00,0x08,0x00,0x00,0x08,0x00,
	0x00,0x08,0x00,0x00,0x08,0x00,0x00,0x01,0x00,0x92,0x01,0x00,0x00,0x40,0x03,0x01,0x80,0x05,0x00,0x01,
	0x2D,0x00,0x42,0x02,0x02,0x80,0x0A,0x00,0x61,0x29,0x02,0x40,0x44,0x00,0x6C,0x08,0x04,0xD0,0x10,0x01,
	0xA8,0x04,0x02,0x66,0x84,0x02,0xAA,0x00,0x00,0x48,0x13,0x03,0xA1,0x22,0x04,0x40,0x05,0x04,0x60,0x0D,
	0x03,0x18,0x1B,0x00,0xA8,0x21,0x04,0x00,0x84,0x01,0x00,0x00,0x00,0x01,0x00,0x80,0x01,0x00,0x01,0x2D,
	0x00,0x00,0x00,0x02,0x00,0x80,0x40,0x29,0x02,0x00,0x8A,0x70,0x08,0x00,0xA8,0x00,0x01,0xAC,0x00,0x02,
	0x18,0x04,0x00,0x48,0x00,0x00,0x28,0x11,0x00,0x08,0x20,0x04,0x78,0x01,0x00,0x28,0x21,0x00,0x80,0x23,
	0x00,0xD0,0x30,0x04,0x00,0x81,0x01,0x00,0x00,0x00,0x01,0x00,0x00,0x80,0x01,0x20,0x00,0x01,0x80,0x40,
	0x20,0x00,0x00,0x8A,0x40,0x08,0x00,0x28,0x00,0x00,0x40,0x00,0x02,0x72,0x00,0x00,0x20,0x00,0x00,0x20,
	0x10,0x00,0x00,0x20,0x04,0x70,0x00,0x00,0x20,0x28,0x00,0x88,0x00,0x00,0x90,0x20,0x04,0x0B,0x80,0x70,
	0x00,0x00,0x00,0x80,0x20,0x00,0x00,0x00,0x80,0x20,0x00,0x00,0x00,0x81,0x08,0x00,0x00,0x10,0x00,0x00,
	0x95,0x00,0x01,0x00,0x04,0x10,0x00,0x00,0x01,0x00,0x00,0x06,0x00,0x40,0x0F,0x04,0xAC,0x21,0x00,0x00,
	0x01,0x00,0x8A,0x00,0x02,0x70,0x38,0x00,0x34,0x76,0x02,0x2D,0x02,0x00,0xF0,0x22,0x04,0x8B,0x55,0x00,
	0x59,0x25,0x04,0x68,0x85,0x05,0xFE,0x85,0x03,0x30,0x80,0x00,0x24,0x0A,0x00,0x88,0x22,0x04,0xA0,0x99,
	0x00,0x00,0x01,0x00,0x04,0x10,0x00,0x00,0x92,0x80,0x04,0x00,0x40,0x04,0x04,0x20,0x09,0x00,0x00,0x09,
	0x00,0x00,0x08,0x02,0x50,0x38,0x00,0x50,0x64,0x00,0x00,0x02,0x00,0x6A,0x20,0x04,0xE0,0x00,0x00,0x42,
	0x21,0x00,0x28,0x80,0x05,0x1C,0x80,0x03,0x08,0x08,0x00,0x68,0x12,0x00,0x08,0x32,0x00,0x48,0x91,0x00,
	0x00,0x01,0x00,0x04,0x10,0x00,0x00,0x86,0x80,0x04,0x00,0x40,0x00,0x04,0x20,0x01,0x00,0x00,0x01,0x00,
	0x00,0x08,0x00,0x00,0x38,0x00,0x10,0x60,0x00,0x00,0x88,0x0A,0x20,0x04,0x89,0x00,0x00,0x0A,0x20,0x00,
	0x48,0x80,0x05,0x18,0x80,0x03,0x08,0x08,0x00,0x48,0x00,0x00,0x08,0x20,0x00,0xC0,0x90,0x00,0x08,0x80,
	0x10,0x00,0x00,0x02,0x80,0x48,0x00,0x00,0x02,0x80,0x40,0x00,0x00,0x00,0x80,0x40,0x00,0x00,0x93,0x08,
	0x00,0x00,0x01,0x00,0x00,0x00,0x40,0x00,0x80,0x03,0x01,0x80,0x0B,0x00,0x84,0x0B,0x00,0x40,0x09,0x01,
	0x70,0x22,0x00,0x8C,0x03,0x00,0xBC,0x01,0x01,0x5C,0x00,0x03,0xC2,0x0E,0x01,0xB0,0x92,0x00,0xE0,0x01,
	0x02,0xB0,0x08,0x02,0x84,0x00,0x06,0x84,0xA0,0x04,0x18,0x3A,0x00,0xD2,0x38,0x02,0xA8,0x01,0x02,0x00,
	0x92,0x01,0x00,0x00,0x00,0x40,0x00,0x00,0x03,0x00,0x00,0x0B,0x00,0x80,0x0A,0x00,0x00,0x08,0x00,0x60,
	0x24,0x00,0x80,0x05,0x00,0x58,0x05,0x00,0x0C,0x00,0x03,0x0A,0x0D,0x01,0x90,0x0A,0x00,0x89,0x08,0x00,
	0x54,0x00,0x02,0xC0,0x08,0x00,0xA0,0x20,0x00,0x4C,0x32,0x00,0x00,0x10,0x00,0xA8,0x01,0x02,0x00,0x92,
	0x01,0x00,0x00,0x00,0x40,0x00,0x00,0x02,0x00,0x00,0x09,0x00,0x80,0x08,0x00,0x00,0x08,0x00,0x60,0x20,
	0x00,0x80,0x00,0x00,0x50,0x04,0x00,0x0C,0x00,0x00,0x80,0x09,0x01,0xD8,0x08,0x00,0x49,0x08,0x00,0x50,
	0x00,0x02,0x40,0x08,0x00,0x24,0x20,0x00,0x00,0x30,0x00,0x80,0x10,0x00,0x88,0x00,0x02,0x08,0x80,0x50,
	0x00,0x00,0x01,0x80,0xD8,0x00,0x00,0x00,0x80,0x40,0x00,0x00,0x00,0x80,0x24,0x00,0x00,0x01,0x80,0x88,
	0x00,0x00,0x00,0x80,0x01,0x00,0x00,0x12,0x80,0x01,0x00,0x00,0x12,0x80,0x01,0x00,0x00,0x25,0x00,0x92,
	0x01,0x20,0x00,0x80,0x02,0x00,0x40,0x02,0x02,0x80,0x04,0x00,0x00,0x02,0x06,0x00,0x03,0x00,0x00,0x01,
	0x00,0xC0,0x06,0x00,0xF0,0x92,0x00,0x7C,0x23,0x04,0xD0,0x02,0x02,0x6C,0x2A,0x07,0x19,0xAB,0x01,0x10,
	0x4A,0x00,0xB0,0x4B,0x00,0x04,0x28,0x00,0x3C,0x22,0x00,0x54,0xE2,0x05,0xA8,0x50,0x01,0x00,0x80,0x01,
	0x20,0x00,0x00,0x90,0x00,0x02,0x00,0x80,0x05,0x00,0x80,0x00,0x06,0x00,0x05,0x00,0x00,0x05,0x00,0x40,
	0x06,0x00,0xE0,0x02,0x00,0x60,0x26,0x00,0x08,0x0B,0x02,0x30,0x0B,0x01,0x0D,0x28,0x00,0x90,0x48,0x00,
	0x60,0x48,0x00,0x40,0x28,0x00,0x08,0x20,0x00,0x14,0xC1,0x01,0xF0,0x50,0x01,0x00,0x80,0x01,0x20,0x00,
	0x00,0x81,0x00,0x02,0x00,0x80,0x00,0x00,0x01,0x8C,0x00,0x04,0x00,0x00,0x04,0x00,0xC0,0x00,0x00,0x60,
	0x24,0x00,0x08,0x00,0x02,0xA0,0x01,0x01,0x0C,0x20,0x00,0x90,0x40,0x00,0x00,0x40,0x00,0x40,0x20,0x00,
	0x04,0x20,0x00,0x00,0xC0,0x01,0x50,0x50,0x01,0x08,0x80,0x40,0x00,0x00,0x00,0x82,0x08,0x00,0x00,0x80,
	0x00,0x00,0x80,0x00,0x00,0x02,0x80,0x04,0x00,0x00,0x00,0x80,0x50,0x00,0x00,0x93,0x00,0x40,0x00,0x01,
	0x00,0x00,0x88,0x01,0x04,0x00,0x83,0x05,0x80,0x04,0x04,0x60,0x03,0x00,0xA0,0x00,0x01,0xB0,0x12,0x04,
	0x30,0x02,0x02,0xB4,0x01,0x00,0x9E,0x06,0x00,0x35,0x1C,0x00,0x93,0x18,0x00,0xC5,0x99,0x06,0xD0,0x09,
	0x04,0x18,0x2B,0x03,0x2C,0x88,0x01,0x8C,0x0B,0x04,0x3D,0x0A,0x03,0x12,0x34,0x00,0x00,0x82,0x01,0x00,
	0x00,0x88,0x00,0x00,0x00,0x01,0x00,0x00,0x80,0x00,0x01,0x00,0x00,0x8C,0xA0,0x14,0x00,0x80,0x02,0x02,
	0x00,0x01,0x00,0x54,0x0C,0x00,0x21,0x10,0x00,0xA0,0x11,0x00,0x73,0x10,0x00,0x68,0x01,0x04,0x30,0x21,
	0x01,0x68,0x00,0x00,0x00,0x01,0x00,0x74,0x00,0x01,0x54,0x30,0x00,0x00,0x81,0x01,0x00,0x00,0x88,0x00,
	0x00,0x03,0x80,0xA0,0x14,0x00,0x00,0x8A,0x40,0x00,0x00,0x40,0x08,0x00,0x11,0x10,0x00,0x20,0x10,0x00,
	0x72,0x10,0x00,0x08,0x00,0x04,0x08,0x20,0x01,0x28,0x00,0x00,0x44,0x00,0x00,0xA0,0x00,0x01,0x20,0x30,
	0x00,0x0A,0x80,0x10,0x00,0x00,0x00,0x80,0x00,0x01,0x00,0x01,0x83,0x20,0x00,0x00,0x44,0x00,0x00,0x80,
	0x00,0x00,0xA0,0x00,0x00,0x93,0x00,0x42,0x00,0x01,0x02,0x00,0x80,0x20,0x00,0x80,0x02,0x01,0x40,0x06,
	0x00,0x40,0x42,0x04,0xC1,0x04,0x00,0x10,0x17,0x00,0x45,0x05,0x00,0x90,0x81,0x00,0x16,0x50,0x02,0x92,
	0x13,0x00,0x0A,0x10,0x01,0x4D,0x11,0x05,0xF2,0x10,0x00,0xE0,0x50,0x01,0xF0,0x94,0x01,0x20,0x11,0x04,
	0x38,0x21,0x02,0x78,0x0A,0x06,0x00,0x92,0x01,0x00,0x00,0x00,0x20,0x00,0x40,0x02,0x00,0x40,0x00,0x00,
	0x80,0x00,0x00,0x00,0x04,0x00,0x60,0x15,0x00,0x21,0x04,0x00,0xF8,0x06,0x00,0x4A,0x18,0x00,0x00,0x02,
	0x00,0x16,0x02,0x01,0xF8,0x03,0x00,0xBC,0x02,0x00,0x8C,0x50,0x01,0x28,0x10,0x00,0x14,0x10,0x00,0xF8,
	0x20,0x02,0x54,0x0E,0x06,0x00,0x81,0x01,0x00,0x00,0x00,0x20,0x00,0x00,0x80,0x40,0x00,0x00,0x01,0x8C,
	0x40,0x10,0x00,0xA1,0x04,0x00,0xB0,0x04,0x00,0x0A,0x10,0x00,0x08,0x00,0x00,0x28,0x00,0x01,0x00,0x01,
	0x00,0x20,0x00,0x00,0xA8,0x50,0x01,0x14,0x10,0x00,0x98,0x10,0x00,0xB0,0x20,0x02,0x6C,0x00,0x06,0x08,
	0x80,0x10,0x00,0x00,0x00,0x85,0x08,0x00,0x00,0x28,0x00,0x00,0x00,0x01,0x00,0x20,0x00,0x00,0x28,0x00,
	0x00,0x14,0x00,0x00,0x00,0x81,0x88,0x00,0x00,0x04,0x00,0x00,0x01,0x91,0xE0,0x00,0x00,0xD0,0x00,0x00,
	0x30,0x07,0x00,0x34,0x07,0x00,0x96,0x04,0x00,0x18,0x28,0x04,0xF2,0x04,0x02,0x62,0x0C,0x02,0x3E,0x90,
	0x01,0x43,0x66,0x05,0x27,0x00,0x00,0x80,0x21,0x00,0xD4,0x01,0x00,0xEC,0x14,0x00,0xD1,0x04,0x00,0xA4,
	0x00,0x04,0x18,0xEE,0x00,0x4E,0x05,0x03,0x01,0x91,0x40,0x01,0x00,0xB0,0x04,0x00,0x40,0x05,0x00,0x70,
	0x01,0x00,0x08,0x08,0x00,0xD0,0x28,0x00,0x02,0x01,0x02,0xA8,0x0C,0x00,0x2A,0x00,0x00,0x39,0x02,0x01,
	0x76,0x01,0x00,0x59,0x23,0x00,0x38,0x00,0x00,0x90,0x00,0x00,0x08,0x00,0x00,0x88,0x00,0x00,0xA8,0xE2,
	0x00,0x08,0x0D,0x03,0x01,0x91,0x00,0x01,0x00,0x80,0x04,0x00,0x40,0x00,0x00,0x70,0x00,0x00,0x00,0x08,
	0x00,0xF0,0x28,0x00,0x42,0x00,0x00,0x08,0x08,0x00,0x02,0x00,0x00,0x19,0x00,0x01,0x3C,0x00,0x00,0xF0,
	0x22,0x00,0x50,0x00,0x00,0xC8,0x00,0x00,0x50,0x00,0x00,0x60,0x00,0x00,0xE0,0xE0,0x00,0x10,0x0C,0x03,
	0x0A,0x88,0x10,0x00,0x00,0x30,0x00,0x00,0xF8,0x00,0x00,0x58,0x00,0x00,0x10,0x00,0x00,0x08,0x00,0x00,
	0x78,0x00,0x00,0x70,0x00,0x00,0x08,0x00,0x00,0x01,0x91,0xC0,0x0A,0x00,0x30,0x01,0x00,0x08,0x09,0x00,
	0x4E,0x00,0x00,0xA0,0x0A,0x05,0x58,0x19,0x00,0x78,0x41,0x04,0x1E,0x2C,0x00,0x0D,0x00,0x06,0xBA,0x60,
	0x02,0x87,0x27,0x00,0x33,0x04,0x00,0x12,0x30,0x02,0xEA,0x11,0x00,0xA4,0x20,0x00,0xF8,0x33,0x00,0x9C,
	0x21,0x00,0x98,0x30,0x00,0x01,0x91,0x00,0x0A,0x00,0x20,0x01,0x00,0x20,0x09,0x00,0xD2,0x08,0x00,0xC0,
	0x08,0x00,0xD0,0x11,0x00,0xA0,0x00,0x00,0x08,0x20,0x00,0x07,0x00,0x06,0x0B,0x00,0x00,0x11,0x21,0x00,
	0xF0,0x03,0x00,0xF9,0x20,0x02,0x10,0x01,0x00,0xE0,0x20,0x00,0xA0,0x12,0x00,0x84,0x2D,0x00,0xF0,0x30,
	0x00,0x01,0x83,0x40,0x0A,0x00,0x40,0x00,0x00,0x20,0x08,0x00,0x52,0x08,0x00,0x00,0x80,0x10,0x10,0x00,
	0x00,0x8A,0x10,0x20,0x00,0x13,0x00,0x06,0x11,0x00,0x00,0x34,0x21,0x00,0xB2,0x03,0x00,0xF9,0x20,0x02,
	0x20,0x00,0x00,0x20,0x20,0x00,0xE0,0x10,0x00,0x68,0x20,0x00,0x18,0x30,0x00,0x08,0x80,0x10,0x00,0x00,
	0x07,0x81,0x08,0x00,0x00,0x08,0x00,0x00,0x4F,0x80,0x08,0x05,0x00,0x00,0x92,0x28,0x23,0x04,0xE0,0x0D,
	0x00,0x00,0x09,0x00,0xDC,0x1F,0x00,0xA0,0x03,0x01,0x50,0x09,0x00,0x08,0x0C,0x00,0x2A,0x00,0x00,0x08,
	0x10,0x01,0x7C,0x12,0x00,0xA7,0x11,0x00,0xFD,0xD0,0x02,0x76,0x90,0x01,0x83,0x14,0x00,0x18,0x38,0x00,
	0x09,0x6C,0x02,0x10,0x2C,0x00,0x20,0x70,0x04,0x00,0x01,0x00,0x00,0x92,0x08,0x22,0x00,0x30,0x00,0x00,
	0x00,0x01,0x00,0xA8,0x19,0x00,0x10,0x10,0x00,0x00,0x08,0x00,0x10,0x08,0x00,0x20,0x00,0x00,0x17,0x00,
	0x01,0x36,0x00,0x00,0xA2,0x00,0x00,0x38,0xC0,0x02,0x28,0x90,0x01,0x91,0x10,0x00,0x00,0x30,0x00,0x08,
	0x40,0x00,0x08,0x2C,0x00,0x20,0x70,0x04,0x00,0x01,0x00,0x00,0x84,0x08,0x22,0x00,0xA0,0x00,0x00,0x40,
	0x00,0x00,0x20,0x10,0x00,0x10,0x10,0x00,0x00,0x8B,0x00,0x08,0x00,0x18,0x00,0x00,0x06,0x00,0x01,0x02,
	0x00,0x00,0xC0,0x00,0x00,0x4D,0xC0,0x02,0x12,0x90,0x01,0x11,0x10,0x00,0x00,0x30,0x00,0x00,0x40,0x00,
	0x00,0x2C,0x00,0x10,0x70,0x04,0x10,0x80,0x08,0x00,0x00,0x00,0x80,0x10,0x00,0x00,0x80,0x00,0x05,0x00,
	0x00,0x92,0x80,0x2B,0x04,0xC0,0x85,0x00,0xD0,0x26,0x00,0xE0,0x14,0x00,0x88,0x98,0x01,0xD0,0x02,0x00,
	0x58,0x0C,0x00,0x18,0x00,0x00,0x49,0x28,0x04,0x11,0x10,0x00,0xCB,0x25,0x00,0x13,0x01,0x01,0x65,0x48,
	0x06,0x30,0x28,0x00,0x79,0x00,0x00,0xEA,0x82,0x02,0x2F,0x03,0x01,0x24,0x10,0x04,0x00,0x01,0x00,0x00,
	0x92,0x00,0x29,0x00,0xA0,0x07,0x00,0xC0,0x06,0x00,0xC0,0x20,0x00,0x18,0x10,0x00,0x70,0x02,0x00,0x20,
	0x08,0x00,0x10,0x00,0x00,0x01,0x20,0x04,0x0C,0x10,0x00,0x4B,0x25,0x00,0x00,0x01,0x01,0x4A,0x40,0x00,
	0x37,0x20,0x00,0x60,0x00,0x00,0xF8,0x88,0x00,0x38,0x01,0x01,0x30,0x10,0x04,0x00,0x01,0x00,0x00,0x81,
	0x00,0x29,0x00,0x20,0x05,0x00,0x00,0x83,0x00,0x20,0x00,0x10,0x00,0x00,0x20,0x00,0x00,0x00,0x08,0x00,
	0x00,0x89,0x08,0x20,0x04,0x04,0x10,0x00,0x07,0x20,0x00,0x0A,0x00,0x01,0x24,0x40,0x00,0x27,0x20,0x00,
	0x28,0x00,0x00,0x10,0x80,0x00,0x18,0x00,0x01,0x20,0x10,0x04,0x13,0x93,0x20,0x00,0x00,0x24,0x00,0x00,
	0x41,0xB1,0x00,0x30,0x0D,0x01,0xC9,0x68,0x00,0xB8,0x1B,0x00,0x30,0x64,0x00,0x70,0x28,0x00,0x00,0x48,
	0x00,0x60,0xA0,0x00,0x29,0x00,0x00,0xF8,0x08,0x01,0x1D,0x08,0x00,0x1A,0x08,0x00,0x78,0x00,0x00,0xA2,
	0x08,0x00,0x78,0x00,0x04,0x28,0x6C,0x00,0x00,0x60,0x03,0x84,0x90,0x02,0x00,0x8A,0x04,0x00,0x00,0xC1,
	0x20,0x00,0x30,0x09,0x00,0x81,0x26,0x00,0x08,0x10,0x00,0x10,0x20,0x00,0x10,0x08,0x00,0x30,0x08,0x00,
	0x30,0x20,0x00,0x10,0x00,0x00,0x48,0x00,0x00,0x00,0x86,0x1C,0x00,0x00,0x64,0x00,0x00,0xFA,0x08,0x00,
	0x20,0x08,0x00,0x28,0x6C,0x00,0x10,0x00,0x03,0xE4,0x90,0x02,0x00,0x83,0x04,0x00,0x00,0xC1,0x20,0x00,
	0xC0,0x02,0x00,0x01,0x06,0x00,0x00,0x80,0x00,0x20,0x00,0x00,0x81,0x20,0x08,0x00,0x10,0x20,0x00,0x00,
	0x81,0x08,0x00,0x00,0x08,0x00,0x00,0x00,0x81,0x38,0x00,0x00,0x52,0x00,0x00,0x00,0x82,0x18,0x68,0x00,
	0x00,0x00,0x03,0x04,0x90,0x02,0x10,0x80,0x10,0x00,0x00,0x00,0x80,0x04,0x00,0x00,0x93,0x00,0x10,0x00,
	0x82,0x00,0x00,0x80,0x49,0x00,0x80,0x33,0x02,0xE0,0x07,0x04,0x6A,0x2D,0x02,0x10,0x30,0x00,0x40,0x0E,
	0x00,0xD6,0x08,0x00,0x70,0x40,0x04,0x31,0x0C,0x02,0x59,0x08,0x00,0x2B,0x0A,0x00,0xAA,0x09,0x00,0x8D,
	0xA0,0x01,0x44,0x40,0x00,0x10,0x0C,0x00,0x00,0x82,0x04,0x11,0x60,0x00,0x09,0x61,0x00,0x00,0x92,0x02,
	0x00,0x00,0x80,0x08,0x00,0x80,0x31,0x00,0xC0,0x0D,0x00,0xD2,0x00,0x00,0x10,0x38,0x00,0xA0,0x06,0x00,
	0x72,0x08,0x00,0x60,0x08,0x00,0x10,0x08,0x02,0x40,0x08,0x00,0x02,0x0A,0x00,0x90,0x09,0x00,0xA9,0xA8,
	0x00,0x50,0x08,0x00,0x08,0x08,0x00,0x10,0x86,0x00,0x10,0x00,0x00,0x09,0x61,0x00,0x00,0x8B,0x02,0x00,
	0x00,0x00,0x08,0x00,0x80,0x01,0x00,0xC0,0x09,0x00,0x12,0x00,0x00,0x00,0x20,0x00,0x20,0x00,0x00,0x02,
	0x08,0x00,0x00,0x08,0x00,0x10,0x00,0x02,0x10,0x00,0x00,0x12,0x00,0x00,0x00,0x85,0x01,0xA0,0x00,0x60,
	0x08,0x00,0x20,0x08,0x00,0x00,0x86,0x00,0x10,0x00,0x00,0x01,0x60,0x00,0x02,0x80,0x80,0x01,0x00,0x0D,
	0x80,0x10,0x00,0x00,0x00,0x80,0x00,0x20,0x00,0x00,0x91,0x80,0x50,0x06,0x00,0x4C,0x01,0xC0,0x62,0x06,
	0x24,0x22,0x00,0x80,0x37,0x02,0x40,0x03,0x00,0x18,0x45,0x06,0x41,0x2C,0x00,0xD1,0x88,0x01,0x4B,0x88,
	0x02,0x07,0x10,0x00,0x2A,0x0C,0x02,0x42,0x0C,0x03,0xB4,0x4C,0x02,0x18,0x04,0x02,0xCC,0x20,0x00,0x14,
	0x00,0x00,0x15,0x40,0x00,0x01,0x8F,0x80,0x00,0x00,0x40,0x4A,0x00,0x80,0x7F,0x00,0x60,0x1F,0x00,0x20,
	0x10,0x00,0xC0,0x03,0x00,0x40,0x00,0x00,0x60,0x00,0x00,0x21,0x80,0x01,0x33,0x80,0x00,0x31,0x18,0x00,
	0x0A,0x04,0x02,0x42,0x08,0x00,0xC4,0x00,0x00,0x10,0x04,0x00,0x98,0x20,0x00,0x00,0x80,0x15,0x40,0x00,
	0x02,0x80,0x80,0x01,0x00,0x01,0x80,0x00,0x10,0x00,0x00,0x89,0x40,0x00,0x00,0x20,0x00,0x00,0x00,0x80,
	0x01,0x12,0x80,0x00,0x01,0x18,0x00,0x1A,0x00,0x02,0x02,0x08,0x00,0x04,0x00,0x00,0x08,0x00,0x00,0x38,
	0x20,0x00,0x00,0x80,0x05,0x40,0x00,0x02,0x80,0x80,0x01,0x00,0x0B,0x80,0x08,0x00,0x00,0x01,0x80,0x04,
	0x00,0x00,0x80,0x10,0x00,0x00,0x4E,0x93,0x10,0x20,0x00,0x00,0x04,0x00,0x60,0x40,0x00,0xC0,0x50,0x00,
	0x80,0xCA,0x00,0xD0,0x2E,0x00,0x50,0x04,0x00,0xA0,0x09,0x04,0xF1,0x82,0x05,0x41,0x08,0x02,0x70,0x1C,
	0x00,0x01,0x88,0x05,0x53,0x80,0x00,0x76,0x08,0x02,0x0C,0xA4,0x00,0x49,0x00,0x02,0x14,0x02,0x00,0x40,
	0x00,0x01,0x20,0x02,0x00,0x20,0x00,0x00,0x02,0x90,0xA0,0x51,0x00,0x60,0x7C,0x00,0x00,0x3A,0x00,0x00,
	0x10,0x00,0x00,0x08,0x00,0x81,0x02,0x00,0x60,0x00,0x00,0x23,0x18,0x00,0x23,0x88,0x00,0x37,0x00,0x00,
	0x1A,0x08,0x02,0x08,0xA4,0x00,0x08,0x04,0x00,0x7C,0x06,0x00,0x50,0x00,0x01,0x00,0x02,0x00,0x10,0x00,
	0x00,0x02,0x85,0x80,0x01,0x00,0xE0,0x17,0x00,0x00,0x3E,0x00,0x00,0x10,0x00,0x00,0x08,0x00,0x01,0x00,
	0x00,0x00,0x84,0x22,0x18,0x00,0x20,0x88,0x00,0x25,0x00,0x00,0x3A,0x08,0x02,0x00,0xA0,0x00,0x00,0x83,
	0x00,0x04,0x00,0x50,0x00,0x01,0x00,0x02,0x00,0x10,0x00,0x00,0x03,0x80,0x00,0x10,0x00,0x07,0x80,0x10,
	0x00,0x00,0x04,0x80,0x10,0x00,0x00,0x80,0x28,0x02,0x01,0x00,0x92,0x00,0x01,0x06,0x00,0x10,0x00,0x10,
	0xFE,0x00,0x40,0xA1,0x03,0x00,0x4C,0x00,0x50,0x19,0x02,0x11,0x00,0x00,0xC6,0x04,0x00,0x45,0x00,0x00,
	0xF6,0x01,0x00,0xF4,0x83,0x00,0x5E,0x04,0x02,0x06,0x00,0x02,0x04,0x0E,0x00,0x64,0x1E,0x01,0x68,0x01,
	0x00,0x58,0x00,0x01,0x00,0x02,0x01,0x00,0x00,0x01,0x01,0x91,0x00,0x10,0x00,0xC0,0x01,0x00,0x40,0x0F,
	0x02,0x00,0x44,0x00,0x00,0x19,0x00,0x21,0x00,0x00,0x00,0x04,0x00,0x45,0x00,0x00,0x27,0x00,0x00,0xAE,
	0x01,0x00,0x28,0x00,0x02,0x04,0x04,0x00,0x00,0x06,0x00,0x14,0x00,0x00,0x40,0x01,0x00,0x58,0x00,0x01,
	0x00,0x00,0x01,0x00,0x00,0x01,0x03,0x80,0x00,0x05,0x02,0x00,0x81,0x00,0x18,0x00,0x01,0x00,0x00,0x00,
	0x89,0x05,0x00,0x00,0x25,0x00,0x00,0x28,0x00,0x00,0x10,0x00,0x02,0x04,0x04,0x00,0x08,0x04,0x00,0x10,
	0x00,0x00,0x40,0x00,0x00,0x08,0x00,0x01,0x00,0x00,0x01,0x04,0x80,0x00,0x04,0x00,0x06,0x80,0x10,0x00,
	0x00,0x05,0xA2,0x01,0x04,0x01,0x41,0x04,0x00,0x25,0x00,0x00,0x90,0x23,0x00,0x00,0x3C,0x02,0x08,0x2F,
	0x00,0x80,0x80,0x00,0x40,0x03,0x00,0x91,0x82,0x00,0x22,0x00,0x00,0x0E,0x04,0x00,0x34,0x04,0x00,0xB6,
	0x06,0x00,0x74,0x10,0x00,0xE0,0x00,0x00,0x80,0x00,0x04,0x15,0x00,0x01,0x6A,0x00,0x00,0x08,0x80,0x01,
	0x62,0x02,0x00,0x01,0x00,0x01,0x01,0x00,0x00,0x05,0x00,0x00,0x90,0x20,0x00,0x00,0x38,0x00,0x80,0x10,
	0x00,0x00,0x87,0x00,0x00,0x02,0x00,0x01,0x02,0x00,0x60,0x00,0x00,0x40,0x04,0x00,0x5E,0x04,0x00,0x4E,
	0x00,0x00,0x64,0x10,0x00,0x08,0x00,0x00,0x01,0x85,0x30,0x00,0x00,0x20,0x80,0x01,0x60,0x00,0x00,0x01,
	0x00,0x01,0x01,0x00,0x00,0x05,0x00,0x00,0x00,0x82,0x00,0x10,0x00,0x00,0x07,0x00,0x00,0x04,0x00,0x00,
	0x85,0x01,0x00,0x00,0x40,0x00,0x00,0x40,0x00,0x00,0x1A,0x00,0x00,0x02,0x00,0x00,0x14,0x10,0x00,0x00,
	0x80,0x10,0x00,0x00,0x00,0x82,0x30,0x00,0x00,0x20,0x80,0x01,0x40,0x00,0x00,0x03,0x81,0x00,0x10,0x00,
	0x00,0x04,0x00,0x0A,0x80,0x20,0x00,0x00,0x01,0x93,0x00,0x08,0x00,0xC0,0x00,0x00,0x84,0x00,0x00,0x00,
	0x92,0x00,0x00,0x16,0x04,0x40,0x0E,0x00,0x10,0x0C,0x00,0x00,0x05,0x00,0xD0,0x04,0x00,0x4E,0x00,0x01,
	0x02,0x01,0x00,0x30,0x00,0x00,0x50,0x18,0x00,0xBA,0x40,0x01,0x0C,0x00,0x02,0x21,0x00,0x04,0xC8,0x7C,
	0x00,0xB1,0x2D,0x00,0xC0,0x00,0x00,0x04,0x00,0x01,0x01,0x84,0x04,0x00,0x00,0x00,0x10,0x00,0x00,0x14,
	0x00,0x40,0x12,0x00,0x00,0x19,0x00,0x00,0x8B,0x80,0x00,0x00,0x44,0x00,0x00,0x0A,0x00,0x00,0x2C,0x00,
	0x00,0x54,0x18,0x00,0x68,0x40,0x01,0x18,0x00,0x00,0x10,0x00,0x00,0x38,0x60,0x00,0xB0,0x01,0x00,0xA0,
	0x00,0x00,0x04,0x00,0x01,0x01,0x80,0x04,0x00,0x00,0x00,0x80,0x00,0x04,0x00,0x00,0x80,0x00,0x18,0x00,
	0x00,0x82,0x80,0x00,0x00,0x04,0x00,0x00,0x0A,0x00,0x00,0x00,0x85,0x54,0x18,0x00,0x60,0x40,0x01,0x08,
	0x00,0x00,0x10,0x00,0x00,0x00,0x60,0x00,0x30,0x00,0x00,0x00,0x80,0x04,0x00,0x01,0x0E,0x80,0x10,0x00,
	0x00,0x00,0x80,0x20,0x00,0x00,0x00,0x80,0x04,0x00,0x00,0x80,0x00,0x00,0x05,0x00,0x92,0x00,0x40,0x02,
	0x20,0x00,0x00,0x20,0x32,0x00,0x80,0x16,0x04,0x20,0xD9,0x00,0xB8,0x04,0x00,0x00,0x42,0x00,0x59,0x01,
	0x06,0x1D,0x00,0x00,0x8A,0x00,0x00,0xD0,0x47,0x01,0x80,0xA1,0x00,0x28,0x01,0x02,0x18,0x00,0x00,0xE8,
	0x62,0x02,0x09,0x08,0x01,0x02,0x02,0x00,0x00,0x20,0x02,0x00,0x00,0x05,0x02,0x82,0x20,0x0A,0x00,0x00,
	0x02,0x04,0x20,0xC6,0x00,0x00,0x8C,0xC0,0x00,0x00,0x49,0x00,0x00,0x08,0x00,0x00,0x1C,0x00,0x00,0x18,
	0x43,0x01,0x70,0xA1,0x00,0x10,0x01,0x00,0x30,0x00,0x00,0x50,0x62,0x00,0x00,0x00,0x01,0x40,0x02,0x00,
	0x00,0x20,0x02,0x00,0x00,0x05,0x02,0x82,0x20,0x02,0x00,0x00,0x00,0x04,0x00,0x04,0x00,0x00,0x81,0x40,
	0x00,0x00,0x09,0x00,0x00,0x00,0x82,0x14,0x00,0x00,0x00,0x40,0x01,0x40,0xA0,0x00,0x00,0x84,0x10,0x00,
	0x00,0x30,0x62,0x00,0x00,0x00,0x01,0x40,0x02,0x00,0x00,0x20,0x02,0x0D,0x80,0x10,0x00,0x00,0x00,0x80,
	0x10,0x00,0x00,0x02,0x4F,0x00,0x92,0x24,0x00,0x00,0x01,0x03,0x04,0x20,0x01,0x04,0x70,0x00,0x00,0x14,
	0x04,0x00,0x40,0x06,0x00,0x10,0x0C,0x00,0x20,0x00,0x00,0x8D,0xB0,0x00,0x0D,0x90,0x02,0x08,0x02,0x00,
	0x2A,0xA0,0x00,0xD0,0x00,0x06,0x31,0x08,0x02,0x00,0x00,0x02,0x18,0x00,0x04,0xC8,0x22,0x00,0xD2,0x62,
	0x00,0x14,0x00,0x04,0x00,0x8D,0x04,0x00,0x00,0x01,0x00,0x04,0x20,0x00,0x00,0x40,0x00,0x00,0x00,0x0A,
	0x00,0x00,0x06,0x00,0x10,0x08,0x00,0x28,0x00,0x00,0x95,0x10,0x00,0x1C,0x80,0x00,0x10,0x00,0x00,0x28,
	0xA0,0x00,0x50,0x00,0x00,0x30,0x00,0x00,0x00,0x83,0x78,0x00,0x00,0xA8,0x02,0x00,0x50,0x60,0x00,0x10,
	0x00,0x04,0x00,0x81,0x04,0x00,0x00,0x01,0x00,0x04,0x01,0x85,0x00,0x02,0x00,0x00,0x04,0x00,0x00,0x08,
	0x00,0x28,0x00,0x00,0x15,0x10,0x00,0x14,0x80,0x00,0x00,0x81,0x08,0xA0,0x00,0x10,0x00,0x00,0x01,0x83,
	0x68,0x00,0x00,0x20,0x02,0x00,0x00,0x60,0x00,0x10,0x00,0x04,0x0F,0x81,0x28,0x00,0x00,0x20,0x00,0x00,
	0x00,0x80,0x10,0x00,0x00,0x00,0x80,0x20,0x00,0x00,0x00,0x81,0xD0,0x00,0x00,0x20,0x00,0x00,0x00,0x8D,
	0x31,0x04,0x04,0xD0,0x00,0x01,0xD0,0x00,0x00,0x00,0x44,0x01,0x48,0x0C,0x01,0x28,0x00,0x00,0x40,0x00,
	0x00,0x44,0x05,0x04,0x10,0x64,0x00,0x58,0x00,0x04,0x9C,0x02,0x00,0x48,0x86,0x00,0xAE,0x00,0x00,0x70,
	0x04,0x00,0x02,0x81,0x90,0x00,0x00,0x20,0x00,0x00,0x00,0x85,0x10,0x02,0x00,0x90,0x00,0x00,0x90,0x00,
	0x00,0x00,0x04,0x01,0x40,0x04,0x00,0x28,0x00,0x00,0x00,0x86,0x08,0x01,0x00,0x10,0x00,0x00,0x10,0x00,
	0x00,0xA0,0x02,0x00,0x20,0x80,0x00,0xAC,0x00,0x00,0x20,0x04,0x00,0x05,0x80,0x00,0x02,0x00,0x00,0x83,
	0x10,0x00,0x00,0x00,0x00,0x01,0x40,0x00,0x00,0x08,0x00,0x00,0x00,0x80,0x08,0x00,0x00,0x00,0x84,0x10,
	0x00,0x00,0x00,0x02,0x00,0x40,0x80,0x00,0xA0,0x00,0x00,0x00,0x04,0x00,0x11,0x80,0x20,0x00,0x00,0x00,
	0x00,0x92,0x20,0x00,0x00,0x81,0x00,0x01,0x50,0x41,0x00,0x50,0x02,0x00,0x10,0x03,0x02,0x10,0x0A,0x00,
	0x18,0x01,0x04,0xB0,0x04,0x00,0x00,0x00,0x06,0x48,0x08,0x00,0xA0,0x00,0x04,0x80,0x0D,0x02,0x18,0x0C,
	0x02,0xA1,0x66,0x02,0xA8,0x00,0x00,0x78,0x02,0x00,0x58,0x04,0x00,0xC8,0x84,0x02,0xA8,0x04,0x00,0x01,
	0x91,0x01,0x00,0x00,0x50,0x01,0x00,0x00,0x02,0x00,0x10,0x02,0x02,0x10,0x02,0x00,0x00,0x01,0x04,0x60,
	0x04,0x00,0x00,0x00,0x06,0x40,0x00,0x00,0x00,0x08,0x04,0x40,0x05,0x02,0x00,0x0C,0x00,0x30,0x02,0x00,
	0x28,0x00,0x00,0x08,0x00,0x00,0xC8,0x04,0x00,0x00,0x84,0x00,0x40,0x00,0x00,0x01,0x80,0x01,0x00,0x00,
	0x00,0x8B,0x00,0x02,0x00,0x10,0x02,0x02,0x00,0x02,0x00,0x00,0x00,0x04,0x60,0x00,0x00,0x00,0x00,0x06,
	0x40,0x00,0x00,0x00,0x08,0x04,0x40,0x00,0x02,0x00,0x08,0x00,0x10,0x00,0x00,0x20,0x00,0x00,0x00,0x82,
	0xC8,0x04,0x00,0x00,0x84,0x00,0x40,0x00,0x00,0x0D,0x80,0x10,0x00,0x00,0x01,0x80,0x48,0x00,0x00,0x01,
	0x00,0x92,0x00,0x00,0x04,0x80,0x40,0x00,0xC0,0x00,0x01,0x90,0x02,0x04,0xE0,0x02,0x00,0x16,0x07,0x04,
	0x78,0x46,0x00,0xFC,0x04,0x04,0x88,0x94,0x00,0x88,0x98,0x00,0x68,0x13,0x00,0x82,0x14,0x02,0x80,0x14,
	0x02,0x30,0x0C,0x00,0x68,0x03,0x01,0x50,0x84,0x00,0x1A,0x04,0x00,0x92,0x87,0x02,0xCC,0x48,0x07,0x00,
	0x81,0x00,0x00,0x04,0x80,0x00,0x00,0x00,0x8F,0x80,0x00,0x04,0x60,0x00,0x00,0x10,0x00,0x04,0x28,0x00,
	0x00,0xC0,0x00,0x04,0x98,0x98,0x00,0x08,0x00,0x00,0x08,0x1B,0x00,0x40,0x0C,0x02,0x10,0x1C,0x00,0x10,
	0x04,0x00,0xF0,0x03,0x00,0x10,0x84,0x00,0x80,0x00,0x00,0x90,0x80,0x00,0xCC,0x48,0x07,0x00,0x80,0x00,
	0x00,0x04,0x01,0x80,0x00,0x00,0x04,0x00,0x8A,0x00,0x00,0x04,0x28,0x00,0x00,0x80,0x00,0x04,0x10,0x98,
	0x00,0x00,0x08,0x00,0x28,0x10,0x00,0x00,0x00,0x02,0x10,0x10,0x00,0x00,0x04,0x00,0x20,0x00,0x00,0x40,
	0x84,0x00,0x00,0x81,0x00,0x80,0x00,0xC8,0x48,0x07,0x0F,0x80,0x40,0x00,0x00,0x01,0x80,0x08,0x00,0x00,
	0x94,0x04,0x80,0x00,0x00,0x02,0x00,0x00,0x40,0x00,0x61,0x42,0x04,0xE0,0x02,0x00,0x20,0x02,0x00,0x9C,
	0x02,0x02,0xA8,0x44,0x04,0x9C,0xC0,0x04,0x9C,0x08,0x01,0x60,0x40,0x00,0x10,0x38,0x02,0xB0,0x28,0x02,
	0xD0,0x2A,0x00,0x90,0x84,0x06,0xA5,0x8D,0x00,0x80,0x04,0x00,0x68,0x48,0x00,0xA8,0x2A,0x00,0x68,0x88,
	0x00,0x04,0x80,0x00,0x01,0x91,0xE1,0x02,0x04,0x20,0x02,0x00,0x00,0x02,0x00,0x90,0x02,0x00,0x40,0x04,
	0x00,0x1C,0x08,0x00,0x0C,0x08,0x01,0x50,0x50,0x00,0x78,0x30,0x02,0x88,0x18,0x02,0x98,0x3A,0x00,0x80,
	0x80,0x00,0xE0,0x04,0x00,0x50,0x00,0x00,0xD8,0x49,0x00,0x08,0x2A,0x00,0x38,0x80,0x00,0x04,0x80,0x00,
	0x01,0x80,0xC1,0x02,0x04,0x03,0x8B,0x14,0x08,0x00,0x04,0x00,0x01,0x50,0x50,0x00,0x00,0x20,0x02,0x08,
	0x00,0x02,0x08,0x20,0x00,0x50,0x80,0x00,0xF0,0x04,0x00,0x10,0x00,0x00,0x80,0x49,0x00,0x08,0x2A,0x00,
	0x38,0x80,0x00,0x02,0x80,0x40,0x00,0x00,0x0A,0x84,0x10,0x00,0x00,0x10,0x00,0x00,0x80,0x00,0x00,0x08,
	0x00,0x00,0x38,0x00,0x00,0x01,0x80,0x00,0x80,0x00,0x03,0x80,0x00,0x40,0x00,0x47,0x93,0x00,0x00,0x04,
	0x00,0x02,0x00,0x80,0x14,0x02,0x40,0x04,0x00,0xA0,0x00,0x00,0xE0,0x01,0x00,0x40,0x80,0x01,0x89,0x48,
	0x00,0x58,0x09,0x00,0x00,0x48,0x06,0x08,0xA5,0x03,0x92,0x08,0x04,0x48,0x50,0x04,0x50,0x41,0x02,0x70,
	0x80,0x00,0x82,0x8D,0x05,0xD0,0x0B,0x01,0x91,0x0A,0x00,0xC8,0x0D,0x00,0xE8,0x83,0x00,0x01,0x91,0x80,
	0x15,0x02,0xC0,0x03,0x00,0x80,0x00,0x00,0xA0,0x00,0x00,0x60,0x00,0x00,0xC5,0x08,0x00,0x44,0x08,0x00,
	0x4C,0x50,0x02,0x6C,0x31,0x00,0x04,0x28,0x04,0x08,0x20,0x04,0x48,0x61,0x00,0x48,0x80,0x00,0x10,0x01,
	0x00,0x80,0x0B,0x01,0x01,0x01,0x00,0xC0,0x01,0x00,0x40,0x80,0x00,0x01,0x91,0x00,0x14,0x02,0x40,0x00,
	0x00,0x80,0x00,0x00,0x20,0x00,0x00,0x20,0x00,0x00,0xC5,0x08,0x00,0x08,0x00,0x00,0x48,0x50,0x02,0x24,
	0x20,0x00,0x24,0x00,0x04,0x00,0x00,0x04,0x40,0x40,0x00,0x28,0x80,0x00,0x30,0x01,0x00,0x80,0x08,0x01,
	0x01,0x00,0x00,0xC0,0x01,0x00,0x00,0x80,0x00,0x02,0x80,0x40,0x00,0x00,0x0A,0x80,0x20,0x00,0x00,0x01,
	0x80,0xC0,0x00,0x00,0x00,0x80,0x04,0x00,0x02,0x00,0x92,0xC0,0x01,0x04,0x40,0x04,0x02,0x20,0x01,0x00,
	0xC0,0x02,0x04,0x44,0x6D,0x04,0x02,0x03,0x00,0x04,0x10,0x00,0x80,0x19,0x00,0xC6,0x29,0x04,0x08,0x60,
	0x02,0xD0,0x59,0x00,0xA8,0xE4,0x00,0xC4,0x0D,0x00,0xB0,0x9C,0x06,0x70,0x88,0x01,0xE4,0xBA,0x00,0xC8,
	0x15,0x01,0x48,0x80,0x00,0x04,0x00,0x02,0x00,0x92,0x00,0x01,0x00,0x00,0x01,0x00,0xA0,0x05,0x00,0x40,
	0x04,0x00,0x00,0x0D,0x00,0x8A,0x00,0x00,0x06,0x10,0x00,0x42,0x10,0x00,0x2E,0x09,0x04,0x1C,0x40,0x02,
	0x84,0x51,0x00,0x84,0xC4,0x00,0x38,0x0D,0x00,0xB0,0x9C,0x00,0xF0,0x80,0x01,0x90,0xB8,0x00,0x08,0x13,
	0x01,0x00,0x92,0x00,0x04,0x00,0x02,0x01,0x90,0x00,0x01,0x00,0x20,0x04,0x00,0x40,0x04,0x00,0x00,0x0C,
	0x00,0x8A,0x00,0x00,0x02,0x10,0x00,0x02,0x00,0x00,0x0A,0x00,0x04,0x00,0x40,0x02,0x44,0x00,0x00,0x24,
	0x80,0x00,0x00,0x08,0x00,0x30,0x98,0x00,0x40,0x80,0x01,0x10,0xB0,0x00,0x00,0x13,0x01,0x10,0x90,0x00,
	0x0E,0x80,0x20,0x00,0x00,0x00,0x80,0x10,0x00,0x00,0x00,0x80,0x10,0x00,0x00,0x00,0x92,0x00,0x00,0x04,
	0x00,0x15,0x00,0xC0,0x44,0x04,0x40,0x04,0x04,0x80,0x04,0x00,0x40,0x00,0x00,0xA6,0x19,0x04,0x41,0x10,
	0x04,0x22,0x00,0x00,0x1E,0x29,0x00,0x83,0x00,0x00,0x36,0x50,0x00,0x60,0x02,0x00,0x7E,0x49,0x00,0xF0,
	0x11,0x00,0x22,0x01,0x00,0x34,0x18,0x00,0x80,0x15,0x04,0x56,0x06,0x00,0x01,0x91,0x00,0x14,0x00,0x40,
	0x07,0x00,0x00,0x05,0x00,0x80,0x04,0x00,0x40,0x04,0x00,0x00,0x09,0x04,0x47,0x10,0x04,0x06,0x00,0x00,
	0x14,0x28,0x00,0x8B,0x00,0x00,0x66,0x00,0x00,0x34,0x82,0x00,0xD8,0xB1,0x00,0x00,0x10,0x00,0x40,0x01,
	0x00,0x10,0x0C,0x00,0xF0,0x06,0x04,0xF8,0x00,0x00,0x01,0x86,0x00,0x14,0x00,0x00,0x04,0x00,0x00,0x01,
	0x00,0x80,0x00,0x00,0x40,0x00,0x00,0x00,0x09,0x00,0x05,0x10,0x00,0x00,0x89,0x10,0x00,0x00,0x0B,0x00,
	0x00,0x42,0x00,0x00,0x40,0x00,0x00,0x14,0xF0,0x00,0x80,0x11,0x00,0xE0,0x00,0x00,0x00,0x05,0x00,0x40,
	0x06,0x04,0xD8,0x02,0x00,0x0F,0x83,0x20,0x00,0x00,0x80,0x00,0x00,0xC0,0x00,0x00,0x48,0x00,0x00,0x80,
	0x02,0x00,0x00,0x01,0x91,0x80,0x00,0x00,0xC0,0x03,0x00,0x80,0x0E,0x00,0x00,0x04,0x06,0x80,0x00,0x00,
	0x88,0x03,0x00,0x20,0x10,0x00,0x54,0x68,0x00,0x45,0x2B,0x00,0xC1,0x63,0x00,0x86,0x56,0x00,0x64,0x80,
	0x00,0xE0,0x3E,0x00,0xC1,0xD3,0x00,0x44,0x26,0x00,0x70,0x0A,0x05,0x98,0x24,0x00,0x02,0x00,0x00,0x01,
	0x84,0x80,0x03,0x00,0x40,0x03,0x00,0x00,0x09,0x00,0x80,0x00,0x06,0x80,0x00,0x00,0x00,0x8B,0x60,0x10,
	0x00,0x10,0x68,0x00,0x05,0x0B,0x00,0xC1,0x01,0x00,0xF2,0x25,0x00,0x6C,0xA1,0x00,0x60,0x34,0x00,0x81,
	0xD2,0x00,0x80,0x2E,0x00,0x00,0x04,0x05,0xC8,0x26,0x00,0x02,0x00,0x00,0x01,0x84,0x00,0x02,0x00,0x40,
	0x00,0x00,0x00,0x08,0x00,0x80,0x00,0x02,0x80,0x00,0x00,0x00,0x8A,0x20,0x00,0x00,0x10,0x40,0x00,0x01,
	0x00,0x00,0x01,0x00,0x00,0x12,0x10,0x00,0x48,0x00,0x00,0x40,0x33,0x00,0x81,0xD1,0x00,0xE0,0x2B,0x00,
	0x10,0x02,0x05,0x10,0x25,0x00,0x0F,0x83,0x40,0x00,0x00,0x60,0x00,0x00,0x90,0x03,0x00,0x80,0x00,0x00,
	0x02,0x90,0xC8,0x01,0x00,0x80,0x0B,0x00,0x80,0x00,0x02,0x80,0x71,0x00,0x9C,0x05,0x04,0xE7,0x40,0x00,
	0x65,0x8F,0x00,0x3C,0x1A,0x00,0xE6,0xDA,0x00,0xD4,0xE1,0x03,0xBE,0xEA,0x00,0xC4,0x0B,0x00,0x01,0x93,
	0x00,0x84,0x89,0x00,0xC8,0x22,0x04,0x02,0x4B,0x00,0x08,0x14,0x02,0x03,0x8F,0x00,0x09,0x00,0x00,0x09,
	0x02,0x00,0x08,0x00,0x02,0x08,0x00,0xE1,0x01,0x00,0x63,0x88,0x00,0x12,0x00,0x00,0x86,0xCA,0x00,0x84,
	0xE1,0x03,0x42,0xC9,0x00,0x80,0x3A,0x00,0x41,0x51,0x00,0x80,0x80,0x00,0xA0,0x2E,0x00,0xC0,0x4A,0x00,
	0xC0,0x13,0x02,0x03,0x81,0x00,0x09,0x00,0x00,0x01,0x02,0x00,0x8C,0x02,0x08,0x00,0x85,0x00,0x00,0x61,
	0x80,0x00,0x52,0x00,0x00,0xC2,0xC0,0x00,0xC0,0x81,0x03,0x02,0x01,0x00,0x80,0x11,0x00,0x41,0x50,0x00,
	0xC0,0x80,0x00,0x00,0x24,0x00,0xA0,0x48,0x00,0x50,0x03,0x02,0x03,0x80,0x00,0x01,0x00,0x09,0x84,0x80,
	0x00,0x00,0x80,0x00,0x00,0x00,0x04,0x00,0x60,0x00,0x00,0x10,0x03,0x00,0x03,0x80,0x01,0x00,0x00,0x0A,
	0x80,0x00,0x01,0x00,0x06,0x80,0x01,0x00,0x00,0x0A,0x80,0x00,0x01,0x00,0x06,0x80,0x01,0x00,0x00,0x22,
	0x80,0x00,0x00,0x05,0x01,0x91,0x00,0x4F,0x00,0x81,0x01,0x04,0x80,0x02,0x04,0x80,0x18,0x00,0x82,0x09,
	0x00,0x86,0x00,0x04,0xEA,0x00,0x02,0x60,0x31,0x02,0x04,0x79,0x01,0xA6,0x4B,0x04,0x54,0x80,0x00,0xC4,
	0x70,0x00,0xC0,0x31,0x00,0xC0,0x55,0x00,0xA8,0x02,0x04,0xA8,0xAA,0x00,0x80,0x12,0x00,0x00,0x00,0x05,
	0x01,0x91,0x00,0x04,0x00,0x81,0x08,0x04,0x00,0x03,0x04,0x80,0x01,0x00,0x8E,0x19,0x00,0x04,0x00,0x00,
	0x8E,0x00,0x02,0x0C,0x14,0x02,0x08,0x79,0x01,0x62,0x0B,0x04,0x00,0x02,0x00,0xC4,0x53,0x00,0x40,0x30,
	0x00,0x80,0x49,0x00,0x40,0x04,0x00,0xA0,0xA0,0x00,0x00,0x10,0x00,0x00,0x00,0x01,0x01,0x81,0x00,0x04,
	0x00,0x01,0x00,0x00,0x00,0x8D,0x00,0x01,0x00,0x0E,0x10,0x00,0x0A,0x00,0x00,0x0E,0x00,0x02,0x4C,0x00,
	0x02,0x4C,0x40,0x01,0xA2,0x02,0x04,0xC4,0x02,0x00,0x84,0x12,0x00,0x00,0x30,0x00,0x00,0x48,0x00,0x80,
	0x03,0x00,0xC0,0xA0,0x00,0x20,0x00,0x00,0x09,0x82,0x40,0x00,0x00,0x40,0x00,0x00,0x80,0x00,0x00,0x00,
	0x80,0xC0,0x00,0x00,0x01,0x80,0x80,0x03,0x00,0x00,0x80,0x20,0x00,0x00,0x99,0x00,0x00,0x01,0x00,0x00,
	0x06,0x00,0x00,0x04,0x02,0x43,0x04,0x81,0x00,0x02,0x08,0x09,0x00,0x10,0x30,0x00,0x20,0xA8,0x00,0x7C,
	0x25,0x02,0x68,0x1A,0x00,0x40,0x22,0x00,0xC0,0x2E,0x06,0x4C,0x5D,0x00,0x18,0xF0,0x06,0x04,0x56,0x00,
	0x01,0xE3,0x01,0x40,0x61,0x00,0xC1,0x2F,0x00,0x40,0x24,0x00,0x33,0x23,0x00,0x00,0x00,0x01,0x00,0x00,
	0x06,0x00,0x00,0x04,0x02,0x0D,0x04,0x01,0x01,0x02,0x00,0x11,0x00,0x00,0x8E,0x38,0x11,0x00,0x74,0x00,
	0x02,0x58,0x06,0x00,0x08,0x22,0x00,0x18,0x0B,0x06,0xA4,0x5B,0x00,0x90,0x92,0x00,0xC0,0x44,0x00,0x41,
	0xE3,0x01,0xC0,0x65,0x00,0x01,0x03,0x00,0x00,0x04,0x00,0x23,0x01,0x00,0x00,0x00,0x01,0x00,0x00,0x02,
	0x00,0x90,0x02,0x0C,0x00,0x01,0x01,0x02,0x00,0x11,0x00,0x00,0x10,0x00,0x38,0x00,0x00,0x1C,0x00,0x02,
	0x18,0x00,0x00,0x08,0x24,0x00,0x88,0x03,0x06,0x2C,0x51,0x00,0x98,0x90,0x00,0x40,0x00,0x00,0x01,0x21,
	0x01,0x80,0x6A,0x00,0x01,0x03,0x00,0x40,0x04,0x00,0x43,0x00,0x00,0x03,0x81,0x00,0x01,0x00,0x00,0x01,
	0x00,0x04,0x85,0x80,0x00,0x00,0x00,0x01,0x00,0x80,0x00,0x00,0x40,0x00,0x00,0x00,0x01,0x00,0x80,0x0C,
	0x00,0x00,0x80,0x40,0x04,0x00,0x00,0x02,0x80,0x00,0x5D,0x02,0x00,0x8E,0x00,0x90,0x00,0x01,0x46,0x00,
	0x48,0x49,0x02,0x15,0x0E,0x00,0x41,0x0F,0x00,0xF0,0x05,0x00,0x90,0x07,0x00,0x60,0x04,0x00,0x44,0x7B,
	0x00,0x54,0x2E,0x00,0x0C,0x03,0x00,0x80,0x0E,0x00,0xC4,0x06,0x00,0x8C,0x45,0x00,0x02,0xC9,0x02,0x02,
	0x90,0x00,0x0C,0x02,0x00,0x10,0x00,0x00,0xB1,0x00,0x01,0x23,0x00,0x50,0x07,0x02,0x11,0x0E,0x00,0x51,
	0x05,0x00,0x10,0x07,0x00,0xF0,0x0E,0x00,0x00,0x3F,0x00,0x50,0x43,0x00,0x40,0x2A,0x00,0x80,0x3B,0x00,
	0x80,0x0B,0x00,0x00,0x0A,0x00,0x80,0x4B,0x00,0x02,0xC2,0x02,0x02,0x90,0x00,0x00,0x02,0x00,0x10,0x00,
	0x00,0xA1,0x00,0x01,0x21,0x00,0x50,0x01,0x02,0x11,0x00,0x00,0x51,0x00,0x00,0xB0,0x02,0x00,0x10,0x0D,
	0x00,0x50,0x3E,0x00,0x10,0x48,0x00,0x00,0x01,0x00,0x00,0x0D,0x00,0x80,0x0C,0x00,0x00,0x02,0x00,0x80,
	0x49,0x00,0x42,0xC2,0x02,0x04,0x80,0x00,0x01,0x00,0x02,0x80,0x40,0x04,0x00,0x00,0x81,0x40,0x01,0x00,
	0x00,0x02,0x00,0x00,0x82,0x00,0x01,0x00,0x00,0x01,0x00,0x80,0x0B,0x00,0x01,0x80,0x40,0x02,0x00,0x80,
	0x00,0x00,0x02,0x00,0x91,0x00,0x0B,0x00,0x80,0x72,0x04,0x00,0x11,0x04,0x81,0xCC,0x04,0x00,0x28,0x02,
	0x60,0x15,0x02,0x90,0x12,0x02,0x21,0x3E,0x00,0xC1,0x1F,0x00,0x61,0x0A,0x00,0x42,0x0B,0x00,0x09,0x6B,
	0x02,0x61,0x8A,0x01,0x21,0x4B,0x02,0x02,0x37,0x00,0xC9,0x1A,0x00,0x88,0x00,0x00,0x80,0x4A,0x07,0x01,
	0x91,0x00,0x05,0x00,0x00,0x1B,0x00,0x00,0x2B,0x00,0x81,0xC7,0x00,0x00,0x03,0x00,0xE0,0x0E,0x00,0x00,
	0x04,0x00,0xC1,0x3A,0x00,0x01,0x0B,0x00,0xE1,0x01,0x00,0x62,0x01,0x00,0x01,0x65,0x00,0x01,0x9B,0x00,
	0x21,0x4B,0x02,0x02,0x18,0x00,0x81,0x13,0x00,0x80,0x01,0x00,0x00,0x00,0x07,0x01,0x91,0x00,0x01,0x00,
	0x00,0x14,0x00,0x00,0x27,0x00,0x01,0xC3,0x00,0x00,0x03,0x00,0x60,0x10,0x00,0x00,0x04,0x00,0xC1,0x34,
	0x00,0xC1,0x01,0x00,0x61,0x08,0x00,0xE2,0x09,0x00,0x81,0x6D,0x00,0x81,0x00,0x00,0x81,0x0F,0x02,0x02,
	0x04,0x00,0x01,0x07,0x00,0x80,0x05,0x00,0x00,0x01,0x07,0x03,0x81,0x00,0x01,0x00,0x00,0x01,0x00,0x02,
	0x81,0x40,0x06,0x00,0xC0,0x00,0x00,0x00,0x83,0x80,0x00,0x00,0x80,0x01,0x00,0x80,0x00,0x00,0x80,0x07,
	0x00,0x00,0x82,0x00,0x04,0x00,0x00,0x04,0x00,0x00,0x01,0x00,0xBB,0xFC,0x76,0x02,0x22,0x21,0x02,0x3F,
	0xE2,0x02,0xDB,0x56,0x04,0xB5,0xA0,0x01,0x5E,0x9A,0x06,0x0D,0xF9,0x07,0x96,0xC7,0x01,0x1C,0xBB,0x06,
	0x97,0xED,0x03,0x19,0xEA,0x07,0x65,0xE2,0x03,0x90,0xE3,0x03,0x05,0xD3,0x00,0xCE,0x3E,0x00,0x9D,0xB8,
	0x06,0xF1,0xD4,0x02,0xB0,0x97,0x04,0xB0,0x04,0x02,0xC3,0xB7,0x05,0xFC,0x69,0x04,0x1D,0x1D,0x02,0xA7,
	0x6D,0x06,0x13,0x63,0x05,0xFA,0x3A,0x06,0x11,0x25,0x02,0xE5,0xA1,0x01,0xF8,0x89,0x04,0x95,0x8B,0x02,
	0x47,0xA1,0x07,0x16,0x32,0x06,0x12,0xE3,0x07,0x83,0xE0,0x03,0x36,0xC0,0x00,0xB9,0x85,0x01,0x2D,0xCE,
	0x02,0x02,0x60,0x03,0x81,0x64,0x03,0x02,0xFC,0x05,0x00,0x34,0x06,0xFC,0x61,0x00,0x05,0x0E,0x06,0x27,
	0x66,0x02,0xC3,0x60,0x01,0x41,0x07,0x06,0x61,0x02,0x06,0x15,0xC3,0x05,0xC3,0xF0,0x06,0xC5,0xF4,0x06,
	0xC7,0x94,0x07,0x51,0x27,0x06,0x51,0xE6,0x07,0xC3,0xE5,0x03,0xE1,0xC6,0x00,0xF1,0x82,0x01,0xF9,0x00,
	0x02,0x7B,0x8B,0x03,0x7D,0x8E,0x03,0x7E,0x84,0x07,0x7E,0x07,0x00,0x00,0x85,0x00,0x0E,0x00,0x00,0x07,
	0x00,0xC0,0x00,0x00,0x40,0x01,0x00,0x60,0x01,0x00,0x10,0x00,0x00,0x01,0x8A,0x00,0x02,0x00,0x80,0x00,
	0x00,0x80,0x01,0x00,0x00,0x03,0x00,0x00,0x01,0x00,0x00,0x01,0x00,0x00,0x07,0x00,0x80,0x07,0x00,0x80,
	0x03,0x00,0x80,0x03,0x00,0x80,0x00,0x00,0x80,0x00,0x00,0x02,0x0C,0x80,0x01,0x00,0x00,0x12,0x80,0x01,
	0x00,0x00,0x2C,0xB9,0x00,0x0A,0x00,0xD0,0x6E,0x00,0x80,0x03,0x05,0x20,0x10,0x00,0xE0,0x56,0x00,0x60,
	0xFC,0x00,0x50,0x25,0x00,0x58,0x0B,0x00,0xD0,0x0A,0x00,0xF0,0x03,0x00,0x50,0x6D,0x00,0x56,0x0D,0x00,
	0x0E,0x01,0x00,0x12,0x12,0x00,0x74,0xD0,0x02,0x00,0x00,0x02,0xF0,0x81,0x07,0x02,0xC3,0x03,0x24,0xC8,
	0x03,0x90,0x58,0x03,0x00,0x14,0x00,0x10,0x5D,0x00,0xC0,0x11,0x05,0x70,0x1D,0x00,0x70,0x47,0x00,0xD0,
	0x01,0x00,0xD0,0x00,0x00,0x58,0x01,0x00,0xB0,0x00,0x00,0x48,0x00,0x00,0x70,0x20,0x00,0x46,0x00,0x00,
	0x18,0x00,0x00,0x2A,0x00,0x00,0x30,0xC0,0x02,0x34,0x80,0x03,0x04,0x00,0x05,0x42,0x01,0x03,0x40,0x84,
	0x07,0xE0,0x48,0x03,0x00,0x1C,0x00,0x00,0x4E,0x00,0x40,0x1F,0x05,0x20,0x05,0x00,0x40,0x42,0x00,0xE0,
	0x01,0x00,0x10,0x00,0x00,0x78,0x00,0x00,0x18,0x00,0x00,0x08,0x00,0x00,0x38,0x20,0x00,0x28,0x00,0x00,
	0x30,0x00,0x00,0x10,0x00,0x00,0x08,0x80,0x02,0x00,0x00,0x02,0x04,0x00,0x04,0x02,0x00,0x04,0x00,0x80,
	0x80,0x00,0x00,0x00,0x8A,0x00,0x0E,0x00,0x00,0x07,0x00,0x40,0x01,0x00,0x40,0x00,0x00,0xE0,0x00,0x00,
	0x10,0x00,0x00,0x38,0x00,0x00,0x18,0x00,0x00,0x08,0x00,0x00,0x08,0x00,0x00,0x08,0x00,0x00,0x07,0x00,
	0x92,0x80,0x0B,0x00,0xA0,0x04,0x00,0xE0,0x05,0x00,0xB3,0x23,0x00,0xFC,0x63,0x00,0x90,0x5E,0x00,0x7D,
	0xBF,0x00,0x20,0x1A,0x00,0xB0,0x73,0x02,0x80,0x45,0x00,0x50,0x15,0x02,0xE0,0x1B,0x00,0x01,0x2B,0x01,
	0xCC,0x83,0x00,0x38,0x80,0x06,0xE0,0x00,0x07,0x2E,0x00,0x07,0x1B,0x82,0x07,0xAE,0x28,0x07,0x00,0x92,
	0x00,0x08,0x00,0xA0,0x18,0x00,0x00,0x06,0x00,0x7B,0x42,0x00,0x78,0x46,0x00,0xC8,0x41,0x00,0x08,0xC1,
	0x00,0xF0,0x40,0x00,0x8C,0x00,0x02,0x38,0x00,0x00,0xB8,0x10,0x02,0xEA,0x10,0x00,0x03,0x30,0x01,0x00,
	0x80,0x00,0x30,0x00,0x00,0x68,0x00,0x02,0xE6,0x00,0x06,0x60,0x01,0x01,0x73,0x04,0x01,0x01,0x89,0xA0,
	0x19,0x00,0x00,0x03,0x00,0xF0,0x03,0x00,0x78,0x01,0x00,0xF8,0x00,0x00,0x00,0x80,0x00,0x48,0x00,0x00,
	0x44,0x00,0x02,0xE8,0x00,0x00,0x18,0x00,0x02,0x00,0x81,0x08,0x20,0x01,0x00,0x80,0x00,0x00,0x83,0x04,
	0x00,0x00,0xC2,0x00,0x00,0xE0,0x01,0x00,0x01,0x01,0x00,0x02,0x80,0x80,0x01,0x00,0x00,0x80,0x80,0x00,
	0x00,0x00,0x81,0x38,0x00,0x00,0x18,0x00,0x00,0x00,0x81,0x08,0x00,0x00,0x08,0x00,0x00,0x06,0x80,0x60,
	0x00,0x00,0x00,0x92,0x90,0x09,0x00,0xE0,0x04,0x06,0x90,0x01,0x00,0x68,0x4C,0x00,0x86,0x9C,0x00,0x2E,
	0xBC,0x00,0x80,0xF1,0x00,0xDF,0x14,0x00,0x2A,0x78,0x00,0x58,0x11,0x00,0xB5,0x12,0x04,0x88,0x75,0x00,
	0xB0,0x41,0x00,0x90,0x63,0x00,0x7C,0x00,0x03,0x72,0x08,0x06,0xA2,0x7A,0x07,0x80,0x7B,0x06,0x45,0x77,
	0x05,0x00,0x92,0x10,0x08,0x00,0xC0,0x03,0x06,0xA0,0x08,0x00,0xB0,0x40,0x00,0xC4,0x86,0x00,0x42,0x44,
	0x00,0x2E,0xC7,0x00,0x7A,0x45,0x00,0xFE,0x06,0x00,0xEC,0x40,0x00,0x35,0x40,0x00,0x8A,0x20,0x00,0x22,
	0x60,0x00,0x18,0x40,0x00,0x7C,0x00,0x01,0x72,0x00,0x04,0x5C,0x00,0x04,0x06,0x80,0x01,0xA6,0x83,0x02,
	0x01,0x91,0xC0,0x03,0x06,0xE0,0x04,0x00,0xB0,0x00,0x00,0x04,0x80,0x00,0x02,0x00,0x00,0x44,0x80,0x00,
	0x6A,0x02,0x00,0x36,0x00,0x00,0xB0,0x60,0x00,0x38,0x60,0x00,0x08,0x00,0x00,0x00,0x40,0x00,0x08,0x00,
	0x00,0x0C,0x00,0x00,0x58,0x00,0x00,0xC4,0x00,0x04,0x22,0x01,0x07,0xC2,0x40,0x00,0x08,0x80,0x08,0x00,
	0x00,0x05,0x83,0x20,0x00,0x00,0x60,0x00,0x00,0x60,0x00,0x00,0x80,0x80,0x03,0x00,0x92,0x10,0x00,0x00,
	0x00,0x12,0x00,0x38,0x7C,0x00,0x1B,0x64,0x04,0x6A,0xC7,0x00,0x9C,0x90,0x00,0x7E,0x8D,0x06,0xD4,0xC5,
	0x01,0x4A,0x8F,0x05,0x32,0x46,0x01,0x38,0x83,0x01,0xB6,0x00,0x00,0x00,0x60,0x00,0xBC,0xC6,0x00,0x90,
	0x8D,0x06,0x5F,0xC9,0x02,0x12,0xB2,0x05,0x70,0xC5,0x07,0x5A,0xCF,0x03,0x00,0x92,0x10,0x00,0x00,0x00,
	0x3A,0x00,0xC0,0x8E,0x00,0xAB,0x59,0x05,0xBC,0x81,0x01,0x60,0x84,0x01,0xF8,0x81,0x04,0xD0,0x83,0x02,
	0x02,0xC4,0x04,0xAC,0x40,0x00,0xCC,0x40,0x01,0x70,0xC0,0x00,0x0C,0xC4,0x00,0x30,0x88,0x00,0x30,0x02,
	0x02,0xC7,0x3D,0x07,0xBE,0x41,0x00,0xD4,0xC1,0x02,0x84,0x66,0x03,0x01,0x89,0x00,0x3A,0x00,0x00,0x9A,
	0x00,0x40,0x87,0x01,0xFC,0x00,0x01,0x20,0x00,0x00,0x00,0x00,0x03,0x00,0x03,0x03,0x42,0x01,0x04,0x4E,
	0x80,0x00,0x24,0x80,0x01,0x00,0x86,0x08,0x00,0x00,0x10,0x80,0x00,0x30,0x00,0x02,0x40,0x02,0x00,0xD8,
	0xBE,0x00,0x2C,0x7F,0x00,0xAC,0xFF,0x05,0x0F,0x83,0x40,0x00,0x00,0x00,0x00,0x07,0xA0,0x80,0x03,0x20,
	0x41,0x02,0xBB,0x00,0x10,0x02,0x30,0x40,0x00,0x00,0x71,0x04,0x08,0x81,0x00,0x44,0x60,0x00,0x00,0xDF,
	0x03,0x02,0x5E,0x04,0x92,0x04,0x00,0xBF,0x0A,0x00,0xF0,0x00,0x03,0x6E,0x00,0x06,0x83,0xC2,0x03,0x60,
	0x21,0x03,0x24,0xA4,0x04,0x21,0x94,0x05,0xE0,0x20,0x06,0xA4,0xBF,0x07,0xE8,0xD2,0x07,0x58,0xD8,0x01,
	0x88,0xD6,0x04,0x00,0x10,0x00,0x30,0x40,0x00,0x00,0xC0,0x04,0x00,0xD0,0x03,0xC4,0x50,0x05,0x40,0x20,
	0x01,0xA2,0x00,0x02,0xE6,0x05,0x02,0x3E,0x02,0x02,0x38,0x01,0x05,0x1C,0x01,0x07,0xF7,0x81,0x04,0x58,
	0xC3,0x03,0x30,0x8A,0x01,0x21,0xA2,0x06,0x40,0x30,0x02,0x74,0x36,0x04,0x48,0xFE,0x04,0xF8,0xE7,0x02,
	0xB0,0xA8,0x01,0x00,0x10,0x00,0x00,0x40,0x00,0x00,0xC0,0x04,0x00,0x70,0x00,0x00,0x38,0x06,0x00,0x00,
	0x06,0xC2,0x00,0x04,0x9C,0x00,0x04,0xFE,0x02,0x04,0xF8,0x00,0x00,0xFE,0x00,0x07,0x1C,0x00,0x04,0xA8,
	0x00,0x03,0xF0,0xC1,0x01,0xE0,0xC5,0x04,0x40,0xC6,0x02,0xA0,0xF4,0x04,0x60,0x41,0x00,0x50,0x99,0x06,
	0x50,0xF0,0x05,0x06,0x80,0x60,0x00,0x00,0x06,0x84,0x80,0x01,0x00,0xA0,0x01,0x00,0xA0,0x00,0x04,0x00,
	0x99,0x03,0x00,0xF0,0x01,0x80,0x00,0x08,0x00,0x12,0x80,0x00,0x08,0x00,0x12,0x80,0x00,0x08,0x00,0x26,
	0xA8,0x00,0x85,0x01,0x40,0x00,0x00,0x00,0x0A,0x02,0x00,0xFA,0x00,0x10,0xD7,0x00,0x03,0xB3,0x01,0x14,
	0xEE,0x01,0xD0,0x7C,0x00,0xEC,0xA8,0x00,0x30,0x06,0x05,0xF8,0xAE,0x02,0xE0,0x6A,0x04,0x04,0x9A,0x00,
	0x80,0x36,0x03,0x85,0x7F,0x01,0x80,0xC8,0x00,0x44,0xF3,0x03,0x01,0xA5,0x00,0x20,0xA2,0x01,0x40,0x12,
	0x00,0x00,0x84,0x01,0x40,0x00,0x00,0x00,0xA8,0x04,0x00,0xE8,0x04,0x10,0x80,0x04,0x03,0x01,0x00,0xA4,
	0xF5,0x01,0x20,0xE3,0x00,0xE4,0x11,0x00,0x00,0x1C,0x02,0x08,0x1E,0x07,0xE0,0x99,0x07,0x00,0xD5,0x00,
	0x00,0x85,0x00,0x81,0x3E,0x05,0x00,0xBC,0x04,0x04,0x7F,0x00,0x01,0x21,0x06,0x00,0x79,0x06,0x00,0x58,
	0x07,0x00,0x84,0x01,0x00,0x81,0x00,0xA8,0x04,0x00,0x48,0x00,0x00,0x83,0x00,0x19,0x00,0x44,0x00,0x00,
	0x60,0x07,0x00,0x04,0x00,0x00,0x01,0x88,0xE0,0x07,0x00,0x00,0x0F,0x07,0x00,0xC6,0x07,0x00,0xC6,0x00,
	0x80,0xB5,0x04,0x40,0x0C,0x00,0x40,0xA7,0x02,0x40,0x8F,0x01,0x40,0x2F,0x00,0x06,0x80,0x60,0x00,0x00,
	0x06,0x84,0x80,0x01,0x00,0xC0,0x00,0x00,0xC0,0xE1,0x02,0xC0,0x29,0x00,0xC0,0x29,0x00,0x80,0x04,0x00,
	0x00,0x00,0x92,0x09,0x44,0x03,0x00,0xD0,0x02,0x00,0x62,0x02,0x00,0x2C,0x06,0x00,0xB2,0x06,0x80,0xC1,
	0x00,0x60,0x3E,0x07,0xE0,0x25,0x01,0x30,0x3B,0x04,0x44,0x10,0x04,0x10,0x0E,0x00,0x98,0x67,0x02,0xE0,
	0xCA,0x01,0x74,0x0D,0x00,0x94,0x8A,0x01,0xEC,0x04,0x00,0xE8,0x42,0x04,0x38,0x3A,0x06,0x04,0x00,0x00,
	0x00,0x92,0x08,0x00,0x01,0x00,0x60,0x07,0x00,0x82,0x07,0x00,0xF9,0x07,0x00,0xF3,0x07,0x80,0x42,0x07,
	0x20,0x41,0x00,0x80,0xD4,0x00,0xB0,0x1A,0x00,0xF4,0x15,0x00,0xA8,0x1B,0x00,0x68,0x03,0x00,0xB0,0x50,
	0x01,0x34,0xBE,0x04,0x9C,0xBC,0x01,0xA4,0x62,0x02,0xA0,0xF3,0x04,0xA8,0x86,0x05,0x04,0x00,0x00,0x00,
	0x91,0x00,0x00,0x01,0x00,0x80,0x00,0x00,0xD8,0x00,0x00,0x3D,0x00,0x00,0xF8,0x01,0x00,0x58,0x00,0xC0,
	0x28,0x00,0x80,0x01,0x00,0x80,0x08,0x00,0xC0,0x01,0x00,0x90,0x09,0x00,0x60,0x00,0x00,0x30,0x38,0x00,
	0x34,0x0C,0x04,0x30,0xB5,0x00,0x38,0x3F,0x02,0x38,0x76,0x04,0x38,0x6E,0x04,0x02,0x80,0x00,0x40,0x00,
	0x0B,0x83,0x00,0x31,0x00,0x00,0xF9,0x01,0x00,0x30,0x00,0x00,0x18,0x00,0xA8,0x00,0x62,0x04,0x40,0x00,
	0x02,0x08,0x08,0x02,0x02,0x0E,0x02,0x00,0xAA,0x04,0x00,0x77,0x00,0x40,0x9A,0x01,0x0C,0x53,0x01,0x0A,
	0xCD,0x03,0xE5,0x51,0x01,0x26,0xD7,0x00,0x74,0xCE,0x01,0x4A,0xA9,0x07,0xB8,0xE0,0x07,0x29,0xD8,0x01,
	0x7E,0xF9,0x01,0x11,0x1C,0x04,0x6F,0xB4,0x01,0x2C,0xAA,0x01,0x3C,0x47,0x00,0x00,0x60,0x04,0x40,0x00,
	0x00,0x08,0x68,0x02,0x02,0x90,0x07,0x00,0x54,0x07,0x00,0x1A,0x00,0x40,0x01,0x03,0x08,0x52,0x02,0xC8,
	0xEC,0x07,0x8E,0xC5,0x00,0xB6,0x3D,0x00,0xE6,0x05,0x00,0xF2,0x05,0x00,0x4D,0x3C,0x00,0x7C,0x60,0x01,
	0x35,0x18,0x01,0x1D,0xE0,0x04,0x23,0xDA,0x00,0x20,0x6E,0x00,0xAC,0x90,0x01,0x00,0x60,0x04,0x00,0x91,
	0x00,0xA8,0x05,0x02,0x94,0x00,0x00,0xF4,0x00,0x00,0xDC,0x07,0x40,0xF0,0x02,0x00,0xA0,0x03,0xC8,0x2C,
	0x00,0x8E,0x01,0x00,0x8C,0x0F,0x00,0xDC,0x01,0x00,0xCE,0x01,0x00,0x67,0x0C,0x00,0x37,0x20,0x00,0x37,
	0x60,0x00,0x33,0x4C,0x04,0x3B,0x78,0x00,0x3B,0x1E,0x00,0xBF,0x0F,0x00,0x01,0x82,0x00,0x80,0x03,0x00,
	0x80,0x07,0x00,0xE0,0x07,0x00,0x80,0x00,0xF0,0x00,0x08,0x81,0x00,0x2C,0x00,0x00,0x18,0x00,0x01,0xBB,
	0x01,0x02,0x01,0x04,0xE0,0x06,0x06,0x6A,0x00,0x02,0x1D,0x04,0x00,0x7C,0x07,0x80,0x9F,0x02,0xC0,0x06,
	0x00,0x2D,0x99,0x02,0x07,0x24,0x07,0x06,0x5A,0x00,0x36,0x01,0x00,0x17,0x76,0x00,0x22,0x1E,0x02,0x0D,
	0x7C,0x06,0xA5,0x7A,0x06,0x03,0x0A,0x01,0x84,0x0F,0x03,0x02,0x13,0x04,0x81,0x07,0x06,0x25,0x11,0x06,
	0x01,0x00,0x01,0x04,0xE0,0x00,0x00,0x36,0x05,0x02,0xC0,0x07,0x00,0x99,0x00,0x80,0x08,0x07,0xC0,0x86,
	0x04,0x29,0x80,0x01,0x0D,0x34,0x04,0x0E,0x10,0x00,0x27,0x04,0x00,0x15,0x74,0x00,0x0B,0x70,0x02,0x0D,
	0x2A,0x06,0xA5,0x30,0x02,0x00,0x20,0x02,0x81,0x2F,0x02,0x06,0x2F,0x06,0x04,0x52,0x00,0xA5,0xA0,0x00,
	0x01,0x00,0x01,0x00,0xE0,0x00,0x00,0x94,0x03,0x02,0xC0,0x07,0x00,0xEC,0x00,0x80,0x0C,0x07,0xC0,0xF6,
	0x02,0x00,0x70,0x00,0x0D,0x04,0x00,0x0F,0x00,0x00,0x0F,0x04,0x00,0x1D,0x04,0x00,0x0F,0x04,0x00,0x07,
	0x0A,0x00,0x07,0x10,0x04,0x02,0x18,0x00,0x03,0x0A,0x00,0x03,0x19,0x04,0x83,0x01,0x04,0x66,0x00,0x04,
	0x01,0x84,0x00,0x80,0x03,0x00,0xC0,0x07,0x00,0xE0,0x00,0x00,0x00,0x07,0x00,0xF0,0x06,0x08,0x80,0x00,
	0x1A,0x00,0x02,0xBB,0x00,0x40,0x00,0x08,0xD8,0x00,0x00,0x46,0x02,0x08,0x70,0x02,0x10,0xEF,0x03,0x00,
	0x4F,0x06,0xD0,0x85,0x00,0x89,0xD1,0x03,0x19,0x44,0x07,0x03,0xEB,0x05,0x03,0xCE,0x00,0x02,0x89,0x05,
	0x00,0x8D,0x03,0x65,0xE1,0x02,0xD1,0x02,0x05,0x32,0x1A,0x06,0x05,0x1A,0x04,0x01,0x11,0x00,0xA1,0x3D,
	0x04,0xF1,0x70,0x04,0x00,0x40,0x00,0x08,0x90,0x00,0x00,0xD2,0x03,0x00,0xF7,0x06,0x90,0x7E,0x01,0x00,
	0xD6,0x07,0xC0,0xF9,0x07,0x19,0x13,0x04,0xE1,0x73,0x03,0x00,0x1D,0x00,0x02,0x3B,0x00,0x02,0x7B,0x00,
	0x01,0x7F,0x02,0xA0,0x19,0x02,0xD0,0x18,0x06,0x31,0x04,0x00,0x04,0x00,0x04,0x01,0x0E,0x04,0x00,0x19,
	0x00,0x61,0x38,0x00,0x00,0x40,0x00,0x00,0x90,0x00,0x00,0xF0,0x02,0x00,0xF7,0x01,0x80,0xFF,0x06,0x00,
	0xF6,0x00,0xC0,0xF9,0x01,0x00,0x93,0x03,0xE1,0x03,0x00,0x01,0x01,0x00,0x03,0x03,0x00,0x01,0x03,0x00,
	0x01,0x03,0x00,0x80,0x01,0x00,0x00,0x08,0x04,0x01,0x04,0x04,0x00,0x09,0x00,0x00,0x05,0x00,0x80,0x00,
	0x00,0x11,0x00,0x00,0x03,0x82,0x00,0x00,0x07,0x00,0x00,0x07,0x00,0x00,0x06,0x08,0x80,0x00,0x05,0x00,
	0x02,0x01,0x80,0x00,0x00,0x04,0x0B,0x80,0x0C,0x00,0x00,0x05,0x80,0x00,0x00,0x04,0x0B,0x80,0x0C,0x00,
	0x00,0x05,0x80,0x00,0x00,0x04,0x0B,0x80,0x04,0x00,0x00,0x17,0xB5,0x01,0x20,0x00,0x21,0x14,0x01,0x02,
	0x09,0x01,0x80,0xE5,0x06,0xC0,0x90,0x03,0xFA,0x15,0x01,0xE0,0xF7,0x03,0x46,0xA0,0x06,0x5A,0x38,0x01,
	0xA1,0xC4,0x07,0xD5,0x8B,0x04,0xA6,0xF9,0x04,0xE8,0x08,0x07,0x88,0x0B,0x05,0x34,0x02,0x04,0x2B,0x07,
	0x04,0xA0,0x0D,0x00,0x81,0x08,0x00,0x20,0x1F,0x00,0x75,0x34,0x00,0x01,0x20,0x00,0x20,0x20,0x01,0x00,
	0xA2,0x01,0x80,0x9A,0x06,0x60,0xFF,0x01,0x32,0x12,0x06,0x10,0xF8,0x05,0xDA,0x63,0x02,0x98,0xFF,0x04,
	0x61,0x03,0x04,0xE4,0x07,0x07,0x46,0x07,0x01,0x40,0x07,0x02,0x68,0x01,0x04,0x30,0x08,0x04,0x28,0x0E,
	0x00,0x20,0x05,0x00,0x01,0x06,0x00,0x80,0x0F,0x00,0x00,0x14,0x00,0x01,0x20,0x00,0x00,0x00,0x01,0x00,
	0x82,0x01,0x80,0x04,0x06,0x40,0x00,0x01,0x70,0x02,0x06,0xE0,0x07,0x04,0xF8,0x1C,0x04,0x18,0x00,0x00,
	0xE1,0x00,0x00,0xC0,0x00,0x00,0xC0,0x00,0x06,0xC0,0x00,0x04,0x60,0x00,0x00,0x00,0x80,0x00,0x02,0x00,
	0x01,0x81,0x80,0x00,0x00,0x30,0x00,0x00,0x0F,0x80,0x00,0x02,0x00,0x02,0xBB,0x04,0x10,0x03,0x80,0x5A,
	0x00,0x00,0x9A,0x00,0x80,0xD7,0x04,0x64,0x9B,0x00,0x54,0x76,0x03,0xF6,0xC0,0x07,0xA8,0xBC,0x03,0x4A,
	0xBE,0x01,0x5F,0x01,0x02,0x1A,0x80,0x06,0x9C,0x70,0x01,0xB4,0x01,0x02,0xFC,0x02,0x00,0x3D,0x00,0x00,
	0x10,0x02,0x00,0x01,0x02,0x00,0xC0,0x06,0x00,0x60,0x0D,0x00,0x66,0x1C,0x00,0x04,0x10,0x02,0x00,0x38,
	0x00,0x00,0x56,0x00,0x80,0x06,0x04,0x3C,0x83,0x00,0x4F,0x0E,0x01,0xF1,0x80,0x02,0xA4,0x00,0x02,0x77,
	0x00,0x05,0x60,0x00,0x05,0xC8,0x00,0x04,0x49,0x00,0x00,0x49,0x00,0x00,0x91,0x02,0x00,0xC9,0x01,0x00,
	0x11,0x00,0x00,0x01,0x03,0x00,0x80,0x01,0x00,0x40,0x05,0x00,0x60,0x0A,0x00,0x04,0x10,0x02,0x00,0x08,
	0x00,0x00,0x06,0x00,0x80,0x00,0x04,0x30,0x00,0x00,0x0E,0x00,0x01,0x07,0x00,0x02,0x07,0x00,0x03,0x07,
	0x00,0x06,0x18,0x00,0x06,0x3C,0x00,0x04,0x39,0x00,0x00,0x39,0x00,0x00,0x11,0x00,0x00,0xC1,0x01,0x00,
	0x01,0x00,0x00,0x01,0x00,0x00,0x01,0x02,0x00,0x41,0x00,0x00,0x21,0x00,0x00,0x0F,0x80,0x00,0x01,0x00,
	0x02,0xBB,0x00,0x41,0x02,0x10,0x98,0x04,0x01,0x60,0x00,0x83,0x4E,0x00,0xF8,0x01,0x00,0x2F,0x04,0x00,
	0x1B,0x3A,0x00,0xE6,0x27,0x04,0x31,0x27,0x05,0xF6,0x8F,0x05,0xC4,0x80,0x01,0x0C,0x00,0x00,0x6D,0x80,
	0x03,0x31,0x03,0x04,0x10,0x06,0x00,0xA2,0x05,0x00,0x8C,0x01,0x00,0x87,0x03,0x00,0xA7,0x06,0x00,0x80,
	0x01,0x00,0x00,0x41,0x02,0x10,0x98,0x04,0x00,0x60,0x00,0x03,0x49,0x00,0x80,0x80,0x00,0x32,0x00,0x00,
	0xC2,0x03,0x00,0x7A,0x06,0x00,0xCE,0x07,0x01,0xF9,0x00,0x04,0x27,0x00,0x00,0x09,0x00,0x00,0x09,0x00,
	0x03,0x7D,0x04,0x04,0x99,0x01,0x00,0x40,0x01,0x00,0x0C,0x01,0x00,0x47,0x00,0x00,0xE5,0x02,0x00,0x05,
	0x00,0x00,0x00,0x41,0x02,0x00,0x88,0x04,0x00,0x40,0x00,0x03,0x01,0x00,0xF0,0x80,0x00,0x32,0x00,0x00,
	0xC0,0x00,0x00,0xF8,0x01,0x00,0x3E,0x00,0x01,0x01,0x00,0x04,0x03,0x00,0x00,0x06,0x00,0x00,0x06,0x00,
	0x02,0x0E,0x00,0x00,0x1A,0x02,0x00,0x42,0x01,0x00,0x82,0x00,0x00,0xC2,0x01,0x00,0x22,0x00,0x00,0x06,
	0x00,0x00,0x13,0xA8,0x00,0x20,0x04,0x10,0x10,0x00,0x00,0x3C,0x04,0x81,0x27,0x00,0xFC,0x53,0x00,0x61,
	0x84,0x00,0xDB,0x06,0x00,0xE0,0x90,0x04,0xF2,0x13,0x00,0x94,0x0D,0x04,0xEC,0x07,0x00,0x81,0x00,0x04,
	0x46,0x00,0x00,0xC4,0x03,0x04,0x19,0x02,0x00,0x2F,0x02,0x00,0x87,0x00,0x00,0xE8,0x0F,0x00,0x31,0x0A,
	0x00,0x81,0x00,0x00,0x00,0x20,0x04,0x10,0x00,0x00,0x00,0x10,0x04,0x01,0x46,0x00,0xFC,0x0C,0x00,0x03,
	0x83,0x00,0xFF,0x02,0x00,0xFA,0x02,0x00,0x20,0x01,0x00,0x55,0x05,0x04,0x2C,0x01,0x00,0x4E,0x00,0x00,
	0x3F,0x00,0x00,0x05,0x00,0x00,0x66,0x04,0x00,0xB9,0x03,0x00,0xCD,0x00,0x00,0x80,0x01,0x00,0x21,0x07,
	0x00,0x01,0x07,0x00,0x00,0x20,0x04,0x00,0x89,0x00,0x00,0x04,0x01,0x46,0x00,0x00,0x01,0x00,0xFC,0x01,
	0x00,0xFC,0x00,0x00,0xFB,0x02,0x00,0xC1,0x01,0x00,0x8A,0x03,0x04,0xFF,0x00,0x00,0x31,0x00,0x00,0x01,
	0x85,0x25,0x00,0x00,0xBF,0x00,0x00,0x4F,0x00,0x00,0x8F,0x00,0x00,0xAF,0x00,0x00,0x0B,0x05,0x00,0x04,
	0x81,0x30,0x00,0x00,0x03,0x00,0x00,0x01,0x80,0x74,0x00,0x00,0x07,0x81,0x00,0x01,0x00,0x00,0x02,0x00,
	0x95,0x00,0x00,0x04,0x14,0x00,0x00,0x00,0x10,0x00,0x00,0x10,0x04,0x40,0x24,0x00,0x82,0x90,0x00,0x76,
	0x85,0x00,0x17,0x0F,0x01,0x89,0x82,0x01,0x6C,0x0A,0x00,0x74,0x0C,0x00,0x04,0x8F,0x00,0xF7,0x87,0x00,
	0xED,0x04,0x04,0x6E,0x0C,0x00,0x4C,0x0E,0x00,0x1A,0x1E,0x00,0x96,0x0E,0x00,0x0C,0x14,0x00,0xCE,0x1B,
	0x00,0x00,0x00,0x04,0x14,0x00,0x00,0x00,0x91,0x00,0x30,0x04,0x80,0x41,0x00,0x4E,0x0D,0x00,0xB4,0x03,
	0x00,0x71,0x05,0x01,0x15,0x02,0x01,0x5B,0x01,0x00,0x5C,0x07,0x00,0xED,0x03,0x00,0xEF,0x00,0x00,0x29,
	0x01,0x06,0xB2,0x02,0x00,0xC0,0x03,0x00,0x58,0x01,0x00,0xDE,0x13,0x00,0xFE,0x08,0x00,0xF4,0x08,0x00,
	0x00,0x00,0x04,0x01,0x80,0x00,0x00,0x04,0x00,0x8E,0x30,0x00,0x00,0xC3,0x01,0x00,0x7C,0x03,0x01,0xF0,
	0x02,0x01,0x84,0x00,0x00,0x20,0x01,0x00,0x52,0x00,0x00,0x3F,0x00,0x00,0xFF,0x00,0x04,0x72,0x00,0x00,
	0xC4,0x00,0x00,0xDC,0x00,0x00,0x5C,0x0D,0x00,0x3C,0x00,0x00,0x1C,0x01,0x00,0x04,0x81,0x30,0x00,0x00,
	0x03,0x00,0x00,0x01,0x82,0x74,0x00,0x00,0x20,0x00,0x00,0x1C,0x00,0x00,0x06,0x80,0x00,0x01,0x00,0x4F,
	0x81,0x03,0x10,0x02,0x10,0x00,0x00,0x00,0x92,0x02,0x18,0x04,0x00,0x66,0x00,0xC0,0x4D,0x00,0x20,0x08,
	0x00,0xEC,0x00,0x01,0x02,0x0C,0x00,0xE0,0x93,0x01,0x05,0x86,0x05,0x74,0x06,0x00,0x70,0x09,0x01,0x98,
	0x00,0x00,0x22,0x09,0x04,0xB2,0x09,0x00,0xD0,0x21,0x00,0xD8,0x08,0x00,0xF8,0x28,0x06,0x38,0x0F,0x07,
	0x03,0x10,0x02,0x10,0x00,0x00,0x00,0x91,0x02,0x00,0x04,0x00,0x62,0x00,0x80,0x01,0x00,0x68,0x04,0x00,
	0x8C,0x02,0x00,0x74,0x07,0x01,0x76,0x03,0x00,0x9F,0x03,0x04,0x42,0x06,0x01,0x78,0x01,0x01,0xB0,0x01,
	0x00,0x5C,0x01,0x00,0x88,0x01,0x00,0x58,0x07,0x00,0xF8,0x31,0x00,0x38,0x1A,0x00,0x10,0x07,0x00,0x03,
	0x10,0x02,0x01,0x81,0x02,0x00,0x04,0x00,0x42,0x00,0x00,0x8D,0x18,0x00,0x00,0x80,0x00,0x00,0x70,0x03,
	0x00,0x76,0x03,0x00,0xE0,0x03,0x04,0x7C,0x02,0x00,0x48,0x00,0x00,0xA0,0x00,0x00,0x2C,0x00,0x00,0xB8,
	0x01,0x00,0x10,0x01,0x00,0x10,0x12,0x00,0x70,0x0A,0x00,0x30,0x04,0x00,0x09,0x81,0x20,0x00,0x00,0x1C,
	0x00,0x00,0x00,0x81,0x20,0x00,0x00,0x20,0x00,0x00,0x04,0x00,0x80,0x04,0x00,0x00,0x01,0x8F,0x40,0xD4,
	0x00,0x00,0x02,0x00,0x80,0x50,0x01,0x51,0x2A,0x03,0xC0,0x06,0x05,0x50,0x1E,0x06,0xE2,0x33,0x01,0x60,
	0x17,0x03,0x38,0x1A,0x03,0x5C,0x1B,0x00,0xB0,0x1B,0x04,0x46,0x03,0x00,0x00,0x34,0x00,0xA0,0x73,0x00,
	0x40,0x45,0x04,0x80,0x5C,0x06,0x00,0x80,0x04,0x00,0x00,0x01,0x8F,0x00,0x14,0x00,0x00,0x02,0x00,0x00,
	0x08,0x00,0x11,0x04,0x01,0x80,0x04,0x02,0x80,0x04,0x07,0x40,0x04,0x01,0x60,0x0A,0x02,0x28,0x0E,0x02,
	0x10,0x07,0x02,0x50,0x02,0x04,0x80,0x03,0x00,0x80,0x01,0x00,0xA0,0x2D,0x00,0x40,0x2C,0x04,0xC0,0x36,
	0x06,0x03,0x81,0x00,0x04,0x00,0x00,0x02,0x00,0x01,0x8B,0x80,0x00,0x02,0x80,0x00,0x06,0x40,0x02,0x00,
	0x60,0x02,0x02,0x08,0x00,0x02,0x20,0x00,0x00,0x20,0x00,0x00,0x80,0x01,0x00,0x00,0x01,0x00,0x00,0x18,
	0x00,0x00,0x0C,0x00,0xC0,0x04,0x00,0x0C,0x81,0x20,0x00,0x00,0x20,0x00,0x00,0x04,0x82,0x04,0x00,0x01,
	0x01,0x12,0x05,0x04,0x03,0x00,0x00,0x92,0x10,0x58,0x00,0x40,0xF6,0x00,0x10,0x0A,0x01,0x80,0x6C,0x01,
	0x80,0x2B,0x00,0x40,0x08,0x00,0xC0,0x79,0x01,0x80,0x5B,0x00,0xE0,0x1C,0x00,0xE0,0x3C,0x00,0x28,0x6B,
	0x04,0x00,0x34,0x00,0x20,0x12,0x00,0xC0,0x62,0x04,0x80,0xA0,0x02,0x82,0x3F,0x02,0x04,0x00,0x00,0x00,
	0x10,0x05,0x04,0x00,0x00,0x00,0x91,0x10,0x00,0x00,0x00,0x50,0x00,0x10,0x0A,0x01,0x00,0x09,0x02,0x00,
	0x01,0x02,0x00,0x04,0x02,0x80,0x02,0x02,0x80,0x34,0x02,0x80,0x31,0x02,0x80,0x19,0x00,0x68,0x0B,0x00,
	0x00,0x0F,0x00,0x20,0x03,0x00,0xC0,0x0C,0x00,0x80,0x3A,0x00,0x00,0x37,0x00,0x04,0x00,0x00,0x00,0x10,
	0x05,0x03,0x82,0x10,0x0A,0x00,0x00,0x01,0x02,0x00,0x01,0x00,0x00,0x86,0x80,0x00,0x00,0x80,0x00,0x00,
	0x80,0x01,0x00,0x80,0x01,0x00,0x80,0x01,0x00,0x00,0x01,0x00,0x00,0x03,0x00,0x00,0x81,0x00,0x08,0x00,
	0x00,0x05,0x00,0x12,0x80,0x00,0x01,0x00,0x01,0x80,0x00,0x05,0x01,0x00,0x8F,0x00,0x48,0x00,0x00,0xCD,
	0x01,0x04,0xD8,0x02,0x61,0x1C,0x02,0x01,0x5A,0x06,0x00,0x36,0x06,0x00,0x7F,0x02,0x08,0xDF,0x06,0x01,
	0x8B,0x01,0x00,0xA5,0x01,0x98,0xAB,0x02,0x00,0xC4,0x05,0x00,0x20,0x00,0x00,0x2D,0x04,0x01,0xC5,0x00,
	0x00,0x59,0x03,0x01,0x80,0x00,0x00,0x01,0x00,0x8B,0x00,0x48,0x00,0x00,0xD4,0x01,0x04,0x18,0x02,0x01,
	0x06,0x02,0x00,0x08,0x04,0x00,0x08,0x00,0x00,0x07,0x00,0x00,0x3D,0x00,0x01,0x40,0x00,0x00,0x72,0x00,
	0x98,0x36,0x01,0x00,0x02,0x00,0x00,0x82,0x00,0x0D,0x00,0x01,0x03,0x00,0x00,0x15,0x00,0x01,0x80,0x00,
	0x00,0x01,0x00,0x84,0x00,0x48,0x00,0x00,0x14,0x01,0x04,0x08,0x02,0x00,0x02,0x00,0x00,0x00,0x04,0x00,
	0x81,0x00,0x03,0x00,0x00,0x01,0x00,0x00,0x82,0x00,0x12,0x00,0x00,0x02,0x00,0x00,0x02,0x00,0x00,0x82,
	0x00,0x04,0x00,0x00,0x03,0x00,0x00,0x04,0x04,0x11,0x80,0x00,0x03,0x00,0x00,0x80,0x01,0x00,0x00,0x00,
	0x92,0x04,0x00,0x02,0x08,0x00,0x00,0x48,0xB8,0x01,0x40,0x69,0x00,0x00,0x28,0x01,0x01,0xBE,0x06,0x01,
	0x8A,0x00,0x00,0x50,0x04,0x18,0x6B,0x00,0x00,0xBA,0x04,0x01,0xA0,0x01,0x00,0xC8,0x02,0x04,0x34,0x01,
	0x00,0xB0,0x02,0x90,0xAC,0x00,0x00,0x79,0x04,0x00,0x70,0x00,0x00,0x1C,0x04,0x01,0x00,0x00,0x00,0x80,
	0x04,0x00,0x02,0x00,0x90,0x08,0x48,0x00,0x00,0x20,0x01,0x00,0x10,0x02,0x01,0x14,0x04,0x00,0x12,0x04,
	0x00,0x10,0x04,0x08,0x28,0x04,0x00,0x3A,0x00,0x01,0x62,0x04,0x00,0x50,0x06,0x04,0x04,0x03,0x00,0x34,
	0x00,0x90,0x0C,0x00,0x00,0x0D,0x00,0x00,0x0B,0x04,0x00,0x12,0x04,0x01,0x00,0x00,0x00,0x80,0x00,0x00,
	0x02,0x00,0x80,0x00,0x08,0x00,0x00,0x82,0x00,0x10,0x00,0x00,0x00,0x04,0x00,0x02,0x00,0x01,0x88,0x00,
	0x02,0x04,0x00,0x02,0x04,0x00,0x10,0x04,0x00,0x04,0x00,0x00,0x04,0x00,0x00,0x04,0x00,0x00,0x04,0x00,
	0x00,0x08,0x00,0x00,0x02,0x04,0x11,0x81,0x00,0x00,0x04,0x00,0x00,0x04,0x0F,0x80,0x30,0x00,0x00,0x12,
	0x80,0x30,0x00,0x00,0x2A,0xBB,0xF9,0x00,0x01,0x6B,0xE3,0x00,0xFC,0x3A,0x00,0x08,0xB8,0x00,0x28,0x68,
	0x07,0x8E,0x89,0x07,0x4C,0xA6,0x06,0x8E,0xE0,0x06,0x79,0xFB,0x06,0x06,0x6B,0x04,0xEB,0x55,0x04,0x3E,
	0x21,0x04,0x4F,0x21,0x03,0xC7,0x4F,0x01,0x63,0xED,0x07,0xC5,0x45,0x07,0x9B,0x95,0x00,0xC8,0x4D,0x04,
	0xD8,0x64,0x00,0x35,0x3B,0x04,0xF9,0x00,0x01,0x14,0xE0,0x00,0x00,0x38,0x00,0x00,0xB8,0x03,0x17,0x38,
	0x00,0x01,0x28,0x00,0x8C,0x0C,0x00,0x91,0x1C,0x04,0x40,0x1C,0x00,0x26,0x1F,0x00,0x64,0x2E,0x00,0x51,
	0x38,0x00,0x10,0x1E,0x04,0x00,0x38,0x06,0x74,0x38,0x06,0x10,0x38,0x00,0x6C,0x08,0x00,0x3F,0x02,0x00,
	0x3F,0x0A,0x00,0x10,0x08,0x02,0x06,0xFF,0x06,0xFF,0x1F,0x07,0xFF,0xC7,0x07,0xFF,0x47,0x04,0xFF,0x87,
	0x07,0xFF,0x17,0x06,0xF3,0x13,0x04,0xFF,0x03,0x00,0xFF,0x03,0x00,0x99,0x02,0x00,0x8F,0x03,0x00,0x8F,
	0x01,0x00,0x87,0x07,0x00,0x87,0x03,0x00,0xCF,0x07,0x00,0xEF,0x07,0x00,0xEF,0x07,0x00,0xFF,0x07,0x00,
	0xFF,0x05,0x00,0xFF,0x07,0x00,0x11,0x81,0x00,0x02,0x04,0x00,0x02,0x04,0x01,0x81,0x00,0x00,0x01,0x00,
	0x80,0x00,0x00,0x80,0x80,0x00,0x00,0x01,0x87,0x80,0x03,0x00,0x30,0x00,0x00,0x00,0x06,0x00,0x08,0x01,
	0x00,0x18,0x00,0x01,0x20,0x04,0x00,0x00,0x02,0x00,0x18,0x02,0x00,0x02,0x80,0x20,0x00,0x00,0x04,0x80,
	0x80,0x00,0x00,0x01,0x80,0x00,0x02,0x00,0x00,0x83,0x10,0x06,0x00,0x08,0x00,0x00,0x18,0x00,0x00,0x20,
	0x04,0x00,0x00,0x80,0x10,0x00,0x00,0x02,0x80,0x20,0x00,0x00,0x09,0x80,0x00,0x02,0x00,0x03,0x80,0x10,
	0x00,0x00,0x17,0x01,0x83,0x00,0x00,0x03,0x00,0x80,0x00,0x00,0x00,0x02,0x40,0x00,0x00,0x00,0x80,0x40,
	0x01,0x00,0x01,0x84,0x40,0x04,0x00,0x00,0x06,0x00,0x00,0x0E,0x00,0x80,0x0A,0x00,0x80,0x00,0x00,0x00,
	0x82,0x60,0x04,0x00,0x40,0x04,0x00,0x20,0x00,0x00,0x07,0x80,0x40,0x00,0x00,0x03,0x80,0x00,0x04,0x00,
	0x02,0x80,0x20,0x00,0x00,0x0E,0x80,0x00,0x04,0x00,0x02,0x80,0x20,0x00,0x00,0x16,0x00,0x80,0x00,0x00,
	0x02,0x05,0x8B,0x00,0x00,0x02,0x70,0x04,0x00,0xD0,0x04,0x00,0x08,0x04,0x00,0x18,0x00,0x00,0x60,0x00,
	0x03,0xC0,0x80,0x01,0x60,0x04,0x00,0x40,0x00,0x00,0x40,0x00,0x00,0x50,0x04,0x00,0x48,0x04,0x00,0x08,
	0x85,0x40,0x00,0x00,0x00,0x04,0x00,0x08,0x04,0x00,0x18,0x08,0x00,0x20,0x00,0x00,0x40,0x00,0x00,0x00,
	0x81,0x40,0x00,0x00,0x40,0x00,0x00,0x0A,0x82,0x40,0x00,0x00,0x00,0x04,0x00,0x00,0x04,0x00,0x1B,0x00,
	0x83,0x00,0x00,0x03,0x00,0x80,0x03,0x00,0x80,0x00,0x00,0x00,0x02,0x00,0x80,0x40,0x02,0x00,0x00,0x88,
	0x00,0x00,0x02,0x60,0x00,0x00,0x40,0x02,0x00,0x80,0x08,0x00,0x70,0x04,0x00,0x28,0x98,0x03,0x58,0x00,
	0x01,0x00,0x80,0x00,0x28,0x04,0x00,0x00,0x81,0x08,0x00,0x00,0x40,0x00,0x00,0x05,0x80,0x40,0x00,0x00,
	0x01,0x81,0x20,0x00,0x00,0x50,0x02,0x00,0x00,0x82,0x48,0x08,0x00,0x00,0x08,0x00,0x08,0x00,0x00,0x00,
	0x83,0x20,0x04,0x00,0x40,0x00,0x00,0x40,0x00,0x00,0x40,0x00,0x00,0x09,0x80,0x00,0x02,0x00,0x00,0x80,
	0x08,0x08,0x00,0x02,0x81,0x20,0x00,0x00,0x40,0x00,0x00,0x15,0x4F,0x00,0x82,0x00,0x40,0x01,0x00,0x80,
	0x01,0x00,0x80,0x03,0x02,0x8C,0x00,0x01,0x01,0x80,0x00,0x00,0x20,0x00,0x00,0x60,0x00,0x00,0x08,0x08,
	0x00,0x80,0x18,0x02,0x88,0x04,0x02,0x80,0x30,0x00,0x70,0x04,0x00,0x00,0x04,0x00,0x08,0x04,0x00,0x40,
	0x00,0x00,0x40,0x04,0x00,0x09,0x85,0x10,0x00,0x00,0x00,0x08,0x00,0x08,0x00,0x00,0x08,0x0C,0x00,0xC0,
	0x00,0x00,0x60,0x04,0x00,0x00,0x82,0x00,0x04,0x00,0x40,0x00,0x00,0x00,0x04,0x00,0x09,0x80,0x10,0x00,
	0x00,0x01,0x82,0x08,0x08,0x00,0x40,0x00,0x00,0x20,0x00,0x00,0x01,0x80,0x40,0x00,0x00,0x14,0x00,0x80,
	0x00,0x40,0x00,0x02,0x80,0xC0,0x02,0x00,0x00,0x8C,0x00,0x00,0x01,0x00,0x01,0x00,0x40,0x04,0x00,0x50,
	0x00,0x02,0x30,0x88,0x03,0x18,0xD0,0x01,0x80,0x20,0x01,0x88,0x98,0x02,0xC0,0x20,0x00,0x00,0x04,0x00,
	0x50,0x00,0x00,0x70,0x00,0x00,0x00,0x04,0x00,0x04,0x80,0x80,0x00,0x00,0x02,0x82,0x60,0x04,0x00,0x50,
	0x00,0x00,0x20,0x00,0x00,0x00,0x81,0x08,0x10,0x00,0x88,0x10,0x00,0x00,0x83,0x10,0x04,0x00,0x40,0x00,
	0x00,0x40,0x00,0x00,0x00,0x04,0x00,0x08,0x81,0x20,0x00,0x00,0x40,0x00,0x00,0x04,0x82,0x10,0x04,0x00,
	0x40,0x00,0x00,0x40,0x00,0x00,0x14,0x06,0x8C,0x00,0x02,0x02,0x00,0x06,0x02,0x20,0x02,0x00,0x30,0x00,
	0x02,0x10,0x8A,0x03,0x40,0x44,0x00,0x18,0xA0,0x01,0x78,0x1C,0x02,0x50,0x90,0x00,0x90,0x00,0x00,0x10,
	0x00,0x00,0x10,0x0C,0x00,0x50,0x04,0x00,0x07,0x81,0x00,0x02,0x00,0x20,0x00,0x00,0x00,0x88,0x00,0x08,
	0x00,0x40,0x00,0x00,0x10,0x00,0x00,0x00,0x04,0x00,0x40,0x00,0x00,0x10,0x00,0x00,0x10,0x00,0x00,0x10,
	0x00,0x00,0x10,0x08,0x00,0x0A,0x80,0x10,0x08,0x00,0x01,0x81,0x00,0x08,0x00,0x40,0x00,0x00,0x17,0x04,
	0x80,0x80,0x00,0x00,0x00,0x8C,0x00,0x04,0x00,0x40,0x00,0x00,0x20,0x02,0x00,0x60,0x00,0x00,0xD0,0x00,
	0x00,0x00,0x82,0x03,0x30,0x00,0x02,0x30,0x00,0x00,0x00,0x18,0x00,0x90,0x08,0x00,0xD0,0x04,0x00,0xD0,
	0x00,0x00,0x90,0x08,0x00,0x07,0x80,0x40,0x00,0x00,0x00,0x88,0x20,0x00,0x00,0x40,0x00,0x00,0x10,0x00,
	0x00,0x10,0x10,0x00,0x20,0x00,0x00,0x00,0x10,0x00,0x00,0x04,0x00,0x00,0x0C,0x00,0x00,0x08,0x00,0x0E,
	0x80,0x20,0x00,0x00,0x00,0x80,0x00,0x04,0x00,0x16,0x05,0x8D,0x40,0x00,0x00,0x40,0x00,0x00,0x80,0x00,
	0x00,0x40,0x04,0x00,0x20,0x00,0x00,0x00,0x02,0x00,0x80,0x10,0x00,0x00,0x1C,0x00,0x00,0x10,0x00,0x00,
	0x10,0x00,0xE0,0x3C,0x00,0x80,0x04,0x00,0x80,0x00,0x00,0x00,0x08,0x00,0x05,0x8C,0x40,0x00,0x00,0x40,
	0x00,0x00,0x80,0x00,0x00,0x40,0x04,0x00,0x20,0x00,0x00,0x50,0x02,0x00,0x10,0x00,0x00,0x10,0x18,0x00,
	0x00,0x10,0x00,0x00,0x18,0x00,0x20,0x0C,0x00,0x00,0x08,0x00,0x00,0x08,0x00,0x0A,0x84,0x20,0x00,0x00,
	0x40,0x02,0x00,0x10,0x00,0x00,0x10,0x08,0x00,0x00,0x10,0x00,0x00,0x82,0x20,0x00,0x00,0x00,0x08,0x00,
	0x00,0x08,0x00,0x14,0x4F,0x05,0x84,0x40,0x04,0x00,0x00,0x01,0x00,0x80,0x03,0x00,0x00,0x06,0x00,0x60,
	0x0A,0x00,0x00,0x85,0x30,0x0C,0x00,0x10,0x10,0x00,0x20,0x0C,0x00,0x50,0x1C,0x00,0x10,0x24,0x00,0x40,
	0x08,0x00,0x00,0x80,0xA0,0x10,0x00,0x06,0x83,0x00,0x01,0x00,0x80,0x01,0x00,0x00,0x06,0x00,0x20,0x00,
	0x00,0x00,0x80,0x30,0x0C,0x00,0x00,0x81,0x30,0x08,0x00,0x40,0x14,0x00,0x00,0x82,0x60,0x00,0x00,0x20,
	0x08,0x00,0x20,0x08,0x00,0x08,0x80,0x00,0x02,0x00,0x01,0x80,0x00,0x0C,0x00,0x00,0x81,0x30,0x08,0x00,
	0x40,0x00,0x00,0x01,0x80,0x00,0x08,0x00,0x14,0x05,0x80,0x80,0x00,0x00,0x00,0x8B,0x00,0x01,0x00,0xC0,
	0x02,0x00,0x60,0x02,0x00,0x20,0x06,0x00,0xD0,0x14,0x00,0x30,0x20,0x00,0x10,0x0C,0x00,0x00,0x04,0x00,
	0x00,0x18,0x00,0x40,0x00,0x00,0x60,0x18,0x00,0x60,0x00,0x00,0x05,0x80,0x80,0x00,0x00,0x01,0x84,0x40,
	0x00,0x00,0x40,0x02,0x00,0x00,0x04,0x00,0x40,0x16,0x00,0x30,0x00,0x00,0x00,0x81,0x00,0x10,0x00,0x00,
	0x08,0x00,0x00,0x81,0x40,0x00,0x00,0x40,0x10,0x00,0x09,0x82,0x40,0x00,0x00,0x20,0x04,0x00,0x00,0x04,
	0x00,0x01,0x82,0x00,0x10,0x00,0x00,0x10,0x00,0x00,0x08,0x00,0x15,0x83,0x00,0x00,0x04,0x00,0x00,0x04,
	0x00,0x00,0x04,0x00,0x00,0x04,0x02,0x8C,0x40,0x00,0x00,0xC0,0x02,0x00,0x00,0x02,0x00,0x00,0x08,0x00,
	0xE0,0x1A,0x00,0x80,0x10,0x00,0x00,0x10,0x00,0xA0,0x30,0x00,0xA0,0x28,0x00,0x40,0x18,0x00,0x00,0x18,
	0x00,0x40,0x18,0x00,0x00,0x10,0x00,0x07,0x88,0x80,0x00,0x00,0x00,0x02,0x00,0x00,0x08,0x00,0x40,0x0A,
	0x00,0x80,0x00,0x00,0x80,0x00,0x00,0x80,0x30,0x00,0xA0,0x20,0x00,0x00,0x08,0x00,0x00,0x80,0x00,0x08,
	0x00,0x0B,0x80,0x40,0x08,0x00,0x01,0x81,0x00,0x10,0x00,0x20,0x00,0x00,0x01,0x81,0x00,0x10,0x00,0x00,
	0x10,0x00,0x13,0x81,0x00,0x00,0x02,0x00,0x00,0x02,0x03,0x8D,0x80,0x01,0x00,0x00,0x02,0x00,0x00,0x01,
	0x00,0xC0,0x05,0x00,0x00,0x0A,0x00,0x60,0x02,0x00,0x80,0x26,0x00,0x40,0x10,0x00,0xD0,0x20,0x00,0x30,
	0x04,0x00,0x10,0x34,0x00,0x60,0x08,0x00,0x20,0x18,0x00,0x00,0x30,0x00,0x08,0x84,0x80,0x00,0x00,0x40,
	0x00,0x00,0x20,0x10,0x00,0x80,0x04,0x00,0xC0,0x20,0x00,0x00,0x83,0x20,0x20,0x00,0x10,0x10,0x00,0x20,
	0x00,0x00,0x00,0x18,0x00,0x0A,0x80,0x40,0x00,0x00,0x00,0x81,0x80,0x04,0x00,0x80,0x00,0x00,0x00,0x80,
	0x20,0x20,0x00,0x00,0x80,0x00,0x10,0x00,0x15,0x80,0x00,0x00,0x02,0x02,0x80,0x00,0x00,0x04,0x01,0x81,
	0x80,0x00,0x00,0x00,0x02,0x00,0x00,0x89,0xC0,0x00,0x00,0x00,0x04,0x00,0xA0,0x20,0x00,0x00,0x4C,0x00,
	0xA0,0x44,0x00,0x00,0x40,0x01,0x00,0x20,0x00,0x00,0x18,0x00,0x20,0x20,0x00,0x40,0x00,0x00,0x06,0x81,
	0x80,0x00,0x00,0x00,0x02,0x00,0x00,0x80,0x40,0x00,0x00,0x00,0x82,0xA0,0x20,0x00,0x00,0x04,0x00,0xA0,
	0x04,0x00,0x00,0x81,0x00,0x20,0x00,0x00,0x18,0x00,0x00,0x80,0x40,0x00,0x00,0x0C,0x81,0x00,0x04,0x00,
	0x80,0x00,0x00,0x03,0x80,0x00,0x20,0x00,0x13,0x4F,0x82,0x00,0x00,0x04,0x00,0xC0,0x05,0x00,0x80,0x03,
	0x00,0x80,0x00,0x00,0x04,0x00,0x8C,0x00,0x03,0x00,0x00,0x02,0x00,0x80,0x02,0x00,0x80,0x04,0x00,0x80,
	0x08,0x00,0x60,0x10,0x00,0x23,0x60,0x00,0x0F,0xC0,0x01,0x8F,0x50,0x01,0xDF,0x84,0x00,0x8F,0x60,0x00,
	0x1D,0x28,0x00,0x60,0x00,0x00,0x07,0x84,0x00,0x02,0x00,0x80,0x00,0x00,0x80,0x00,0x00,0x80,0x00,0x00,
	0x00,0x10,0x00,0x00,0x86,0x00,0x40,0x00,0x80,0x40,0x00,0xD0,0x40,0x00,0x00,0x20,0x00,0x00,0x08,0x00,
	0x00,0x20,0x00,0x00,0x20,0x00,0x0A,0x80,0x00,0x10,0x00,0x01,0x82,0x80,0x00,0x00,0x50,0x00,0x00,0x00,
	0x20,0x00,0x16,0x00,0x83,0x00,0xC0,0x03,0x00,0x80,0x00,0x00,0x00,0x02,0x00,0x00,0x04,0x01,0x8C,0x80,
	0x00,0x00,0x00,0x04,0x00,0x00,0x06,0x00,0xC0,0x08,0x00,0xC0,0x00,0x00,0x23,0x44,0x00,0x1F,0x8C,0x01,
	0x8F,0x70,0x01,0x38,0x78,0x02,0x20,0x48,0x00,0x02,0x30,0x00,0x1B,0x30,0x00,0x01,0x18,0x00,0x07,0x88,
	0x00,0x04,0x00,0x00,0x06,0x00,0x00,0x0C,0x00,0xC0,0x00,0x00,0x80,0x04,0x00,0x20,0x04,0x00,0x10,0x00,
	0x00,0x10,0x70,0x00,0x00,0x50,0x00,0x0C,0x83,0x00,0x04,0x00,0x40,0x00,0x00,0x20,0x04,0x00,0x00,0x04,
	0x00,0x00,0x80,0x10,0x70,0x00,0x00,0x81,0x00,0x20,0x00,0x00,0x20,0x00,0x14,0x01,0x81,0x00,0x00,0x03,
	0x00,0x00,0x02,0x01,0x80,0x00,0x02,0x00,0x00,0x8B,0x80,0x02,0x00,0x80,0x04,0x00,0x00,0x04,0x00,0x80,
	0x0C,0x00,0xE0,0x0C,0x00,0x00,0x80,0x00,0x60,0x48,0x00,0xD0,0x50,0x02,0x80,0x44,0x00,0x02,0x04,0x00,
	0x40,0x18,0x00,0x40,0x60,0x00,0x08,0x86,0x00,0x04,0x00,0x00,0x04,0x00,0xC0,0x0C,0x00,0xC0,0x00,0x00,
	0x20,0x00,0x00,0xE0,0x40,0x00,0x80,0x40,0x00,0x00,0x82,0x00,0x20,0x00,0x00,0x38,0x00,0x40,0x20,0x00,
	0x0A,0x84,0x80,0x08,0x00,0x80,0x00,0x00,0x20,0x00,0x00,0x80,0x40,0x00,0x00,0x40,0x00,0x01,0x81,0x00,
	0x20,0x00,0x00,0x20,0x00,0x11,0x81,0x00,0x20,0x00,0x00,0x20,0x00,0x01,0x82,0x00,0x00,0x05,0x00,0x00,
	0x04,0x00,0x00,0x04,0x03,0x89,0x00,0x02,0x00,0x00,0x0D,0x00,0x40,0x2C,0x00,0x40,0xC8,0x03,0xA0,0x00,
	0x03,0x90,0x34,0x00,0x10,0x00,0x01,0xF0,0x50,0x00,0x0A,0x3C,0x00,0x07,0x38,0x00,0x09,0x89,0x00,0x02,
	0x00,0x80,0x08,0x00,0x00,0x08,0x00,0x00,0x04,0x00,0xA0,0x04,0x00,0x20,0x00,0x00,0x90,0x00,0x00,0x90,
	0x50,0x00,0x08,0x0C,0x00,0x03,0x10,0x00,0x0B,0x80,0x00,0x08,0x00,0x01,0x82,0x20,0x00,0x00,0x80,0x00,
	0x00,0x00,0x50,0x00,0x16,0x01,0x80,0x00,0x00,0x01,0x00,0x81,0x00,0x00,0x03,0x00,0x00,0x02,0x00,0x81,
	0x00,0x05,0x00,0x00,0x05,0x00,0x00,0x89,0x00,0x10,0x00,0x00,0xC0,0x00,0x7F,0x81,0x00,0x5F,0x0D,0x01,
	0xF8,0x01,0x03,0xAF,0xC8,0x03,0xB7,0xD8,0x00,0x85,0x70,0x00,0x08,0x40,0x00,0x0F,0x50,0x00,0x06,0x81,
	0x00,0x05,0x00,0x00,0x01,0x00,0x00,0x89,0x00,0x08,0x00,0x00,0x20,0x00,0xC0,0xC0,0x00,0x00,0xC8,0x01,
	0x87,0x80,0x00,0x07,0xC0,0x00,0x37,0x18,0x00,0x05,0x20,0x00,0x08,0x10,0x00,0x01,0x40,0x00,0x09,0x80,
	0x00,0x08,0x00,0x00,0x81,0xC0,0x00,0x00,0x00,0x48,0x00,0x00,0x82,0x00,0x40,0x00,0x20,0x18,0x00,0x00,
	0x20,0x00,0x12,0x80,0x00,0x20,0x00,0x01,0x4F,0x03,0x80,0x00,0x00,0x03,0x01,0x8C,0x00,0x00,0x04,0x00,
	0x04,0x00,0x00,0x0C,0x00,0x1C,0x08,0x00,0xBF,0x39,0x03,0xBC,0x19,0x05,0x3F,0x80,0x07,0x64,0x00,0x07,
	0x7C,0x88,0x01,0x7E,0x41,0x01,0x8E,0x20,0x00,0x0E,0x58,0x00,0xD4,0x00,0x00,0x08,0x8A,0x00,0x04,0x00,
	0x00,0x18,0x00,0x00,0x30,0x00,0xBC,0x18,0x01,0x7F,0x80,0x02,0x18,0x81,0x03,0x78,0x01,0x01,0x08,0x60,
	0x00,0x12,0x04,0x00,0x14,0x50,0x00,0x04,0x40,0x00,0x09,0x85,0x00,0x08,0x00,0x00,0x30,0x00,0x00,0x19,
	0x00,0x00,0x81,0x00,0x00,0x80,0x00,0x20,0x00,0x00,0x00,0x82,0x00,0x10,0x00,0x00,0x10,0x00,0x00,0x40,
	0x00,0x13,0x04,0x8E,0x00,0x00,0x02,0x00,0x02,0x00,0x00,0x02,0x04,0x00,0x02,0x00,0x1F,0x04,0x00,0x23,
	0xD9,0x03,0x00,0xE1,0x05,0xC3,0x10,0x07,0x80,0xD1,0x04,0x7C,0x60,0x01,0x64,0xF8,0x01,0x86,0x80,0x00,
	0x30,0x61,0x00,0x12,0x58,0x00,0x04,0x48,0x00,0x06,0x81,0x00,0x02,0x00,0x00,0x02,0x00,0x00,0x89,0x00,
	0x31,0x00,0x00,0xE1,0x03,0x03,0x91,0x05,0x40,0x41,0x07,0x40,0x49,0x00,0x40,0xA9,0x00,0x00,0x81,0x00,
	0x20,0x58,0x00,0x00,0x30,0x00,0x04,0x00,0x00,0x09,0x86,0x00,0x10,0x00,0x00,0x20,0x00,0x00,0x90,0x03,
	0x40,0x40,0x03,0x00,0x41,0x00,0x00,0xA1,0x00,0x00,0x08,0x00,0x00,0x80,0x00,0x30,0x00,0x12,0x80,0x00,
	0x20,0x00,0x00,0x05,0x80,0x00,0x02,0x00,0x00,0x8B,0x00,0xC0,0x00,0x00,0xD3,0x03,0x00,0x20,0x02,0x80,
	0x41,0x00,0x03,0x80,0x04,0x01,0x80,0x06,0x00,0x88,0x02,0x80,0x28,0x04,0x80,0x71,0x02,0x0C,0x71,0x00,
	0x08,0x30,0x00,0x11,0x60,0x00,0x05,0x80,0x00,0x02,0x00,0x01,0x81,0x00,0x01,0x00,0x00,0x00,0x02,0x00,
	0x87,0x03,0x80,0x07,0x01,0x08,0x07,0x00,0x80,0x00,0x00,0x30,0x02,0x80,0x20,0x00,0x00,0x10,0x00,0x00,
	0x50,0x00,0x01,0x60,0x00,0x0B,0x84,0x00,0x80,0x03,0x00,0x08,0x03,0x00,0x80,0x00,0x00,0x20,0x00,0x00,
	0x10,0x00,0x00,0x81,0x00,0x40,0x00,0x00,0x20,0x00,0x10,0x80,0x00,0x20,0x00,0x00,0x80,0x00,0x20,0x00,
	0x06,0x8C,0x01,0x02,0x00,0x0F,0xC0,0x00,0x00,0x31,0x01,0x0C,0x78,0x02,0xDF,0x08,0x02,0x43,0x80,0x03,
	0x41,0x01,0x03,0xC0,0x00,0x03,0x00,0x01,0x02,0x15,0xA0,0x01,0x07,0x50,0x00,0xD7,0x70,0x00,0x82,0x10,
	0x00,0x06,0x80,0x00,0x02,0x00,0x00,0x8A,0x00,0x10,0x00,0x8C,0x78,0x02,0x9F,0x00,0x00,0x03,0x80,0x01,
	0x41,0x01,0x03,0xC0,0x00,0x03,0x00,0xE1,0x03,0x05,0xC1,0x01,0x07,0x00,0x00,0x17,0x40,0x00,0x80,0x00,
	0x00,0x09,0x80,0x00,0x30,0x00,0x00,0x84,0x00,0x80,0x01,0x40,0x00,0x03,0x00,0x00,0x03,0x00,0x41,0x03,
	0x00,0xA0,0x00,0x16,0x04,0x8E,0x00,0x06,0x00,0x00,0x02,0x00,0x01,0x06,0x00,0x0F,0x00,0x00,0x9F,0x19,
	0x01,0xAD,0xB1,0x03,0x1F,0x90,0x03,0xFF,0x01,0x02,0xDF,0xC8,0x00,0x2F,0x81,0x00,0x1F,0x00,0x00,0x3A,
	0x60,0x00,0x98,0xF0,0x00,0x28,0x20,0x00,0xCC,0x40,0x00,0x05,0x8D,0x00,0x02,0x00,0x00,0x06,0x00,0x00,
	0x04,0x00,0x00,0x08,0x00,0x8C,0xA1,0x03,0x5F,0x11,0x00,0x7F,0x01,0x02,0x5F,0x88,0x00,0x0F,0x00,0x00,
	0x9F,0x41,0x00,0x3A,0xA0,0x00,0x18,0x40,0x00,0x08,0x10,0x00,0x80,0x50,0x00,0x09,0x83,0x80,0x20,0x00,
	0x00,0x11,0x00,0x40,0x00,0x02,0x00,0x80,0x00,0x00,0x82,0x80,0x80,0x00,0x00,0xC0,0x00,0x00,0x20,0x00,
	0x15,0x12,0x80,0x00,0x20,0x00,0x3B,0x04,0x80,0x00,0x02,0x00,0x00,0x8C,0x00,0x01,0x00,0x00,0x09,0x02,
	0x00,0x21,0x00,0x9E,0x88,0x03,0x87,0x08,0x00,0x40,0x80,0x00,0x00,0x89,0x01,0x50,0x48,0x00,0x20,0x01,
	0x02,0x00,0xA0,0x05,0xA0,0x80,0x01,0x10,0x40,0x00,0x80,0x10,0x00,0x04,0x80,0x00,0x02,0x00,0x01,0x8B,
	0x00,0x01,0x00,0x80,0x21,0x00,0x40,0x88,0x03,0x00,0x09,0x00,0x40,0x81,0x00,0x20,0x09,0x01,0x70,0x01,
	0x01,0x00,0xA0,0x02,0x00,0xC0,0x01,0x00,0x40,0x00,0x00,0x40,0x00,0x00,0x10,0x00,0x0A,0x84,0x40,0x09,
	0x00,0x00,0x81,0x00,0x20,0x01,0x01,0x20,0x01,0x01,0x00,0x00,0x03,0x02,0x80,0x00,0x10,0x00,0x13,0x05,
	0x8D,0x00,0x02,0x00,0x00,0x01,0x00,0x80,0x03,0x02,0xC0,0x09,0x01,0x98,0x10,0x00,0xA0,0x80,0x07,0x00,
	0x81,0x00,0x40,0x08,0x03,0x70,0x01,0x00,0x00,0x98,0x01,0xC0,0x00,0x01,0x00,0x60,0x00,0x40,0x40,0x00,
	0x00,0x10,0x00,0x05,0x80,0x00,0x02,0x00,0x00,0x80,0x00,0x01,0x00,0x01,0x88,0x20,0x01,0x00,0x00,0x01,
	0x00,0x00,0x01,0x01,0x70,0x01,0x02,0x00,0x50,0x02,0x00,0x80,0x00,0x00,0x20,0x00,0x40,0x00,0x00,0x00,
	0x10,0x00,0x08,0x81,0x80,0x00,0x00,0x40,0x00,0x00,0x00,0x82,0x20,0x00,0x00,0x20,0x00,0x01,0x00,0x00,
	0x02,0x01,0x80,0x00,0x20,0x00,0x00,0x80,0x00,0x10,0x00,0x0C,0x80,0x20,0x00,0x00,0x05,0x08,0x8A,0x40,
	0xE8,0x02,0xF8,0x01,0x00,0x18,0x01,0x01,0x3F,0x18,0x03,0xD3,0x20,0x01,0xA0,0x09,0x00,0xA0,0xE9,0x06,
	0x54,0x40,0x03,0x5D,0x40,0x03,0xCB,0x60,0x00,0x01,0x00,0x00,0x07,0x81,0x80,0x00,0x00,0xC0,0x28,0x00,
	0x00,0x88,0x20,0x00,0x01,0x10,0x18,0x03,0xE0,0x00,0x01,0x10,0x08,0x00,0xA0,0x88,0x00,0x00,0x40,0x00,
	0x40,0x40,0x00,0x00,0x60,0x00,0x00,0x10,0x00,0x08,0x80,0x00,0x08,0x00,0x00,0x84,0x20,0x00,0x00,0x20,
	0x18,0x03,0x30,0x00,0x01,0x10,0x00,0x00,0x20,0x00,0x00,0x01,0x80,0x00,0x40,0x00,0x0C,0x81,0x20,0x00,
	0x00,0x20,0x00,0x00,0x05,0x05,0x8D,0x00,0x01,0x00,0x01,0x00,0x02,0x00,0x09,0x03,0x40,0x10,0x03,0x02,
	0xE8,0x00,0x30,0x84,0x02,0x50,0x04,0x06,0xD4,0x90,0x01,0x97,0x01,0x06,0x6F,0x01,0x01,0x4B,0x28,0x05,
	0x02,0x50,0x02,0x44,0x40,0x00,0x40,0x00,0x00,0x09,0x84,0x20,0x60,0x00,0x20,0x80,0x02,0x90,0x00,0x01,
	0x50,0x00,0x02,0x90,0x00,0x02,0x00,0x81,0x40,0x00,0x01,0x00,0x10,0x00,0x00,0x80,0x40,0x40,0x00,0x09,
	0x80,0x00,0x20,0x00,0x00,0x82,0x10,0x00,0x00,0x00,0x00,0x02,0x80,0x00,0x00,0x03,0x80,0x00,0x40,0x00,
	0x13,0x04,0x80,0x00,0x04,0x00,0x00,0x8C,0x01,0x00,0x01,0x00,0x03,0x00,0x00,0x38,0x03,0x62,0x70,0x03,
	0xC0,0x88,0x03,0xA0,0x00,0x01,0x38,0x74,0x06,0x80,0x10,0x01,0x40,0x00,0x01,0x00,0x58,0x00,0x40,0x38,
	0x00,0x20,0x70,0x00,0x00,0x60,0x00,0x04,0x80,0x00,0x04,0x00,0x02,0x8A,0x00,0x18,0x00,0xA0,0x30,0x00,
	0x80,0x08,0x00,0xB0,0x00,0x02,0xA8,0x10,0x03,0x08,0x00,0x01,0x50,0x00,0x01,0x20,0x58,0x00,0x40,0x10,
	0x00,0x00,0x50,0x00,0x00,0x20,0x00,0x08,0x84,0x00,0x08,0x00,0xA0,0x30,0x00,0x00,0x08,0x00,0xA0,0x00,
	0x00,0x80,0x10,0x00,0x00,0x80,0x40,0x00,0x00,0x01,0x80,0x00,0x10,0x00,0x0C,0x80,0x20,0x00,0x00,0x06,
	0x4F,0x04,0x8E,0x00,0x04,0x00,0x00,0x02,0x00,0x00,0x00,0x03,0x80,0x04,0x03,0x00,0x18,0x00,0xC0,0x00,
	0x00,0x90,0x28,0x00,0x88,0xCC,0x00,0xB8,0x84,0x00,0xA8,0x01,0x02,0x20,0x11,0x00,0x60,0x40,0x00,0x60,
	0x00,0x03,0x00,0x78,0x00,0x00,0x38,0x00,0x04,0x81,0x00,0x04,0x00,0x00,0x02,0x00,0x01,0x87,0x80,0x00,
	0x00,0x40,0x20,0x00,0x10,0x60,0x00,0x00,0xCC,0x00,0xA8,0x04,0x00,0x80,0x00,0x00,0x38,0x00,0x00,0x30,
	0x00,0x00,0x00,0x81,0x20,0x20,0x00,0x20,0x50,0x00,0x08,0x80,0x80,0x00,0x00,0x00,0x85,0x00,0x20,0x00,
	0x00,0x48,0x00,0x08,0x00,0x00,0x08,0x00,0x00,0x10,0x00,0x00,0x20,0x00,0x00,0x00,0x80,0x00,0x20,0x00,
	0x14,0x06,0x8C,0x00,0x01,0x00,0x00,0x04,0x00,0x80,0x00,0x00,0xE0,0x2C,0x00,0x50,0x60,0x00,0xA0,0x84,
	0x00,0x88,0xC0,0x00,0xF4,0xC4,0x01,0x58,0x41,0x00,0xC0,0x50,0x01,0x20,0xC0,0x01,0x20,0x00,0x00,0x60,
	0x18,0x00,0x06,0x80,0x00,0x01,0x00,0x00,0x88,0x80,0x08,0x00,0x80,0x18,0x00,0x80,0x20,0x00,0x80,0x40,
	0x00,0x08,0xC4,0x00,0x60,0x80,0x00,0x58,0x00,0x00,0x10,0x00,0x01,0x20,0x00,0x01,0x00,0x80,0x40,0x08,
	0x00,0x09,0x83,0x00,0x18,0x00,0x80,0x20,0x00,0x00,0x40,0x00,0x00,0x44,0x00,0x00,0x81,0x48,0x00,0x00,
	0x10,0x00,0x00,0x16,0x04,0x80,0x00,0x03,0x00,0x01,0x8B,0x00,0x01,0x00,0x80,0x00,0x00,0xA0,0x10,0x00,
	0xD0,0x34,0x00,0x00,0x68,0x00,0x00,0xF0,0x00,0x08,0xE0,0x00,0x8C,0x04,0x00,0x78,0x00,0x01,0x50,0xD8,
	0x02,0x70,0x80,0x00,0x10,0x10,0x00,0x04,0x80,0x00,0x02,0x00,0x01,0x80,0x00,0x01,0x00,0x00,0x89,0x00,
	0x10,0x00,0x90,0x04,0x00,0x00,0x68,0x00,0x00,0x70,0x00,0x00,0x44,0x00,0x08,0x00,0x01,0x48,0x00,0x00,
	0x10,0xC8,0x01,0x60,0x20,0x01,0x00,0x10,0x00,0x0A,0x83,0x10,0x00,0x00,0x00,0x28,0x00,0x00,0x70,0x00,
	0x00,0x40,0x00,0x03,0x80,0x00,0x10,0x00,0x13,0x04,0x80,0x00,0x05,0x00,0x00,0x8C,0x80,0x00,0x00,0x80,
	0x00,0x00,0x00,0x01,0x00,0x20,0x14,0x00,0xC0,0x18,0x00,0x80,0x64,0x00,0x08,0x20,0x00,0x00,0xA4,0x00,
	0x30,0xE4,0x00,0xDC,0x74,0x00,0x38,0x04,0x00,0x10,0x00,0x01,0x50,0xB0,0x00,0x07,0x80,0x80,0x00,0x00,
	0x00,0x89,0x60,0x0C,0x00,0x00,0x20,0x00,0x00,0x20,0x00,0x08,0x40,0x00,0x00,0x64,0x00,0x30,0x84,0x00,
	0x10,0x00,0x00,0x10,0x80,0x00,0x10,0x40,0x01,0x30,0x00,0x00,0x09,0x82,0x20,0x08,0x00,0x40,0x00,0x00,
	0x00,0x20,0x00,0x00,0x80,0x00,0x64,0x00,0x00,0x81,0x08,0x00,0x00,0x10,0x00,0x00,0x00,0x80,0x00,0x20,
	0x00,0x13,0x04,0x86,0x00,0x02,0x00,0x00,0x05,0x00,0x00,0x04,0x00,0x80,0x01,0x00,0xC0,0x02,0x00,0x60,
	0x0C,0x00,0x20,0x04,0x00,0x00,0x86,0x00,0xB8,0x00,0x14,0x58,0x00,0x24,0x6C,0x00,0x58,0x74,0x00,0x70,
	0x20,0x00,0x08,0x90,0x01,0x00,0x68,0x00,0x05,0x80,0x00,0x01,0x00,0x00,0x80,0x80,0x01,0x00,0x00,0x89,
	0x40,0x08,0x00,0x10,0x10,0x00,0x00,0x20,0x00,0x08,0x18,0x00,0x00,0x50,0x00,0x04,0x60,0x00,0x58,0xA4,
	0x00,0x60,0x00,0x00,0x10,0xC0,0x00,0x00,0x28,0x00,0x0A,0x80,0x10,0x10,0x00,0x00,0x85,0x08,0x18,0x00,
	0x00,0x10,0x00,0x00,0x20,0x00,0x40,0x20,0x00,0x28,0x00,0x00,0x10,0x00,0x00,0x14,0x4F,0x05,0x8D,0x80,
	0x02,0x00,0x00,0x01,0x00,0x00,0x02,0x00,0xC0,0x00,0x00,0x60,0x0C,0x00,0x10,0x0C,0x00,0x08,0x20,0x00,
	0x08,0xC0,0x00,0x18,0x68,0x00,0x60,0x2C,0x00,0x34,0x4C,0x00,0x44,0x24,0x00,0x28,0x4C,0x00,0x08,0xE0,
	0x00,0x05,0x8D,0x00,0x02,0x00,0x00,0x01,0x00,0x00,0x02,0x00,0xC0,0x00,0x00,0x20,0x00,0x00,0x10,0x1C,
	0x00,0x40,0x00,0x00,0x00,0x20,0x00,0x00,0x28,0x00,0x00,0x2C,0x00,0x04,0x40,0x00,0x00,0x64,0x00,0x20,
	0x98,0x00,0x00,0x20,0x00,0x0A,0x80,0x00,0x0C,0x00,0x00,0x82,0x00,0x20,0x00,0x00,0x28,0x00,0x00,0x2C,
	0x00,0x00,0x81,0x00,0x20,0x00,0x08,0x00,0x00,0x14,0x05,0x82,0x00,0x02,0x00,0x80,0x00,0x00,0x40,0x00,
	0x00,0x00,0x89,0x60,0x04,0x00,0x50,0x08,0x00,0x70,0x00,0x00,0x00,0x28,0x00,0x48,0x8A,0x00,0x1C,0xE0,
	0x00,0x2C,0xF0,0x00,0x5C,0x14,0x00,0x2C,0x4C,0x00,0x00,0x24,0x00,0x05,0x81,0x00,0x02,0x00,0x80,0x00,
	0x00,0x01,0x89,0x40,0x04,0x00,0x00,0x08,0x00,0x60,0x10,0x00,0x00,0x28,0x00,0x48,0x28,0x00,0x14,0x00,
	0x00,0x08,0x10,0x00,0x04,0x30,0x00,0x00,0x1C,0x00,0x08,0x00,0x00,0x09,0x84,0x40,0x00,0x00,0x00,0x08,
	0x00,0x40,0x10,0x00,0x00,0x08,0x00,0x00,0x08,0x00,0x00,0x81,0x00,0x30,0x00,0x00,0x30,0x00,0x15,0x05,
	0x80,0x00,0x03,0x00,0x01,0x8A,0x80,0x00,0x00,0xE0,0x00,0x00,0x60,0x08,0x00,0x00,0x14,0x00,0x00,0x2A,
	0x00,0x20,0x08,0x00,0x08,0x10,0x00,0x44,0x88,0x00,0x40,0x08,0x00,0x5C,0x34,0x00,0x2C,0x1C,0x00,0x05,
	0x80,0x00,0x01,0x00,0x01,0x80,0x80,0x00,0x00,0x00,0x81,0x60,0x00,0x00,0x40,0x10,0x00,0x00,0x85,0x20,
	0x00,0x00,0x00,0x08,0x00,0x40,0x00,0x00,0x40,0x20,0x00,0x14,0x1C,0x00,0x20,0x18,0x00,0x0E,0x81,0x00,
	0x08,0x00,0x40,0x00,0x00,0x00,0x80,0x10,0x10,0x00,0x14,0x82,0x00,0x00,0x04,0x00,0x00,0x06,0x00,0x00,
	0x04,0x02,0x82,0x80,0x01,0x00,0x40,0x00,0x00,0x80,0x02,0x00,0x00,0x89,0xC0,0x00,0x00,0x40,0x00,0x00,
	0x00,0x06,0x00,0x68,0x00,0x00,0x48,0x12,0x00,0x68,0x06,0x00,0x54,0x00,0x00,0x08,0x08,0x00,0x20,0x08,
	0x00,0x00,0x14,0x00,0x07,0x80,0x80,0x02,0x00,0x00,0x80,0x40,0x00,0x00,0x01,0x82,0x60,0x00,0x00,0x48,
	0x12,0x00,0x20,0x04,0x00,0x00,0x81,0x04,0x08,0x00,0x20,0x18,0x00,0x0E,0x81,0x00,0x10,0x00,0x00,0x04,
	0x00,0x00,0x81,0x04,0x08,0x00,0x20,0x18,0x00,0x14,0x82,0x00,0x00,0x03,0x00,0x00,0x02,0x00,0x00,0x04,
	0x03,0x81,0x00,0x02,0x00,0x40,0x01,0x00,0x00,0x89,0x20,0x06,0x00,0x30,0x0A,0x00,0x78,0x08,0x00,0x28,
	0xCE,0x00,0x0C,0x8E,0x00,0x44,0x00,0x00,0x44,0x0E,0x00,0x64,0x12,0x00,0x18,0x06,0x00,0x36,0x00,0x00,
	0x07,0x80,0x40,0x01,0x00,0x00,0x86,0x20,0x00,0x00,0x20,0x08,0x00,0x00,0x08,0x00,0x20,0x06,0x00,0x00,
	0x04,0x00,0x44,0x02,0x00,0x40,0x00,0x00,0x00,0x81,0x08,0x04,0x00,0x14,0x00,0x00,0x0B,0x84,0x00,0x08,
	0x00,0x08,0x04,0x00,0x00,0x04,0x00,0x40,0x00,0x00,0x04,0x00,0x00,0x00,0x80,0x08,0x00,0x00,0x14,0x4F,
	0x00,0x80,0x00,0x00,0x04,0x05,0x80,0x80,0x00,0x00,0x00,0x89,0x40,0x00,0x00,0x20,0x00,0x00,0x30,0x02,
	0x00,0x44,0x30,0x00,0x74,0x42,0x02,0x00,0xDE,0x03,0x46,0xE2,0x01,0x04,0x02,0x00,0x02,0x08,0x00,0x2E,
	0x00,0x00,0x07,0x80,0x80,0x00,0x00,0x00,0x89,0x20,0x00,0x00,0x30,0x02,0x00,0x38,0x02,0x00,0x48,0x10,
	0x00,0x44,0x02,0x00,0x40,0x02,0x00,0x00,0x22,0x00,0x0A,0x02,0x00,0x08,0x00,0x00,0x0C,0x00,0x00,0x09,
	0x80,0x20,0x00,0x00,0x00,0x83,0x30,0x00,0x00,0x48,0x10,0x00,0x40,0x02,0x00,0x04,0x02,0x00,0x00,0x80,
	0x08,0x00,0x00,0x0D,0x81,0x10,0x00,0x00,0x08,0x00,0x00,0x05,0x00,0x82,0x00,0x00,0x07,0x00,0x00,0x06,
	0x00,0x00,0x04,0x00,0x80,0x00,0x02,0x00,0x00,0x81,0x40,0x00,0x00,0x00,0x01,0x00,0x00,0x89,0x80,0x00,
	0x00,0x30,0x0E,0x00,0x38,0xD4,0x00,0x08,0x14,0x01,0x0B,0x16,0x03,0x53,0x26,0x00,0x18,0x00,0x00,0x3C,
	0x2E,0x00,0x10,0x00,0x00,0x18,0x00,0x00,0x06,0x81,0x40,0x00,0x00,0x00,0x01,0x00,0x01,0x88,0x30,0x06,
	0x00,0x10,0x02,0x00,0x44,0x00,0x00,0x48,0x14,0x00,0x04,0x00,0x00,0x18,0x02,0x00,0x04,0x00,0x00,0x30,
	0x10,0x00,0x26,0x00,0x00,0x0A,0x81,0x30,0x06,0x00,0x18,0x02,0x00,0x00,0x84,0x0C,0x14,0x00,0x04,0x00,
	0x00,0x02,0x02,0x00,0x06,0x00,0x00,0x22,0x10,0x00,0x0C,0x80,0x10,0x00,0x00,0x00,0x81,0x08,0x00,0x00,
	0x04,0x00,0x00,0x03,0x80,0x00,0x00,0x06,0x00,0x82,0x00,0x00,0x02,0x00,0x00,0x04,0x00,0x02,0x00,0x02,
	0x8B,0x80,0x05,0x00,0x00,0x04,0x00,0x40,0x05,0x00,0x20,0x00,0x00,0x34,0x0E,0x01,0x00,0x3A,0x02,0x20,
	0x00,0x02,0x00,0x20,0x01,0x27,0x30,0x00,0x20,0x20,0x00,0x02,0x14,0x00,0x03,0x1C,0x00,0x07,0x80,0x80,
	0x01,0x00,0x01,0x88,0x20,0x04,0x00,0x20,0x0C,0x00,0x04,0x18,0x00,0x04,0x00,0x00,0x02,0x00,0x01,0x14,
	0x10,0x00,0x15,0x00,0x00,0x27,0x00,0x00,0x00,0x04,0x00,0x0B,0x82,0x00,0x0C,0x00,0x04,0x08,0x00,0x04,
	0x00,0x00,0x00,0x82,0x06,0x10,0x00,0x34,0x00,0x00,0x04,0x00,0x00,0x0E,0x80,0x04,0x00,0x00,0x00,0x80,
	0x06,0x00,0x00,0x02,0x82,0x00,0x00,0x01,0x00,0x00,0x03,0x00,0x00,0x04,0x01,0x8E,0x00,0x02,0x00,0x00,
	0x04,0x00,0x40,0x05,0x00,0x80,0x00,0x00,0x40,0x01,0x00,0x20,0x00,0x00,0x10,0x00,0x00,0x14,0x00,0x00,
	0x00,0x0C,0x04,0x01,0x0A,0x04,0x31,0x4C,0x04,0x11,0x4C,0x00,0x14,0x2C,0x00,0x05,0x10,0x00,0x08,0x10,
	0x00,0x06,0x8C,0x40,0x01,0x00,0x80,0x00,0x00,0x40,0x01,0x00,0x20,0x00,0x00,0x10,0x00,0x00,0x00,0x08,
	0x00,0x30,0x00,0x00,0x00,0x08,0x00,0x22,0x5C,0x00,0x31,0x48,0x00,0x05,0x00,0x00,0x01,0x10,0x00,0x00,
	0x08,0x00,0x09,0x81,0x20,0x00,0x00,0x10,0x00,0x00,0x01,0x85,0x00,0x08,0x00,0x02,0x1C,0x00,0x30,0x08,
	0x00,0x01,0x00,0x00,0x01,0x00,0x00,0x00,0x18,0x00,0x13,0x81,0x00,0x00,0x06,0x00,0x00,0x04,0x01,0x80,
	0x00,0x02,0x00,0x01,0x8C,0x80,0x03,0x00,0x00,0x06,0x00,0x00,0x05,0x00,0xC0,0xC1,0x00,0x20,0xC2,0x03,
	0x18,0xC4,0x02,0x20,0xDE,0x00,0x25,0x32,0x00,0x33,0x3E,0x05,0x0B,0x5A,0x00,0x0E,0x24,0x00,0x05,0x1A,
	0x00,0x17,0x08,0x00,0x07,0x8B,0x00,0x06,0x00,0x00,0x04,0x00,0xC0,0x01,0x00,0x20,0x02,0x00,0x18,0xC0,
	0x00,0x20,0xCE,0x00,0x00,0x10,0x00,0x22,0x32,0x01,0x08,0x74,0x00,0x01,0x04,0x00,0x05,0x08,0x00,0x07,
	0x18,0x00,0x0A,0x83,0x00,0x02,0x00,0x10,0x00,0x00,0x20,0x06,0x00,0x00,0x10,0x00,0x00,0x81,0x00,0x14,
	0x00,0x00,0x04,0x00,0x00,0x80,0x06,0x00,0x00,0x0B,0x80,0x10,0x00,0x00,0x06,0x11,0x80,0x02,0x00,0x00,
	0x3C,0x80,0x00,0x00,0x06,0x02,0x8F,0x01,0x00,0x00,0x01,0x04,0x00,0x01,0x00,0x00,0x5F,0x05,0x00,0xBF,
	0x00,0x00,0x7F,0x00,0x00,0x87,0x04,0x07,0x1F,0x06,0x04,0x1B,0x00,0x05,0x3B,0x14,0x00,0x3F,0x40,0x00,
	0x2C,0x3A,0x00,0x0E,0x0E,0x00,0x00,0x1C,0x00,0x04,0x18,0x00,0x04,0x10,0x00,0x06,0x80,0x40,0x04,0x00,
	0x01,0x89,0xB8,0x04,0x00,0x30,0x04,0x00,0x2C,0x00,0x01,0x38,0x04,0x00,0x37,0x40,0x00,0x08,0x12,0x00,
	0x02,0x00,0x00,0x08,0x0E,0x00,0x08,0x08,0x00,0x00,0x18,0x00,0x09,0x81,0x20,0x00,0x00,0x30,0x00,0x00,
	0x00,0x82,0x20,0x04,0x00,0x30,0x00,0x00,0x08,0x00,0x00,0x00,0x80,0x08,0x0C,0x00,0x0F,0x81,0x30,0x00,
	0x00,0x08,0x00,0x00,0x03,0x03,0x80,0x01,0x00,0x00,0x00,0x8D,0x9E,0x01,0x00,0x80,0xC0,0x07,0x00,0xC2,
	0x07,0x98,0x81,0x07,0x44,0xC3,0x03,0x38,0x02,0x06,0x1A,0x0A,0x07,0x6B,0xC2,0x06,0x0E,0xD8,0x01,0x4F,
	0xC0,0x05,0x69,0x44,0x00,0x2B,0x36,0x00,0x21,0x0C,0x00,0x01,0x0C,0x00,0x07,0x8B,0x00,0x02,0x00,0x98,
	0x40,0x00,0x44,0xC1,0x03,0x08,0xC6,0x07,0x32,0xC0,0x06,0x13,0x02,0x07,0x4C,0x94,0x01,0x07,0x80,0x01,
	0x08,0x42,0x00,0x2B,0x04,0x00,0x09,0x00,0x00,0x08,0x0C,0x00,0x0A,0x83,0x00,0x04,0x00,0x20,0xC8,0x00,
	0x10,0x02,0x00,0x00,0x10,0x00,0x00,0x83,0x08,0x02,0x00,0x02,0x04,0x00,0x08,0x00,0x00,0x00,0x08,0x00,
	0x0C,0x80,0x10,0x00,0x00,0x01,0x81,0x08,0x00,0x00,0x02,0x00,0x00,0x01,0x02,0x90,0x1F,0x00,0x00,0x1F,
	0x00,0x00,0x1E,0x00,0x00,0x80,0xC1,0x03,0x40,0x85,0x01,0x40,0xC4,0x02,0x58,0x81,0x04,0x7C,0x00,0x02,
	0x38,0x4C,0x06,0x16,0x46,0x00,0x35,0xD8,0x02,0x06,0x58,0x04,0x42,0x2A,0x02,0x50,0x0A,0x02,0x49,0x04,
	0x00,0x0D,0x38,0x00,0x03,0x10,0x00,0x05,0x8D,0x80,0x01,0x00,0x40,0x85,0x01,0x00,0xC4,0x03,0x18,0x81,
	0x07,0x3C,0x00,0x04,0x38,0x00,0x00,0x16,0x4A,0x06,0x21,0x98,0x07,0x00,0x00,0x07,0x00,0x00,0x02,0x52,
	0x0A,0x00,0x09,0x04,0x00,0x0D,0x10,0x00,0x08,0x08,0x00,0x0B,0x87,0x00,0x42,0x06,0x40,0x80,0x07,0x40,
	0x00,0x01,0x40,0x00,0x00,0x10,0x08,0x00,0x01,0x04,0x00,0x05,0x08,0x00,0x08,0x00,0x00,0x11,0x80,0x04,
	0x00,0x00,0x00,0x00,0x83,0x03,0x00,0x00,0x3F,0x00,0x00,0x20,0x00,0x00,0x20,0x04,0x00,0x00,0x8D,0xC0,
	0x02,0x00,0x60,0x01,0x00,0x40,0x40,0x05,0x20,0x07,0x02,0x30,0x01,0x07,0x38,0x02,0x03,0x54,0x94,0x06,
	0x20,0x52,0x00,0x48,0x98,0x01,0x42,0x20,0x04,0x59,0xBE,0x00,0x4B,0x00,0x00,0x1F,0x30,0x00,0x07,0x10,
	0x00,0x06,0x8C,0x40,0x01,0x00,0x00,0x40,0x04,0x20,0x05,0x06,0x10,0x00,0x02,0x18,0x0A,0x07,0x3C,0x04,
	0x01,0x60,0x06,0x00,0x08,0x10,0x01,0x02,0x22,0x04,0x03,0xA0,0x00,0x4B,0x28,0x00,0x15,0x30,0x00,0x01,
	0x00,0x00,0x08,0x8A,0x00,0x00,0x06,0x00,0x00,0x06,0x10,0x00,0x07,0x28,0x04,0x01,0x20,0x06,0x00,0x00,
	0x00,0x01,0x02,0x02,0x00,0x02,0x00,0x00,0x02,0x10,0x00,0x04,0x10,0x00,0x00,0x10,0x00,0x0A,0x82,0x10,
	0x00,0x00,0x08,0x00,0x00,0x20,0x00,0x00,0x01,0x82,0x02,0x00,0x00,0x02,0x00,0x00,0x04,0x00,0x00,0x00,
	0x00,0x80,0x3C,0x00,0x00,0x01,0x8F,0x00,0x00,0x01,0x00,0x80,0x07,0xA0,0x41,0x05,0x80,0x0A,0x06,0xC0,
	0x88,0x04,0x40,0x49,0x01,0x90,0x48,0x05,0x38,0xC0,0x05,0x7C,0x1E,0x03,0x1A,0x8C,0x07,0x33,0xF4,0x04,
	0x23,0x30,0x04,0x44,0x6C,0x07,0x4C,0x20,0x00,0x00,0x3C,0x00,0x04,0x30,0x00,0x04,0x8E,0x80,0x01,0x00,
	0x00,0x01,0x01,0x00,0x02,0x06,0x00,0x80,0x04,0x60,0x41,0x06,0x20,0x44,0x02,0x30,0x48,0x05,0x3C,0xDC,
	0x02,0x02,0xD4,0x02,0x33,0x56,0x02,0x01,0x4A,0x06,0x4A,0x7C,0x03,0x02,0x04,0x00,0x02,0x3C,0x00,0x02,
	0x08,0x00,0x08,0x87,0x20,0x00,0x06,0x20,0x04,0x06,0x20,0x08,0x01,0x60,0x84,0x04,0x00,0x90,0x04,0x30,
	0x02,0x06,0x00,0x08,0x06,0x48,0x14,0x00,0x01,0x80,0x02,0x00,0x00,0x09,0x84,0x20,0x00,0x00,0x20,0x00,
	0x00,0x00,0x00,0x04,0x00,0x00,0x04,0x30,0x00,0x00,0x00,0x80,0x08,0x00,0x00,0x02,0x4F,0x00,0x81,0x3E,
	0x00,0x00,0x3B,0x00,0x00,0x00,0x8F,0x20,0x00,0x01,0xC0,0x07,0x06,0x40,0x0D,0x01,0x60,0xC0,0x07,0x20,
	0x40,0x03,0xC0,0xC0,0x07,0x00,0xCC,0x07,0x48,0xD6,0x05,0x6C,0xC0,0x07,0x64,0xBA,0x03,0x02,0x20,0x05,
	0x46,0x14,0x06,0x18,0x9C,0x04,0x5C,0x68,0x00,0x4B,0x00,0x00,0x1F,0x04,0x00,0x05,0x8D,0x40,0x01,0x01,
	0x20,0x80,0x07,0x20,0x00,0x03,0xA0,0x80,0x07,0x00,0x88,0x03,0x20,0x82,0x02,0x64,0x14,0x01,0x40,0x12,
	0x01,0x06,0x22,0x06,0x44,0x10,0x02,0x00,0x88,0x04,0x56,0x28,0x00,0x02,0x00,0x00,0x12,0x00,0x00,0x09,
	0x85,0x10,0x00,0x00,0x28,0x00,0x06,0x00,0x10,0x07,0x40,0x02,0x07,0x00,0x00,0x02,0x00,0x10,0x02,0x00,
	0x81,0x42,0x00,0x00,0x02,0x00,0x00,0x0B,0x82,0x20,0x00,0x00,0x00,0x00,0x04,0x40,0x00,0x04,0x05,0x00,
	0x92,0x01,0x00,0x00,0x04,0x00,0x00,0x3F,0x00,0x00,0x9F,0x03,0x07,0x9F,0x80,0x06,0xBF,0x82,0x04,0xDF,
	0x87,0x00,0x5F,0x82,0x05,0xAF,0x0D,0x00,0x2F,0x00,0x04,0x73,0x18,0x07,0xFF,0x90,0x03,0xFF,0xC6,0x05,
	0x2F,0xEA,0x04,0x5B,0x80,0x01,0x2F,0x04,0x03,0x29,0x04,0x00,0x1E,0x64,0x00,0x22,0x20,0x00,0x04,0x82,
	0x00,0x01,0x00,0x00,0x02,0x00,0x20,0x03,0x00,0x00,0x8A,0x00,0x0C,0x00,0x18,0x08,0x04,0x38,0x10,0x03,
	0x60,0x80,0x00,0x7C,0x84,0x00,0x06,0x80,0x04,0x60,0xB4,0x01,0x0E,0x14,0x01,0x28,0x10,0x00,0x18,0x00,
	0x00,0x04,0x00,0x00,0x09,0x86,0x10,0x08,0x00,0x48,0x00,0x00,0x60,0x00,0x00,0x70,0x00,0x00,0x00,0x00,
	0x04,0x00,0x14,0x00,0x06,0x10,0x00,0x01,0x80,0x04,0x00,0x00,0x09,0x83,0x10,0x00,0x00,0x08,0x00,0x00,
	0x60,0x00,0x00,0x70,0x00,0x00,0x01,0x80,0x04,0x00,0x00,0x02,0x03,0x8F,0x40,0x05,0x07,0x00,0x08,0x07,
	0x00,0x00,0x03,0x00,0x00,0x07,0xC0,0x05,0x02,0x10,0x88,0x07,0x50,0x80,0x07,0x9C,0x84,0x07,0x70,0x26,
	0x07,0x2C,0x1E,0x05,0x74,0x20,0x01,0x02,0x04,0x04,0x32,0x04,0x04,0x66,0x40,0x00,0x2E,0x30,0x00,0x30,
	0x08,0x00,0x03,0x80,0x80,0x01,0x00,0x02,0x8B,0xC0,0x01,0x00,0x10,0x04,0x00,0x20,0x00,0x00,0x40,0x14,
	0x04,0x78,0x06,0x03,0x00,0x36,0x03,0x20,0x20,0x07,0x1C,0x24,0x02,0x26,0x00,0x06,0x6E,0x00,0x00,0x0E,
	0x00,0x00,0x10,0x00,0x00,0x08,0x89,0x00,0x04,0x00,0x20,0x00,0x00,0x00,0x14,0x00,0x70,0x00,0x04,0x00,
	0x00,0x04,0x00,0x20,0x00,0x0C,0x00,0x04,0x02,0x00,0x00,0x4A,0x00,0x00,0x08,0x00,0x00,0x0A,0x80,0x20,
	0x00,0x00,0x00,0x80,0x70,0x00,0x00,0x01,0x80,0x0C,0x00,0x00,0x03,0x02,0x90,0x00,0x01,0x00,0x80,0x00,
	0x00,0x00,0x03,0x00,0x80,0x03,0x00,0x00,0x08,0x00,0x60,0x0D,0x00,0x00,0x0C,0x00,0x60,0x1C,0x00,0x44,
	0x12,0x00,0x2C,0xA4,0x00,0x04,0x06,0x00,0x82,0x30,0x00,0x50,0x14,0x00,0x42,0x10,0x04,0x76,0x90,0x00,
	0x0A,0x60,0x00,0x00,0x18,0x00,0x04,0x8E,0x00,0x03,0x00,0x00,0x03,0x00,0x00,0x08,0x00,0x00,0x08,0x00,
	0x10,0x08,0x00,0x68,0x08,0x00,0x20,0x00,0x00,0x04,0x24,0x00,0x04,0x24,0x00,0x02,0x04,0x00,0x12,0x20,
	0x00,0x70,0x30,0x00,0x0C,0x20,0x00,0x0E,0x00,0x00,0x08,0x08,0x00,0x08,0x81,0x10,0x08,0x00,0x08,0x08,
	0x00,0x00,0x84,0x04,0x00,0x00,0x04,0x20,0x00,0x00,0x04,0x00,0x12,0x20,0x00,0x50,0x10,0x00,0x00,0x81,
	0x04,0x00,0x00,0x08,0x00,0x00,0x0C,0x80,0x04,0x00,0x00,0x05,0x02,0x81,0x80,0x02,0x00,0x00,0x01,0x00,
	0x00,0x8D,0x40,0x00,0x00,0x00,0x09,0x00,0x80,0x00,0x00,0x10,0x00,0x00,0x28,0x0C,0x00,0x00,0x30,0x04,
	0x98,0x0A,0x00,0x20,0x80,0x00,0x22,0xCC,0x05,0x0A,0x50,0x06,0x30,0x30,0x02,0x12,0x50,0x00,0x14,0x98,
	0x00,0x10,0x00,0x00,0x03,0x80,0x00,0x01,0x00,0x00,0x81,0x40,0x00,0x00,0x00,0x09,0x00,0x01,0x80,0x00,
	0x14,0x00,0x00,0x87,0x90,0x20,0x00,0x20,0x00,0x00,0x00,0x08,0x00,0x0A,0x50,0x00,0x20,0x20,0x00,0x06,
	0x10,0x00,0x00,0x08,0x00,0x08,0x10,0x00,0x09,0x80,0x00,0x04,0x00,0x00,0x80,0x10,0x20,0x00,0x00,0x83,
	0x00,0x08,0x00,0x00,0x10,0x00,0x20,0x20,0x00,0x04,0x00,0x00,0x0D,0x80,0x10,0x00,0x00,0x06,0x0B,0x80,
	0x10,0x00,0x00,0x12,0x80,0x10,0x00,0x00,0x12,0x80,0x10,0x00,0x00,0x12,0x80,0x10,0x00,0x00,0x06,0x02,
	0x80,0x00,0x04,0x00,0x01,0x80,0x00,0x02,0x00,0x00,0x8B,0x40,0x00,0x00,0x50,0x04,0x00,0x28,0x14,0x00,
	0x00,0x2C,0x00,0x10,0x04,0x07,0x80,0x44,0x04,0xA0,0x9C,0x02,0xA2,0x10,0x02,0x8A,0x10,0x02,0xA6,0xA8,
	0x00,0x66,0x90,0x00,0x44,0x08,0x00,0x05,0x80,0x00,0x02,0x00,0x02,0x89,0x00,0x14,0x00,0x00,0x28,0x00,
	0x10,0x24,0x00,0x80,0x00,0x00,0x80,0x1C,0x00,0x00,0x40,0x00,0x02,0x50,0x00,0x22,0x48,0x00,0x46,0x10,
	0x00,0x04,0x00,0x00,0x09,0x82,0x00,0x14,0x00,0x00,0x08,0x00,0x10,0x00,0x00,0x00,0x81,0x00,0x18,0x00,
	0x00,0x40,0x00,0x00,0x80,0x20,0x00,0x00,0x0D,0x80,0x10,0x00,0x00,0x06,0x07,0x8B,0x20,0x00,0x00,0x00,
	0x10,0x00,0x20,0x00,0x00,0xAC,0x20,0x00,0x8C,0x10,0x00,0x94,0x7C,0x03,0x96,0x6C,0x00,0xD8,0xC8,0x05,
	0xFC,0x60,0x00,0xC0,0xC0,0x01,0x80,0x00,0x01,0x22,0x00,0x00,0x08,0x89,0x10,0x04,0x00,0x28,0x04,0x00,
	0xC0,0x00,0x00,0x04,0x04,0x00,0x14,0x64,0x00,0x00,0x40,0x00,0x98,0x88,0x00,0xC4,0x40,0x00,0x84,0x40,
	0x00,0x20,0x00,0x00,0x09,0x81,0x10,0x04,0x00,0x08,0x04,0x00,0x00,0x81,0x04,0x04,0x00,0x14,0x04,0x00,
	0x00,0x82,0x10,0x08,0x00,0x40,0x40,0x00,0x04,0x40,0x00,0x0E,0x80,0x14,0x00,0x00,0x05,0x05,0x8D,0x40,
	0x00,0x00,0x00,0x01,0x00,0x60,0x04,0x00,0x30,0x14,0x00,0x68,0x3C,0x00,0x08,0x14,0x06,0x24,0x28,0x07,
	0xE0,0xA4,0x07,0x12,0x40,0x06,0x02,0x28,0x01,0x02,0xA8,0x04,0x02,0x08,0x02,0x5A,0x98,0x00,0x00,0x10,
	0x00,0x05,0x8D,0x40,0x00,0x00,0x00,0x01,0x00,0x60,0x00,0x00,0x10,0x14,0x00,0x08,0x14,0x00,0x48,0x34,
	0x00,0x80,0x64,0x00,0x24,0x60,0x00,0x92,0x00,0x00,0x9C,0x88,0x00,0x80,0x88,0x00,0x8A,0x00,0x00,0x8A,
	0x10,0x00,0xE0,0x00,0x00,0x09,0x87,0x00,0x10,0x00,0x48,0x30,0x00,0x80,0x00,0x00,0x80,0x40,0x00,0x90,
	0x00,0x00,0x8C,0x88,0x00,0x80,0x00,0x00,0x80,0x00,0x00,0x0C,0x80,0x08,0x00,0x00,0x01,0x81,0x10,0x00,
	0x00,0x0C,0x00,0x00,0x03,0x02,0x81,0x80,0x00,0x06,0x00,0x01,0x06,0x00,0x8D,0x80,0x00,0x01,0x40,0x02,
	0x00,0xE0,0x00,0x00,0x70,0x0C,0x00,0x78,0x0C,0x00,0x10,0x58,0x06,0x94,0xD0,0x06,0x48,0x44,0x06,0xAE,
	0x50,0x06,0x9A,0xA8,0x06,0x04,0x60,0x00,0x56,0x40,0x00,0x6E,0x10,0x01,0x59,0x00,0x00,0x03,0x80,0x00,
	0x01,0x00,0x01,0x80,0x40,0x02,0x00,0x00,0x8A,0x60,0x00,0x00,0x70,0x28,0x00,0x48,0x00,0x00,0x84,0x40,
	0x00,0x04,0x04,0x00,0xA0,0x50,0x00,0x00,0x20,0x00,0x00,0xA0,0x00,0x5A,0xC0,0x00,0x64,0x10,0x00,0x40,
	0x00,0x00,0x09,0x80,0x70,0x08,0x00,0x00,0x87,0x00,0x40,0x00,0x04,0x00,0x00,0x00,0x50,0x00,0x02,0x20,
	0x00,0x00,0xA0,0x00,0x48,0x40,0x00,0x60,0x00,0x00,0x40,0x00,0x00,0x09,0x80,0x30,0x00,0x00,0x08,0x02,
	0x90,0x00,0x03,0x07,0x80,0x88,0x07,0x80,0x00,0x00,0x00,0x01,0x01,0x00,0x08,0x00,0x40,0x03,0x00,0x40,
	0x00,0x00,0x10,0x38,0x00,0xE8,0x14,0x00,0x44,0x6C,0x00,0x24,0x84,0x00,0x0C,0x80,0x00,0xC4,0x00,0x00,
	0x5A,0x38,0x03,0x3C,0xA0,0x04,0x8A,0x00,0x03,0x85,0x20,0x00,0x04,0x8E,0x80,0x00,0x00,0x00,0x01,0x00,
	0x00,0x08,0x00,0x40,0x00,0x00,0x20,0x00,0x00,0x10,0x30,0x00,0xC8,0x10,0x00,0x00,0x40,0x00,0x00,0x80,
	0x00,0x00,0x80,0x00,0xC2,0x00,0x01,0x1A,0x10,0x01,0x0E,0xA0,0x00,0x88,0x00,0x00,0x0C,0x00,0x00,0x07,
	0x83,0x40,0x00,0x00,0x20,0x00,0x00,0x00,0x30,0x00,0x08,0x00,0x00,0x01,0x80,0x04,0x00,0x00,0x00,0x82,
	0x10,0x00,0x00,0x02,0x80,0x00,0x8C,0x00,0x00,0x0E,0x80,0x04,0x00,0x00,0x04,0x0D,0x80,0x08,0x00,0x00,
	0x40,0x02,0x90,0x00,0x00,0x01,0x40,0x83,0x01,0x00,0x03,0x00,0x40,0x01,0x00,0x00,0x08,0x00,0x40,0x02,
	0x00,0x40,0x00,0x00,0x30,0x00,0x00,0xB8,0x88,0x07,0xC8,0x98,0x06,0x04,0x60,0x06,0x04,0xC0,0x03,0x06,
	0x78,0x03,0x86,0xF0,0x06,0x52,0x10,0x03,0x2A,0xA0,0x03,0x08,0x30,0x00,0x03,0x8F,0x00,0x02,0x00,0x00,
	0x03,0x00,0x40,0x01,0x00,0x00,0x08,0x00,0x40,0x02,0x00,0x60,0x00,0x00,0x20,0x00,0x00,0x68,0x40,0x00,
	0x88,0x88,0x00,0x04,0xC0,0x00,0x04,0x00,0x00,0x04,0x08,0x01,0x1C,0x20,0x01,0x10,0x10,0x01,0x32,0x00,
	0x01,0x0C,0x30,0x00,0x07,0x8B,0x40,0x00,0x00,0x40,0x00,0x00,0x30,0x00,0x00,0x60,0x00,0x00,0x48,0x08,
	0x00,0x00,0x80,0x00,0x04,0x00,0x00,0x04,0x00,0x01,0x0E,0x00,0x01,0x10,0x00,0x00,0x20,0x00,0x00,0x0C,
	0x00,0x00,0x09,0x82,0x20,0x00,0x00,0x20,0x00,0x00,0x08,0x00,0x00,0x01,0x81,0x04,0x00,0x00,0x0C,0x00,
	0x00,0x02,0x03,0x8F,0x00,0x03,0x00,0x80,0x03,0x00,0x80,0x05,0x00,0x00,0x04,0x00,0x80,0x08,0x00,0x60,
	0x1A,0x00,0x50,0x00,0x00,0x48,0x18,0x01,0x00,0x68,0x00,0x0C,0xD8,0x00,0x44,0x08,0x04,0x2C,0x18,0x04,
	0x16,0x20,0x00,0x26,0x10,0x02,0x3E,0x80,0x05,0x14,0x20,0x06,0x03,0x82,0x80,0x02,0x00,0x80,0x03,0x00,
	0x00,0x01,0x00,0x00,0x81,0xC0,0x08,0x00,0x00,0x10,0x00,0x00,0x88,0x00,0x58,0x00,0x40,0xF0,0x00,0x00,
	0x40,0x00,0x04,0x80,0x00,0x20,0x78,0x00,0x04,0x60,0x02,0x02,0x00,0x01,0x3C,0x00,0x00,0x10,0x20,0x00,
	0x09,0x82,0x20,0x00,0x00,0x10,0x48,0x00,0x88,0xB0,0x00,0x00,0x84,0x00,0x80,0x00,0x04,0x70,0x00,0x04,
	0x40,0x00,0x00,0x00,0x01,0x30,0x00,0x00,0x0B,0x80,0x10,0x00,0x00,0x03,0x80,0x04,0x00,0x00,0x02,0x03,
	0x8F,0x80,0x01,0x00,0x80,0x00,0x00,0x80,0x00,0x00,0x80,0x01,0x00,0x40,0x00,0x00,0x80,0x1B,0x00,0x40,
	0x38,0x04,0x10,0x08,0x00,0x90,0x00,0x04,0x68,0xE0,0x05,0x24,0x70,0x00,0x0C,0xC0,0x05,0x40,0x30,0x07,
	0xAE,0xC0,0x04,0x04,0xC0,0x02,0x1E,0x40,0x04,0x03,0x80,0x00,0x01,0x00,0x00,0x81,0x80,0x00,0x00,0x00,
	0x01,0x00,0x00,0x89,0x40,0x0A,0x00,0x60,0x20,0x00,0x20,0x18,0x00,0x58,0x00,0x04,0xC8,0x88,0x05,0x08,
	0x00,0x01,0x0C,0x00,0x05,0x40,0x10,0x02,0x10,0x00,0x02,0x04,0x80,0x00,0x09,0x87,0x40,0x08,0x00,0x00,
	0x20,0x00,0x30,0x18,0x00,0x10,0x00,0x00,0x00,0x08,0x00,0x08,0x00,0x00,0x08,0x00,0x01,0x04,0x10,0x02,
	0x0D,0x84,0x20,0x00,0x00,0x10,0x00,0x00,0x08,0x00,0x00,0x08,0x00,0x00,0x08,0x00,0x00,0x03,0x02,0x90,
	0x00,0x04,0x00,0x00,0x03,0x00,0x40,0x01,0x00,0x40,0x02,0x00,0x40,0x05,0x00,0x40,0x04,0x00,0x80,0x08,
	0x00,0x60,0x28,0x04,0x50,0x58,0x00,0x50,0x90,0x04,0x58,0xB0,0x05,0x88,0x18,0x02,0x04,0x00,0x02,0x64,
	0x00,0x06,0x34,0xA0,0x03,0x04,0x90,0x01,0x9C,0x00,0x06,0x05,0x81,0x00,0x02,0x00,0x00,0x05,0x00,0x00,
	0x8A,0xC0,0x00,0x00,0x40,0x08,0x00,0x40,0x00,0x00,0x10,0x00,0x04,0x98,0x80,0x05,0x80,0x08,0x03,0x00,
	0x00,0x03,0x6C,0x80,0x04,0x24,0x20,0x06,0x00,0x10,0x03,0x90,0x00,0x02,0x09,0x89,0x00,0x08,0x00,0x20,
	0x00,0x00,0x50,0x00,0x00,0xD0,0x00,0x01,0x08,0x08,0x01,0x08,0x00,0x01,0x08,0x80,0x00,0x04,0x00,0x02,
	0x04,0x00,0x01,0x94,0x00,0x00,0x0C,0x80,0x10,0x00,0x00,0x01,0x80,0x08,0x00,0x00,0x02,0x04,0x8E,0x00,
	0x01,0x00,0x80,0x00,0x00,0x80,0x09,0x00,0x40,0x06,0x00,0x40,0x0C,0x00,0x40,0x31,0x00,0x00,0x08,0x00,
	0x90,0x18,0x00,0xE0,0xA8,0x01,0xC8,0x98,0x02,0x20,0xD8,0x06,0x80,0x60,0x03,0x04,0x21,0x04,0xD0,0xE1,
	0x02,0x34,0x31,0x01,0x04,0x8E,0x80,0x00,0x00,0x80,0x00,0x00,0x00,0x09,0x00,0x00,0x06,0x00,0x00,0x08,
	0x00,0xC0,0x28,0x00,0x20,0x08,0x00,0x20,0x18,0x00,0xC0,0x28,0x01,0x88,0x00,0x00,0x08,0x48,0x04,0x80,
	0x20,0x00,0x08,0x90,0x00,0x04,0x60,0x06,0x20,0x20,0x00,0x09,0x80,0x40,0x00,0x00,0x00,0x81,0x00,0x10,
	0x00,0x10,0x20,0x00,0x00,0x84,0x00,0x40,0x00,0x08,0x20,0x00,0x00,0x80,0x00,0x00,0x00,0x02,0x20,0x00,
	0x00,0x13,0x11,0x80,0x00,0x10,0x00,0x3C,0x04,0x80,0x80,0x01,0x00,0x00,0x8C,0x00,0x08,0x00,0x00,0x0D,
	0x00,0x80,0x06,0x00,0x00,0x18,0x00,0x80,0x08,0x06,0x60,0x28,0x01,0x80,0x38,0x03,0x88,0x08,0x03,0x08,
	0x41,0x07,0x00,0x00,0x07,0x10,0x61,0x07,0x0C,0x21,0x04,0x10,0x60,0x06,0x04,0x80,0x00,0x01,0x00,0x00,
	0x8C,0x00,0x08,0x00,0x00,0x09,0x00,0x80,0x06,0x00,0xC0,0x10,0x00,0x40,0x00,0x00,0x20,0x20,0x01,0xD0,
	0x10,0x03,0xC0,0x08,0x02,0x00,0x80,0x06,0x08,0x41,0x05,0x00,0x21,0x04,0x00,0x01,0x04,0x08,0x40,0x05,
	0x09,0x80,0x80,0x10,0x00,0x00,0x87,0x20,0x20,0x00,0x40,0x10,0x00,0x10,0x00,0x02,0x00,0x80,0x02,0x00,
	0x40,0x01,0x08,0x20,0x04,0x08,0x00,0x04,0x08,0x00,0x00,0x0D,0x80,0x10,0x00,0x00,0x04,0x03,0x83,0x00,
	0x08,0x00,0x00,0x02,0x00,0x00,0x05,0x00,0x80,0x02,0x00,0x00,0x82,0x00,0x0C,0x00,0x80,0x24,0x00,0xC0,
	0x20,0x00,0x00,0x86,0x30,0x90,0x00,0x10,0xF9,0x02,0x20,0x08,0x00,0x50,0x41,0x00,0x18,0x70,0x05,0x00,
	0x40,0x00,0x28,0x80,0x00,0x04,0x82,0x00,0x02,0x00,0x00,0x04,0x00,0x80,0x02,0x00,0x01,0x80,0x80,0x00,
	0x00,0x00,0x87,0xE0,0x00,0x00,0xE0,0x80,0x00,0x80,0x80,0x00,0x00,0x01,0x00,0x50,0x01,0x00,0x10,0x61,
	0x05,0x28,0x01,0x00,0x28,0x01,0x04,0x09,0x81,0x80,0x00,0x00,0xC0,0x00,0x00,0x00,0x86,0x80,0x80,0x00,
	0x90,0x80,0x00,0x10,0x00,0x00,0x00,0x01,0x00,0x00,0x61,0x05,0x00,0x01,0x00,0x20,0x00,0x04,0x13,0x04,
	0x8E,0x00,0x01,0x00,0x80,0x02,0x00,0x00,0x01,0x00,0x80,0x04,0x00,0x80,0x0C,0x00,0x00,0x03,0x00,0x40,
	0x50,0x00,0x40,0x80,0x06,0xE0,0x00,0x00,0x90,0x50,0x02,0x00,0x50,0x02,0x10,0x30,0x01,0x10,0x80,0x03,
	0x28,0x00,0x00,0x48,0xC0,0x05,0x05,0x82,0x80,0x02,0x00,0x00,0x01,0x00,0x80,0x00,0x00,0x00,0x82,0x80,
	0x01,0x00,0x80,0x40,0x00,0xC0,0x00,0x00,0x00,0x85,0x20,0x10,0x00,0x10,0x01,0x02,0x00,0x30,0x07,0x10,
	0x00,0x04,0x30,0x00,0x01,0x40,0x80,0x04,0x0A,0x88,0x00,0x40,0x00,0xC0,0x00,0x00,0x20,0x00,0x00,0x00,
	0x10,0x00,0x00,0x01,0x02,0x10,0x30,0x03,0x10,0x00,0x00,0x10,0x00,0x01,0x40,0x00,0x04,0x13,0x04,0x82,
	0x00,0x0E,0x00,0x80,0x08,0x00,0x80,0x0E,0x00,0x00,0x8A,0x00,0x04,0x00,0x80,0x00,0x00,0x80,0xC3,0x04,
	0x80,0x50,0x07,0x20,0xD0,0x01,0xC0,0x70,0x04,0x10,0x31,0x04,0xF0,0x20,0x00,0x20,0xF0,0x02,0x10,0x80,
	0x02,0x10,0x80,0x00,0x06,0x80,0x00,0x0E,0x00,0x00,0x80,0x00,0x04,0x00,0x00,0x88,0x00,0x10,0x00,0xC0,
	0x00,0x01,0x00,0xD0,0x00,0x80,0x60,0x04,0x20,0x30,0x00,0xE0,0x20,0x00,0x30,0xE0,0x06,0x10,0x00,0x02,
	0x00,0x20,0x00,0x0A,0x88,0x80,0x10,0x00,0x00,0x10,0x00,0x40,0xC0,0x00,0x20,0x60,0x00,0x00,0x30,0x00,
	0x00,0x20,0x00,0x00,0xE0,0x02,0x00,0x00,0x02,0x10,0x00,0x00,0x13,0x05,0x80,0x00,0x0B,0x00,0x00,0x8B,
	0x80,0x04,0x00,0x00,0x08,0x00,0x00,0x09,0x00,0x00,0x11,0x04,0x80,0x11,0x00,0x00,0x21,0x00,0x20,0x50,
	0x01,0xE0,0x10,0x03,0x20,0x50,0x01,0x20,0xB0,0x05,0x00,0x20,0x02,0x10,0x00,0x00,0x07,0x8A,0x00,0x04,
	0x00,0x00,0x08,0x00,0x00,0x11,0x00,0x80,0x11,0x00,0x80,0x00,0x00,0x40,0x00,0x00,0x00,0x10,0x01,0xC0,
	0x00,0x03,0x20,0x40,0x01,0x20,0xA0,0x00,0x20,0x00,0x00,0x0E,0x84,0x00,0x00,0x01,0x20,0x00,0x03,0x20,
	0x40,0x01,0x20,0xA0,0x00,0x20,0x00,0x00,0x14,0x4F,0x82,0x00,0x80,0x07,0x00,0x00,0x07,0x00,0x00,0x02,
	0x02,0x8D,0x00,0x01,0x00,0x00,0x02,0x00,0x00,0x0A,0x00,0x00,0x08,0x00,0x00,0x30,0x00,0x00,0xF3,0x00,
	0x80,0x00,0x07,0x80,0x11,0x00,0x80,0x81,0x04,0x20,0xE1,0x02,0x00,0x90,0x00,0x20,0xC0,0x00,0x00,0x40,
	0x04,0x20,0x21,0x04,0x05,0x82,0x00,0x01,0x00,0x00,0x02,0x00,0x00,0x02,0x00,0x01,0x88,0x00,0x01,0x00,
	0x00,0x01,0x01,0x80,0x01,0x00,0xC0,0x81,0x04,0x00,0xE0,0x02,0x20,0x90,0x00,0x20,0x80,0x00,0x20,0x00,
	0x04,0x00,0x00,0x04,0x0A,0x80,0x00,0x01,0x00,0x01,0x85,0x40,0x80,0x00,0x00,0xE0,0x02,0x00,0x80,0x00,
	0x00,0x80,0x00,0x00,0x00,0x04,0x00,0x00,0x04,0x13,0x93,0x00,0x60,0x00,0x00,0xC0,0x03,0x00,0x80,0x03,
	0x00,0x80,0x07,0x00,0x00,0x07,0x00,0x08,0x06,0x00,0x08,0x00,0x00,0x10,0x00,0x00,0x09,0x00,0x00,0x19,
	0x00,0x00,0x28,0x00,0x80,0xE0,0x01,0x80,0x80,0x06,0xC0,0x40,0x01,0x40,0x40,0x04,0xC0,0x10,0x02,0x00,
	0x10,0x00,0x20,0x21,0x04,0x20,0x00,0x00,0x60,0x01,0x04,0x00,0x81,0x00,0x00,0x03,0x00,0x00,0x06,0x02,
	0x80,0x00,0x08,0x00,0x00,0x80,0x00,0x01,0x00,0x01,0x84,0x00,0x40,0x00,0x80,0x01,0x01,0x80,0x01,0x03,
	0x80,0x21,0x04,0x80,0x10,0x02,0x01,0x81,0x00,0x20,0x00,0x60,0x00,0x04,0x09,0x85,0x00,0x20,0x00,0x00,
	0xC0,0x00,0x80,0x01,0x01,0x00,0x01,0x03,0x80,0x21,0x00,0x00,0x00,0x02,0x02,0x80,0x40,0x00,0x04,0x13,
	0x82,0x00,0xE0,0x07,0x00,0xC0,0x03,0x00,0x00,0x06,0x00,0x8F,0x00,0x80,0x04,0x00,0x0C,0x05,0x00,0x1F,
	0x03,0x00,0x17,0x07,0x00,0x10,0x06,0x00,0x30,0x06,0x00,0x27,0x07,0x80,0xA1,0x01,0x00,0x61,0x02,0xC0,
	0x00,0x00,0x10,0x72,0x00,0x70,0x11,0x00,0xB8,0x62,0x00,0xB8,0x82,0x07,0xCC,0x00,0x00,0x20,0x01,0x00,
	0x00,0x81,0x00,0x00,0x03,0x00,0x00,0x06,0x00,0x83,0x00,0x00,0x04,0x00,0x0E,0x04,0x00,0x0C,0x04,0x00,
	0x16,0x00,0x00,0x88,0x00,0x20,0x00,0x00,0xA3,0x00,0x00,0x21,0x06,0x00,0x61,0x04,0x00,0x01,0x04,0x80,
	0x41,0x04,0x40,0x03,0x00,0xC0,0x20,0x00,0xC0,0xA0,0x00,0x00,0x80,0x40,0x01,0x00,0x09,0x87,0x00,0x60,
	0x00,0x00,0x20,0x01,0x00,0x60,0x02,0x00,0x01,0x00,0x00,0x40,0x04,0x40,0x00,0x00,0x40,0x20,0x00,0x40,
	0x80,0x00,0x00,0x80,0x40,0x01,0x00,0x13,0x00,0x92,0x00,0x00,0x07,0x00,0x80,0x07,0x00,0x80,0x07,0x00,
	0x88,0x07,0x00,0x06,0x05,0x00,0x12,0x00,0x00,0x85,0x02,0x00,0x8B,0x03,0x00,0x8A,0x03,0x00,0xE2,0x02,
	0x00,0x02,0x00,0x30,0xE2,0x00,0xBF,0xA0,0x01,0xAF,0x02,0x04,0x4F,0x02,0x00,0x47,0x03,0x00,0x07,0x00,
	0x00,0x12,0x01,0x02,0x59,0xC2,0x04,0x03,0x8F,0x00,0x00,0x04,0x00,0x00,0x04,0x00,0x12,0x00,0x00,0x04,
	0x06,0x00,0x0A,0x06,0x00,0x4A,0x06,0x00,0x82,0x07,0x00,0x00,0x06,0x00,0x00,0x04,0x00,0x62,0x05,0x00,
	0x00,0x04,0x00,0x02,0x00,0x00,0x21,0x00,0x00,0x02,0x00,0x00,0x02,0x00,0x40,0x00,0x04,0x09,0x86,0x00,
	0x80,0x00,0x00,0x00,0x06,0x00,0x00,0x04,0x00,0x60,0x05,0x00,0x02,0x04,0x00,0x02,0x00,0x00,0x02,0x00,
	0x01,0x80,0x00,0x00,0x04,0x13,0x03,0x8F,0x00,0x0A,0x04,0x00,0x0E,0x06,0x00,0x0E,0x05,0x00,0x08,0x02,
	0x00,0x48,0x04,0x00,0x6E,0x00,0x00,0x42,0x04,0x00,0x41,0x04,0x00,0xA3,0x04,0x00,0x22,0x04,0x00,0x21,
	0x00,0x80,0x02,0x00,0xC0,0x22,0x02,0x90,0x00,0x00,0x2D,0x22,0x01,0xEE,0xA0,0x06,0x03,0x8B,0x00,0x0C,
	0x00,0x00,0x18,0x00,0x00,0x0E,0x04,0x00,0x08,0x06,0x00,0x28,0x00,0x00,0xC0,0x03,0x00,0x03,0x07,0x00,
	0x40,0x00,0x00,0x02,0x00,0x80,0x02,0x00,0x00,0x02,0x00,0x00,0x22,0x00,0x00,0x82,0xD0,0x02,0x00,0xCC,
	0x02,0x00,0x48,0x02,0x02,0x08,0x84,0x00,0x40,0x02,0x00,0x01,0x07,0x00,0x40,0x00,0x00,0x01,0x00,0x00,
	0x03,0x00,0x00,0x80,0x00,0x20,0x00,0x00,0x82,0x40,0x02,0x00,0x40,0x02,0x00,0x00,0x00,0x02,0x13,0x4F,
	0x02,0x90,0x00,0x0C,0x00,0x00,0x16,0x00,0x00,0x06,0x00,0x00,0x18,0x06,0x00,0x83,0x00,0x00,0x58,0x06,
	0x00,0x23,0x06,0x00,0x01,0x05,0x3E,0x42,0x04,0xCF,0x12,0x00,0xC0,0x03,0x04,0x5F,0x44,0x00,0xE7,0x20,
	0x02,0x0B,0x00,0x00,0x49,0xA0,0x07,0x00,0x22,0x00,0x08,0x5A,0x04,0x03,0x8F,0x00,0x02,0x00,0x00,0x06,
	0x00,0x00,0x08,0x00,0x00,0x02,0x00,0x00,0x48,0x06,0x00,0x80,0x02,0x00,0x20,0x04,0x00,0x02,0x00,0x00,
	0x60,0x00,0xC0,0x02,0x04,0x1F,0x40,0x00,0xA7,0x20,0x02,0x4B,0x00,0x00,0x49,0x80,0x00,0x00,0x20,0x00,
	0x48,0x40,0x01,0x08,0x81,0x00,0x80,0x02,0x00,0x20,0x04,0x00,0x85,0x80,0x60,0x00,0x80,0x00,0x04,0x00,
	0x40,0x00,0x80,0x00,0x02,0x40,0x00,0x00,0x00,0x80,0x00,0x00,0x80,0x40,0x00,0x01,0x0C,0x80,0x80,0x00,
	0x00,0x00,0x80,0x80,0x00,0x00,0x03,0x02,0x90,0x00,0x1A,0x00,0x00,0x1E,0x04,0x00,0x16,0x07,0x00,0x94,
	0x07,0x00,0xF8,0x07,0x00,0x0A,0x07,0x08,0x43,0x01,0x9C,0x42,0x01,0x00,0x10,0x00,0x40,0x03,0x00,0x40,
	0x00,0x00,0xA0,0xA4,0x04,0x18,0x22,0x02,0x34,0x20,0x02,0x86,0xA0,0x04,0x42,0x30,0x00,0x08,0x00,0x04,
	0x02,0x87,0x00,0x0C,0x00,0x00,0x1A,0x00,0x00,0x06,0x00,0x00,0x04,0x00,0x00,0x18,0x07,0x00,0xE2,0x07,
	0x00,0x22,0x01,0x00,0x43,0x00,0x00,0x80,0xC0,0x00,0x00,0x00,0x85,0xE0,0x00,0x04,0x18,0x22,0x00,0xF4,
	0x00,0x00,0xC6,0xA2,0x00,0x42,0x22,0x00,0x48,0x02,0x04,0x07,0x84,0x00,0x60,0x00,0x00,0x21,0x01,0x00,
	0x40,0x00,0x80,0x01,0x00,0x80,0x03,0x00,0x00,0x81,0xC0,0x00,0x04,0x40,0x00,0x00,0x00,0x82,0x00,0x82,
	0x00,0x40,0x02,0x00,0x00,0x00,0x04,0x0B,0x80,0x80,0x00,0x00,0x00,0x80,0x80,0x00,0x00,0x04,0x01,0x91,
	0x00,0x1C,0x00,0x00,0x1E,0x00,0x00,0x00,0x04,0x00,0x00,0x01,0x00,0x42,0x00,0x00,0x3A,0x06,0x00,0xE7,
	0x06,0x95,0x03,0x07,0x03,0x73,0x04,0x81,0x02,0x00,0xC0,0x11,0x04,0xC0,0x12,0x00,0xC0,0x00,0x06,0x00,
	0x20,0x00,0xE0,0x42,0x04,0x00,0x60,0x02,0x28,0x01,0x00,0xE8,0x01,0x04,0x02,0x80,0x00,0x1A,0x00,0x01,
	0x8D,0x00,0x02,0x00,0x00,0x0A,0x00,0x00,0x83,0x01,0x00,0x01,0x02,0x00,0x20,0x04,0xC0,0x72,0x00,0xC0,
	0x12,0x04,0x80,0x02,0x00,0x80,0x02,0x06,0xA0,0x02,0x00,0x80,0x22,0x00,0x40,0x02,0x00,0x68,0x02,0x00,
	0x68,0x01,0x04,0x06,0x89,0x00,0x20,0x00,0x00,0x80,0x01,0x00,0x00,0x02,0x80,0x20,0x04,0x00,0x60,0x00,
	0xC0,0x00,0x04,0xC0,0x00,0x00,0xC0,0x00,0x06,0xA0,0x02,0x00,0x00,0x02,0x00,0x01,0x80,0x00,0x01,0x04,
	0x0B,0x83,0x80,0x00,0x00,0x80,0x00,0x00,0xC0,0x00,0x00,0x80,0x00,0x00,0x03,0x01,0x91,0x00,0x1A,0x00,
	0x00,0x06,0x00,0x00,0x12,0x00,0x00,0x04,0x05,0x00,0x2C,0x00,0x00,0x2D,0x00,0x90,0xA2,0x00,0x82,0x01,
	0x00,0xC0,0x20,0x00,0x58,0x52,0x00,0x7E,0x62,0x00,0x5F,0x20,0x00,0x00,0x61,0x00,0x40,0xE2,0x06,0x21,
	0x61,0x00,0x40,0x62,0x00,0xE0,0x40,0x00,0xC0,0x80,0x03,0x01,0x87,0x00,0x1C,0x00,0x00,0x06,0x00,0x00,
	0x02,0x00,0x00,0x04,0x00,0x00,0x0C,0x00,0x00,0xC0,0x01,0x00,0x20,0x00,0x80,0x00,0x00,0x00,0x88,0x98,
	0x10,0x00,0x3E,0x10,0x00,0x7F,0x10,0x00,0x00,0x60,0x00,0x00,0x42,0x00,0x21,0x43,0x00,0x20,0x40,0x00,
	0x80,0x40,0x00,0x80,0x00,0x00,0x06,0x8A,0x00,0x00,0x01,0x00,0x01,0x00,0x80,0x00,0x00,0x00,0x01,0x00,
	0xC0,0x11,0x00,0x40,0x12,0x00,0x40,0x02,0x00,0x20,0x62,0x00,0x20,0x40,0x00,0x20,0x40,0x00,0x00,0x40,
	0x00,0x00,0x80,0x80,0x00,0x00,0x0A,0x82,0x80,0x00,0x00,0x40,0x00,0x00,0x40,0x00,0x00,0x00,0x80,0x20,
	0x00,0x00,0x03,0x00,0x80,0x00,0x10,0x00,0x02,0x8E,0x00,0x02,0x03,0x00,0x54,0x07,0x00,0x47,0x01,0x10,
	0x20,0x07,0xD0,0x11,0x04,0x40,0x50,0x00,0xF8,0x11,0x00,0x0C,0x93,0x00,0x48,0xE2,0x00,0x30,0x81,0x00,
	0x60,0x91,0x02,0x21,0x10,0x00,0x20,0x11,0x00,0x20,0x00,0x00,0xE0,0x01,0x00,0x04,0x8B,0x00,0x02,0x00,
	0x00,0x14,0x00,0x00,0x82,0x06,0x80,0x21,0x01,0x00,0x00,0x04,0x80,0x10,0x00,0xF8,0x00,0x00,0x2C,0x00,
	0x00,0x08,0x31,0x00,0x20,0x11,0x00,0x70,0x01,0x00,0x01,0x00,0x00,0x01,0x80,0x40,0x00,0x00,0x06,0x88,
	0x00,0x01,0x01,0x00,0x00,0x01,0x00,0x01,0x04,0xC0,0x00,0x00,0xC0,0x00,0x00,0x20,0x00,0x00,0x20,0x30,
	0x00,0x20,0x00,0x00,0x30,0x00,0x00,0x00,0x82,0x20,0x00,0x00,0x20,0x00,0x00,0x40,0x00,0x00,0x0A,0x80,
	0xC0,0x00,0x00,0x01,0x81,0x20,0x00,0x00,0x20,0x00,0x00,0x03,0x4F,0x00,0x80,0x00,0x10,0x00,0x02,0x8E,
	0x00,0x02,0x00,0x00,0x64,0x01,0x00,0x64,0x00,0x00,0x80,0x00,0x4F,0x00,0x02,0x23,0x01,0x04,0x03,0x00,
	0x00,0x42,0x00,0x01,0x17,0x21,0x00,0x20,0x00,0x07,0x00,0x01,0x01,0x20,0x00,0x01,0x88,0x80,0x02,0xAF,
	0x61,0x06,0xED,0x01,0x00,0x04,0x85,0x00,0x02,0x00,0x00,0x04,0x00,0x00,0x40,0x00,0x80,0x01,0x00,0x40,
	0x01,0x06,0x40,0x01,0x04,0x00,0x87,0x42,0x00,0x00,0x27,0x21,0x00,0x00,0x10,0x07,0x00,0x11,0x00,0x30,
	0x11,0x00,0xB0,0x90,0x00,0x19,0x61,0x06,0xAD,0x01,0x00,0x07,0x8B,0x80,0x01,0x00,0x00,0x00,0x06,0x00,
	0x00,0x04,0x20,0x01,0x00,0x60,0x01,0x00,0x20,0x21,0x00,0x10,0x11,0x07,0x10,0x01,0x00,0x10,0x01,0x00,
	0x30,0x80,0x00,0x00,0x01,0x06,0x20,0x00,0x00,0x0B,0x81,0x60,0x00,0x00,0x20,0x00,0x00,0x00,0x80,0x10,
	0x00,0x00,0x00,0x80,0x20,0x00,0x00,0x01,0x02,0x80,0x00,0x04,0x00,0x01,0x8D,0x08,0x06,0x06,0x00,0x89,
	0x01,0x00,0x10,0x00,0xC9,0x41,0x02,0x13,0x01,0x02,0xA3,0x31,0x04,0x70,0x31,0x05,0x04,0x09,0x01,0x28,
	0xF9,0x02,0x78,0xB1,0x07,0xC0,0xA0,0x02,0x01,0xA0,0x05,0x10,0x71,0x00,0x92,0x09,0x03,0x02,0x80,0x00,
	0x04,0x00,0x01,0x8D,0x00,0x06,0x00,0x00,0xA1,0x01,0x00,0xC1,0x00,0x00,0x00,0x01,0x00,0x60,0x02,0xA0,
	0x21,0x04,0x40,0x19,0x04,0x04,0x09,0x00,0x10,0xA0,0x02,0x48,0x91,0x00,0x98,0x81,0x00,0x00,0x81,0x00,
	0x00,0x10,0x00,0xB2,0x00,0x06,0x06,0x8B,0x00,0x21,0x00,0x00,0xC0,0x00,0x00,0x00,0x01,0x00,0x60,0x02,
	0xA0,0x20,0x04,0x40,0x00,0x04,0x10,0x00,0x00,0x10,0xA0,0x02,0x08,0x90,0x00,0x08,0x80,0x00,0x10,0x81,
	0x00,0x10,0x00,0x00,0x0B,0x81,0xA0,0x00,0x00,0x40,0x00,0x00,0x00,0x80,0x10,0x00,0x00,0x01,0x80,0x10,
	0x00,0x00,0x01,0x01,0x91,0x01,0x1C,0x00,0x1F,0x3A,0x00,0x1F,0xF0,0x03,0x0F,0xD9,0x07,0x17,0x08,0x00,
	0x0F,0x9C,0x05,0x0F,0x92,0x06,0x46,0x00,0x06,0xA0,0x50,0x04,0x90,0x51,0x03,0x10,0x51,0x07,0x64,0x01,
	0x05,0xC7,0x30,0x01,0x57,0x41,0x05,0x77,0x81,0x04,0x76,0xB8,0x01,0x49,0xE0,0x03,0x3C,0xB0,0x03,0x01,
	0x83,0x00,0x18,0x00,0x00,0x0A,0x00,0x00,0x10,0x00,0x00,0x18,0x00,0x00,0x8C,0x00,0xA0,0x05,0x00,0xF0,
	0x07,0x40,0x10,0x07,0xA0,0x50,0x03,0x50,0x50,0x02,0x00,0x50,0x04,0x54,0x28,0x04,0x4F,0x00,0x00,0x07,
	0x20,0x05,0x0F,0x28,0x00,0x3F,0x21,0x00,0x57,0x69,0x03,0x3F,0x78,0x03,0x03,0x81,0x00,0x10,0x00,0x00,
	0x10,0x00,0x00,0x8C,0x00,0x08,0x00,0x00,0x20,0x00,0x40,0x80,0x00,0x80,0x10,0x01,0xC0,0x10,0x02,0x10,
	0x00,0x04,0x50,0x08,0x04,0x48,0x08,0x00,0x08,0x28,0x05,0x00,0x20,0x00,0x38,0x20,0x00,0x10,0x60,0x03,
	0x10,0x00,0x01,0x0A,0x80,0xC0,0x00,0x00,0x00,0x82,0x50,0x00,0x00,0x40,0x00,0x00,0x08,0x00,0x00,0x00,
	0x81,0x30,0x00,0x00,0x10,0x00,0x00,0x00,0x93,0x03,0x00,0x00,0x03,0x00,0x00,0x0E,0x06,0x00,0x00,0x34,
	0x00,0x00,0xF2,0x03,0x00,0x15,0x04,0x10,0x01,0x00,0x00,0x95,0x04,0xC0,0x34,0x00,0xC0,0x70,0x00,0xC0,
	0x20,0x02,0x67,0x58,0x07,0x31,0x48,0x00,0x03,0x40,0x06,0x28,0xCC,0x07,0xE4,0xC8,0x00,0xB3,0xA8,0x03,
	0x4C,0x18,0x01,0x21,0x10,0x03,0xD4,0x28,0x02,0x01,0x80,0x00,0x04,0x00,0x00,0x81,0x00,0x12,0x00,0x00,
	0x15,0x00,0x00,0x8C,0x00,0x84,0x04,0x80,0x20,0x00,0x40,0x40,0x00,0xA0,0x80,0x03,0x10,0x70,0x00,0x10,
	0x78,0x02,0x08,0x00,0x04,0x00,0x88,0x06,0x84,0x80,0x00,0x8C,0x08,0x04,0xCC,0x00,0x00,0x00,0x08,0x03,
	0x10,0x00,0x00,0x03,0x81,0x00,0x10,0x00,0x00,0x10,0x00,0x02,0x8A,0x80,0x50,0x00,0xA0,0x80,0x00,0xD0,
	0x30,0x00,0x90,0x30,0x02,0x80,0x00,0x04,0x88,0x80,0x06,0x80,0x80,0x00,0x88,0x08,0x04,0x80,0x08,0x00,
	0x08,0x08,0x03,0x08,0x00,0x00,0x0B,0x80,0x10,0x00,0x00,0x00,0x80,0x08,0x00,0x00,0x00,0x80,0x08,0x00,
	0x00,0x02,0x93,0x13,0x00,0x00,0x03,0x00,0x00,0x07,0x0C,0x00,0x1F,0x1A,0x04,0x1F,0x0D,0x00,0x0F,0xC0,
	0x03,0x07,0x99,0x07,0x0D,0x82,0x07,0x81,0x2C,0x07,0x20,0x10,0x07,0x10,0xF8,0x00,0x87,0x38,0x03,0x8D,
	0xB8,0x00,0x8F,0x24,0x03,0x2C,0x80,0x02,0x94,0xE4,0x05,0x43,0xC4,0x02,0x10,0x80,0x06,0xD4,0x88,0x01,
	0x02,0xC0,0x03,0x02,0x90,0x00,0x10,0x00,0x00,0x1C,0x00,0x00,0x10,0x00,0x00,0x09,0x00,0x00,0x8A,0x00,
	0x80,0x14,0x00,0x80,0x30,0x00,0xA0,0x70,0x06,0x30,0x08,0x06,0x84,0x28,0x07,0x84,0x20,0x06,0xA4,0x04,
	0x06,0x04,0x44,0x01,0xC0,0xC0,0x02,0x84,0x40,0x06,0x10,0x48,0x01,0x8C,0x80,0x05,0x05,0x81,0x00,0x08,
	0x00,0x00,0x08,0x00,0x00,0x80,0x00,0x20,0x00,0x00,0x88,0x20,0x00,0x01,0x08,0x20,0x01,0x08,0x00,0x02,
	0x20,0x00,0x02,0x04,0x40,0x05,0x04,0xC0,0x06,0x04,0x40,0x02,0x94,0x48,0x05,0x00,0x80,0x05,0x0A,0x80,
	0x20,0x00,0x00,0x01,0x80,0x20,0x00,0x00,0x02,0x80,0x10,0x00,0x00,0x00,0x0B,0x80,0x00,0x20,0x00,0x12,
	0x80,0x00,0x20,0x00,0x12,0x80,0x00,0x20,0x00,0x1A,0x80,0x10,0x00,0x00,0x00,0x91,0x08,0x10,0x00,0x00,
	0x1D,0x04,0x00,0x1F,0x00,0x00,0x14,0x00,0x80,0x48,0x00,0x02,0xC6,0x00,0x8E,0xF5,0x00,0x8F,0x93,0x00,
	0x5F,0x10,0x01,0x77,0x08,0x00,0x27,0xC8,0x00,0x15,0xC0,0x00,0x10,0xDC,0x07,0x14,0x80,0x01,0x48,0x9C,
	0x02,0xB8,0x58,0x01,0xE5,0x24,0x03,0xF4,0x7C,0x01,0x03,0x8F,0x00,0x07,0x00,0x00,0x04,0x00,0x00,0x08,
	0x00,0x00,0x06,0x00,0x00,0x01,0x00,0x00,0x70,0x00,0x00,0xB0,0x00,0x70,0x00,0x00,0x64,0x30,0x01,0x0C,
	0x50,0x01,0x00,0x4C,0x04,0x04,0x04,0x01,0x4C,0x90,0x02,0x04,0x1C,0x02,0x24,0x20,0x01,0x54,0x00,0x00,
	0x05,0x80,0x00,0x08,0x00,0x01,0x8A,0x00,0x10,0x00,0x00,0x40,0x00,0x40,0x80,0x00,0x60,0x30,0x00,0x08,
	0x50,0x01,0x00,0x44,0x00,0x00,0x04,0x01,0x0C,0x94,0x02,0x00,0x18,0x02,0x00,0x20,0x03,0x44,0x00,0x02,
	0x0B,0x81,0x60,0x00,0x00,0x08,0x00,0x00,0x01,0x80,0x0C,0x00,0x00,0x02,0x02,0x90,0x00,0x09,0x00,0x00,
	0x08,0x00,0x00,0x01,0x00,0x88,0x09,0x00,0x80,0x0C,0x00,0xC0,0x08,0x00,0xA0,0x07,0x00,0x20,0x70,0x00,
	0x38,0xD0,0x01,0x44,0x48,0x00,0x0A,0x98,0x02,0x42,0x28,0x07,0x00,0x18,0x01,0x58,0x6C,0x04,0x58,0x60,
	0x01,0x0E,0x7C,0x02,0x13,0x00,0x02,0x02,0x80,0x00,0x0E,0x00,0x00,0x8E,0x00,0x01,0x00,0x80,0x00,0x00,
	0x00,0x0C,0x00,0x80,0x00,0x00,0x40,0x11,0x00,0x20,0x00,0x00,0x00,0x40,0x00,0x00,0x88,0x00,0x00,0x08,
	0x03,0x00,0x04,0x07,0x00,0x00,0x03,0x48,0x68,0x02,0x06,0x64,0x03,0x42,0x14,0x00,0x56,0x00,0x01,0x07,
	0x80,0x80,0x00,0x00,0x00,0x89,0x00,0x20,0x00,0x20,0x40,0x00,0x60,0x88,0x00,0x00,0x08,0x00,0x00,0x04,
	0x01,0x00,0x00,0x01,0x08,0x68,0x00,0x04,0x64,0x01,0x40,0x10,0x00,0x40,0x00,0x01,0x0A,0x80,0x20,0x00,
	0x00,0x03,0x81,0x08,0x00,0x00,0x04,0x00,0x00,0x01,0x02,0x90,0x00,0x0A,0x00,0x00,0x09,0x00,0x80,0x08,
	0x00,0x80,0x09,0x00,0x80,0x00,0x00,0x00,0x04,0x00,0xC0,0x03,0x00,0x40,0x39,0x00,0x20,0x08,0x02,0x70,
	0xC0,0x07,0x00,0x44,0x00,0x19,0x44,0x01,0x1B,0x6C,0x05,0x05,0x20,0x03,0x03,0x38,0x00,0x51,0x14,0x00,
	0x5D,0xA4,0x01,0x03,0x8B,0x00,0x08,0x00,0x00,0x08,0x00,0x80,0x08,0x00,0x80,0x00,0x00,0x80,0x00,0x00,
	0x80,0x01,0x00,0x60,0x08,0x00,0x70,0x68,0x00,0x28,0x80,0x00,0x60,0xC0,0x00,0x10,0x54,0x01,0x10,0x68,
	0x00,0x00,0x82,0x02,0x10,0x01,0x02,0x10,0x00,0x50,0xA4,0x00,0x09,0x85,0x20,0x10,0x00,0x70,0x28,0x00,
	0x28,0x00,0x00,0x20,0xC0,0x00,0x10,0x50,0x00,0x10,0x68,0x00,0x00,0x82,0x02,0x10,0x01,0x02,0x10,0x00,
	0x00,0x80,0x00,0x0A,0x80,0x20,0x00,0x00,0x00,0x82,0x20,0x00,0x00,0x10,0x00,0x00,0x10,0x00,0x00,0x03,
	0x03,0x8F,0x00,0x0E,0x00,0x00,0x0D,0x00,0x80,0x0A,0x00,0x40,0x08,0x00,0x80,0x01,0x00,0x00,0x01,0x00,
	0xA0,0x12,0x00,0x50,0x00,0x00,0x58,0x88,0x00,0x44,0x94,0x07,0x44,0x90,0x07,0x6C,0x14,0x03,0x1A,0x20,
	0x01,0x4C,0x00,0x01,0x7B,0x24,0x01,0x54,0x40,0x01,0x03,0x82,0x00,0x07,0x00,0x00,0x05,0x00,0x80,0x02,
	0x00,0x00,0x8B,0x80,0x01,0x00,0x40,0x01,0x00,0x40,0x00,0x00,0x50,0x20,0x00,0x78,0x40,0x00,0x58,0x88,
	0x00,0x40,0x88,0x00,0x48,0x04,0x01,0x0A,0x00,0x01,0x46,0x00,0x01,0x7A,0x04,0x00,0x06,0x00,0x01,0x08,
	0x81,0x40,0x00,0x00,0x40,0x00,0x00,0x00,0x87,0x10,0x40,0x00,0x78,0x08,0x00,0x00,0x88,0x00,0x08,0x04,
	0x00,0x08,0x00,0x00,0x44,0x00,0x00,0x00,0x04,0x00,0x02,0x00,0x00,0x0B,0x81,0x10,0x00,0x00,0x18,0x00,
	0x00,0x00,0x82,0x08,0x00,0x00,0x08,0x00,0x00,0x04,0x00,0x00,0x01,0x03,0x8F,0x00,0x07,0x00,0x80,0x01,
	0x00,0x80,0x01,0x00,0x00,0x02,0x00,0x40,0x00,0x00,0x40,0x01,0x00,0x20,0x0B,0x00,0x30,0x38,0x00,0x48,
	0x60,0x06,0x08,0x48,0x07,0x4C,0x80,0x07,0x10,0x00,0x06,0x0C,0xA0,0x03,0x40,0x08,0x00,0x49,0x20,0x00,
	0x73,0x10,0x01,0x04,0x82,0x80,0x00,0x00,0x80,0x01,0x00,0x00,0x02,0x00,0x00,0x81,0x40,0x01,0x00,0x20,
	0x0A,0x00,0x00,0x82,0x10,0x40,0x00,0x60,0x40,0x00,0x5C,0x00,0x00,0x00,0x83,0x04,0x80,0x01,0x40,0x00,
	0x00,0x49,0x00,0x00,0x09,0x00,0x01,0x0A,0x80,0x00,0x10,0x00,0x00,0x81,0x20,0x40,0x00,0x6C,0x00,0x00,
	0x00,0x81,0x04,0x80,0x00,0x40,0x00,0x00,0x0F,0x80,0x08,0x00,0x00,0x00,0x80,0x04,0x00,0x00,0x02,0x0C,
	0x80,0x10,0x00,0x00,0x02,0x80,0x00,0x80,0x00,0x3D,0x04,0x8E,0x00,0x04,0x00,0x80,0x01,0x00,0x00,0x06,
	0x00,0x40,0x04,0x00,0x00,0x04,0x00,0x00,0x09,0x00,0xE0,0x98,0x03,0x00,0xAC,0x05,0x20,0x14,0x00,0x60,
	0x04,0x00,0x36,0x90,0x04,0x0A,0x00,0x03,0x02,0x04,0x00,0x05,0x80,0x00,0x15,0x04,0x00,0x04,0x83,0x00,
	0x04,0x00,0x80,0x01,0x00,0x00,0x06,0x00,0x40,0x04,0x00,0x01,0x86,0x20,0x00,0x00,0x00,0x20,0x00,0x00,
	0x14,0x00,0x44,0x04,0x00,0x04,0x90,0x00,0x02,0x00,0x01,0x01,0x00,0x00,0x0D,0x81,0x00,0x20,0x00,0x00,
	0x10,0x00,0x00,0x81,0x04,0x90,0x00,0x02,0x00,0x00,0x00,0x81,0x01,0x00,0x00,0x01,0x00,0x00,0x0E,0x80,
	0x04,0x00,0x00,0x03,0x04,0x8E,0x00,0x07,0x02,0x40,0x00,0x02,0x00,0x01,0x03,0x00,0x02,0x00,0x80,0x02,
	0x00,0x20,0x02,0x00,0x30,0x84,0x03,0x20,0xC0,0x03,0x20,0x08,0x07,0x52,0xB8,0x07,0x22,0x08,0x00,0x49,
	0x92,0x00,0x4B,0x60,0x01,0x45,0x80,0x01,0x5C,0x20,0x01,0x04,0x80,0x00,0x02,0x00,0x00,0x8C,0x00,0x01,
	0x00,0x00,0x02,0x00,0x80,0x02,0x00,0x20,0x02,0x00,0x20,0x08,0x00,0x38,0x24,0x00,0x0C,0x44,0x00,0x04,
	0xA0,0x00,0x42,0x00,0x00,0x02,0x90,0x00,0x42,0x42,0x00,0x41,0x00,0x01,0x04,0x20,0x01,0x0A,0x80,0x00,
	0x08,0x00,0x00,0x86,0x08,0x04,0x00,0x04,0x20,0x00,0x42,0x00,0x00,0x00,0x90,0x00,0x43,0x40,0x00,0x01,
	0x00,0x00,0x04,0x00,0x00,0x0C,0x81,0x08,0x00,0x00,0x04,0x00,0x00,0x01,0x81,0x02,0x00,0x00,0x01,0x00,
	0x00,0x00,0x04,0x8E,0x00,0x01,0x02,0x00,0x06,0x02,0x40,0x00,0x03,0x20,0x04,0x00,0x40,0x00,0x00,0x60,
	0x00,0x00,0xB0,0x05,0x00,0x30,0x24,0x00,0x20,0xB8,0x00,0x12,0xF4,0x00,0x05,0x02,0x03,0x45,0x2E,0x00,
	0x03,0x84,0x00,0x78,0x70,0x01,0x2B,0x80,0x01,0x04,0x82,0x00,0x01,0x00,0x00,0x02,0x00,0x40,0x00,0x00,
	0x00,0x80,0x40,0x00,0x00,0x00,0x88,0x10,0x0C,0x00,0x28,0x14,0x00,0x00,0x08,0x00,0x12,0x70,0x00,0x46,
	0x80,0x00,0x01,0x0A,0x00,0x43,0x02,0x00,0x38,0x02,0x00,0x01,0x00,0x00,0x0A,0x86,0x20,0x00,0x00,0x28,
	0x14,0x00,0x24,0x08,0x00,0x12,0x70,0x00,0x06,0x00,0x00,0x41,0x08,0x00,0x03,0x02,0x00,0x10,0x80,0x06,
	0x00,0x00,0x00,0x80,0x03,0x00,0x00,0x01,0x04,0x80,0x80,0x00,0x00,0x00,0x81,0x00,0x04,0x00,0x80,0x00,
	0x00,0x00,0x89,0x20,0x00,0x00,0x50,0x04,0x00,0x0C,0x08,0x00,0x3E,0x2C,0x00,0x25,0x96,0x00,0x50,0xB4,
	0x00,0x60,0xA0,0x01,0x64,0xA8,0x00,0x20,0x28,0x00,0x02,0xA4,0x00,0x04,0x80,0x80,0x00,0x00,0x01,0x80,
	0x80,0x00,0x00,0x00,0x89,0x20,0x00,0x00,0x20,0x04,0x00,0x20,0x18,0x00,0x08,0x08,0x00,0x36,0x44,0x00,
	0x00,0x30,0x00,0x21,0x20,0x00,0x20,0x28,0x00,0x00,0x22,0x00,0x26,0x06,0x00,0x09,0x80,0x20,0x00,0x00,
	0x00,0x87,0x00,0x08,0x00,0x08,0x28,0x00,0x06,0x04,0x00,0x01,0x30,0x00,0x01,0x20,0x00,0x00,0x28,0x00,
	0x00,0x22,0x00,0x26,0x04,0x00,0x0C,0x81,0x08,0x00,0x00,0x06,0x00,0x00,0x00,0x80,0x01,0x00,0x00,0x02,
	0x04,0x82,0x00,0x03,0x00,0xC0,0x00,0x00,0x40,0x02,0x00,0x00,0x80,0x20,0x00,0x00,0x00,0x80,0x20,0x05,
	0x00,0x00,0x86,0x02,0x76,0x00,0x38,0xC6,0x00,0x01,0x42,0x00,0x22,0xC4,0x00,0x22,0xC2,0x00,0x33,0x48,
	0x00,0x12,0x8A,0x00,0x05,0x81,0x40,0x00,0x00,0x40,0x02,0x00,0x02,0x88,0x10,0x01,0x00,0x00,0x08,0x00,
	0x12,0x10,0x00,0x19,0x22,0x00,0x00,0x02,0x00,0x20,0xC4,0x00,0x20,0xC0,0x00,0x11,0x88,0x00,0x22,0x00,
	0x00,0x0A,0x80,0x10,0x00,0x00,0x00,0x86,0x00,0x10,0x00,0x00,0x20,0x00,0x21,0x40,0x00,0x20,0x44,0x00,
	0x20,0x40,0x00,0x21,0x08,0x00,0x02,0x00,0x00,0x0E,0x80,0x01,0x00,0x00,0x01,0x80,0x01,0x00,0x00,0x00,
	0x4F,0x04,0x80,0x80,0x00,0x00,0x01,0x8B,0xA0,0x00,0x00,0x00,0x02,0x00,0x20,0x01,0x00,0xE0,0x00,0x00,
	0x00,0x0A,0x00,0x00,0x0A,0x00,0x08,0x1C,0x00,0x02,0x7A,0x00,0x01,0xBC,0x00,0x01,0xC1,0x00,0x22,0xD1,
	0x00,0x02,0x5A,0x00,0x07,0x8B,0xA0,0x00,0x00,0x00,0x02,0x00,0x20,0x01,0x00,0x40,0x00,0x00,0x10,0x04,
	0x00,0x10,0x1A,0x00,0x08,0x28,0x00,0x22,0x24,0x00,0x21,0x58,0x00,0x21,0x40,0x00,0x02,0x40,0x00,0x00,
	0x8A,0x00,0x09,0x80,0x20,0x00,0x00,0x00,0x87,0x00,0x04,0x00,0x10,0x08,0x00,0x08,0x08,0x00,0x02,0x24,
	0x00,0x01,0x18,0x00,0x01,0x40,0x00,0x00,0x40,0x00,0x00,0x0A,0x00,0x0E,0x82,0x02,0x00,0x00,0x01,0x00,
	0x00,0x01,0x00,0x00,0x01,0x00,0x80,0x00,0x00,0x01,0x03,0x80,0x00,0x02,0x00,0x01,0x8A,0x20,0x02,0x00,
	0x60,0x00,0x00,0x40,0x00,0x00,0x44,0x00,0x00,0x18,0x02,0x00,0x11,0x1E,0x00,0x02,0x08,0x00,0x13,0x40,
	0x00,0x12,0x52,0x00,0x1E,0x60,0x00,0x0D,0x04,0x00,0x05,0x80,0x00,0x02,0x00,0x01,0x8A,0x20,0x02,0x00,
	0x40,0x00,0x00,0x40,0x00,0x00,0x10,0x04,0x00,0x10,0x08,0x00,0x10,0x04,0x00,0x1A,0x28,0x00,0x11,0x20,
	0x00,0x10,0x50,0x00,0x0E,0x00,0x00,0x11,0x44,0x00,0x0B,0x80,0x10,0x00,0x00,0x00,0x85,0x00,0x14,0x00,
	0x02,0x08,0x00,0x01,0x20,0x00,0x00,0x10,0x00,0x00,0x40,0x00,0x10,0x04,0x00,0x0E,0x81,0x02,0x00,0x00,
	0x01,0x00,0x00,0x02,0x00,0x80,0x00,0x00,0x01,0x03,0x81,0x40,0x00,0x00,0x20,0x02,0x00,0x01,0x89,0x10,
	0x00,0x00,0x18,0x01,0x00,0x18,0x00,0x00,0x10,0x0E,0x00,0x08,0x12,0x00,0x1E,0x04,0x00,0x00,0x20,0x00,
	0x00,0x20,0x00,0x00,0x7C,0x00,0x10,0x5A,0x00,0x06,0x80,0x00,0x02,0x00,0x02,0x84,0x00,0x01,0x00,0x18,
	0x00,0x00,0x00,0x06,0x00,0x08,0x02,0x00,0x12,0x14,0x00,0x00,0x82,0x00,0x20,0x00,0x00,0x1C,0x00,0x00,
	0x1A,0x00,0x0C,0x82,0x00,0x06,0x00,0x08,0x02,0x00,0x12,0x14,0x00,0x00,0x82,0x00,0x20,0x00,0x00,0x1C,
	0x00,0x00,0x1A,0x00,0x0E,0x80,0x02,0x00,0x00,0x03,0x05,0x80,0x20,0x00,0x00,0x00,0x82,0x50,0x01,0x00,
	0x00,0x03,0x00,0x50,0x01,0x00,0x00,0x87,0x54,0x06,0x00,0x02,0x08,0x00,0x0C,0x10,0x00,0x08,0x16,0x00,
	0x04,0xC6,0x01,0x10,0x3C,0x00,0x10,0x01,0x00,0x11,0x04,0x00,0x07,0x84,0x00,0x01,0x00,0x00,0x03,0x00,
	0x50,0x01,0x00,0x10,0x00,0x00,0x00,0x02,0x00,0x00,0x81,0x08,0x00,0x00,0x10,0x10,0x00,0x00,0x80,0x10,
	0x2C,0x00,0x00,0x80,0x10,0x04,0x00,0x0A,0x80,0x10,0x00,0x00,0x01,0x81,0x08,0x00,0x00,0x10,0x10,0x00,
	0x00,0x80,0x00,0x2C,0x00,0x00,0x80,0x10,0x04,0x00,0x13,0x04,0x83,0x80,0x01,0x00,0xE0,0x00,0x00,0xA0,
	0x00,0x00,0x80,0x00,0x00,0x01,0x88,0x10,0x03,0x00,0x08,0x04,0x00,0x04,0x08,0x00,0x0D,0x12,0x00,0x1C,
	0x08,0x03,0x00,0x47,0x00,0x00,0x01,0x00,0x00,0x20,0x00,0x02,0x1C,0x00,0x04,0x83,0x40,0x00,0x00,0x20,
	0x00,0x00,0xA0,0x00,0x00,0x80,0x00,0x00,0x00,0x86,0x10,0x00,0x00,0x18,0x00,0x00,0x04,0x06,0x00,0x06,
	0x00,0x00,0x00,0x12,0x00,0x18,0x08,0x00,0x00,0x06,0x00,0x00,0x81,0x00,0x20,0x00,0x02,0x16,0x00,0x09,
	0x80,0x10,0x00,0x00,0x00,0x84,0x00,0x02,0x00,0x06,0x08,0x00,0x00,0x02,0x00,0x00,0x08,0x00,0x00,0x06,
	0x00,0x00,0x81,0x00,0x20,0x00,0x00,0x14,0x00,0x0C,0x80,0x04,0x00,0x00,0x05,0x4F,0x03,0x8F,0x00,0x02,
	0x00,0xC0,0x03,0x00,0x80,0x01,0x00,0xD0,0x01,0x00,0x50,0x02,0x00,0x50,0x01,0x00,0x58,0x01,0x00,0xB8,
	0x02,0x00,0x04,0x00,0x00,0x18,0x18,0x00,0x00,0x06,0x06,0x0A,0x31,0x05,0x14,0xB2,0x01,0x00,0x10,0x00,
	0x01,0x32,0x00,0x00,0x02,0x00,0x04,0x8B,0xA0,0x01,0x00,0x80,0x01,0x00,0xC0,0x01,0x00,0x10,0x02,0x00,
	0x40,0x01,0x00,0x50,0x00,0x00,0x00,0x02,0x00,0x00,0x0C,0x00,0x02,0x00,0x00,0x11,0x18,0x00,0x02,0x26,
	0x00,0x10,0x00,0x00,0x00,0x80,0x01,0x32,0x00,0x0A,0x82,0x10,0x00,0x00,0x08,0x00,0x00,0x04,0x04,0x00,
	0x00,0x81,0x01,0x18,0x00,0x02,0x06,0x00,0x01,0x80,0x01,0x32,0x00,0x0F,0x80,0x02,0x00,0x00,0x01,0x80,
	0x01,0x00,0x00,0x00,0x80,0x00,0x00,0x04,0x02,0x81,0xE0,0x01,0x00,0x20,0x00,0x00,0x00,0x8C,0x30,0x00,
	0x00,0x10,0x00,0x00,0xC0,0x00,0x00,0x28,0x00,0x00,0x4C,0x00,0x00,0x02,0x08,0x00,0x13,0x1E,0x00,0x20,
	0x36,0x02,0x26,0x22,0x02,0x20,0x34,0x00,0x29,0x10,0x00,0x0C,0x2A,0x00,0x0F,0x32,0x00,0x06,0x8C,0x10,
	0x00,0x00,0x10,0x00,0x00,0xD0,0x00,0x00,0x38,0x00,0x00,0x00,0x02,0x00,0x06,0x08,0x00,0x1A,0x02,0x00,
	0x19,0x00,0x00,0x02,0x00,0x00,0x00,0x24,0x00,0x09,0x10,0x00,0x0C,0x20,0x00,0x02,0x10,0x00,0x0A,0x88,
	0x00,0x06,0x00,0x04,0x08,0x00,0x02,0x12,0x00,0x18,0x00,0x00,0x02,0x00,0x00,0x00,0x24,0x00,0x01,0x10,
	0x00,0x00,0x20,0x00,0x00,0x10,0x00,0x0B,0x81,0x04,0x00,0x00,0x02,0x00,0x00,0x00,0x80,0x02,0x00,0x00,
	0x00,0x80,0x01,0x00,0x00,0x01,0x80,0x00,0x00,0x04,0x01,0x90,0x80,0x00,0x00,0x90,0x00,0x00,0xD0,0x01,
	0x00,0xB0,0x01,0x00,0xA0,0x00,0x00,0x50,0x01,0x00,0x58,0x01,0x00,0xE8,0x02,0x00,0x12,0x08,0x00,0x03,
	0x06,0x06,0x2D,0x3E,0x07,0x28,0x06,0x07,0x08,0x35,0x03,0x21,0xF3,0x03,0x02,0x0E,0x00,0x01,0x1C,0x00,
	0x00,0x04,0x00,0x03,0x8F,0xE0,0x00,0x00,0xA0,0x01,0x00,0x80,0x01,0x00,0x80,0x00,0x00,0x50,0x01,0x00,
	0x40,0x00,0x00,0x08,0x04,0x00,0x04,0x08,0x00,0x12,0x16,0x00,0x05,0x08,0x00,0x19,0x26,0x04,0x20,0x24,
	0x00,0x21,0x10,0x00,0x00,0x02,0x00,0x01,0x10,0x00,0x03,0x2A,0x00,0x09,0x89,0x08,0x02,0x00,0x04,0x00,
	0x00,0x00,0x06,0x00,0x05,0x08,0x00,0x21,0x06,0x00,0x00,0x24,0x00,0x01,0x10,0x00,0x00,0x02,0x00,0x01,
	0x10,0x00,0x02,0x28,0x00,0x0B,0x82,0x02,0x00,0x00,0x04,0x00,0x00,0x01,0x00,0x00,0x00,0x80,0x01,0x00,
	0x00,0x00,0x80,0x01,0x00,0x00,0x00,0x02,0x90,0xE0,0x01,0x00,0xE0,0x00,0x00,0xA0,0x02,0x00,0x10,0x00,
	0x00,0x40,0x01,0x00,0x98,0x01,0x00,0x78,0x06,0x00,0x04,0x08,0x00,0x04,0x10,0x04,0x03,0x16,0x00,0x01,
	0x26,0x06,0x06,0x36,0x00,0x11,0x40,0x00,0x00,0xAC,0x02,0x02,0x0A,0x00,0x0B,0x1A,0x00,0x02,0x1A,0x00,
	0x02,0x8C,0xE0,0x00,0x00,0x80,0x00,0x00,0xA0,0x00,0x00,0x10,0x00,0x00,0x40,0x01,0x00,0x80,0x00,0x00,
	0xB0,0x02,0x00,0x08,0x04,0x00,0x06,0x08,0x00,0x09,0x18,0x00,0x09,0x24,0x06,0x02,0x24,0x00,0x01,0x00,
	0x00,0x00,0x82,0x02,0x10,0x00,0x02,0x28,0x00,0x02,0x18,0x00,0x08,0x86,0x08,0x00,0x00,0x04,0x04,0x00,
	0x06,0x08,0x00,0x01,0x18,0x00,0x31,0x04,0x00,0x02,0x24,0x00,0x01,0x00,0x00,0x00,0x82,0x00,0x10,0x00,
	0x00,0x28,0x00,0x02,0x18,0x00,0x0A,0x80,0x04,0x00,0x00,0x00,0x82,0x01,0x00,0x00,0x02,0x00,0x00,0x01,
	0x00,0x00,0x03,0x02,0x90,0x40,0x00,0x00,0x20,0x00,0x00,0x30,0x00,0x00,0x60,0x01,0x00,0xD0,0x01,0x00,
	0xE0,0x00,0x00,0x30,0x04,0x00,0x16,0x00,0x00,0x13,0x1C,0x04,0x37,0x00,0x01,0x0F,0x04,0x06,0x3A,0x40,
	0x04,0x33,0x16,0x00,0x2A,0x00,0x01,0x3A,0x08,0x00,0x13,0x3A,0x00,0x09,0x0E,0x00,0x01,0x87,0xE0,0x00,
	0x00,0x10,0x00,0x00,0x20,0x00,0x00,0x10,0x00,0x00,0x40,0x01,0x00,0xC0,0x00,0x00,0xB8,0x00,0x00,0x0C,
	0x02,0x00,0x00,0x88,0x1A,0x02,0x00,0x35,0x24,0x00,0x22,0x26,0x06,0x21,0x00,0x04,0x00,0x10,0x00,0x28,
	0x12,0x00,0x13,0x48,0x00,0x00,0x08,0x00,0x08,0x26,0x00,0x08,0x8A,0x00,0x06,0x00,0x06,0x08,0x00,0x03,
	0x16,0x00,0x15,0x04,0x00,0x22,0x26,0x00,0x21,0x00,0x00,0x00,0x10,0x00,0x00,0x12,0x00,0x01,0x08,0x00,
	0x01,0x08,0x00,0x08,0x20,0x00,0x09,0x84,0x04,0x00,0x00,0x02,0x00,0x00,0x05,0x00,0x00,0x02,0x00,0x00,
	0x01,0x00,0x00,0x01,0x80,0x01,0x00,0x00,0x01,0x02,0x80,0x20,0x00,0x00,0x4B,0x00,0x92,0xC0,0x00,0x00,
	0x60,0x00,0x00,0xE0,0x02,0x00,0x90,0x02,0x00,0x60,0x00,0x00,0x00,0x01,0x00,0x70,0x04,0x00,0xB8,0x02,
	0x00,0x02,0x08,0x00,0x1E,0x0A,0x00,0x34,0x0C,0x00,0x32,0x42,0x07,0x2B,0x22,0x07,0x21,0x22,0x03,0x28,
	0x5E,0x03,0x30,0x42,0x00,0x12,0x58,0x00,0x0A,0x1E,0x00,0x19,0x1A,0x00,0x01,0x83,0x10,0x00,0x00,0xE0,
	0x00,0x00,0xB0,0x00,0x00,0x40,0x00,0x00,0x00,0x8C,0x68,0x00,0x00,0x00,0x04,0x00,0x00,0x08,0x00,0x05,
	0x06,0x00,0x0C,0x2C,0x00,0x1A,0x20,0x00,0x01,0x60,0x00,0x00,0x60,0x00,0x28,0x52,0x00,0x10,0x02,0x00,
	0x02,0x08,0x00,0x08,0x16,0x00,0x13,0x08,0x00,0x07,0x8B,0x08,0x02,0x00,0x04,0x00,0x00,0x06,0x16,0x00,
	0x0D,0x08,0x00,0x02,0x20,0x00,0x01,0x20,0x00,0x00,0x20,0x00,0x00,0x12,0x00,0x00,0x40,0x00,0x01,0x08,
	0x00,0x08,0x10,0x00,0x11,0x00,0x00,0x09,0x83,0x06,0x00,0x00,0x05,0x00,0x00,0x02,0x00,0x00,0x01,0x00,
	0x00,0x05,0x00,0x92,0x20,0x00,0x00,0x40,0x00,0x00,0x10,0x00,0x00,0x40,0x00,0x00,0x00,0x01,0x00,0x00,
	0x06,0x00,0xD8,0x00,0x00,0x04,0x04,0x00,0x06,0x10,0x00,0x00,0x2E,0x00,0x20,0x04,0x00,0x05,0x60,0x00,
	0x01,0x9C,0x00,0x28,0x18,0x00,0x00,0x92,0x02,0x0A,0xA2,0x00,0x01,0x54,0x00,0x06,0x58,0x00,0x01,0x00,
	0x00,0x02,0x81,0x10,0x00,0x00,0x40,0x00,0x00,0x01,0x80,0x90,0x00,0x00,0x00,0x8A,0x02,0x08,0x00,0x09,
	0x0C,0x00,0x38,0x20,0x00,0x00,0x60,0x00,0x00,0x44,0x00,0x28,0x10,0x00,0x00,0x50,0x00,0x03,0x00,0x00,
	0x01,0x54,0x00,0x07,0x08,0x00,0x03,0x30,0x00,0x08,0x86,0x00,0x08,0x00,0x01,0x08,0x00,0x18,0x20,0x00,
	0x00,0x20,0x00,0x00,0x44,0x00,0x00,0x10,0x00,0x00,0x50,0x00,0x00,0x80,0x00,0x50,0x00,0x00,0x80,0x01,
	0x20,0x00,0x13,0x00,0x80,0x40,0x00,0x00,0x00,0x90,0x00,0x01,0x00,0x20,0x00,0x00,0x80,0x04,0x00,0x80,
	0x00,0x00,0x80,0x00,0x00,0x04,0x00,0x00,0x04,0x10,0x00,0x02,0x26,0x00,0x01,0x68,0x00,0x00,0x28,0x00,
	0x01,0xB8,0x00,0x00,0x5A,0x00,0x00,0x3A,0x00,0x00,0x94,0x00,0x0C,0x8E,0x00,0x03,0x32,0x00,0x02,0x40,
	0x00,0x00,0x80,0x40,0x00,0x00,0x04,0x80,0x80,0x00,0x00,0x00,0x81,0x00,0x10,0x00,0x02,0x24,0x00,0x00,
	0x83,0x00,0x78,0x00,0x00,0xB0,0x00,0x00,0xC2,0x00,0x00,0x82,0x00,0x00,0x82,0x0C,0x06,0x00,0x01,0x70,
	0x00,0x00,0x20,0x00,0x09,0x80,0x02,0x00,0x00,0x00,0x82,0x00,0x78,0x00,0x00,0x30,0x00,0x00,0x42,0x00,
	0x00,0x83,0x00,0x80,0x00,0x08,0x00,0x00,0x00,0x20,0x00,0x00,0x20,0x00,0x09,0x80,0x02,0x00,0x00,0x08,
	0x00,0x80,0x40,0x00,0x00,0x00,0x85,0x00,0x02,0x00,0x40,0x00,0x00,0x00,0x01,0x00,0x10,0x00,0x00,0x40,
	0x00,0x00,0x08,0x00,0x00,0x00,0x89,0x01,0x24,0x00,0x28,0x54,0x00,0x20,0xA2,0x00,0x20,0x42,0x00,0x20,
	0xD2,0x05,0x04,0xAC,0x03,0x25,0x18,0x00,0x09,0xAA,0x00,0x02,0x60,0x00,0x08,0x54,0x00,0x00,0x80,0x40,
	0x00,0x00,0x01,0x80,0x40,0x00,0x00,0x00,0x85,0x10,0x00,0x00,0x18,0x00,0x00,0x08,0x00,0x00,0x06,0x00,
	0x00,0x08,0x00,0x00,0x30,0x50,0x00,0x00,0x86,0x00,0xC2,0x00,0x20,0x40,0x00,0x04,0x84,0x00,0x05,0x18,
	0x01,0x09,0x28,0x00,0x00,0xC0,0x00,0x00,0x20,0x00,0x09,0x81,0x01,0x00,0x00,0x10,0x10,0x00,0x00,0x86,
	0x00,0xC2,0x00,0x00,0x40,0x00,0x00,0x84,0x00,0x00,0x10,0x00,0x08,0xA0,0x00,0x00,0x40,0x00,0x00,0x40,
	0x00,0x13,0x00,0x82,0xE0,0x00,0x00,0x10,0x00,0x00,0x30,0x00,0x00,0x00,0x8E,0x80,0x00,0x00,0x20,0x00,
	0x00,0xA8,0x00,0x00,0x30,0x04,0x00,0x14,0x10,0x00,0x01,0x0C,0x00,0x33,0x3C,0x00,0x3A,0x00,0x00,0x03,
	0x26,0x01,0x29,0x88,0x00,0x26,0x70,0x05,0x1D,0xA0,0x01,0x13,0x94,0x01,0x3B,0xF4,0x01,0x33,0xA4,0x00,
	0x01,0x81,0x10,0x00,0x00,0x30,0x00,0x00,0x01,0x8D,0x20,0x00,0x00,0x20,0x00,0x00,0x08,0x00,0x00,0x00,
	0x10,0x00,0x00,0x0C,0x00,0x03,0x1C,0x00,0x32,0x00,0x00,0x21,0x04,0x00,0x28,0xA0,0x00,0x04,0x60,0x01,
	0x34,0x80,0x00,0x23,0x80,0x01,0x0A,0x54,0x00,0x12,0xC0,0x00,0x07,0x8B,0x08,0x00,0x00,0x04,0x00,0x00,
	0x02,0x0C,0x00,0x02,0x10,0x00,0x22,0x00,0x00,0x21,0x04,0x00,0x20,0xA0,0x00,0x20,0x60,0x00,0x00,0x80,
	0x00,0x01,0x80,0x00,0x08,0x40,0x00,0x10,0x40,0x00,0x0A,0x82,0x03,0x00,0x00,0x02,0x00,0x00,0x01,0x00,
	0x00,0x05,0x4F,0x01,0x81,0xB0,0x00,0x00,0x40,0x00,0x00,0x00,0x8E,0x20,0x01,0x00,0xB0,0x01,0x00,0x80,
	0x03,0x00,0x90,0x00,0x00,0x04,0x10,0x00,0x02,0x00,0x00,0x0B,0x68,0x00,0x15,0x2E,0x00,0x08,0xC8,0x01,
	0x03,0x00,0x00,0x2F,0xAC,0x00,0x26,0xA0,0x00,0x1A,0x10,0x00,0x00,0x20,0x00,0x0F,0x34,0x00,0x01,0x81,
	0x80,0x00,0x00,0x40,0x00,0x00,0x00,0x8E,0x00,0x01,0x00,0x30,0x00,0x00,0x10,0x00,0x00,0x18,0x00,0x00,
	0x08,0x08,0x00,0x06,0x20,0x00,0x01,0x48,0x00,0x18,0x0E,0x00,0x00,0xC8,0x00,0x01,0x00,0x00,0x0C,0xAC,
	0x00,0x26,0xA0,0x00,0x33,0x00,0x00,0x23,0x00,0x01,0x2B,0x34,0x01,0x08,0x80,0x00,0x08,0x00,0x01,0x87,
	0x11,0x0C,0x00,0x00,0xC8,0x00,0x01,0x00,0x00,0x00,0xA4,0x00,0x20,0xA0,0x00,0x20,0x00,0x00,0x03,0x00,
	0x00,0x09,0x00,0x00,0x0B,0x80,0x01,0x00,0x00,0x00,0x80,0x01,0x00,0x00,0x04,0x02,0x83,0xB0,0x00,0x00,
	0xF0,0x00,0x00,0x70,0x00,0x00,0x00,0x01,0x00,0x00,0x8B,0xF8,0x04,0x00,0x10,0x00,0x00,0x00,0x32,0x00,
	0x18,0x6C,0x00,0x12,0x9C,0x00,0x0C,0x64,0x00,0x01,0x88,0x05,0x04,0xAC,0x04,0x24,0x4C,0x01,0x12,0xE0,
	0x00,0x31,0x70,0x00,0x11,0x40,0x01,0x01,0x84,0x60,0x00,0x00,0x90,0x00,0x00,0xF0,0x00,0x00,0x50,0x00,
	0x00,0x00,0x01,0x00,0x00,0x8B,0xA0,0x06,0x00,0x18,0x08,0x00,0x00,0x10,0x00,0x08,0x04,0x00,0x32,0x50,
	0x00,0x01,0x84,0x00,0x01,0x80,0x00,0x04,0x8C,0x00,0x04,0x4C,0x00,0x12,0xC0,0x00,0x23,0x40,0x00,0x13,
	0x00,0x00,0x07,0x8B,0x00,0x02,0x00,0x08,0x00,0x00,0x04,0x10,0x00,0x02,0x00,0x00,0x23,0x50,0x00,0x01,
	0x04,0x00,0x01,0x80,0x00,0x00,0x84,0x00,0x00,0x44,0x00,0x00,0xC0,0x00,0x22,0x40,0x00,0x13,0x00,0x00,
	0x0B,0x82,0x02,0x00,0x00,0x01,0x00,0x00,0x01,0x00,0x00,0x04,0x01,0x91,0x80,0x00,0x00,0x50,0x00,0x00,
	0x60,0x04,0x00,0xA0,0x00,0x00,0x60,0x00,0x00,0x00,0x01,0x00,0x90,0x03,0x00,0x18,0x0E,0x00,0x14,0x00,
	0x00,0x00,0x18,0x00,0x3B,0x40,0x00,0x29,0xD2,0x04,0x04,0x70,0x00,0x0B,0x00,0x03,0x10,0xA0,0x02,0x26,
	0x00,0x00,0x03,0x54,0x01,0x23,0x20,0x01,0x02,0x90,0x60,0x00,0x00,0x60,0x00,0x00,0xA0,0x00,0x00,0x40,
	0x00,0x00,0x00,0x01,0x00,0x80,0x02,0x00,0x08,0x06,0x00,0x18,0x10,0x00,0x06,0x2C,0x00,0x32,0x40,0x00,
	0x39,0x12,0x00,0x01,0xD0,0x00,0x08,0x00,0x01,0x10,0xA0,0x00,0x04,0x00,0x01,0x02,0x44,0x00,0x26,0x00,
	0x00,0x08,0x80,0x00,0x06,0x00,0x00,0x80,0x00,0x2C,0x00,0x00,0x81,0x01,0x10,0x00,0x00,0x50,0x00,0x00,
	0x80,0x00,0xA0,0x00,0x00,0x81,0x00,0x40,0x00,0x26,0x00,0x00,0x13,0x02,0x90,0x60,0x00,0x00,0x90,0x00,
	0x00,0x10,0x00,0x00,0x30,0x00,0x00,0x40,0x00,0x00,0x00,0x03,0x00,0xF8,0x04,0x00,0x00,0x12,0x00,0x00,
	0x1A,0x00,0x3C,0x58,0x00,0x0B,0x0C,0x04,0x00,0x4C,0x04,0x2C,0xC8,0x07,0x01,0xA0,0x01,0x02,0xE8,0x00,
	0x25,0xAC,0x01,0x0A,0x04,0x00,0x02,0x81,0x80,0x00,0x00,0x80,0x00,0x00,0x00,0x8D,0x10,0x00,0x00,0x40,
	0x00,0x00,0x10,0x01,0x00,0x10,0x02,0x00,0x18,0x0A,0x00,0x00,0x2A,0x00,0x08,0x00,0x00,0x32,0x4C,0x00,
	0x00,0x0C,0x00,0x28,0x40,0x00,0x00,0x80,0x01,0x01,0x88,0x00,0x04,0x8C,0x01,0x0C,0x04,0x00,0x08,0x8A,
	0x10,0x00,0x00,0x18,0x08,0x00,0x04,0x08,0x00,0x02,0x00,0x00,0x10,0x4C,0x00,0x01,0x0C,0x00,0x01,0xC0,
	0x00,0x01,0x80,0x00,0x00,0x80,0x00,0x00,0x80,0x00,0x0C,0x00,0x00,0x13,0x03,0x82,0x80,0x00,0x00,0xA0,
	0x00,0x00,0xF0,0x00,0x00,0x00,0x8B,0x60,0x00,0x00,0x30,0x03,0x00,0x50,0x0A,0x00,0x0C,0x12,0x00,0x00,
	0x2C,0x00,0x1C,0x0C,0x00,0x21,0x82,0x00,0x22,0x20,0x00,0x70,0x8A,0x01,0x40,0xE4,0x00,0x48,0xB0,0x00,
	0x46,0x08,0x01,0x03,0x82,0xE0,0x00,0x00,0xA0,0x00,0x00,0xE0,0x00,0x00,0x00,0x8B,0x60,0x00,0x00,0x20,
	0x00,0x00,0x08,0x08,0x00,0x10,0x10,0x00,0x10,0x28,0x00,0x38,0x00,0x00,0x20,0x42,0x00,0x21,0x00,0x00,
	0x31,0x80,0x00,0x00,0xA4,0x00,0x00,0x80,0x00,0x02,0x08,0x01,0x08,0x80,0x10,0x00,0x00,0x00,0x83,0x18,
	0x10,0x00,0x14,0x28,0x00,0x2A,0x00,0x00,0x02,0x40,0x00,0x00,0x82,0x00,0x80,0x00,0x01,0xA4,0x00,0x01,
	0x80,0x00,0x14,0x4F,0x03,0x8F,0x80,0x00,0x00,0x20,0x00,0x00,0x00,0x03,0x00,0x30,0x02,0x00,0x80,0x02,
	0x00,0xB0,0x04,0x00,0xA0,0x0C,0x00,0x10,0x10,0x00,0x20,0x06,0x00,0x04,0x42,0x00,0x06,0x40,0x00,0x44,
	0x98,0x00,0x58,0x62,0x00,0x63,0x0C,0x00,0x02,0x4C,0x01,0x6A,0x24,0x00,0x04,0x8E,0x20,0x00,0x00,0x00,
	0x01,0x00,0x20,0x00,0x00,0x80,0x00,0x00,0x20,0x04,0x00,0x10,0x04,0x00,0x18,0x00,0x00,0x0C,0x04,0x00,
	0x08,0x00,0x00,0x02,0x40,0x00,0x00,0x98,0x00,0x58,0x40,0x00,0x60,0x04,0x00,0x43,0x04,0x01,0x6A,0x40,
	0x00,0x09,0x80,0x10,0x04,0x00,0x00,0x85,0x00,0x04,0x00,0x0C,0x00,0x00,0x00,0x40,0x00,0x02,0x18,0x00,
	0x02,0x40,0x00,0x02,0x04,0x00,0x00,0x80,0x29,0x00,0x00,0x13,0x03,0x8F,0x00,0x01,0x00,0xE0,0x02,0x00,
	0x80,0x00,0x00,0x40,0x02,0x00,0x20,0x02,0x00,0x80,0x02,0x00,0x50,0x01,0x00,0x08,0x0C,0x00,0x18,0x34,
	0x00,0x0C,0x50,0x00,0x50,0x86,0x00,0x20,0x82,0x00,0x70,0x88,0x01,0x6A,0xD8,0x01,0x4A,0x54,0x01,0x71,
	0x80,0x00,0x04,0x83,0xC0,0x00,0x00,0x80,0x00,0x00,0x40,0x02,0x00,0x20,0x02,0x00,0x00,0x89,0x30,0x04,
	0x00,0x30,0x0C,0x00,0x30,0x24,0x00,0x1C,0x50,0x00,0x50,0x04,0x00,0x22,0x00,0x00,0x72,0x88,0x00,0x6A,
	0x8C,0x01,0x4A,0x40,0x00,0x20,0x00,0x01,0x0A,0x88,0x00,0x0C,0x00,0x08,0x24,0x00,0x00,0x50,0x00,0x04,
	0x04,0x00,0x40,0x00,0x00,0x40,0x88,0x00,0x40,0x88,0x00,0x42,0x00,0x00,0x20,0x00,0x00,0x13,0xC3,0xF8,
	0xDF,0x01,0xFA,0x1D,0x04,0xF0,0x3F,0x04,0xF0,0x47,0x01,0xF0,0x8B,0x03,0x30,0xEB,0x07,0x00,0x60,0x05,
	0x80,0x05,0x03,0x60,0xA5,0x05,0x80,0x00,0x02,0x00,0x23,0x01,0x20,0x08,0x03,0x88,0x45,0x01,0x88,0x38,
	0x03,0x10,0xAD,0x06,0x40,0x81,0x01,0x23,0x0C,0x02,0x7F,0x1F,0x00,0x0F,0x96,0x01,0xE8,0xA8,0x01,0xEF,
	0x2F,0x06,0xEF,0xAD,0x07,0xEF,0x8F,0x07,0xEF,0x0F,0x06,0xEF,0x2F,0x00,0xEF,0x16,0x05,0x6F,0xD4,0x00,
	0x6F,0x07,0x02,0x0F,0x97,0x04,0xEF,0x04,0x05,0xCF,0x21,0x03,0xCF,0x10,0x07,0xDF,0x01,0x00,0xD7,0x02,
	0x00,0xD3,0x53,0x00,0xD3,0x96,0x01,0xF0,0x03,0x01,0x6C,0xC7,0x05,0x4E,0xC5,0x05,0x90,0x4E,0x01,0x00,
	0x90,0x07,0x00,0xF2,0x07,0x00,0xF0,0x07,0x00,0xC8,0x07,0x00,0x58,0x06,0x00,0x48,0x02,0x00,0xF8,0x06,
	0x00,0xF8,0x07,0x00,0x78,0x07,0x00,0xF8,0x07,0x00,0xD8,0x03,0x10,0xF6,0x07,0x10,0xC7,0x07,0x08,0x85,
	0x07,0x38,0x9E,0x07,0x7C,0x94,0x06,0x7C,0x0C,0x06,0xFC,0xC8,0x07,0x7C,0x86,0x07,0x2E,0x06,0x07,0x00,
	0xE0,0x07,0x00,0xC0,0x07,0x00,0xC0,0x07,0x00,0xF0,0x07,0x00,0xF0,0x07,0x00,0xF0,0x07,0x00,0x00,0x07,
	0x00,0x00,0x04,0x01,0x83,0x00,0x00,0x04,0x00,0x01,0x00,0x00,0x02,0x00,0x00,0x02,0x00,0x03,0x80,0x80,
	0x00,0x00,0x00,0x91,0x00,0x70,0x00,0x0B,0x72,0x04,0x00,0x70,0x04,0x00,0xA0,0x00,0x20,0x10,0x03,0x00,
	0x18,0x07,0x10,0x80,0x05,0x10,0x68,0x00,0x10,0x39,0x01,0x10,0x00,0x01,0x50,0x18,0x01,0xB0,0x65,0x04,
	0xB0,0x49,0x00,0x08,0x1E,0x02,0x08,0x4B,0x00,0x58,0x05,0x04,0x42,0x21,0x00,0x00,0x22,0x04,0x00,0x94,
	0xC1,0x0D,0x04,0x00,0x70,0x00,0x00,0x02,0x00,0x00,0x30,0x00,0x00,0x80,0x00,0x00,0x98,0x05,0x00,0x98,
	0x01,0x00,0x80,0x01,0x00,0x60,0x00,0x00,0x10,0x00,0x00,0x00,0x01,0x00,0x18,0x00,0x00,0x61,0x00,0x00,
	0x01,0x00,0x00,0x0C,0x00,0x00,0x4B,0x00,0x48,0x01,0x04,0x02,0x21,0x00,0x80,0x22,0x04,0x00,0x02,0x00,
	0x80,0x0C,0x04,0x00,0x80,0x00,0x02,0x00,0x00,0x82,0x00,0x80,0x00,0x00,0x98,0x04,0x00,0x80,0x01,0x00,
	0x80,0x00,0x60,0x00,0x01,0x89,0x00,0x18,0x00,0x00,0x61,0x00,0x00,0x01,0x00,0x00,0x08,0x00,0x00,0x01,
	0x00,0x00,0x00,0x04,0x00,0x20,0x00,0x80,0x22,0x00,0x00,0x02,0x00,0x80,0x04,0x04,0x03,0x81,0x00,0x88,
	0x00,0x00,0x80,0x00,0x04,0x81,0x00,0x01,0x00,0x00,0x01,0x00,0x05,0x80,0x00,0x04,0x00,0xA4,0x04,0x70,
	0x00,0x18,0x00,0x00,0x18,0x30,0x00,0x18,0x10,0x01,0x38,0x84,0x01,0x08,0x81,0x05,0x08,0x68,0x00,0x08,
	0x49,0x00,0x08,0x00,0x04,0x08,0x00,0x04,0xE8,0x80,0x00,0x08,0x03,0x00,0xA8,0x09,0x00,0x08,0x24,0x00,
	0xA8,0x0E,0x00,0x00,0x14,0x00,0x19,0x02,0x00,0x10,0x03,0x00,0x88,0x1E,0x00,0x48,0x2C,0x04,0x08,0x00,
	0x00,0x18,0x00,0x00,0x18,0x00,0x00,0x18,0x30,0x01,0x18,0x0C,0x00,0x08,0x08,0x04,0x08,0x60,0x00,0x08,
	0x40,0x00,0x08,0x00,0x04,0x08,0x00,0x04,0x08,0x00,0x00,0x08,0x02,0x00,0x08,0x08,0x00,0x08,0x08,0x00,
	0x08,0x06,0x00,0x00,0x01,0x00,0x09,0x02,0x00,0x00,0x81,0x00,0x0C,0x00,0x80,0x06,0x04,0x02,0x85,0x00,
	0x10,0x00,0x00,0x04,0x00,0x00,0x08,0x00,0x00,0x40,0x00,0x00,0x40,0x00,0x00,0x00,0x04,0x01,0x80,0x00,
	0x02,0x00,0x01,0x81,0x08,0x00,0x00,0x00,0x05,0x00,0x01,0x81,0x80,0x08,0x00,0x00,0x00,0x04,0x02,0x80,
	0x00,0x10,0x00,0x00,0x81,0x00,0x08,0x00,0x00,0x40,0x00,0x00,0x80,0x00,0x00,0x04,0x08,0x80,0x80,0x00,
	0x00,0x00,0x4F,0xB1,0x18,0x58,0x00,0x1D,0x6A,0x00,0x10,0x18,0x00,0x10,0x64,0x00,0x00,0x34,0x05,0x18,
	0x2C,0x02,0x18,0x10,0x04,0x98,0x04,0x07,0x18,0x40,0x00,0x18,0x20,0x00,0x18,0x05,0x01,0x18,0x07,0x06,
	0xB8,0x04,0x05,0x18,0x0D,0x00,0x0C,0x0D,0x01,0x18,0x02,0x06,0x18,0x40,0x01,0x1C,0x52,0x00,0x10,0x0D,
	0x04,0x50,0x03,0x06,0x10,0x58,0x00,0x00,0x6A,0x00,0x00,0x28,0x00,0x00,0x64,0x00,0x00,0x00,0x05,0x10,
	0x24,0x02,0x10,0x10,0x04,0x10,0x00,0x03,0x10,0x40,0x00,0x10,0x20,0x00,0x10,0x05,0x01,0x10,0x05,0x04,
	0x10,0x00,0x00,0x10,0x04,0x00,0x08,0x01,0x00,0x18,0x04,0x06,0x10,0x40,0x01,0x14,0x40,0x00,0x80,0x0C,
	0x00,0x40,0x0F,0x02,0x00,0x58,0x00,0x00,0x2A,0x00,0x00,0x28,0x00,0x00,0x24,0x00,0x00,0x00,0x01,0x00,
	0x04,0x02,0x00,0x00,0x04,0x00,0x00,0x02,0x00,0x40,0x00,0x00,0x20,0x00,0x00,0x80,0x00,0x00,0x04,0x00,
	0x89,0x00,0x04,0x00,0x08,0x09,0x00,0x00,0x04,0x06,0x00,0x40,0x01,0x00,0x40,0x00,0x80,0x0C,0x00,0x00,
	0x0A,0x02,0x00,0x10,0x00,0x00,0x20,0x00,0x00,0x20,0x00,0x03,0x80,0x00,0x00,0x02,0x02,0x80,0x00,0x00,
	0x04,0x02,0x80,0x00,0x04,0x00,0x03,0x89,0x10,0x68,0x04,0x0C,0x11,0x00,0x00,0x68,0x00,0x00,0x4C,0x00,
	0x00,0x04,0x00,0x00,0xEE,0x00,0x10,0xE4,0x05,0x10,0x80,0x02,0x00,0x08,0x04,0x10,0x20,0x04,0x00,0x8F,
	0x00,0x81,0x04,0x00,0x20,0x00,0x00,0x22,0x04,0x88,0x44,0x06,0x00,0x18,0x00,0x00,0x4E,0x00,0x02,0x52,
	0x02,0xA0,0x82,0x00,0x00,0x09,0x00,0x00,0x10,0x04,0x00,0x21,0x00,0x00,0x60,0x00,0x00,0x40,0x00,0x00,
	0x04,0x00,0x00,0x08,0x00,0x00,0xC4,0x00,0x00,0x81,0x00,0x08,0x00,0x00,0x20,0x04,0x00,0x88,0x00,0x04,
	0x00,0x00,0x04,0x00,0x00,0x12,0x04,0x00,0x0C,0x00,0x08,0x04,0x00,0x00,0x4E,0x00,0x02,0x42,0x00,0x20,
	0x00,0x00,0x80,0x0C,0x00,0x00,0x80,0x00,0x01,0x00,0x03,0x80,0x00,0x44,0x00,0x01,0x80,0x00,0x20,0x00,
	0x00,0x86,0x00,0x04,0x00,0x00,0x04,0x00,0x00,0x12,0x04,0x00,0x0C,0x00,0x08,0x04,0x00,0x00,0x40,0x00,
	0x00,0x42,0x00,0x00,0x80,0x00,0x04,0x00,0x05,0x80,0x00,0x40,0x00,0x04,0x80,0x00,0x04,0x00,0x00,0x81,
	0x00,0x08,0x00,0x00,0x04,0x00,0x02,0x80,0x00,0x04,0x00,0xA7,0x0A,0x28,0x01,0x0C,0x06,0x00,0x0C,0x01,
	0x00,0x04,0xF8,0x00,0x14,0x6C,0x00,0x1C,0xE0,0x00,0x0C,0x4A,0x02,0x0C,0x14,0x04,0x1C,0xBC,0x02,0x0C,
	0x14,0x01,0x0C,0x80,0x04,0x0C,0x1F,0x01,0x0C,0x02,0x00,0xAC,0x19,0x00,0x20,0x0E,0x00,0x28,0x1C,0x00,
	0x4C,0x0E,0x00,0x0D,0x13,0x00,0x90,0x4D,0x01,0x84,0x0E,0x00,0x04,0x28,0x01,0x0C,0x26,0x00,0x0C,0x21,
	0x00,0x04,0x98,0x00,0x04,0xA8,0x00,0x04,0x24,0x00,0x04,0x8A,0x02,0x04,0x14,0x02,0x04,0xA8,0x00,0x04,
	0x14,0x00,0x04,0x80,0x04,0x04,0x13,0x00,0x04,0x06,0x00,0x04,0x11,0x00,0x04,0x18,0x00,0x20,0x18,0x00,
	0x44,0x06,0x00,0x05,0x01,0x00,0x90,0x41,0x00,0x80,0x0C,0x00,0x00,0x8B,0x00,0x26,0x00,0x00,0x21,0x00,
	0x00,0x98,0x00,0x00,0xE8,0x00,0x00,0xE0,0x00,0x00,0x80,0x02,0x00,0x14,0x00,0x00,0xA0,0x00,0x00,0x14,
	0x00,0x00,0x00,0x04,0x00,0x11,0x00,0x00,0x02,0x00,0x00,0x82,0x00,0x18,0x00,0x00,0x04,0x00,0x00,0x04,
	0x00,0x00,0x81,0x00,0x41,0x00,0x80,0x00,0x00,0x02,0x83,0x00,0x18,0x00,0x00,0x80,0x00,0x00,0x80,0x00,
	0x00,0x80,0x00,0x02,0x80,0x00,0x00,0x04,0x02,0x80,0x00,0x08,0x00,0x04,0xA1,0x0E,0x38,0x00,0x8C,0x31,
	0x00,0x08,0x39,0x00,0x08,0xDC,0x00,0x0C,0x8C,0x00,0x8C,0x28,0x04,0x8C,0xCC,0x05,0x8C,0xC0,0x02,0x8C,
	0x04,0x00,0x0C,0x00,0x04,0x0C,0x84,0x00,0x0C,0x8D,0x04,0x0C,0x65,0x01,0x0C,0x0F,0x03,0x00,0x18,0x00,
	0x1C,0x1F,0x04,0x0C,0x1C,0x00,0x0C,0xC2,0x04,0x0C,0x88,0x06,0x48,0x8D,0x05,0x0A,0x10,0x04,0x80,0x10,
	0x00,0x00,0x08,0x00,0x08,0x5C,0x00,0x08,0xCC,0x00,0x08,0xCC,0x00,0x88,0x48,0x04,0x88,0xC0,0x02,0x88,
	0x04,0x02,0x08,0x00,0x00,0x08,0x80,0x00,0x08,0x8C,0x04,0x08,0x62,0x00,0x08,0x0F,0x02,0x00,0x86,0x14,
	0x13,0x04,0x08,0x0C,0x00,0x08,0x02,0x00,0x00,0x08,0x00,0x40,0x80,0x05,0x02,0x00,0x04,0x80,0x00,0x00,
	0x00,0x82,0x00,0x48,0x00,0x00,0x4C,0x00,0x00,0xC4,0x00,0x00,0x81,0x00,0x40,0x02,0x00,0x04,0x00,0x01,
	0x82,0x00,0x08,0x00,0x00,0x40,0x00,0x00,0x06,0x02,0x00,0x81,0x00,0x03,0x04,0x00,0x08,0x00,0x01,0x80,
	0x00,0x80,0x01,0x02,0x82,0x00,0x08,0x00,0x00,0x44,0x00,0x00,0x44,0x00,0x0D,0x9D,0x0D,0x24,0x00,0x84,
	0x25,0x00,0x80,0x04,0x00,0x08,0x76,0x00,0x04,0xD6,0x04,0x00,0xD7,0x04,0x08,0x90,0x03,0x08,0x60,0x06,
	0x40,0x14,0x01,0x88,0x88,0x05,0x50,0x04,0x06,0x20,0x40,0x01,0x00,0xF1,0x04,0x10,0x84,0x00,0x04,0x08,
	0x04,0x04,0x44,0x00,0x00,0x01,0x00,0x00,0x14,0x00,0x0A,0x14,0x06,0x00,0x39,0x02,0x02,0x2C,0x04,0x00,
	0x34,0x00,0x80,0x14,0x00,0x00,0x32,0x00,0x00,0x82,0x04,0x00,0x16,0x04,0x00,0x90,0x00,0x00,0x60,0x05,
	0x00,0x10,0x02,0x80,0x08,0x04,0x00,0x81,0x00,0x40,0x01,0x00,0x67,0x04,0x00,0x8B,0x00,0x00,0x04,0x08,
	0x04,0x00,0x00,0x0D,0x00,0x00,0x14,0x00,0x0A,0x04,0x06,0x40,0x09,0x02,0x02,0x2C,0x00,0x00,0x14,0x00,
	0x80,0x14,0x00,0x00,0x12,0x00,0x00,0x82,0x00,0x00,0x02,0x04,0x00,0x82,0x00,0x60,0x05,0x00,0x10,0x02,
	0x00,0x08,0x04,0x00,0x81,0x00,0x40,0x00,0x00,0x43,0x00,0x00,0x81,0x00,0x00,0x04,0x08,0x00,0x00,0x02,
	0x83,0x40,0x08,0x02,0x00,0x08,0x00,0x00,0x10,0x00,0x00,0x10,0x00,0x01,0x80,0x00,0x00,0x04,0x00,0x82,
	0x00,0x00,0x01,0x00,0x00,0x02,0x00,0x00,0x04,0x01,0x80,0x00,0x03,0x00,0x06,0x0F,0x80,0x00,0x00,0x05,
	0x12,0x80,0x00,0x00,0x05,0x12,0x80,0x00,0x00,0x05,0x16,0xA7,0x06,0xB8,0x04,0x46,0x10,0x00,0x86,0x35,
	0x00,0x06,0x32,0x00,0x0E,0x1E,0x01,0x8E,0x1C,0x05,0xC7,0xF9,0x04,0x86,0x08,0x05,0x0E,0x08,0x01,0x06,
	0x10,0x02,0x0E,0x40,0x01,0x06,0x05,0x06,0x06,0x20,0x05,0x56,0x0B,0x01,0x16,0xBA,0x03,0x06,0x0A,0x00,
	0x86,0x01,0x00,0x86,0x40,0x04,0x07,0x43,0x03,0x62,0x29,0x06,0x06,0x98,0x00,0x46,0x10,0x00,0x06,0x20,
	0x00,0x06,0x20,0x00,0x06,0x14,0x04,0x02,0x66,0x00,0x02,0xC0,0x00,0x82,0x08,0x00,0x02,0x00,0x01,0x02,
	0x10,0x02,0x02,0x00,0x01,0x02,0x05,0x04,0x02,0x0C,0x04,0x42,0x00,0x01,0x1A,0x00,0x02,0x02,0x22,0x00,
	0x82,0x0D,0x00,0x82,0x40,0x04,0x03,0x01,0x00,0x20,0x01,0x04,0x00,0x81,0x40,0x00,0x00,0x00,0x10,0x00,
	0x00,0x81,0x00,0x10,0x04,0x00,0x60,0x00,0x00,0x80,0x00,0x08,0x00,0x00,0x80,0x00,0x10,0x00,0x01,0x86,
	0x00,0x04,0x00,0x00,0x00,0x01,0x08,0x00,0x02,0x00,0x22,0x00,0x00,0x04,0x00,0x00,0x00,0x04,0x00,0x01,
	0x00,0x05,0x80,0x00,0x40,0x00,0x05,0x80,0x00,0x04,0x00,0x06,0xAE,0x07,0x1C,0x06,0x86,0x19,0x00,0x06,
	0x11,0x00,0x06,0x28,0x04,0x02,0x4A,0x07,0xC6,0x36,0x03,0x47,0x70,0x04,0x06,0x40,0x04,0x06,0xC6,0x05,
	0x06,0x46,0x04,0x06,0x04,0x00,0x06,0x51,0x02,0x06,0x07,0x00,0x26,0xBF,0x00,0x1E,0x79,0x01,0x06,0x07,
	0x00,0x06,0x10,0x00,0x06,0xF4,0x00,0x06,0x01,0x04,0x14,0x03,0x04,0x00,0x08,0x06,0x80,0x11,0x00,0x00,
	0x09,0x00,0x00,0x60,0x04,0x00,0x4A,0x02,0x04,0x70,0x01,0x44,0x20,0x04,0x04,0x00,0x05,0x04,0x40,0x00,
	0x04,0x06,0x04,0x04,0x04,0x00,0x04,0x11,0x06,0x04,0x0A,0x00,0x04,0x1F,0x00,0x1C,0x72,0x01,0x04,0x04,
	0x00,0x04,0x1C,0x00,0x04,0x74,0x00,0x04,0x00,0x00,0x10,0x03,0x00,0x00,0x00,0x04,0x00,0x11,0x00,0x00,
	0x09,0x00,0x00,0x68,0x00,0x00,0x60,0x02,0x00,0x10,0x01,0x00,0x00,0x04,0x00,0x81,0x00,0x40,0x00,0x00,
	0x04,0x04,0x00,0x83,0x00,0x10,0x06,0x00,0x0A,0x00,0x00,0x09,0x00,0x08,0x78,0x01,0x00,0x81,0x00,0x0C,
	0x00,0x00,0x20,0x00,0x01,0x80,0x00,0x00,0x04,0x00,0x82,0x00,0x08,0x00,0x00,0x08,0x00,0x00,0x40,0x00,
	0x00,0x80,0x00,0x00,0x04,0x01,0x80,0x00,0x00,0x04,0x00,0x81,0x00,0x00,0x06,0x00,0x02,0x00,0x06,0x9D,
	0x03,0x08,0x00,0x63,0x10,0x04,0x03,0x22,0x00,0x03,0x42,0x03,0x47,0x8F,0x01,0x83,0x1A,0x04,0x07,0x34,
	0x06,0xC7,0xA2,0x01,0x45,0x03,0x05,0x04,0x82,0x00,0x10,0x08,0x02,0x90,0x5C,0x06,0x40,0x8B,0x00,0x9C,
	0x38,0x00,0x28,0x60,0x00,0x50,0x18,0x00,0x00,0x08,0x03,0x40,0x74,0x03,0x00,0xA3,0x01,0x08,0x02,0x02,
	0x01,0x14,0x04,0x21,0x00,0x04,0x01,0x2A,0x00,0x01,0x2A,0x03,0x01,0x6D,0x00,0x81,0x72,0x02,0x01,0x40,
	0x02,0x81,0x20,0x05,0x01,0x02,0x05,0x00,0x02,0x00,0x00,0x91,0x00,0x54,0x00,0x40,0x1B,0x00,0x00,0x32,
	0x00,0x20,0x4A,0x00,0x10,0x08,0x00,0x00,0x08,0x03,0x40,0x04,0x00,0x00,0x23,0x00,0x08,0x02,0x02,0x00,
	0x10,0x04,0x20,0x08,0x00,0x00,0x02,0x00,0x00,0x08,0x00,0x00,0x21,0x00,0x00,0x72,0x00,0x00,0x40,0x00,
	0x00,0x20,0x05,0x00,0x00,0x05,0x01,0x83,0x00,0x10,0x00,0x00,0x12,0x00,0x00,0x32,0x00,0x00,0x42,0x00,
	0x00,0x80,0x00,0x00,0x03,0x00,0x80,0x00,0x20,0x00,0x00,0x81,0x00,0x00,0x04,0x00,0x08,0x00,0x01,0x84,
	0x00,0x20,0x00,0x00,0x22,0x00,0x00,0x40,0x00,0x00,0x00,0x04,0x00,0x00,0x05,0x02,0x81,0x00,0x02,0x00,
	0x00,0x02,0x00,0x05,0xB2,0x47,0x42,0x02,0x81,0x1C,0x00,0xC3,0x00,0x00,0x03,0x0F,0x00,0x03,0x6F,0x06,
	0xE7,0x97,0x05,0x03,0x5C,0x01,0xC3,0xA4,0x07,0x01,0x0A,0x04,0x02,0x0C,0x07,0x22,0x20,0x01,0x22,0x19,
	0x04,0x03,0x20,0x04,0x87,0x38,0x00,0x93,0x34,0x00,0x82,0x4A,0x00,0x03,0xB5,0x01,0x02,0x00,0x01,0x83,
	0x48,0x02,0x47,0x50,0x07,0x42,0x4A,0x04,0xC2,0x14,0x04,0x42,0x0C,0x00,0x02,0x05,0x00,0x02,0x62,0x04,
	0x42,0x06,0x06,0x02,0x94,0x00,0x42,0xA4,0x00,0x02,0x08,0x00,0x01,0x08,0x00,0x01,0x20,0x01,0x01,0x08,
	0x04,0x01,0x30,0x00,0x01,0x1E,0x00,0x81,0x24,0x00,0x81,0x1E,0x00,0x01,0xB0,0x01,0x01,0x00,0x00,0x81,
	0x08,0x00,0x04,0x44,0x07,0x40,0x02,0x00,0x00,0x0C,0x04,0x40,0x08,0x00,0x00,0x05,0x00,0x00,0x42,0x00,
	0x00,0x06,0x06,0x00,0x14,0x00,0x00,0xA4,0x00,0x00,0x08,0x00,0x00,0x08,0x00,0x00,0x20,0x00,0x00,0x80,
	0x00,0x20,0x00,0x01,0x81,0x00,0x0C,0x00,0x00,0xA4,0x01,0x01,0x80,0x00,0x40,0x05,0x02,0x84,0x00,0x04,
	0x00,0x00,0x02,0x00,0x00,0x06,0x06,0x00,0x10,0x00,0x00,0x80,0x00,0x0B,0xAF,0x45,0x40,0x03,0x41,0x1A,
	0x00,0x83,0x0A,0x00,0x02,0x40,0x03,0xAC,0x52,0x05,0x42,0x88,0x03,0xA2,0xF0,0x04,0x82,0x82,0x00,0x00,
	0x02,0x06,0x00,0x1C,0x00,0xCE,0x18,0x00,0x0A,0x35,0x06,0x03,0x62,0x01,0xB3,0xA9,0x00,0x03,0x89,0x00,
	0x12,0x08,0x00,0x03,0x16,0x00,0x42,0xA2,0x03,0x43,0x25,0x03,0x42,0xA6,0x00,0x00,0x48,0x03,0xC0,0x16,
	0x00,0x80,0x04,0x00,0x00,0x14,0x00,0x00,0x22,0x04,0x00,0xB3,0x03,0x40,0xD0,0x02,0x00,0x02,0x02,0x00,
	0x00,0x04,0x02,0x1C,0x00,0x02,0x08,0x00,0x02,0x35,0x00,0x02,0x01,0x01,0xA2,0xA6,0x00,0x02,0x0C,0x00,
	0x02,0x2C,0x00,0x02,0x00,0x00,0x42,0x22,0x02,0x42,0x04,0x03,0x42,0x82,0x00,0x00,0x08,0x02,0xC0,0x02,
	0x04,0x80,0x04,0x00,0x00,0x10,0x00,0x00,0x12,0x00,0x00,0xA0,0x00,0x00,0xD0,0x02,0x00,0x00,0x02,0x00,
	0x80,0x00,0x18,0x00,0x00,0x82,0x00,0x21,0x00,0x00,0x05,0x01,0x00,0x86,0x00,0x00,0x80,0x00,0x24,0x00,
	0x00,0x80,0x00,0x00,0x02,0x00,0x80,0x40,0x80,0x00,0x00,0x81,0x40,0x00,0x04,0x00,0x04,0x00,0x00,0x82,
	0x00,0x02,0x00,0x00,0x20,0x00,0x00,0x50,0x02,0x0C,0x4F,0xA0,0x63,0x8C,0x00,0x31,0x01,0x00,0x01,0x11,
	0x00,0x01,0x85,0x04,0xD1,0x14,0x00,0x11,0xAA,0x00,0x81,0x62,0x07,0x61,0xA1,0x00,0x43,0x06,0x02,0x81,
	0x48,0x04,0x15,0xB0,0x00,0x41,0x85,0x02,0x01,0xF7,0x02,0x04,0x0A,0x00,0x40,0xAD,0x00,0x60,0x44,0x01,
	0x00,0x15,0x04,0x00,0x70,0x00,0x00,0xCD,0x03,0xC0,0x48,0x03,0x21,0x84,0x04,0x51,0x05,0x04,0x01,0x05,
	0x00,0x00,0x20,0x00,0xC0,0x11,0x01,0x00,0x30,0x00,0x40,0x5A,0x01,0x40,0x80,0x02,0x00,0x06,0x02,0x80,
	0x00,0x04,0x00,0x10,0x00,0x40,0x86,0x02,0x00,0xA2,0x02,0x00,0x8C,0x00,0xB8,0x00,0x20,0x54,0x00,0x00,
	0x10,0x04,0x00,0x30,0x00,0x00,0x04,0x00,0x00,0x44,0x00,0x20,0x04,0x00,0x50,0x05,0x00,0x00,0x01,0x00,
	0x00,0x10,0x00,0x00,0x31,0x01,0x00,0x10,0x00,0x00,0x60,0x00,0x00,0x80,0x00,0x04,0x02,0x01,0x81,0x00,
	0x00,0x02,0x00,0x80,0x02,0x00,0x83,0x00,0x80,0x00,0x00,0x40,0x00,0x00,0x10,0x04,0x00,0x10,0x00,0x00,
	0x82,0x00,0x40,0x00,0x00,0x04,0x00,0x40,0x04,0x00,0x00,0x83,0x00,0x10,0x00,0x00,0x30,0x00,0x00,0x10,
	0x00,0x00,0x60,0x00,0x00,0x80,0x00,0x00,0x02,0x01,0x80,0x00,0x00,0x02,0x07,0xA4,0x70,0x02,0x02,0x11,
	0x21,0x02,0x41,0x03,0x00,0x81,0x3D,0x00,0xC1,0x38,0x05,0x01,0x3A,0x05,0x01,0xB4,0x00,0x21,0x00,0x07,
	0x4B,0x24,0x02,0x03,0x98,0x01,0x81,0xE0,0x04,0x91,0x75,0x07,0x31,0x0A,0x00,0x18,0x01,0x00,0x30,0x34,
	0x01,0x11,0x10,0x00,0x01,0x80,0x00,0x01,0xA0,0x01,0x41,0x22,0x00,0x01,0x0A,0x02,0x50,0x04,0x02,0x70,
	0x24,0x06,0x40,0x02,0x04,0x81,0x05,0x00,0x01,0x39,0x07,0x01,0x3A,0x00,0x01,0xCC,0x00,0x01,0x80,0x02,
	0x01,0x20,0x00,0x01,0x88,0x00,0x01,0x01,0x00,0x81,0x46,0x05,0x21,0x00,0x00,0x01,0x01,0x00,0x21,0x04,
	0x00,0x00,0x10,0x00,0x00,0x80,0x00,0x00,0x8B,0x40,0x00,0x00,0x00,0x0C,0x02,0x50,0x00,0x06,0x10,0x00,
	0x04,0x40,0x00,0x00,0x80,0x04,0x00,0x00,0x28,0x02,0x00,0x22,0x00,0x00,0x8C,0x00,0x00,0x80,0x02,0x00,
	0x20,0x00,0x00,0x80,0x00,0x00,0x80,0x00,0x22,0x04,0x02,0x81,0x00,0x10,0x00,0x00,0x80,0x00,0x01,0x81,
	0x00,0x0C,0x02,0x00,0x00,0x04,0x04,0x81,0x00,0x08,0x00,0x00,0x00,0x02,0x0B,0xB0,0x01,0x06,0x02,0x70,
	0x03,0x02,0x80,0x06,0x00,0xC1,0x2A,0x00,0x00,0xB3,0x02,0x49,0x0E,0x02,0x11,0xC4,0x05,0x01,0x52,0x07,
	0x4B,0xCC,0x02,0x02,0x10,0x07,0x28,0x03,0x00,0x14,0xC2,0x03,0x00,0x4A,0x04,0x0C,0x58,0x01,0x20,0x10,
	0x00,0xA1,0x41,0x00,0xC1,0x5C,0x00,0x01,0x02,0x00,0x01,0x94,0x01,0x01,0x00,0x00,0x00,0x06,0x06,0x50,
	0x04,0x02,0x80,0x06,0x00,0x80,0x2A,0x00,0x00,0x18,0x00,0x00,0x1C,0x07,0x00,0x18,0x04,0x00,0x52,0x01,
	0x40,0xC4,0x02,0x00,0x10,0x05,0x00,0x23,0x00,0x00,0x06,0x02,0x00,0x42,0x04,0x00,0x48,0x00,0x20,0x10,
	0x00,0x01,0x41,0x00,0x41,0x50,0x00,0x01,0x12,0x00,0x01,0x00,0x00,0x01,0x04,0x00,0x00,0x04,0x06,0x50,
	0x04,0x02,0x80,0x06,0x04,0x80,0x2A,0x00,0x00,0x08,0x00,0x00,0x04,0x01,0x00,0x08,0x00,0x00,0x10,0x01,
	0x40,0x40,0x00,0x00,0x83,0x00,0x21,0x00,0x00,0x04,0x00,0x00,0x42,0x04,0x00,0x40,0x00,0x00,0x82,0x00,
	0x40,0x00,0x00,0x50,0x00,0x00,0x10,0x00,0x03,0x81,0x00,0x02,0x00,0x00,0x02,0x00,0x00,0x81,0x00,0x04,
	0x01,0x00,0x08,0x00,0x0C,0xB3,0x28,0x00,0x04,0x30,0x26,0x04,0x80,0x1E,0x04,0x80,0x13,0x00,0x02,0x0C,
	0x00,0x20,0xDA,0x03,0xA0,0xB5,0x03,0x40,0x80,0x01,0xC0,0x51,0x04,0x01,0xA0,0x01,0x41,0x63,0x04,0x20,
	0xE3,0x04,0x80,0x4A,0x00,0x0A,0x14,0x00,0x00,0x70,0x01,0x60,0xA8,0x00,0x40,0x50,0x00,0x00,0x50,0x01,
	0x00,0xD0,0x01,0x80,0x84,0x01,0x18,0x02,0x02,0x20,0x22,0x00,0x00,0x02,0x00,0x00,0x11,0x00,0x00,0x06,
	0x01,0x00,0x4E,0x07,0x00,0xBC,0x05,0x00,0x50,0x00,0xC0,0xD0,0x04,0x00,0xA0,0x00,0x40,0x24,0x04,0x20,
	0x43,0x04,0x80,0x08,0x00,0x00,0x04,0x00,0x00,0x70,0x00,0x40,0xA0,0x00,0x40,0x40,0x00,0x00,0x10,0x01,
	0x00,0x98,0x01,0x80,0x88,0x00,0x08,0x02,0x00,0x00,0x00,0x02,0x00,0x00,0x04,0x00,0x18,0x00,0x00,0x18,
	0x00,0x00,0x58,0x06,0x00,0x10,0x01,0x00,0x40,0x00,0x40,0xD0,0x00,0x00,0xA0,0x00,0x00,0x00,0x04,0x00,
	0x41,0x04,0x01,0x83,0x00,0x60,0x00,0x00,0xA0,0x00,0x00,0x40,0x00,0x00,0x00,0x01,0x00,0x89,0x00,0x88,
	0x00,0x00,0x02,0x00,0x00,0x00,0x02,0x00,0x00,0x04,0x00,0x18,0x00,0x00,0x18,0x00,0x00,0x18,0x02,0x00,
	0x10,0x01,0x00,0x40,0x00,0x00,0x80,0x00,0x00,0x80,0x00,0x00,0x04,0x08,0x9C,0x20,0x01,0x05,0x10,0x00,
	0x06,0x80,0x0B,0x00,0x80,0x06,0x04,0x01,0x80,0x01,0x00,0x0C,0x05,0x08,0x24,0x07,0x40,0xD8,0x02,0x20,
	0x60,0x01,0x00,0x80,0x04,0xA0,0x09,0x02,0x04,0xC0,0x03,0x10,0x54,0x00,0x5B,0x64,0x00,0x10,0x00,0x01,
	0xA0,0x02,0x00,0x40,0xB1,0x00,0x00,0x01,0x00,0x80,0x80,0x01,0x00,0x88,0x00,0x20,0x03,0x00,0x30,0x02,
	0x01,0x80,0x09,0x06,0x80,0x1F,0x04,0x00,0x9E,0x01,0x00,0x98,0x07,0x00,0x10,0x00,0x40,0x48,0x01,0x20,
	0x20,0x01,0x00,0x83,0x80,0x0E,0x00,0x00,0x84,0x00,0x00,0x40,0x00,0x00,0x04,0x00,0x00,0x81,0x20,0x12,
	0x00,0x40,0xB0,0x00,0x00,0x8A,0x80,0x00,0x00,0x00,0x08,0x00,0x20,0x01,0x02,0x20,0x02,0x02,0x00,0x08,
	0x04,0x00,0x05,0x04,0x00,0x96,0x01,0x00,0x10,0x00,0x00,0x00,0x04,0x40,0x08,0x00,0x20,0x20,0x01,0x00,
	0x80,0x00,0x06,0x00,0x03,0x81,0x00,0x10,0x00,0x00,0xA0,0x00,0x02,0x81,0x00,0x00,0x02,0x00,0x02,0x00,
	0x03,0x80,0x00,0x00,0x04,0x00,0x80,0x00,0x00,0x01,0x0A,0x4F,0xA4,0x4D,0x01,0x04,0x10,0x02,0x07,0xC2,
	0x0E,0x00,0x80,0x0E,0x00,0x12,0x18,0x03,0x54,0x00,0x03,0x14,0x64,0x00,0xE0,0x6C,0x04,0x60,0x70,0x07,
	0x00,0xA0,0x05,0xC5,0x8D,0x00,0x24,0xB1,0x00,0x00,0x9D,0x00,0x00,0xF8,0x00,0x00,0x05,0x01,0x40,0x1A,
	0x00,0x60,0x00,0x04,0x00,0xC0,0x00,0x00,0xE4,0x02,0x00,0xAB,0x05,0x14,0x02,0x07,0x10,0x02,0x04,0xC0,
	0x0B,0x00,0xC0,0x08,0x04,0x20,0x0C,0x02,0x40,0x8C,0x02,0x00,0x2C,0x04,0xA0,0x64,0x05,0x60,0x60,0x02,
	0x00,0x80,0x00,0xC0,0x05,0x06,0x20,0x0C,0x01,0x00,0x9D,0x00,0x00,0x58,0x00,0x00,0x25,0x00,0x40,0x10,
	0x00,0x80,0x00,0x00,0x00,0x8A,0x00,0x20,0x02,0x00,0x01,0x05,0x04,0x02,0x07,0x00,0x00,0x05,0x40,0x0B,
	0x02,0x40,0x00,0x00,0x20,0x04,0x00,0x00,0x80,0x02,0x00,0x24,0x04,0x20,0x44,0x05,0x60,0x20,0x00,0x00,
	0x82,0x00,0x01,0x06,0x00,0x04,0x00,0x00,0x84,0x00,0x00,0x80,0x00,0x20,0x00,0x02,0x81,0x00,0x20,0x02,
	0x00,0x00,0x05,0x01,0x80,0x00,0x01,0x00,0x01,0x82,0x00,0x80,0x00,0x00,0x04,0x00,0x00,0x00,0x05,0x01,
	0x81,0x00,0x00,0x06,0x00,0x04,0x00,0x07,0xB5,0x78,0x81,0x03,0x88,0x03,0x04,0x00,0x09,0x05,0xE0,0x1D,
	0x06,0x40,0x42,0x04,0xE2,0x6E,0x04,0x22,0x4E,0x06,0xC0,0x14,0x06,0xC0,0x11,0x01,0x44,0x78,0x04,0x84,
	0x4F,0x05,0x20,0x94,0x00,0x38,0x9A,0x00,0x11,0x32,0x00,0x08,0x00,0x00,0x50,0x42,0x00,0x20,0x13,0x04,
	0x00,0xA1,0x00,0x00,0xE0,0x04,0x00,0x52,0x04,0x18,0x01,0x00,0x98,0x02,0x00,0x00,0x01,0x05,0x20,0x19,
	0x02,0x20,0x02,0x04,0x20,0xA4,0x05,0x20,0xC0,0x00,0x80,0xAC,0x00,0x40,0x40,0x05,0x40,0x18,0x04,0x80,
	0x0C,0x05,0x00,0x1C,0x00,0x20,0x90,0x00,0x00,0x12,0x00,0x00,0x40,0x00,0x00,0x44,0x00,0x40,0x00,0x04,
	0x80,0xA0,0x00,0x00,0xC0,0x04,0x00,0x50,0x04,0x10,0x00,0x01,0x98,0x02,0x01,0x00,0x00,0x06,0x20,0x1D,
	0x02,0x00,0x0C,0x00,0x20,0x2C,0x01,0x20,0x8C,0x00,0x00,0xA4,0x04,0x40,0x40,0x04,0x40,0x00,0x00,0x00,
	0x08,0x00,0x00,0x0C,0x00,0x00,0x88,0x00,0x00,0x20,0x00,0x00,0x80,0x00,0x40,0x00,0x00,0x8B,0x00,0xA0,
	0x00,0x00,0x00,0x04,0x00,0x40,0x04,0x00,0x00,0x01,0x00,0x00,0x01,0x00,0x00,0x02,0x00,0x0C,0x00,0x00,
	0x0C,0x00,0x00,0x0C,0x01,0x00,0x8C,0x00,0x00,0x20,0x00,0x00,0x40,0x04,0x01,0x80,0x00,0x04,0x00,0x07,
	0xB0,0x83,0x82,0x07,0x08,0x02,0x04,0x43,0x22,0x02,0x60,0x00,0x04,0x68,0x44,0x00,0xC0,0x80,0x07,0xC2,
	0xB8,0x00,0x60,0x29,0x05,0x00,0xC0,0x07,0x84,0x4A,0x00,0xF6,0xD0,0x05,0x13,0x08,0x06,0x24,0x82,0x04,
	0x60,0xE8,0x00,0x80,0x82,0x00,0xE8,0x00,0x00,0x80,0x44,0x02,0x80,0x60,0x00,0x80,0xAB,0x03,0x80,0x05,
	0x00,0x8A,0x81,0x05,0x00,0x01,0x03,0x80,0x20,0x06,0xC0,0x0C,0x06,0x40,0xCC,0x00,0xA0,0xCC,0x01,0x40,
	0x34,0x00,0x40,0xA9,0x02,0x00,0xA0,0x05,0x00,0x48,0x00,0xB0,0x5E,0x00,0x10,0x90,0x04,0x00,0x18,0x04,
	0x20,0xA8,0x00,0x00,0x02,0x00,0x20,0x00,0x00,0x80,0x40,0x02,0x00,0x01,0x00,0x80,0x29,0x03,0x80,0x01,
	0x00,0x82,0x81,0x04,0x00,0x80,0x03,0x00,0x00,0x03,0x80,0x01,0x04,0x00,0xC8,0x00,0x00,0x08,0x00,0x00,
	0x34,0x02,0x40,0x08,0x02,0x00,0x80,0x00,0x00,0x83,0x30,0x46,0x00,0x10,0x18,0x04,0x00,0x00,0x04,0x00,
	0x60,0x00,0x01,0x80,0x00,0x40,0x02,0x00,0x80,0x00,0x00,0x03,0x00,0x80,0x00,0x01,0x00,0x01,0x80,0x00,
	0x01,0x04,0x01,0x82,0x00,0x00,0x02,0x00,0x08,0x02,0x00,0x80,0x00,0x01,0x80,0x00,0x08,0x00,0x07,0xB4,
	0xE8,0x80,0x02,0x48,0x11,0x03,0x61,0x87,0x07,0xC0,0x03,0x04,0x61,0x26,0x02,0xB9,0x01,0x04,0x6A,0x69,
	0x00,0x10,0xC0,0x07,0x20,0x88,0x00,0x80,0xF0,0x04,0x41,0xAE,0x00,0x40,0x30,0x01,0x02,0x58,0x04,0x00,
	0xD8,0x00,0x64,0xC8,0x01,0x00,0xEA,0x01,0x80,0xAC,0x02,0xC0,0x3E,0x00,0x00,0x1B,0x02,0x00,0xCB,0x00,
	0x4C,0x41,0x03,0x44,0x10,0x00,0xA0,0x81,0x06,0x00,0x05,0x04,0x70,0x04,0x02,0xB0,0xC0,0x01,0x40,0x08,
	0x02,0x10,0xF0,0x06,0x20,0x20,0x02,0x80,0xA0,0x00,0x40,0xBA,0x03,0x40,0x22,0x00,0x00,0x40,0x00,0x00,
	0xB0,0x00,0x20,0x88,0x00,0x00,0x0A,0x00,0x00,0x84,0x04,0xC0,0x21,0x00,0x00,0x5B,0x02,0x00,0xC0,0x00,
	0x48,0x40,0x03,0x44,0x81,0x00,0xA0,0x01,0x03,0x80,0x00,0x06,0x70,0x00,0x00,0x30,0xC0,0x05,0x40,0x08,
	0x06,0x10,0xF0,0x04,0x20,0x20,0x02,0x80,0x20,0x00,0x40,0x10,0x03,0x00,0x02,0x00,0x00,0x10,0x00,0x00,
	0x80,0x00,0x40,0x00,0x00,0x80,0x00,0x80,0x00,0x00,0x81,0x00,0x01,0x02,0x00,0xC1,0x00,0x00,0x84,0x00,
	0x81,0x00,0x80,0x00,0x01,0x80,0x00,0x06,0x20,0x00,0x00,0x20,0xC0,0x00,0x00,0x81,0x00,0x90,0x00,0x00,
	0x20,0x02,0x00,0x80,0x00,0x00,0x03,0x08,0xB5,0xC0,0x80,0x01,0x0C,0x40,0x07,0xD0,0x13,0x05,0xB0,0x0B,
	0x04,0x84,0x03,0x00,0x84,0x30,0x05,0xB4,0x90,0x01,0x60,0x21,0x04,0x10,0xD0,0x05,0xA0,0x61,0x00,0x88,
	0x3C,0x00,0xC8,0x1B,0x07,0x51,0x06,0x02,0x64,0x80,0x04,0x60,0x80,0x00,0x14,0xE5,0x00,0x88,0x39,0x06,
	0x68,0x44,0x04,0x00,0x02,0x00,0x00,0x61,0x04,0x84,0xC1,0x00,0x8C,0xC1,0x04,0x90,0x10,0x01,0xB0,0x09,
	0x00,0x40,0x44,0x00,0x50,0x94,0x04,0x30,0xF4,0x01,0x50,0x55,0x06,0x10,0xA0,0x06,0xA0,0x01,0x00,0x08,
	0x04,0x02,0x88,0x3D,0x05,0x50,0x26,0x02,0x40,0x50,0x04,0x40,0x80,0x00,0x00,0xA0,0x00,0x00,0x28,0x06,
	0x40,0x40,0x04,0x00,0x42,0x00,0x00,0x23,0x04,0x00,0x81,0x00,0x08,0x01,0x04,0x10,0x80,0x01,0x10,0x0F,
	0x05,0x00,0x44,0x00,0x40,0x14,0x04,0x10,0x50,0x05,0x40,0x00,0x06,0x10,0x00,0x00,0xA0,0x00,0x00,0x08,
	0x00,0x00,0x08,0x28,0x04,0x10,0x04,0x02,0x00,0x50,0x04,0x01,0x84,0x00,0x00,0x04,0x00,0x40,0x04,0x00,
	0x41,0x00,0x00,0x01,0x04,0x00,0x80,0x00,0x01,0x84,0x00,0x06,0x04,0x00,0x04,0x00,0x00,0x00,0x04,0x00,
	0x40,0x05,0x00,0x00,0x04,0x02,0x80,0x00,0x08,0x00,0x07,0x4F,0xA4,0xE7,0xC1,0x02,0x80,0xCF,0x03,0x40,
	0xC8,0x01,0x20,0xF9,0x04,0x58,0x14,0x02,0x78,0x45,0x04,0x52,0x97,0x02,0x48,0xA1,0x01,0x30,0x90,0x00,
	0x48,0x73,0x06,0x80,0xB0,0x03,0xD8,0x97,0x06,0x40,0x88,0x00,0x02,0x60,0x05,0x80,0xD0,0x00,0xF0,0xC4,
	0x01,0x40,0x98,0x03,0x14,0x4B,0x00,0xC0,0x10,0x00,0x00,0x30,0x05,0xE5,0xA0,0x03,0x06,0xCE,0x03,0x80,
	0x48,0x01,0x90,0x84,0x06,0x18,0x01,0x00,0x58,0xE4,0x02,0x20,0x88,0x06,0x48,0x78,0x07,0x20,0xC0,0x05,
	0x48,0x60,0x02,0x80,0x38,0x00,0x50,0xBF,0x02,0x00,0x10,0x00,0x00,0x90,0x01,0x00,0x50,0x00,0x40,0xC4,
	0x00,0x40,0x90,0x03,0x00,0x92,0x80,0x10,0x00,0x00,0x33,0x05,0xA5,0xA0,0x03,0x82,0xC0,0x03,0xC0,0x80,
	0x01,0x80,0x84,0x05,0x88,0x00,0x04,0x18,0xC0,0x02,0x20,0x08,0x07,0x48,0x78,0x07,0x20,0x50,0x05,0x48,
	0x00,0x00,0x80,0x28,0x00,0x50,0x94,0x02,0x00,0x30,0x00,0x00,0xA0,0x00,0x00,0xC0,0x00,0x00,0x40,0x00,
	0x00,0x80,0x01,0x01,0x84,0x00,0x00,0x05,0x80,0x00,0x00,0x80,0x00,0x00,0x40,0x80,0x00,0x00,0x00,0x01,
	0x00,0x83,0x10,0x40,0x00,0x20,0x00,0x00,0x00,0x48,0x01,0x00,0x50,0x05,0x01,0x81,0x00,0x10,0x00,0x00,
	0x10,0x00,0x06,0xA3,0x82,0xE0,0x01,0x46,0x21,0x04,0xC0,0xC6,0x04,0x68,0x91,0x02,0xB0,0x56,0x07,0x52,
	0xEC,0x02,0xA8,0xC8,0x02,0x88,0x0A,0x00,0x18,0xEA,0x07,0x28,0xE1,0x04,0x90,0xCD,0x00,0x2C,0x24,0x06,
	0x98,0xD4,0x07,0xC1,0x34,0x07,0x42,0x10,0x04,0x42,0x50,0x05,0x4C,0xC0,0x03,0x60,0x39,0x00,0x80,0x1E,
	0x00,0x00,0x60,0x02,0x40,0x20,0x00,0xC6,0x21,0x00,0x00,0x86,0x04,0x28,0x11,0x06,0xA0,0x14,0x02,0x58,
	0x28,0x02,0xB8,0x38,0x02,0x90,0x28,0x02,0x08,0x72,0x05,0x28,0xA0,0x04,0x90,0x78,0x05,0xA4,0x4C,0x07,
	0x98,0x80,0x05,0x80,0x24,0x07,0x00,0x80,0x05,0x00,0xD0,0x05,0x00,0x92,0x00,0x08,0x00,0x80,0x00,0x00,
	0x00,0x40,0x02,0xC0,0x40,0x00,0x84,0x40,0x00,0x00,0xC0,0x04,0x68,0x83,0x04,0xA0,0x13,0x06,0xC0,0x68,
	0x04,0x28,0xA8,0x02,0x00,0x00,0x03,0x08,0x00,0x00,0x28,0x00,0x00,0x90,0x40,0x01,0xA4,0x48,0x02,0x18,
	0x80,0x01,0x00,0x00,0x02,0x00,0x80,0x05,0x00,0xC0,0x04,0x02,0x82,0x00,0x00,0x02,0x40,0x40,0x00,0x00,
	0x40,0x00,0x00,0x84,0x60,0x82,0x00,0xA0,0x00,0x04,0x40,0x20,0x04,0x20,0xA8,0x02,0x00,0x00,0x02,0x01,
	0x80,0x00,0x00,0x01,0x02,0x80,0x00,0x80,0x00,0x04,0xB6,0xE2,0x30,0x02,0xE2,0xE0,0x03,0xA0,0xC0,0x05,
	0x68,0xE8,0x02,0x4A,0x84,0x07,0x9D,0x61,0x04,0xA0,0x23,0x06,0x88,0xD9,0x01,0x08,0x92,0x05,0x10,0x31,
	0x02,0x04,0x72,0x05,0xCC,0x21,0x02,0xC4,0xED,0x01,0x40,0x98,0x07,0x80,0x20,0x01,0x80,0x61,0x06,0xA2,
	0x7F,0x00,0xA0,0x70,0x06,0x30,0x88,0x04,0x80,0x50,0x00,0x63,0xF0,0x00,0xE3,0x80,0x01,0xC0,0xE0,0x01,
	0x70,0x6B,0x03,0x80,0x03,0x05,0xDC,0x10,0x05,0x78,0xE2,0x02,0x88,0xB8,0x03,0x00,0xA2,0x04,0x10,0x00,
	0x06,0x04,0x12,0x05,0x08,0x50,0x04,0x44,0xAD,0x00,0x40,0x40,0x07,0x80,0x00,0x05,0x80,0xA0,0x00,0x80,
	0xE4,0x01,0x80,0x50,0x06,0x00,0x80,0x04,0x00,0x50,0x00,0x02,0xF0,0x00,0x21,0xC0,0x01,0x00,0x80,0x01,
	0x70,0xC2,0x02,0x80,0x02,0x07,0x8C,0x28,0x05,0x90,0xC8,0x07,0x80,0xB8,0x03,0x00,0xA0,0x06,0x10,0x00,
	0x00,0x04,0x10,0x00,0x08,0x30,0x04,0x44,0xE0,0x00,0x40,0x40,0x07,0x00,0x80,0x00,0x00,0x82,0x00,0x80,
	0x01,0x00,0x00,0x06,0x00,0x80,0x04,0x00,0x88,0x00,0x20,0x00,0x40,0x00,0x00,0x00,0x40,0x00,0x30,0x00,
	0x00,0x00,0x02,0x02,0x88,0x28,0x00,0x10,0x40,0x00,0x00,0xA0,0x00,0x00,0xA0,0x02,0x01,0x83,0x00,0x30,
	0x04,0x00,0x20,0x00,0x00,0x00,0x04,0x00,0x80,0x00,0x04,0xA5,0x70,0xD0,0x05,0x21,0xB0,0x05,0x28,0x01,
	0x05,0xCC,0x65,0x04,0x6C,0x08,0x06,0xB8,0x19,0x03,0x54,0xCE,0x05,0xF4,0xE1,0x04,0x14,0x6C,0x00,0x38,
	0xF1,0x07,0x10,0xB2,0x00,0xF4,0x2A,0x00,0x28,0xD8,0x02,0x88,0x70,0x00,0x81,0xE4,0x05,0x81,0x50,0x05,
	0x98,0xA0,0x00,0x8A,0xB2,0x04,0x8C,0xA2,0x00,0x40,0x80,0x02,0x51,0x60,0x01,0x63,0xB0,0x00,0x48,0x21,
	0x03,0x6C,0xE5,0x03,0x8C,0x8B,0x01,0x4C,0x29,0x07,0xCC,0x32,0x02,0xEC,0x09,0x01,0x14,0xEC,0x03,0x38,
	0x21,0x07,0x10,0xC0,0x06,0xD2,0x42,0x02,0x28,0x60,0x06,0x08,0xF0,0x00,0x00,0xE4,0x06,0x00,0x80,0x01,
	0x00,0x80,0x04,0x00,0x20,0x04,0x00,0x92,0x00,0x40,0x02,0x70,0x50,0x01,0x02,0x80,0x00,0x68,0x00,0x03,
	0x24,0xC0,0x02,0xC4,0x8A,0x02,0x40,0x20,0x04,0xCC,0x50,0x03,0x64,0x90,0x01,0x14,0x10,0x00,0x38,0x21,
	0x04,0x10,0x00,0x04,0x92,0x40,0x00,0x28,0x40,0x04,0x08,0xA0,0x00,0x00,0xE0,0x07,0x00,0x80,0x00,0x00,
	0x80,0x04,0x00,0x00,0x04,0x00,0x85,0x00,0x40,0x02,0x20,0x10,0x00,0x00,0x20,0x00,0x20,0x20,0x00,0x20,
	0x40,0x00,0x40,0x00,0x00,0x00,0x82,0xC8,0x10,0x01,0x00,0x10,0x01,0x00,0x10,0x00,0x01,0x84,0x00,0x40,
	0x00,0x00,0x40,0x04,0x00,0x20,0x00,0x00,0x00,0x05,0x00,0x80,0x00,0x03,0xB5,0x65,0x2F,0x00,0x38,0x50,
	0x04,0x70,0x70,0x03,0x98,0x02,0x04,0x24,0x14,0x00,0x7A,0xA8,0x02,0x80,0xE3,0x07,0xD4,0x52,0x01,0x08,
	0xBF,0x03,0x50,0xD6,0x01,0x4A,0x47,0x00,0x6C,0x1A,0x00,0x02,0xAB,0x07,0x28,0x60,0x05,0x00,0x60,0x06,
	0x00,0x68,0x07,0x05,0x60,0x04,0x0C,0xE8,0x04,0x04,0x5C,0x02,0x20,0x22,0x00,0x11,0x0F,0x00,0x39,0x40,
	0x04,0x60,0x40,0x01,0x14,0x43,0x00,0x40,0x54,0x01,0x2A,0x92,0x05,0xEC,0x81,0x07,0x80,0x01,0x01,0x00,
	0x4C,0x03,0x50,0x56,0x03,0x4A,0x43,0x02,0x6C,0xC9,0x02,0x02,0x0A,0x00,0x28,0x40,0x04,0x00,0x00,0x02,
	0x00,0x88,0x02,0x00,0x60,0x00,0x00,0xC8,0x00,0x00,0x40,0x02,0x00,0x02,0x00,0x01,0x08,0x00,0x18,0x60,
	0x04,0x00,0x70,0x01,0xB0,0x61,0x00,0xC0,0x55,0x00,0x86,0x88,0x04,0x90,0x30,0x01,0x00,0xD0,0x01,0x00,
	0x51,0x03,0x50,0x00,0x02,0x4A,0x43,0x00,0x0C,0x81,0x06,0x02,0x08,0x00,0x28,0x40,0x04,0x00,0x81,0x00,
	0x80,0x00,0x00,0x20,0x00,0x00,0x80,0x00,0x00,0x02,0x01,0x80,0x20,0x00,0x00,0x00,0x85,0x10,0x00,0x00,
	0x80,0x01,0x01,0x84,0x01,0x04,0x90,0xA0,0x00,0x00,0x41,0x00,0x00,0x40,0x01,0x00,0x81,0x00,0x40,0x00,
	0x00,0x00,0x06,0x00,0x80,0x00,0x40,0x04,0x00,0x80,0x00,0x80,0x00,0x03,0x10,0x81,0x08,0x00,0x00,0x02,
	0x00,0x00,0x3C,0xC3,0x3E,0x80,0x01,0x09,0xE8,0x00,0x00,0x70,0x05,0x7C,0xC1,0x04,0x0A,0xE9,0x06,0x80,
	0xCF,0x04,0x6E,0x31,0x05,0x7E,0xD2,0x06,0x98,0xE6,0x05,0x8C,0x0E,0x02,0x82,0xEA,0x02,0xCB,0x22,0x00,
	0x84,0x98,0x01,0x44,0xF9,0x03,0x00,0x20,0x00,0x00,0x12,0x01,0x02,0x9C,0x06,0x0B,0x30,0x01,0x83,0x84,
	0x04,0x00,0xC0,0x05,0x38,0x9C,0x00,0x31,0x78,0x06,0x20,0x70,0x00,0xA2,0x31,0x04,0xD2,0xE9,0x00,0xEA,
	0x8B,0x04,0xA6,0x50,0x06,0xF2,0x93,0x00,0x98,0xE1,0x00,0x8C,0x0C,0x01,0x82,0xA0,0x02,0x89,0x02,0x00,
	0x84,0xB1,0x05,0x44,0x49,0x07,0x00,0x00,0x07,0x00,0x00,0x05,0x00,0x88,0x04,0x00,0x20,0x05,0x80,0x04,
	0x04,0x00,0x00,0x05,0x38,0x80,0x00,0x01,0x60,0x06,0x30,0x70,0x00,0x52,0x40,0x04,0xE2,0xA9,0x00,0xE8,
	0x03,0x06,0xAE,0xC0,0x05,0x32,0x00,0x00,0x98,0x00,0x01,0x8C,0x00,0x00,0x82,0x00,0x02,0x89,0x02,0x02,
	0x84,0x91,0x05,0x44,0x40,0x03,0x00,0x00,0x06,0x00,0x00,0x05,0x00,0x80,0x04,0x00,0x20,0x05,0x80,0x00,
	0x04,0x00,0x00,0x05,0x10,0x00,0x00,0x00,0x10,0x00,0x10,0x10,0x00,0x10,0x20,0x00,0xA0,0x80,0x00,0x88,
	0x00,0x02,0xAC,0x01,0x00,0x00,0x80,0x00,0x02,0x83,0x00,0x00,0x02,0x00,0x10,0x04,0x00,0x40,0x00,0x00,
	0x00,0x06,0x04,0xB6,0xA9,0x54,0x04,0x18,0x5C,0x03,0x2C,0x50,0x03,0x1D,0x30,0x07,0x7B,0xF0,0x01,0x7F,
	0x6B,0x07,0xAC,0x77,0x01,0x68,0x1E,0x05,0x1E,0x61,0x06,0x0C,0xA2,0x01,0x22,0xD6,0x05,0xEB,0x42,0x05,
	0xD3,0x81,0x01,0x14,0x61,0x07,0x00,0x89,0x03,0x00,0x80,0x01,0x84,0xC0,0x05,0x04,0x06,0x02,0x84,0x26,
	0x03,0x10,0xC6,0x03,0x90,0x48,0x04,0x04,0x0C,0x02,0x3C,0xD8,0x00,0xD3,0x60,0x02,0x70,0xF0,0x00,0x1B,
	0x07,0x04,0x1E,0xE1,0x02,0x40,0x46,0x00,0x9E,0x01,0x00,0x0C,0xA2,0x01,0x22,0x36,0x04,0x7A,0x10,0x04,
	0x53,0x01,0x00,0x14,0x60,0x04,0x00,0x09,0x01,0x00,0x80,0x00,0x80,0x00,0x07,0x00,0x04,0x06,0x80,0x02,
	0x06,0x00,0xC4,0x02,0x00,0x4C,0x04,0x14,0x18,0x02,0x04,0xD8,0x00,0x91,0x20,0x02,0xE0,0xD0,0x00,0xCF,
	0x42,0x07,0xE0,0xE1,0x02,0x80,0x62,0x00,0x1E,0x80,0x00,0x0C,0x22,0x01,0x22,0x20,0x04,0x4A,0x00,0x00,
	0x53,0x00,0x00,0x14,0x60,0x04,0x00,0x00,0x01,0x00,0x85,0x80,0x00,0x07,0x00,0x00,0x06,0x80,0x00,0x06,
	0x00,0x80,0x02,0x00,0x08,0x00,0x10,0x00,0x00,0x00,0x85,0x00,0x10,0x00,0x40,0x40,0x00,0x4E,0x02,0x01,
	0x40,0x40,0x00,0x80,0x60,0x00,0x00,0x80,0x00,0x03,0x81,0x00,0x60,0x00,0x00,0x00,0x01,0x04,0xC4,0x6A,
	0xBA,0x06,0x08,0x28,0x02,0x00,0x8C,0x04,0x96,0xA8,0x01,0xD8,0xD1,0x02,0xD9,0x14,0x06,0x53,0xA0,0x00,
	0x98,0x88,0x00,0x81,0xE8,0x01,0x22,0xA8,0x05,0x4F,0x6E,0x06,0x40,0x1D,0x01,0x48,0x25,0x05,0xE8,0xF0,
	0x04,0x80,0x82,0x01,0x00,0xC0,0x04,0x42,0x60,0x07,0x41,0x20,0x05,0x00,0x86,0x00,0x40,0x06,0x07,0x70,
	0x3C,0x02,0x10,0x34,0x00,0x18,0x58,0x04,0x91,0x10,0x01,0x4D,0x10,0x00,0x91,0xAA,0x06,0x03,0x02,0x04,
	0x19,0x6B,0x00,0xC1,0xE9,0x00,0x22,0x82,0x04,0x4F,0xC3,0x06,0x61,0x15,0x03,0xC8,0x05,0x00,0xE8,0x20,
	0x04,0x80,0x00,0x05,0x00,0x00,0x04,0x40,0x40,0x07,0x40,0x00,0x03,0x00,0x04,0x06,0x40,0x02,0x06,0x18,
	0x36,0x02,0x10,0x34,0x00,0x18,0x54,0x00,0x68,0x10,0x01,0x71,0x40,0x00,0x70,0xAE,0x07,0x77,0x80,0x05,
	0x59,0x61,0x00,0x41,0xE2,0x00,0x22,0x80,0x04,0x4F,0x40,0x06,0x61,0x10,0x00,0x48,0x00,0x04,0xE8,0x20,
	0x04,0x80,0x00,0x05,0x00,0x00,0x04,0x40,0x40,0x07,0x40,0x00,0x03,0x00,0x04,0x06,0x40,0x02,0x06,0x08,
	0x04,0x00,0x00,0x08,0x00,0x08,0x08,0x00,0x08,0x08,0x00,0x50,0x00,0x00,0x40,0x80,0x00,0x56,0xA0,0x00,
	0x40,0x20,0x00,0x00,0x60,0x00,0x00,0x80,0x00,0x40,0x00,0x00,0x82,0x00,0x00,0x04,0x00,0x20,0x00,0x00,
	0x00,0x05,0x04,0xBB,0x10,0x43,0x03,0x1A,0xA0,0x01,0x16,0x3C,0x03,0x71,0xA4,0x00,0x51,0xA9,0x05,0x74,
	0x3E,0x07,0x21,0x81,0x04,0x75,0x4D,0x04,0xAE,0xA1,0x02,0x27,0x7C,0x06,0x83,0x40,0x06,0x20,0x90,0x05,
	0xA1,0x21,0x03,0x10,0x08,0x03,0x80,0x21,0x01,0x80,0xB0,0x03,0x00,0x10,0x07,0x62,0x64,0x07,0x01,0x80,
	0x00,0x40,0x64,0x05,0x14,0x0F,0x05,0x1E,0x1E,0x00,0x1E,0x2C,0x02,0x78,0x90,0x00,0x73,0x20,0x00,0x0E,
	0x6E,0x07,0x65,0xA2,0x02,0x64,0x20,0x00,0xAE,0x41,0x00,0x27,0x3F,0x04,0x03,0x04,0x06,0x78,0x80,0x00,
	0x61,0x00,0x03,0x10,0x08,0x02,0x00,0x01,0x06,0x80,0xA0,0x03,0x00,0x40,0x07,0x60,0x44,0x05,0x80,0x86,
	0x03,0x40,0x02,0x01,0x0C,0x08,0x05,0x0E,0x1C,0x00,0x02,0x2C,0x00,0x08,0x9C,0x00,0x78,0x08,0x00,0x47,
	0xC6,0x07,0x68,0x62,0x02,0x04,0x20,0x00,0x2E,0x62,0x00,0x27,0x4A,0x04,0x03,0x04,0x06,0x20,0x00,0x00,
	0x21,0x00,0x03,0x10,0x00,0x04,0x00,0x00,0x02,0x80,0xA0,0x04,0x00,0x00,0x07,0x60,0x00,0x05,0x80,0x06,
	0x03,0x40,0x00,0x01,0x00,0x81,0x08,0x04,0x00,0x00,0x04,0x00,0x00,0x82,0x28,0x20,0x00,0x07,0x44,0x00,
	0x28,0xC0,0x00,0x00,0x81,0x00,0x23,0x00,0x00,0x02,0x00,0x01,0x83,0x00,0x00,0x02,0x00,0x00,0x04,0x00,
	0x00,0x02,0x00,0x00,0x04,0x03,0xC5,0x8F,0x20,0x01,0x04,0xDF,0x04,0x0E,0xF0,0x05,0x10,0x1A,0x00,0x71,
	0xDE,0x02,0x12,0x0C,0x01,0x3D,0x61,0x07,0xD0,0x04,0x06,0xA5,0x70,0x04,0x30,0x68,0x05,0x34,0xC5,0x01,
	0xE9,0x8A,0x06,0x74,0x94,0x06,0x04,0x71,0x00,0x40,0x18,0x04,0x00,0xC8,0x06,0x20,0xD8,0x01,0x41,0xB0,
	0x06,0xA3,0x46,0x05,0x28,0x45,0x05,0x82,0x86,0x02,0x00,0x03,0x00,0x01,0x10,0x05,0x00,0x4A,0x00,0x72,
	0x14,0x00,0x3F,0x37,0x01,0x28,0x41,0x05,0xC8,0x03,0x00,0x05,0x32,0x00,0xB0,0x0B,0x00,0xB4,0x43,0x01,
	0xCD,0x40,0x00,0xB4,0x14,0x05,0x04,0x10,0x00,0xC0,0x18,0x06,0x00,0xC8,0x07,0x20,0x98,0x01,0x40,0xA0,
	0x06,0x60,0x44,0x05,0x20,0x27,0x02,0x06,0x87,0x02,0x0C,0x00,0x00,0x0D,0x10,0x00,0x34,0x48,0x00,0x0A,
	0x04,0x00,0x2A,0x62,0x01,0x13,0x21,0x05,0xA8,0x01,0x00,0x85,0x22,0x00,0x30,0x2B,0x00,0x34,0x00,0x01,
	0x05,0x00,0x04,0x34,0x10,0x04,0x04,0x00,0x05,0xC0,0x10,0x04,0x00,0xC0,0x02,0x20,0x10,0x05,0x40,0x20,
	0x06,0x60,0x00,0x05,0x20,0x20,0x00,0x04,0x02,0x00,0x00,0x02,0x00,0x04,0x02,0x00,0x04,0x04,0x00,0x32,
	0x10,0x00,0x12,0x20,0x00,0x33,0x40,0x00,0x20,0x00,0x00,0x80,0x02,0x00,0x00,0x03,0x00,0x00,0x81,0x00,
	0x00,0x04,0x00,0x10,0x00,0x02,0x80,0x00,0x00,0x04,0x02,0x4F,0xC4,0x89,0x00,0x00,0x83,0x45,0x06,0x0D,
	0x7B,0x02,0xD4,0x24,0x04,0x31,0x63,0x01,0x98,0x24,0x02,0xF2,0x91,0x02,0xCE,0x02,0x07,0x12,0x0B,0x07,
	0xEB,0xA0,0x06,0x40,0x27,0x06,0x0B,0xCB,0x04,0x0A,0xA0,0x05,0x28,0xC8,0x01,0xA0,0x88,0x03,0xD0,0x20,
	0x05,0x01,0xF0,0x00,0x11,0x16,0x03,0x11,0xFA,0x06,0xB0,0xA8,0x03,0x8B,0x43,0x01,0x85,0x09,0x00,0x0C,
	0x09,0x06,0xD6,0x24,0x00,0x32,0x04,0x00,0x95,0x3C,0x06,0x40,0xA3,0x06,0x26,0x09,0x00,0x92,0x09,0x00,
	0x2B,0x06,0x00,0xC0,0x05,0x06,0x03,0x8B,0x00,0x6A,0x38,0x01,0x28,0x40,0x01,0xA0,0x80,0x03,0xD0,0x90,
	0x03,0x00,0x60,0x00,0x10,0x22,0x03,0x10,0x90,0x06,0x30,0xD8,0x03,0x85,0x41,0x01,0x01,0x0B,0x00,0x06,
	0x0B,0x04,0x0E,0x24,0x00,0x0F,0x08,0x00,0x0D,0x10,0x06,0x1D,0x80,0x06,0x56,0x00,0x00,0xD2,0x01,0x00,
	0x2B,0x04,0x00,0x00,0x04,0x06,0x03,0x82,0x02,0x0A,0x08,0x03,0x28,0x40,0x07,0xA0,0x80,0x07,0xD0,0x10,
	0x05,0x00,0xC0,0x06,0x10,0x00,0x03,0x10,0x20,0x06,0x30,0x00,0x01,0x00,0x01,0x00,0x04,0x00,0x00,0x02,
	0x00,0x00,0x02,0x02,0x00,0x17,0x08,0x00,0x11,0x10,0x00,0x1D,0x00,0x00,0x10,0x00,0x00,0x40,0x00,0x00,
	0x01,0x85,0x00,0x80,0x06,0x00,0x00,0x05,0x00,0x40,0x03,0x00,0x00,0x03,0x00,0x00,0x04,0x00,0x40,0x04,
	0x02,0xC5,0x83,0x33,0x04,0x00,0x01,0x07,0x0D,0xB8,0x07,0x0C,0x37,0x06,0x8D,0xAE,0x06,0x0E,0x31,0x01,
	0x59,0x62,0x05,0x61,0x05,0x03,0x93,0x04,0x07,0xB3,0x41,0x07,0xFB,0x6D,0x05,0xE4,0x32,0x05,0x4C,0xAE,
	0x03,0x14,0x19,0x01,0x40,0x56,0x05,0x38,0x50,0x06,0xF1,0xAC,0x03,0x59,0x90,0x01,0x39,0xA0,0x04,0x0C,
	0xBA,0x03,0x46,0x83,0x04,0x86,0x06,0x04,0x8D,0x83,0x07,0x14,0x10,0x04,0x97,0x0C,0x04,0x16,0x20,0x07,
	0xDA,0x61,0x07,0x89,0x07,0x00,0x23,0x00,0x04,0xD3,0x02,0x00,0xB9,0x63,0x03,0xD0,0x79,0x00,0x1C,0x4F,
	0x04,0x14,0x49,0x05,0x40,0x44,0x07,0x38,0x78,0x07,0xB0,0x00,0x06,0x18,0x10,0x05,0x18,0x72,0x02,0x08,
	0x36,0x05,0x82,0x82,0x00,0x82,0x06,0x00,0x02,0x02,0x06,0x16,0x10,0x04,0x06,0x0E,0x04,0x04,0x3C,0x07,
	0x99,0x60,0x07,0x81,0x01,0x00,0x43,0x01,0x04,0x93,0x01,0x00,0x19,0x20,0x03,0x00,0x59,0x01,0x1C,0xC1,
	0x05,0x14,0x88,0x03,0x40,0x80,0x01,0x38,0x88,0x01,0xB0,0x60,0x05,0x18,0x00,0x05,0x18,0x12,0x02,0x08,
	0x72,0x00,0x82,0x00,0x00,0x02,0x01,0x00,0x00,0x01,0x00,0x00,0x01,0x00,0x02,0x04,0x00,0x00,0x04,0x00,
	0x08,0x00,0x00,0x00,0x01,0x00,0x00,0x01,0x00,0x80,0x01,0x00,0x00,0x83,0x00,0x40,0x03,0x00,0xC0,0x02,
	0x00,0x00,0x07,0x00,0x80,0x05,0x00,0x80,0x00,0x40,0x00,0x01,0x80,0x00,0x40,0x00,0xCA,0x21,0x3D,0x07,
	0x13,0x84,0x03,0x06,0xDB,0x07,0x8F,0x16,0x03,0x85,0x45,0x03,0xCC,0x92,0x04,0xDD,0xBD,0x07,0x8A,0x3E,
	0x01,0x89,0x1B,0x05,0xFE,0xBA,0x07,0x7A,0x7B,0x04,0x39,0x54,0x02,0x07,0xA1,0x00,0x18,0x14,0x04,0x50,
	0x6A,0x05,0x20,0x8C,0x01,0x28,0xA4,0x05,0x18,0xEE,0x05,0xA0,0x2F,0x04,0x42,0x2C,0x02,0xA0,0x65,0x03,
	0xC0,0x03,0x02,0x07,0xC5,0x07,0x80,0x00,0x06,0x8C,0x03,0x02,0xCB,0x82,0x03,0x85,0xB1,0x07,0x4A,0x02,
	0x04,0x09,0x1A,0x00,0xEE,0x36,0x04,0x78,0x12,0x05,0x91,0xA0,0x04,0x37,0x89,0x02,0x08,0x9C,0x05,0x50,
	0x78,0x06,0x00,0x84,0x00,0x28,0xC8,0x06,0x18,0xCA,0x07,0xD0,0x6D,0x04,0x40,0x68,0x01,0x43,0x65,0x00,
	0x83,0x03,0x00,0x00,0x05,0x03,0x8D,0x01,0x06,0x0A,0x07,0x06,0x0F,0x86,0x07,0x0F,0xA3,0x03,0xEA,0x01,
	0x00,0xA9,0x02,0x04,0xCE,0x26,0x00,0x28,0x02,0x01,0x81,0x38,0x00,0x07,0x08,0x02,0x08,0x10,0x02,0x50,
	0x48,0x00,0x00,0xC0,0x04,0x28,0xD0,0x03,0x18,0xB0,0x03,0x90,0x00,0x00,0x40,0x8C,0x00,0x01,0x00,0x00,
	0x81,0x00,0x00,0x81,0x00,0x00,0x05,0x00,0x00,0x04,0x02,0x00,0x05,0x00,0x00,0x06,0x00,0x00,0x88,0x01,
	0x00,0x20,0x02,0x00,0xC0,0x02,0x00,0x20,0x00,0x00,0x00,0x38,0x01,0x00,0x08,0x01,0x00,0x10,0x00,0x00,
	0x40,0x02,0x03,0x80,0x00,0x20,0x00,0xCA,0x22,0x9A,0x06,0xF1,0xD2,0x01,0x05,0x6E,0x05,0xC5,0x82,0x05,
	0x03,0xB0,0x03,0x85,0x55,0x02,0x10,0xDC,0x03,0x31,0xB0,0x00,0x8C,0x81,0x04,0x1F,0x6F,0x07,0x49,0x34,
	0x06,0x2E,0x41,0x05,0xA1,0xBC,0x04,0x94,0x44,0x07,0x88,0x6C,0x06,0xBC,0x40,0x03,0xF8,0x7C,0x03,0x38,
	0xA8,0x03,0x04,0xB4,0x03,0x15,0xF6,0x03,0xE2,0xB6,0x00,0x61,0x01,0x01,0x07,0xE2,0x03,0x03,0x09,0x07,
	0x85,0x01,0x01,0x86,0xC2,0x01,0x54,0xCE,0x03,0xD9,0x10,0x02,0xE4,0x03,0x06,0xB7,0x3C,0x06,0xF8,0xC0,
	0x06,0x6A,0x4C,0x06,0xB9,0xCC,0x01,0x84,0x60,0x03,0x88,0x90,0x07,0x1C,0x80,0x05,0x18,0xC8,0x02,0x18,
	0xF0,0x02,0x64,0x88,0x02,0x14,0x4A,0x02,0xE1,0x36,0x00,0x01,0x01,0x00,0x00,0x82,0x01,0x05,0x09,0x03,
	0x82,0x02,0x03,0x01,0xC2,0x03,0xC3,0xC1,0x01,0x8D,0x02,0x00,0xF4,0x03,0x00,0x27,0x01,0x00,0x30,0xA0,
	0x00,0x02,0x44,0x00,0xA1,0xE4,0x01,0x84,0x20,0x05,0x88,0xC0,0x00,0x1C,0xF0,0x03,0x18,0xD0,0x00,0x18,
	0xE0,0x00,0x04,0xA8,0x00,0x14,0x4A,0x00,0x40,0x00,0x00,0x40,0x00,0x00,0x40,0x00,0x00,0x86,0x00,0x00,
	0x04,0x00,0x00,0x06,0x02,0x00,0x07,0x00,0x00,0x8C,0x00,0x00,0x90,0x03,0x00,0x20,0x01,0x00,0x30,0x20,
	0x00,0x00,0xC0,0x00,0x00,0xE0,0x00,0x00,0x20,0x00,0x00,0xC0,0x01,0x02,0x81,0x00,0x20,0x00,0x00,0x40,
	0x00,0xBC,0x70,0x45,0x03,0x60,0xF9,0x00,0x73,0x35,0x03,0xC2,0xC1,0x03,0x46,0x8D,0x00,0x47,0x2B,0x01,
	0x32,0xF4,0x01,0x40,0x58,0x00,0x86,0x5B,0x06,0x36,0x03,0x07,0x24,0x5D,0x07,0xEF,0x79,0x02,0xAE,0x72,
	0x02,0x80,0xF4,0x05,0xE0,0xBF,0x03,0x4E,0x74,0x02,0x30,0x82,0x01,0x14,0xDC,0x01,0x0A,0x4A,0x01,0x6A,
	0xBE,0x05,0x01,0x53,0x00,0x60,0x80,0x00,0x21,0xF1,0x01,0x87,0x84,0x02,0xC4,0xC1,0x01,0x45,0xE8,0x00,
	0xD2,0xF1,0x00,0xBA,0x01,0x01,0x0A,0x09,0x07,0xC2,0x30,0x07,0x7D,0x4D,0x07,0x6F,0x79,0x03,0x3A,0x92,
	0x00,0x00,0xEC,0x03,0x20,0x6C,0x03,0x0E,0x04,0x07,0x50,0x64,0x01,0x54,0x7C,0x01,0x02,0xEA,0x01,0x6A,
	0x44,0x01,0x70,0x13,0x00,0x20,0x00,0x00,0x60,0xC1,0x00,0x87,0x84,0x01,0x00,0xC0,0x01,0x03,0xE3,0x01,
	0xC2,0xF0,0x00,0x38,0x01,0x00,0x52,0x02,0x00,0x42,0x02,0x00,0x19,0x55,0x00,0x43,0x34,0x00,0x32,0xC4,
	0x00,0x00,0xBC,0x00,0x20,0x84,0x00,0x0E,0x68,0x00,0x10,0x78,0x00,0x14,0x78,0x00,0x02,0xFA,0x00,0x6A,
	0x52,0x00,0x20,0x00,0x00,0x01,0x8A,0x42,0x00,0x00,0x00,0x01,0x00,0x02,0x00,0x00,0x02,0x01,0x00,0x08,
	0x01,0x00,0x40,0x00,0x00,0x40,0x12,0x00,0x18,0x00,0x00,0x00,0x74,0x00,0x00,0x44,0x00,0x00,0x38,0x00,
	0x01,0x83,0x00,0x10,0x00,0x00,0x10,0x00,0x00,0x30,0x00,0x00,0x12,0x00,0x80,0x00,0x01,0x00,0x12,0x80,
	0x00,0x01,0x00,0x12,0x80,0x00,0x01,0x00,0x26,0xC6,0x08,0xA8,0x01,0xC0,0x7C,0x00,0x02,0x99,0x00,0xE3,
	0xF0,0x00,0x62,0x2A,0x01,0xC0,0xC6,0x00,0xEC,0xE4,0x01,0x44,0xBC,0x00,0x8C,0xE3,0x07,0x03,0xBA,0x03,
	0xCE,0xA3,0x07,0x82,0xCE,0x01,0xAD,0x00,0x05,0x82,0xDF,0x00,0xEC,0xD2,0x01,0xC9,0x66,0x03,0x39,0xEA,
	0x00,0xB0,0xC7,0x00,0x3C,0xBD,0x00,0xE4,0xD0,0x02,0x28,0x20,0x00,0xB0,0x40,0x00,0x73,0xF8,0x00,0x00,
	0x52,0x00,0x62,0x80,0x01,0xC0,0x20,0x00,0xA9,0x70,0x01,0xF6,0x09,0x00,0x0C,0x43,0x07,0xB9,0xB8,0x03,
	0xD4,0x9A,0x07,0xA0,0x86,0x01,0x85,0x5A,0x00,0x82,0xE2,0x07,0xAC,0xA2,0x01,0x81,0x84,0x03,0x09,0x86,
	0x00,0xA0,0xBB,0x00,0xB0,0xF1,0x00,0x24,0x87,0x00,0x10,0x00,0x00,0xA0,0x00,0x00,0x41,0x60,0x00,0x23,
	0xC2,0x00,0xC3,0x80,0x00,0x83,0xA1,0x00,0xA3,0x70,0x00,0x9E,0x01,0x00,0xA0,0x41,0x00,0xB1,0x21,0x00,
	0xC4,0x3A,0x00,0x20,0x02,0x00,0x01,0x52,0x00,0x02,0x68,0x06,0x2C,0x48,0x00,0x01,0x38,0x00,0x09,0x04,
	0x00,0x80,0x20,0x00,0x80,0x49,0x00,0x24,0x2F,0x00,0x10,0x00,0x00,0x20,0x00,0x00,0x20,0x00,0x00,0x01,
	0x00,0x00,0x81,0x00,0x00,0x01,0x01,0x00,0x81,0x00,0x00,0x86,0x00,0x00,0x88,0x01,0x00,0xB0,0x01,0x00,
	0x04,0x30,0x00,0x00,0x81,0x00,0x10,0x00,0x00,0x28,0x00,0x04,0x80,0x00,0x22,0x00,0xBB,0x84,0x97,0x00,
	0x88,0x3A,0x00,0x61,0x4F,0x00,0x81,0x79,0x00,0x01,0xBB,0x00,0x81,0x3A,0x00,0xCB,0xD8,0x04,0x2B,0xD0,
	0x00,0x1B,0xA0,0x05,0x0C,0xFA,0x01,0xD1,0xD3,0x03,0x53,0xCB,0x00,0x3F,0x98,0x06,0x44,0xCD,0x03,0x24,
	0xA7,0x00,0x2E,0xE8,0x01,0xC1,0x56,0x00,0xAA,0x64,0x04,0x25,0x58,0x06,0x71,0x6E,0x05,0xB4,0x10,0x00,
	0x58,0x20,0x00,0xA0,0x7C,0x00,0x10,0x39,0x00,0xE1,0xE2,0x00,0xC1,0x44,0x00,0x78,0xB9,0x04,0x93,0x80,
	0x00,0x61,0xE9,0x05,0x6C,0xC2,0x01,0x6B,0xE8,0x03,0x07,0xDD,0x00,0x5D,0x22,0x04,0x04,0xD6,0x03,0x44,
	0xCA,0x00,0x06,0xC2,0x01,0xE1,0x69,0x00,0x42,0x55,0x00,0x99,0x7F,0x00,0x41,0x68,0x00,0xA8,0x00,0x00,
	0x40,0x00,0x00,0xA1,0x30,0x00,0x31,0x61,0x00,0xA0,0x60,0x00,0x40,0x01,0x00,0x31,0x30,0x00,0xC6,0x00,
	0x00,0xE5,0x69,0x00,0xC8,0x1A,0x00,0x69,0x20,0x00,0x01,0x3A,0x00,0x59,0x08,0x00,0x44,0x32,0x03,0x44,
	0x2C,0x00,0x06,0x1C,0x00,0x01,0x38,0x00,0x82,0x1C,0x00,0x81,0x3F,0x00,0x01,0x3A,0x00,0x00,0x8B,0x10,
	0x00,0x00,0x10,0x00,0x00,0x21,0x00,0x00,0x01,0x00,0x00,0x01,0x00,0x00,0x41,0x00,0x00,0x46,0x00,0x00,
	0xE4,0x00,0x00,0xC8,0x10,0x00,0x08,0x00,0x00,0x00,0x3A,0x00,0x00,0x08,0x00,0x01,0x84,0x00,0x08,0x00,
	0x00,0x18,0x00,0x00,0x19,0x00,0x00,0x18,0x00,0x00,0x18,0x00,0xC8,0x19,0x72,0x01,0x6B,0xEE,0x04,0x14,
	0xC5,0x01,0x05,0xC9,0x05,0x33,0x80,0x06,0x52,0xD3,0x01,0x4C,0x96,0x04,0xD8,0xB6,0x03,0x29,0x93,0x01,
	0xF9,0x43,0x06,0x14,0xCE,0x01,0x3C,0x7B,0x03,0xFD,0x74,0x06,0x60,0x33,0x05,0x0C,0x0B,0x02,0xF5,0x22,
	0x01,0x5A,0xEE,0x07,0x21,0x7B,0x03,0xDB,0x97,0x01,0xB8,0xCE,0x04,0x58,0x8F,0x00,0xC9,0x1F,0x00,0x91,
	0x2B,0x01,0x19,0x17,0x05,0xBB,0x53,0x04,0xE9,0x30,0x01,0xC3,0x63,0x07,0xEB,0x79,0x05,0xA0,0x51,0x04,
	0x08,0xBE,0x06,0x63,0xAB,0x00,0x99,0x0E,0x01,0xD6,0x51,0x07,0x3B,0x3B,0x02,0x13,0xA7,0x01,0x9A,0xB8,
	0x04,0x95,0x28,0x00,0x86,0x2C,0x00,0x4F,0x26,0x00,0x33,0x2F,0x00,0x97,0x00,0x07,0x3E,0x00,0x07,0x7C,
	0x10,0x07,0xE9,0x20,0x06,0x11,0x21,0x06,0x33,0x03,0x06,0xE2,0x10,0x06,0x5B,0x00,0x06,0x83,0x28,0x06,
	0x97,0x19,0x06,0x6B,0x0E,0x07,0x7F,0x28,0x07,0x56,0x3A,0x07,0x7A,0x0E,0x06,0x50,0x18,0x07,0x1D,0x04,
	0x00,0x38,0x14,0x00,0xBE,0x15,0x00,0x9F,0x17,0x00,0xF3,0x16,0x00,0x0F,0x00,0x00,0x0F,0x00,0x00,0x0F,
	0x00,0x00,0x1F,0x00,0x00,0x7F,0x00,0x00,0xFF,0x00,0x00,0x3F,0x00,0x00,0x3C,0x00,0x00,0x5C,0x00,0x00,
	0x58,0x00,0x00,0x04,0x10,0x00,0x00,0x16,0x00,0x00,0x04,0x00,0x01,0x84,0x00,0x08,0x00,0x00,0x08,0x00,
	0x00,0x09,0x00,0x00,0x08,0x00,0x00,0x08,0x00,0xA7,0x03,0x00,0x02,0x16,0x00,0x00,0x27,0x00,0x02,0x09,
	0x00,0x05,0x1D,0x36,0x05,0x27,0x15,0x00,0xD3,0x08,0x06,0x34,0x00,0x05,0x66,0x08,0x02,0xDC,0x08,0x07,
	0x48,0x94,0x00,0x20,0xCD,0x04,0xB0,0x81,0x02,0x57,0x03,0x00,0x52,0x01,0x05,0xA4,0x04,0x02,0xCA,0x4C,
	0x00,0x84,0x00,0x00,0x22,0x08,0x00,0x44,0x00,0x00,0x02,0x80,0x00,0x25,0x00,0x01,0x02,0x00,0x00,0x00,
	0x00,0x05,0x1D,0x12,0x00,0x06,0x15,0x01,0x31,0x08,0x01,0x26,0x00,0x05,0x42,0x00,0x00,0x48,0x08,0x06,
	0x00,0x04,0x01,0x50,0x80,0x04,0xF0,0x00,0x00,0x41,0x01,0x00,0x22,0x01,0x04,0xC4,0x04,0x06,0x4A,0x0C,
	0x00,0x04,0x00,0x00,0x00,0x08,0x00,0x40,0x00,0x00,0x00,0x81,0x01,0x00,0x01,0x00,0x00,0x01,0x00,0x83,
	0x09,0x02,0x00,0x02,0x05,0x00,0x10,0x00,0x00,0x24,0x00,0x04,0x00,0x87,0x08,0x00,0x00,0x00,0x00,0x01,
	0x10,0x00,0x00,0x50,0x00,0x00,0x40,0x00,0x00,0x40,0x00,0x00,0x40,0x00,0x04,0x40,0x00,0x00,0x09,0x80,
	0x00,0x00,0x04,0x0B,0x97,0x2D,0x80,0x03,0x23,0x00,0x04,0x00,0x00,0x01,0x06,0x00,0x07,0x2C,0x02,0x04,
	0x34,0x00,0x06,0x09,0x16,0x07,0x5B,0x00,0x05,0x63,0x0C,0x00,0xCE,0x04,0x04,0x05,0x41,0x06,0xFE,0x00,
	0x05,0x3A,0x0C,0x01,0x12,0x80,0x03,0x2B,0x00,0x02,0x10,0x00,0x01,0xA0,0x41,0x00,0x70,0x00,0x00,0x35,
	0x00,0x00,0x84,0x35,0x00,0x05,0x00,0x03,0x02,0x00,0x05,0x02,0x00,0x01,0x04,0x00,0x04,0x00,0x92,0xA1,
	0x00,0x00,0x0A,0x00,0x02,0x0B,0x00,0x04,0x45,0x08,0x02,0xC6,0x00,0x06,0x4D,0x01,0x04,0x16,0x00,0x07,
	0x60,0x00,0x00,0x50,0x81,0x00,0x53,0x01,0x00,0x50,0x00,0x00,0x60,0x01,0x00,0x10,0x00,0x00,0x34,0x00,
	0x00,0x84,0x11,0x00,0x00,0x00,0x03,0x00,0x00,0x04,0x02,0x00,0x00,0x04,0x00,0x00,0x00,0x86,0x01,0x00,
	0x00,0x0A,0x00,0x00,0x0A,0x00,0x04,0x04,0x00,0x02,0x04,0x00,0x02,0x08,0x00,0x00,0x40,0x00,0x00,0x00,
	0x83,0x10,0x00,0x00,0x10,0x00,0x00,0x10,0x00,0x00,0x20,0x01,0x00,0x09,0x80,0x00,0x00,0x04,0x0B,0x01,
	0x80,0x00,0x00,0x02,0x05,0x80,0x80,0x00,0x00,0x08,0x80,0x40,0x00,0x00,0x08,0x80,0x80,0x00,0x00,0x08,
	0x80,0x40,0x00,0x00,0x27,0xA8,0x20,0x00,0x03,0x2D,0x00,0x01,0x02,0x00,0x03,0x0D,0x32,0x04,0x96,0x0B,
	0x06,0x28,0x00,0x02,0x9D,0x1D,0x00,0x10,0x00,0x06,0x1F,0x00,0x00,0xAF,0x20,0x04,0x20,0x80,0x04,0x19,
	0x02,0x06,0xAE,0xA4,0x07,0x08,0x08,0x01,0x9A,0x04,0x00,0x88,0x41,0x06,0x94,0x00,0x04,0x62,0x00,0x00,
	0x52,0x00,0x00,0x0A,0x0C,0x00,0x20,0x00,0x02,0x25,0x00,0x00,0x01,0x00,0x00,0x08,0x00,0x00,0x14,0x01,
	0x06,0x28,0x00,0x02,0xAD,0x0C,0x00,0x21,0x00,0x02,0x22,0x00,0x00,0x89,0x00,0x04,0x24,0x00,0x00,0x09,
	0x00,0x00,0xAA,0x80,0x05,0xA0,0x09,0x00,0x9A,0x00,0x00,0x80,0x01,0x00,0xA4,0x00,0x00,0x02,0x00,0x00,
	0x42,0x00,0x00,0x02,0x00,0x00,0x00,0x00,0x02,0x00,0x80,0x01,0x00,0x00,0x00,0x8C,0x04,0x01,0x02,0x08,
	0x00,0x02,0x0D,0x00,0x00,0x21,0x00,0x02,0x22,0x00,0x00,0x20,0x00,0x00,0x24,0x00,0x00,0x28,0x00,0x00,
	0x28,0x00,0x01,0x00,0x01,0x00,0x28,0x00,0x00,0x20,0x00,0x00,0xA0,0x00,0x00,0x16,0xA7,0x12,0x00,0x05,
	0x00,0x00,0x04,0x36,0x00,0x04,0x04,0x07,0x06,0x87,0x00,0x04,0x17,0x06,0x02,0x1B,0x03,0x00,0x24,0x00,
	0x04,0x2D,0x00,0x00,0x17,0x02,0x00,0xA4,0x00,0x03,0xE2,0x04,0x03,0xAF,0x80,0x00,0x9F,0x01,0x03,0xFF,
	0x00,0x07,0x84,0x08,0x04,0x70,0x00,0x00,0x09,0x04,0x00,0x50,0x00,0x00,0x28,0x00,0x00,0x12,0x00,0x01,
	0x10,0x00,0x06,0x17,0x00,0x00,0x07,0x02,0x00,0x03,0x00,0x04,0x16,0x06,0x02,0x10,0x03,0x00,0x30,0x00,
	0x00,0x39,0x00,0x00,0x16,0x00,0x00,0x32,0x00,0x00,0x6E,0x00,0x01,0xB7,0x80,0x00,0x1B,0x00,0x01,0xE3,
	0x00,0x00,0x90,0x08,0x00,0xE0,0x00,0x00,0x09,0x00,0x00,0x50,0x00,0x00,0x28,0x00,0x00,0x00,0x80,0x00,
	0x00,0x06,0x00,0x8C,0x03,0x00,0x00,0x03,0x00,0x00,0x06,0x06,0x02,0x10,0x00,0x00,0x10,0x00,0x00,0x11,
	0x00,0x00,0x12,0x00,0x00,0x10,0x00,0x00,0x14,0x00,0x00,0x94,0x00,0x00,0x98,0x00,0x00,0x90,0x00,0x00,
	0x90,0x00,0x00,0x01,0x81,0x10,0x00,0x00,0x08,0x00,0x00,0x13,0xA8,0x00,0x00,0x05,0x02,0x00,0x01,0x0A,
	0x00,0x00,0x03,0x1F,0x04,0x0B,0x00,0x02,0x8A,0x00,0x04,0x96,0x0F,0x03,0x4E,0x08,0x00,0x44,0x04,0x02,
	0x12,0x09,0x02,0x4C,0x00,0x03,0x85,0x04,0x06,0xC4,0x20,0x04,0x86,0x01,0x01,0x0A,0x01,0x07,0x56,0x00,
	0x03,0x12,0x00,0x04,0x38,0xF0,0x00,0x31,0x24,0x00,0x2D,0x1A,0x00,0x08,0x00,0x05,0x0A,0x00,0x04,0x0A,
	0x00,0x00,0x03,0x15,0x04,0x08,0x00,0x02,0x81,0x00,0x00,0x1F,0x00,0x00,0x58,0x00,0x00,0x5C,0x00,0x04,
	0x58,0x08,0x02,0x13,0x00,0x03,0xDB,0x04,0x02,0x1A,0x00,0x04,0x96,0x01,0x01,0x56,0x00,0x04,0x12,0x00,
	0x00,0x52,0x00,0x00,0x18,0x00,0x00,0x21,0x04,0x00,0x25,0x18,0x00,0x00,0x00,0x04,0x02,0x83,0x00,0x00,
	0x02,0x01,0x00,0x00,0x0F,0x00,0x00,0x08,0x00,0x00,0x00,0x87,0x00,0x00,0x02,0x42,0x00,0x01,0xC2,0x00,
	0x00,0x4A,0x00,0x00,0x44,0x01,0x00,0x44,0x00,0x04,0x40,0x00,0x00,0x40,0x00,0x00,0x00,0x80,0x00,0x04,
	0x00,0x14,0xAB,0x61,0x00,0x06,0x05,0x00,0x04,0x02,0x00,0x05,0x80,0x0B,0x06,0x87,0x00,0x00,0x0A,0x3C,
	0x03,0x22,0x00,0x00,0x23,0x04,0x00,0xAC,0x0C,0x04,0x2F,0x06,0x01,0xE8,0xC6,0x07,0x29,0x4C,0x02,0x84,
	0x9C,0x05,0x8B,0x41,0x06,0xE8,0x43,0x05,0x80,0x00,0x02,0x48,0x00,0x00,0x10,0x00,0x00,0xC8,0x73,0x00,
	0x10,0x00,0x00,0x21,0x00,0x02,0x05,0x00,0x00,0x02,0x00,0x04,0x00,0x0A,0x00,0x87,0x00,0x06,0x08,0x10,
	0x02,0x2A,0x00,0x04,0x08,0x00,0x06,0x06,0x0C,0x06,0x07,0x06,0x00,0x01,0x80,0x00,0x02,0x80,0x02,0xA9,
	0x00,0x05,0x01,0x00,0x04,0x02,0x03,0x06,0x28,0x00,0x06,0x28,0x00,0x00,0x30,0x00,0x00,0xC8,0x01,0x00,
	0x10,0x00,0x00,0x00,0x00,0x02,0x00,0x00,0x04,0x00,0x00,0x04,0x00,0x02,0x00,0x00,0x8A,0x00,0x00,0x02,
	0x02,0x00,0x04,0x20,0x00,0x02,0x28,0x00,0x02,0x29,0x00,0x00,0x29,0x00,0x00,0x28,0x00,0x00,0x80,0x00,
	0x01,0x28,0x00,0x00,0x2A,0x00,0x04,0x00,0x00,0x04,0x00,0x80,0x20,0x00,0x00,0x15,0xA4,0x16,0x00,0x07,
	0x32,0x00,0x02,0x00,0x1B,0x03,0x80,0x15,0x01,0x10,0x10,0x01,0x90,0x15,0x01,0x37,0x00,0x03,0x74,0x0C,
	0x05,0x60,0x12,0x07,0x00,0x89,0x00,0x36,0x14,0x07,0x73,0xC2,0x07,0x87,0x84,0x01,0x57,0x01,0x05,0xE3,
	0x04,0x02,0xE7,0x03,0x02,0x74,0x24,0x00,0x10,0x4C,0x00,0x08,0x02,0x00,0x94,0x05,0x00,0x16,0x00,0x04,
	0x12,0x00,0x05,0x00,0x00,0x07,0x80,0x11,0x04,0x10,0x10,0x02,0x94,0x0E,0x05,0x13,0x00,0x07,0x40,0x04,
	0x04,0x51,0x00,0x06,0x31,0x01,0x01,0x00,0x80,0x07,0x02,0x02,0x06,0xB1,0x04,0x00,0x82,0x01,0x00,0x90,
	0x04,0x07,0x75,0x02,0x04,0x74,0x04,0x00,0x01,0x80,0x10,0x04,0x00,0x01,0x81,0x00,0x00,0x02,0x00,0x01,
	0x04,0x00,0x8B,0x00,0x00,0x04,0x07,0x00,0x02,0x14,0x00,0x04,0x04,0x00,0x00,0x04,0x00,0x00,0x14,0x80,
	0x02,0x15,0x80,0x00,0xA5,0x00,0x00,0x96,0x00,0x00,0x85,0x00,0x03,0x60,0x00,0x00,0x20,0x00,0x00,0x01,
	0x80,0x00,0x04,0x00,0x13,0x4F,0xA8,0x29,0x00,0x02,0x19,0x00,0x07,0x88,0x0D,0x06,0x98,0x02,0x06,0xF8,
	0x2A,0x00,0x19,0x04,0x06,0x28,0x00,0x00,0x72,0x00,0x05,0x52,0x07,0x07,0x12,0x81,0x00,0x4A,0x6E,0x06,
	0xC1,0xD0,0x01,0xA1,0x84,0x04,0x33,0x80,0x02,0x71,0x20,0x05,0x60,0x01,0x00,0xAB,0x51,0x00,0x88,0x01,
	0x00,0x00,0x18,0x00,0x04,0x0C,0x04,0x39,0x00,0x02,0x09,0x00,0x06,0x08,0x09,0x00,0x18,0x02,0x03,0x08,
	0x02,0x01,0x0A,0x01,0x00,0x1A,0x00,0x02,0x08,0x00,0x07,0x6A,0x06,0x06,0x0A,0x80,0x01,0x10,0x84,0x03,
	0xD8,0xC0,0x00,0x98,0x04,0x00,0x49,0x80,0x00,0x58,0x00,0x05,0x7B,0x00,0x00,0x9B,0x01,0x00,0x98,0x00,
	0x00,0x08,0x08,0x00,0x04,0x08,0x00,0x10,0x00,0x00,0x00,0x82,0x00,0x00,0x04,0x00,0x02,0x02,0x00,0x02,
	0x00,0x00,0x8D,0x10,0x00,0x00,0x02,0x00,0x02,0x32,0x00,0x05,0x12,0x00,0x01,0x0A,0x00,0x02,0x82,0x00,
	0x00,0x92,0x00,0x00,0x43,0x00,0x00,0x52,0x00,0x00,0x71,0x00,0x00,0x10,0x01,0x00,0x10,0x00,0x00,0x08,
	0x00,0x00,0x04,0x00,0x00,0x13,0xB8,0x3C,0x80,0x00,0x04,0x80,0x02,0x9C,0x85,0x07,0x08,0x20,0x05,0x4C,
	0x1C,0x02,0xBC,0x82,0x07,0x2D,0x00,0x05,0x08,0x04,0x00,0x29,0x83,0x01,0x61,0x68,0x04,0x1C,0x84,0x07,
	0xD9,0xCC,0x00,0x20,0x20,0x00,0x89,0xA0,0x00,0xC0,0x00,0x06,0xA1,0x20,0x04,0x05,0x4C,0x00,0x58,0x00,
	0x00,0x00,0x00,0x04,0x0E,0x08,0x05,0x1C,0x00,0x05,0x1C,0x00,0x04,0x84,0x04,0x02,0x40,0x00,0x05,0x44,
	0x08,0x06,0x15,0x00,0x07,0x2C,0x00,0x05,0x24,0x06,0x02,0x05,0x03,0x02,0x2D,0x80,0x04,0x18,0xC2,0x03,
	0x54,0x00,0x06,0x0C,0x80,0x00,0xBC,0x00,0x00,0x2C,0x00,0x04,0x1C,0x00,0x00,0x0D,0x00,0x00,0x50,0x00,
	0x00,0x04,0x04,0x00,0x0A,0x00,0x02,0x18,0x00,0x00,0x08,0x00,0x06,0x00,0x00,0x02,0x00,0x00,0x05,0x00,
	0x00,0x06,0x10,0x00,0x00,0x09,0x00,0x00,0x29,0x00,0x00,0x09,0x00,0x02,0x09,0x80,0x00,0x05,0x00,0x01,
	0x09,0x00,0x00,0x09,0x80,0x00,0x39,0x00,0x00,0x29,0x00,0x00,0x19,0x00,0x00,0x08,0x00,0x00,0x00,0x81,
	0x00,0x04,0x00,0x00,0x00,0x04,0x13,0xAB,0x06,0x00,0x05,0x1A,0x80,0x02,0x02,0x85,0x05,0x58,0x88,0x07,
	0x86,0x8F,0x00,0x0C,0x00,0x00,0x2E,0x00,0x00,0x3C,0x89,0x00,0xD8,0x04,0x05,0x38,0x80,0x05,0x46,0xA9,
	0x01,0x37,0x82,0x01,0xC8,0x40,0x02,0x1A,0xC6,0x03,0x4A,0x00,0x00,0x70,0x10,0x00,0xB2,0x02,0x04,0x70,
	0x0F,0x04,0x02,0x04,0x00,0x4F,0x8E,0x00,0x16,0x00,0x03,0x0E,0x80,0x01,0xC6,0x83,0x01,0x1C,0x08,0x07,
	0x12,0x04,0x03,0x1A,0x00,0x00,0x06,0x02,0x00,0x2A,0x00,0x04,0xD6,0x80,0x04,0x0E,0x40,0x06,0x6C,0x41,
	0x02,0x21,0x42,0x02,0x26,0x40,0x04,0x08,0x86,0x06,0x14,0x00,0x04,0x0E,0x00,0x00,0x26,0x02,0x00,0x7C,
	0x06,0x00,0x06,0x04,0x06,0x0F,0x02,0x07,0x04,0x00,0x00,0x0C,0x00,0x01,0x84,0x01,0x01,0x08,0x00,0x07,
	0x00,0x8E,0x18,0x00,0x00,0x04,0x00,0x00,0x04,0x00,0x00,0x04,0x00,0x04,0x04,0x00,0x00,0x42,0x40,0x01,
	0x06,0x40,0x04,0x24,0x00,0x04,0x0A,0x80,0x06,0x16,0x00,0x00,0x0C,0x00,0x00,0x04,0x00,0x00,0x08,0x02,
	0x00,0x04,0x00,0x00,0x02,0x02,0x06,0x13,0xBB,0x11,0x00,0x01,0x82,0x8B,0x01,0x45,0x8C,0x04,0x37,0x15,
	0x03,0xDF,0x05,0x04,0x06,0x00,0x02,0x12,0x81,0x06,0xA6,0x03,0x06,0xD8,0x14,0x07,0x1C,0x76,0x05,0x67,
	0x26,0x05,0x09,0xE2,0x01,0xDC,0x00,0x06,0x09,0x10,0x06,0x62,0x10,0x07,0xBA,0x08,0x00,0x19,0x02,0x04,
	0x00,0x09,0x02,0x0F,0x82,0x01,0x04,0x28,0x07,0x0B,0x80,0x00,0x0B,0x04,0x04,0x0B,0x08,0x02,0x05,0x01,
	0x04,0xCD,0x03,0x04,0x07,0x00,0x02,0x13,0x00,0x02,0x35,0x83,0x00,0x57,0xC0,0x06,0x07,0x43,0x06,0x12,
	0x20,0x07,0x1A,0x22,0x04,0xA3,0x40,0x04,0x00,0x00,0x05,0x4D,0x00,0x02,0x87,0x00,0x04,0x13,0x02,0x04,
	0x06,0x00,0x04,0x0F,0x06,0x03,0x05,0xC0,0x03,0x0A,0x00,0x00,0x02,0x00,0x04,0x02,0x00,0x06,0x06,0x01,
	0x02,0x0C,0x00,0x00,0x06,0x00,0x00,0x12,0x00,0x00,0x12,0x00,0x02,0x02,0x80,0x06,0x02,0x40,0x04,0x01,
	0x00,0x06,0x01,0x00,0x02,0x22,0x40,0x02,0x01,0x00,0x01,0x4C,0x00,0x04,0xA6,0x00,0x00,0x02,0x00,0x00,
	0x04,0x00,0x00,0x02,0x02,0x02,0x01,0x00,0x03,0x13,0xBB,0x02,0xC0,0x07,0x0E,0xC1,0x04,0x0E,0x90,0x00,
	0x2A,0x0E,0x01,0xC6,0x01,0x00,0x18,0x01,0x06,0x13,0x83,0x04,0xE4,0x43,0x05,0x0F,0x20,0x04,0x39,0xC3,
	0x06,0x17,0x41,0x00,0x33,0x80,0x03,0x7C,0x73,0x00,0x25,0x40,0x02,0x17,0x00,0x00,0x5F,0x16,0x02,0x0C,
	0x05,0x06,0x7C,0x80,0x02,0x03,0x31,0x06,0x01,0xF1,0x04,0x09,0xC0,0x04,0xC1,0x83,0x05,0x29,0x00,0x03,
	0x29,0x04,0x01,0x03,0x00,0x00,0x11,0x00,0x05,0x02,0x83,0x01,0xA4,0x01,0x07,0x12,0x40,0x07,0x24,0xA0,
	0x05,0x0D,0x21,0x02,0x41,0x20,0x03,0x21,0x03,0x00,0x02,0xC0,0x03,0x20,0x00,0x00,0x03,0x00,0x04,0x09,
	0x01,0x04,0x7F,0x02,0x05,0x03,0xC0,0x07,0x00,0xB1,0x04,0x01,0x80,0x00,0x01,0x80,0x03,0x01,0x00,0x01,
	0x09,0x00,0x00,0x03,0x00,0x00,0x01,0x00,0x00,0x01,0x00,0x00,0x01,0x00,0x03,0x01,0x40,0x03,0x25,0x00,
	0x03,0x00,0x20,0x01,0x40,0x20,0x01,0x41,0x00,0x01,0x02,0x80,0x00,0x21,0x00,0x00,0x13,0x00,0x04,0x01,
	0x01,0x04,0x02,0x02,0x06,0x01,0x00,0x07,0x00,0x81,0x04,0x08,0x80,0x04,0x00,0x00,0x09,0x4F,
};
