/* Delta+RLE compressed animation (from my_anim_4_1.c). */
/* Decoded one frame at a time by the firmware; see GREYSCALE.md. */
#include <stdint.h>

#define ANIMATION_FRAMES 750
#define COLOR_DEPTH 3
#define Y_RES 20

const uint32_t anim_rle_len = 67247;
const uint8_t anim_rle[] = {
	0x3B,0xA7,0x3D,0x00,0x00,0x2D,0x00,0x00,0x21,0x80,0x00,0x26,0x30,0x03,0xA0,0xFD,0x03,0x99,0xFD,0x01,
	0xFF,0xF8,0x05,0xFF,0xC8,0x03,0xFF,0xF8,0x00,0xF9,0x78,0x06,0xBF,0x78,0x07,0xBF,0x79,0x07,0x20,0x78,
	0x07,0x20,0x71,0x06,0xA0,0x79,0x00,0xC0,0x70,0x00,0x94,0x70,0x00,0x85,0x24,0x00,0x81,0x14,0x00,0x00,
	0x9C,0x00,0x1F,0x00,0x04,0x1F,0x00,0x04,0x1F,0x00,0x04,0x1F,0xC0,0x04,0x1F,0x00,0x04,0x3F,0x00,0x06,
	0x1F,0x00,0x06,0x1F,0x00,0x04,0x1F,0x00,0x07,0x39,0x80,0x07,0x7F,0x80,0x07,0x7F,0x80,0x07,0xE0,0x80,
	0x06,0xE0,0x80,0x04,0x60,0x80,0x00,0x20,0x80,0x00,0x0C,0x80,0x00,0x03,0xC0,0x00,0x00,0xE0,0x00,0x00,
	0x60,0x00,0x08,0x80,0x06,0x00,0x00,0x01,0x84,0x1F,0x00,0x00,0x1F,0x00,0x00,0x1F,0x00,0x00,0x1F,0x00,
	0x00,0x03,0x00,0x00,0x02,0x9A,0x60,0x00,0x07,0x28,0x00,0x04,0x21,0x80,0x04,0x20,0xB0,0x06,0xA0,0x80,
	0x00,0x81,0x00,0x02,0x40,0x01,0x06,0x40,0x38,0x00,0x00,0x68,0x00,0x24,0x88,0x02,0x40,0x88,0x01,0x00,
	0x89,0x00,0x80,0x09,0x00,0x00,0x81,0x00,0x60,0x08,0x06,0x00,0x08,0x00,0x78,0x00,0x00,0x47,0x50,0x00,
	0x00,0x30,0x00,0x80,0x08,0x00,0x20,0x00,0x04,0x20,0x00,0x04,0x20,0x00,0x04,0x20,0xC0,0x04,0x20,0x80,
	0x00,0x00,0x00,0x02,0x00,0x00,0x02,0x01,0x85,0x04,0x80,0x00,0x40,0x80,0x00,0x00,0x80,0x00,0x80,0x00,
	0x01,0x00,0x80,0x03,0x00,0x00,0x04,0x00,0x82,0x10,0x00,0x00,0x05,0x40,0x00,0x00,0x20,0x00,0x09,0x80,
	0x04,0x00,0x00,0x06,0x80,0x01,0x00,0x00,0x01,0x89,0xA0,0x00,0x05,0x00,0x00,0x02,0x40,0x00,0x00,0x00,
	0x80,0x01,0x00,0xBD,0x04,0x00,0x84,0x00,0xA0,0x00,0x00,0x00,0x08,0x00,0x40,0x60,0x00,0x20,0x40,0x02,
	0x02,0x87,0x80,0x88,0x01,0x00,0x81,0x00,0x00,0x80,0x02,0x10,0x00,0x00,0x0E,0x00,0x00,0x43,0x10,0x00,
	0x40,0x30,0x00,0x00,0x00,0x04,0x02,0x82,0x00,0x80,0x04,0x00,0x80,0x00,0x20,0x00,0x00,0x01,0x80,0x20,
	0x00,0x00,0x02,0x82,0x80,0x80,0x00,0x00,0x80,0x03,0x00,0x80,0x04,0x00,0x82,0x02,0x00,0x00,0x01,0x00,
	0x00,0x00,0x20,0x00,0x10,0x80,0x02,0x00,0x00,0x01,0x92,0xC0,0x01,0x00,0x08,0x00,0x00,0x01,0x00,0x00,
	0x40,0x00,0x00,0x00,0xC0,0x03,0x00,0xB1,0x00,0x20,0x00,0x01,0x80,0x01,0x00,0x90,0x00,0x00,0x40,0x10,
	0x01,0x20,0x10,0x00,0x40,0x10,0x01,0x00,0x90,0x00,0x00,0x19,0x00,0x40,0x80,0x01,0x40,0x08,0x07,0x00,
	0x8C,0x04,0x98,0x80,0x00,0x83,0x80,0x00,0x00,0x80,0x40,0x00,0x00,0x03,0x81,0x00,0x80,0x00,0x20,0x00,
	0x01,0x01,0x80,0x00,0x00,0x01,0x00,0x81,0x40,0x00,0x00,0x00,0x80,0x00,0x00,0x84,0x00,0x80,0x00,0x40,
	0x00,0x02,0x00,0x80,0x00,0x08,0x80,0x00,0x02,0x80,0x00,0x14,0x3B,0x93,0xC0,0x02,0x01,0x50,0x00,0x02,
	0x40,0x00,0x02,0x40,0x00,0x00,0x40,0x00,0x00,0x01,0xC8,0x00,0x00,0x03,0x00,0x00,0x01,0x00,0x00,0x01,
	0x01,0x80,0x41,0x02,0x20,0x41,0x01,0x20,0x05,0x00,0x00,0x04,0x01,0x00,0x80,0x04,0x20,0x80,0x00,0x00,
	0x10,0x03,0x20,0x08,0x04,0x3C,0x00,0x00,0x06,0x00,0x00,0x81,0x12,0x00,0x07,0x80,0x00,0x00,0x01,0x00,
	0x80,0x20,0x00,0x01,0x01,0x84,0x00,0x80,0x04,0x00,0x80,0x00,0x00,0x00,0x01,0x20,0x00,0x06,0x14,0x00,
	0x00,0x0E,0x80,0x00,0x00,0x04,0x02,0x80,0x04,0x00,0x00,0x01,0x82,0x80,0x80,0x03,0xC0,0x00,0x06,0x44,
	0x00,0x02,0x00,0x91,0x41,0x00,0x00,0x40,0x00,0x07,0x00,0xFA,0x01,0x00,0x08,0x03,0x10,0x01,0x00,0x00,
	0x10,0x00,0xC0,0x40,0x02,0x20,0x24,0x01,0x40,0x28,0x00,0x00,0x2C,0x01,0x00,0x31,0x00,0x20,0x00,0x01,
	0x04,0x12,0x05,0x98,0x02,0x02,0x1B,0x02,0x00,0x03,0x00,0x00,0x80,0x00,0x03,0x40,0x00,0x04,0x02,0x82,
	0x00,0x00,0x04,0x00,0x00,0x01,0x00,0x00,0x03,0x02,0x81,0x20,0x00,0x01,0x40,0x00,0x00,0x02,0x83,0x04,
	0x00,0x00,0x08,0x00,0x04,0x07,0x00,0x00,0x01,0x00,0x00,0x0F,0x82,0x04,0x00,0x00,0x08,0x00,0x00,0x03,
	0x00,0x00,0x00,0x87,0x00,0x01,0x00,0xA0,0x03,0x03,0xC0,0x00,0x02,0x70,0x00,0x00,0x08,0x00,0x04,0x04,
	0x00,0x04,0x00,0x00,0x07,0x00,0xF0,0x01,0x00,0x8D,0x04,0x01,0x00,0x00,0x11,0x00,0x80,0x00,0x02,0x20,
	0x08,0x01,0x40,0x10,0x00,0x00,0x18,0x01,0x00,0x20,0x01,0x40,0x04,0x03,0x20,0x14,0x03,0xB4,0x40,0x04,
	0x01,0x14,0x00,0x00,0x01,0x00,0x80,0x00,0x02,0x40,0x00,0x00,0x02,0x81,0x00,0x00,0x04,0x00,0x00,0x01,
	0x00,0x80,0x04,0x00,0x00,0x01,0x81,0x00,0x00,0x01,0x40,0x00,0x00,0x01,0x83,0x40,0x00,0x01,0x20,0x00,
	0x02,0x1C,0x40,0x00,0x06,0x00,0x00,0x08,0x80,0x04,0x00,0x00,0x07,0x80,0x04,0x00,0x00,0x00,0x97,0x00,
	0xF8,0x00,0x02,0x81,0x01,0x1A,0x03,0x05,0xC8,0x00,0x00,0x72,0x00,0x04,0x02,0x00,0x00,0x20,0x00,0x04,
	0x00,0x00,0x05,0x00,0x90,0x02,0x00,0x10,0x04,0x00,0x10,0x00,0x40,0x33,0x00,0x20,0x46,0x02,0x20,0x64,
	0x01,0x00,0x60,0x00,0x00,0x5B,0x00,0x28,0x60,0x00,0x00,0x20,0x01,0x18,0x10,0x04,0x37,0x14,0x04,0x00,
	0x86,0x00,0x00,0x01,0x01,0x00,0x00,0x04,0x40,0x00,0x00,0x01,0x82,0x20,0x00,0x00,0x00,0x00,0x06,0x00,
	0x00,0x02,0x02,0x81,0x20,0x00,0x00,0x00,0x00,0x01,0x01,0x83,0x08,0x00,0x00,0x00,0x00,0x01,0x08,0x00,
	0x06,0x0B,0x00,0x00,0x0F,0x80,0x08,0x00,0x00,0x00,0x81,0x08,0x00,0x00,0x03,0x00,0x00,0x84,0x00,0x78,
	0x00,0x00,0x06,0x00,0xA0,0x00,0x00,0x01,0x01,0x00,0xC0,0x00,0x04,0x00,0x90,0x40,0x00,0x00,0x00,0x00,
	0x04,0x00,0x60,0x07,0x20,0x00,0x02,0x00,0x00,0x06,0x00,0x02,0x02,0xE0,0x03,0x02,0x00,0x38,0x06,0x40,
	0x40,0x03,0x00,0x20,0x00,0x20,0x15,0x00,0x40,0x00,0x00,0x20,0x20,0x04,0x18,0xC0,0x04,0x00,0x78,0x00,
	0x00,0x02,0x00,0x80,0x00,0x00,0x00,0x80,0x40,0x00,0x00,0x02,0x86,0x00,0x00,0x04,0x00,0x00,0x02,0x00,
	0x00,0x02,0x00,0x00,0x02,0x20,0x00,0x02,0x00,0x00,0x04,0x40,0x00,0x01,0x01,0x82,0x40,0x00,0x00,0x20,
	0x00,0x01,0x10,0x40,0x04,0x0C,0x80,0x00,0x00,0x04,0x05,0x3B,0x00,0x83,0x00,0x0C,0x00,0x00,0x01,0x01,
	0x80,0x00,0x00,0x00,0x01,0x04,0x01,0x81,0x60,0x00,0x00,0x00,0x00,0x04,0x01,0x88,0x20,0x10,0x04,0x40,
	0x40,0x04,0x00,0x82,0x02,0x00,0x02,0x00,0x00,0x48,0x03,0x00,0x21,0x03,0x40,0x44,0x00,0x00,0x00,0x02,
	0x90,0x00,0x02,0x00,0x82,0x00,0x04,0x00,0x00,0x01,0x00,0x80,0x00,0x00,0x02,0x80,0x20,0x00,0x00,0x02,
	0x80,0x20,0x00,0x00,0x00,0x80,0x00,0x00,0x02,0x00,0x82,0x00,0x00,0x01,0x00,0x00,0x01,0x40,0x00,0x00,
	0x00,0x80,0x10,0x00,0x00,0x13,0x04,0x80,0x40,0x00,0x00,0x02,0x80,0x20,0x00,0x04,0x02,0x81,0x20,0x00,
	0x00,0x00,0x08,0x00,0x00,0x83,0x40,0x80,0x00,0x00,0x12,0x01,0x30,0x52,0x00,0x18,0x10,0x04,0x04,0x80,
	0x40,0x00,0x00,0x02,0x80,0x00,0x00,0x04,0x05,0x82,0x40,0x00,0x00,0x00,0x00,0x01,0x20,0x00,0x00,0x14,
	0x00,0x80,0x00,0x10,0x00,0x01,0x81,0x00,0x01,0x04,0x80,0x00,0x00,0x02,0x82,0x00,0x20,0x00,0x00,0x20,
	0x00,0x00,0x20,0x00,0x00,0x86,0x20,0x11,0x04,0x20,0x01,0x00,0x60,0x00,0x00,0x08,0x40,0x00,0x20,0xE0,
	0x00,0x18,0x20,0x00,0x51,0x02,0x03,0x0E,0x84,0x40,0x00,0x00,0x08,0x00,0x00,0x20,0x00,0x00,0x18,0x00,
	0x00,0x0F,0x00,0x02,0x0F,0x80,0x08,0x00,0x00,0x00,0x81,0x08,0x00,0x00,0x03,0x00,0x00,0x00,0x83,0x00,
	0x68,0x00,0x00,0x06,0x00,0x00,0x01,0x00,0x80,0x01,0x00,0x03,0x85,0x00,0x00,0x04,0x00,0x00,0x04,0x20,
	0x00,0x00,0x40,0x00,0x00,0x00,0x00,0x01,0x80,0x02,0x00,0x00,0x83,0x20,0x90,0x00,0x08,0x00,0x00,0x05,
	0x00,0x01,0x27,0x80,0x03,0x00,0x83,0x00,0x08,0x00,0x00,0x02,0x00,0x00,0x01,0x00,0x80,0x00,0x00,0x04,
	0x81,0x00,0x00,0x04,0x20,0x00,0x00,0x03,0x83,0x20,0x00,0x00,0x18,0x00,0x00,0x0D,0x00,0x00,0x02,0x00,
	0x01,0x10,0x81,0x08,0x00,0x00,0x05,0x00,0x00,0x00,0x83,0x00,0x30,0x00,0x00,0x90,0x00,0x00,0x08,0x01,
	0x00,0x02,0x00,0x01,0x80,0x40,0x00,0x00,0x01,0x81,0x20,0x00,0x00,0x20,0x00,0x02,0x00,0x84,0x20,0x00,
	0x00,0xC0,0x92,0x01,0x80,0x00,0x00,0x00,0x02,0x00,0x10,0x00,0x00,0x00,0x81,0x0C,0x00,0x00,0x00,0x80,
	0x01,0x00,0x80,0x00,0x90,0x00,0x03,0x80,0x40,0x00,0x00,0x02,0x80,0x00,0x00,0x02,0x00,0x80,0x20,0x00,
	0x00,0x05,0x80,0x00,0x80,0x00,0x13,0x3B,0x00,0x85,0x02,0x60,0x00,0x02,0x94,0x02,0x01,0x00,0x06,0x40,
	0x01,0x00,0x00,0x01,0x00,0x80,0x00,0x00,0x01,0x87,0x20,0xC0,0x03,0x00,0x20,0x02,0x20,0x20,0x00,0x00,
	0x20,0x00,0x20,0x40,0x00,0x60,0x08,0x02,0x80,0x01,0x00,0x30,0x10,0x00,0x00,0x81,0x08,0x40,0x03,0x21,
	0x90,0x00,0x00,0x83,0x00,0x60,0x00,0x00,0x04,0x02,0x00,0x00,0x04,0x00,0x01,0x00,0x04,0x80,0x00,0x00,
	0x02,0x01,0x81,0x20,0x00,0x00,0x20,0x00,0x02,0x00,0x80,0x20,0x00,0x00,0x01,0x80,0x00,0x80,0x00,0x13,
	0x93,0x7D,0x32,0x00,0x3D,0x00,0x00,0x32,0x98,0x01,0x38,0x02,0x02,0x2C,0x15,0x00,0x59,0x11,0x00,0x80,
	0x93,0x00,0xC2,0x8F,0x00,0x7C,0x0F,0x00,0x38,0x07,0x00,0x1D,0xEF,0x07,0x3E,0xCD,0x07,0x30,0x67,0x07,
	0x21,0xC4,0x03,0xA0,0xF8,0x07,0x49,0xF0,0x05,0xD0,0xF6,0x05,0xB8,0x74,0x01,0xB9,0xF4,0x05,0xB3,0xF4,
	0x06,0x01,0x91,0x00,0xF8,0x01,0x00,0xFE,0x03,0x00,0xF9,0x07,0x00,0xF0,0x07,0x80,0xF0,0x07,0x40,0xF0,
	0x07,0xE0,0xF0,0x07,0xE6,0xF8,0x07,0xE0,0xF0,0x07,0x00,0xC0,0x03,0x0F,0x00,0x03,0x0F,0x00,0x03,0x0F,
	0x00,0x03,0x27,0x00,0x01,0x3F,0x00,0x01,0x0F,0x00,0x01,0x02,0x00,0x01,0x06,0x00,0x01,0x08,0x80,0x06,
	0x00,0x00,0x01,0x86,0x1F,0x00,0x00,0x1F,0x00,0x00,0x1F,0x00,0x00,0x1F,0x00,0x00,0x07,0x00,0x00,0x07,
	0x00,0x00,0x02,0x00,0x00,0x00,0x01,0x80,0x01,0x00,0x00,0x00,0x82,0xC0,0x0D,0x00,0x80,0x0A,0x00,0x02,
	0x88,0x00,0x00,0x80,0x00,0x08,0x00,0x00,0x83,0xC0,0x10,0x00,0x20,0x62,0x00,0x00,0x01,0x00,0x00,0x06,
	0x00,0x00,0x84,0x80,0x01,0x00,0x80,0x00,0x00,0x48,0x00,0x01,0x40,0x00,0x00,0x08,0x00,0x00,0x03,0x80,
	0x80,0x08,0x00,0x02,0x80,0x00,0x08,0x00,0x00,0x81,0xC0,0x10,0x00,0x00,0x40,0x00,0x04,0x80,0x00,0x00,
	0x01,0x15,0x01,0x82,0x01,0x00,0x00,0x00,0x03,0x00,0x00,0x08,0x00,0x00,0x81,0x80,0x04,0x00,0x00,0x08,
	0x00,0x00,0x8A,0x00,0x08,0x00,0x80,0x32,0x00,0x10,0xC0,0x00,0x10,0x80,0x00,0x00,0x04,0x00,0x00,0x03,
	0x00,0x08,0x00,0x00,0x80,0x00,0x00,0x00,0x00,0x01,0x08,0x00,0x01,0x08,0x80,0x01,0x02,0x81,0x00,0x03,
	0x00,0x00,0x08,0x00,0x00,0x81,0x80,0x00,0x00,0x00,0x08,0x00,0x00,0x82,0x00,0x08,0x00,0x00,0x20,0x00,
	0x10,0x80,0x00,0x02,0x80,0x08,0x00,0x00,0x00,0x82,0x00,0x00,0x01,0x00,0x00,0x01,0x08,0x00,0x01,0x13,
	0x01,0x83,0x01,0x00,0x00,0x00,0x04,0x00,0x80,0x00,0x00,0x40,0x01,0x00,0x02,0x8A,0x80,0x10,0x00,0x60,
	0x62,0x00,0x00,0x01,0x00,0x00,0x80,0x00,0x00,0x81,0x00,0x00,0x80,0x00,0x80,0x81,0x00,0x08,0x80,0x00,
	0x08,0x00,0x00,0x08,0x00,0x00,0x10,0xC0,0x00,0x02,0x80,0x00,0x04,0x00,0x04,0x81,0x80,0x10,0x00,0x20,
	0x40,0x00,0x04,0x83,0x08,0x00,0x00,0x08,0x80,0x00,0x08,0x80,0x00,0x00,0x80,0x00,0x13,0x3B,0x02,0x83,
	0x80,0x07,0x00,0x40,0x00,0x00,0xC0,0x00,0x00,0x00,0x08,0x00,0x00,0x83,0x40,0x00,0x00,0xC0,0x30,0x00,
	0x31,0x49,0x00,0x10,0x00,0x00,0x00,0x86,0x10,0x01,0x00,0x00,0x83,0x00,0x00,0x80,0x00,0x00,0x80,0x00,
	0x00,0x40,0x00,0x10,0x00,0x00,0x10,0x60,0x00,0x02,0x81,0x80,0x00,0x00,0x40,0x00,0x00,0x00,0x80,0x00,
	0x08,0x00,0x01,0x81,0x40,0x20,0x00,0x10,0x08,0x00,0x02,0x82,0x00,0x80,0x00,0x00,0x80,0x00,0x00,0x80,
	0x00,0x00,0x81,0x00,0x40,0x00,0x10,0x40,0x00,0x13,0x01,0x83,0x00,0x03,0x00,0xC0,0x00,0x00,0x04,0x01,
	0x00,0x00,0x0C,0x00,0x01,0x86,0x80,0x18,0x00,0x60,0x61,0x00,0x00,0x08,0x00,0x00,0x88,0x00,0x10,0x80,
	0x00,0x01,0x82,0x00,0x10,0x00,0x00,0x00,0x83,0x10,0x40,0x00,0x10,0x40,0x00,0x10,0x20,0x00,0x10,0x00,
	0x00,0x01,0x81,0x00,0x03,0x00,0x40,0x00,0x00,0x00,0x80,0x00,0x08,0x00,0x01,0x85,0x80,0x18,0x00,0x20,
	0x40,0x00,0x00,0x08,0x00,0x00,0x80,0x00,0x00,0x80,0x00,0x00,0x80,0x00,0x02,0x82,0x00,0x40,0x00,0x10,
	0x00,0x00,0x10,0x00,0x00,0x13,0x01,0x80,0x80,0x07,0x00,0x00,0x80,0x40,0x02,0x00,0x02,0x87,0xC0,0x71,
	0x00,0x20,0x40,0x00,0x11,0x00,0x00,0x00,0x08,0x00,0x00,0x4A,0x00,0x00,0x40,0x00,0x00,0x44,0x00,0x10,
	0x40,0x00,0x00,0x82,0x10,0x00,0x00,0x00,0x20,0x00,0x00,0x08,0x00,0x01,0x80,0x80,0x04,0x00,0x00,0x80,
	0x40,0x00,0x00,0x02,0x80,0x40,0x60,0x00,0x07,0x80,0x10,0x00,0x00,0x15,0xA7,0x00,0x3E,0x04,0xF8,0x3E,
	0x04,0x70,0x12,0x06,0xB8,0x17,0x06,0xED,0x24,0x06,0x38,0xF8,0x06,0x63,0x78,0x07,0xE6,0xA0,0x07,0xC0,
	0xF1,0x07,0xC2,0x79,0x07,0x21,0x32,0x06,0x12,0x0E,0x00,0x17,0x4C,0x04,0x13,0x84,0x00,0x13,0x5A,0x00,
	0xEE,0x40,0x00,0x11,0xA0,0x07,0x01,0xFC,0x07,0x01,0xCC,0x07,0x2E,0xA8,0x07,0x02,0x3E,0x00,0x02,0x3E,
	0x00,0x82,0x11,0x00,0xC2,0x10,0x00,0x82,0x30,0x00,0x82,0xE8,0x00,0x82,0x68,0x00,0x83,0x20,0x00,0x43,
	0xE0,0x00,0x23,0x88,0x00,0x13,0x80,0x00,0x03,0x80,0x00,0x0F,0x80,0x00,0x0F,0x80,0x00,0x0F,0x60,0x00,
	0x0F,0x7F,0x00,0xF1,0x7F,0x00,0xE1,0x3F,0x00,0xE1,0x3F,0x00,0xCF,0x3F,0x00,0x13,0xA5,0x00,0x01,0x02,
	0x81,0x21,0x02,0x87,0x08,0x00,0x81,0x08,0x00,0x81,0x48,0x00,0x01,0x10,0x00,0x00,0x50,0x00,0x05,0x00,
	0x00,0xA1,0x20,0x00,0x01,0x08,0x01,0x01,0x00,0x00,0x01,0x00,0x00,0x08,0x00,0x01,0x01,0x00,0x00,0x00,
	0x22,0x00,0x01,0x00,0x04,0x01,0x20,0x00,0x01,0x1C,0x00,0x00,0x2C,0x00,0x01,0x00,0x04,0x00,0x01,0x00,
	0x00,0x21,0x00,0x00,0x08,0x00,0x00,0x08,0x00,0x00,0x48,0x00,0x00,0x10,0x00,0x00,0x50,0x00,0x01,0x00,
	0x00,0x81,0x20,0x00,0x01,0x08,0x00,0x01,0x00,0x00,0x01,0x00,0x00,0x00,0x00,0x01,0x01,0x00,0x00,0x00,
	0x20,0x00,0x01,0x00,0x00,0x01,0x00,0x00,0x01,0x00,0x00,0x15,0x12,0x80,0x00,0x80,0x00,0x27,0x8C,0x87,
	0x20,0x01,0x02,0x00,0x01,0x02,0x01,0x01,0x04,0x20,0x01,0x04,0x00,0x01,0x84,0x88,0x01,0x85,0x38,0x00,
	0x04,0x20,0x00,0x80,0x40,0x00,0x00,0x28,0x00,0x20,0x24,0x00,0x00,0x00,0x01,0x15,0x00,0x00,0x00,0x80,
	0x01,0x00,0x00,0x00,0x80,0x02,0x00,0x00,0x00,0x82,0x03,0x00,0x00,0x00,0x00,0x03,0x84,0x20,0x00,0x00,
	0x81,0x00,0x01,0x00,0x00,0x20,0x00,0x00,0x87,0x00,0x88,0x00,0x00,0x38,0x00,0x00,0x20,0x00,0x80,0x40,
	0x00,0x00,0x28,0x00,0x20,0x00,0x00,0x00,0x00,0x01,0x05,0x00,0x00,0x00,0x80,0x01,0x00,0x00,0x00,0x80,
	0x02,0x00,0x00,0x00,0x80,0x03,0x00,0x00,0x14,0x85,0x41,0x90,0x00,0xCC,0x90,0x00,0x44,0x10,0x00,0xC4,
	0x00,0x00,0x80,0x40,0x00,0x00,0xF0,0x00,0x00,0x83,0x00,0x80,0x00,0x00,0x80,0x01,0x00,0x70,0x00,0x00,
	0x18,0x01,0x00,0x82,0x00,0x80,0x01,0x00,0x20,0x00,0x00,0x20,0x00,0x01,0x80,0x02,0x00,0x00,0x01,0x85,
	0x40,0x10,0x00,0x84,0x10,0x00,0x04,0x10,0x00,0x84,0x00,0x00,0x80,0x40,0x00,0x00,0x70,0x00,0x00,0x80,
	0x00,0x80,0x00,0x00,0x81,0x00,0x30,0x00,0x00,0x00,0x01,0x00,0x80,0x00,0x00,0x01,0x00,0x80,0x00,0x20,
	0x00,0x01,0x80,0x02,0x00,0x00,0x15,0x90,0x26,0x48,0x00,0x32,0x09,0x00,0x22,0x91,0x00,0x02,0xA3,0x00,
	0x46,0xBC,0x00,0x86,0x04,0x00,0x06,0x00,0x00,0x85,0x44,0x00,0x24,0x7C,0x01,0x04,0x38,0x00,0x04,0x00,
	0x01,0x34,0x80,0x03,0x08,0xF0,0x00,0x05,0x98,0x00,0x04,0x12,0x00,0x00,0x00,0x02,0x00,0x20,0x00,0x00,
	0x90,0x10,0x10,0x00,0x00,0x60,0x00,0x22,0x08,0x00,0x02,0x09,0x00,0x02,0x11,0x00,0x02,0x23,0x00,0x06,
	0x3C,0x00,0x86,0x04,0x00,0x06,0x00,0x00,0x84,0x44,0x00,0x04,0x3C,0x00,0x04,0x18,0x00,0x04,0x00,0x01,
	0x14,0x00,0x01,0x08,0x80,0x00,0x00,0x80,0x00,0x00,0x10,0x00,0x18,0x93,0x01,0x20,0x00,0x04,0x49,0x00,
	0x1C,0x50,0x00,0x68,0x5C,0x00,0x62,0x42,0x00,0x40,0x00,0x00,0xC0,0xA4,0x00,0x42,0xE0,0x00,0x02,0x92,
	0x00,0x02,0x1C,0x01,0x02,0x00,0x01,0x02,0xB0,0x01,0x04,0x48,0x00,0x08,0x44,0x00,0x00,0x0C,0x00,0x80,
	0x00,0x02,0x02,0x10,0x00,0x02,0x10,0x00,0x62,0x08,0x00,0x40,0x80,0x01,0x00,0x83,0x00,0x09,0x00,0x00,
	0x10,0x00,0x40,0x1C,0x00,0x40,0x02,0x00,0x00,0x8D,0x80,0x64,0x00,0x02,0xA0,0x00,0x02,0x32,0x00,0x02,
	0x00,0x00,0x02,0x80,0x00,0x02,0xC0,0x00,0x04,0x40,0x00,0x00,0x40,0x00,0x00,0x0C,0x00,0x80,0x00,0x00,
	0x02,0x00,0x00,0x02,0x00,0x00,0x02,0x00,0x00,0x40,0x00,0x00,0x13,0x94,0x1D,0x28,0x00,0x04,0x00,0x00,
	0x06,0x01,0x00,0x32,0x00,0x00,0x08,0x00,0x00,0x6A,0x20,0x00,0x0A,0x20,0x00,0x0A,0x32,0x00,0x00,0x18,
	0x00,0x00,0x82,0x00,0x00,0x80,0x00,0x20,0x38,0x01,0x02,0x20,0x00,0x02,0x20,0x00,0x0A,0x01,0x00,0x02,
	0x00,0x02,0x04,0x00,0x00,0x78,0x00,0x00,0x50,0x00,0x00,0x00,0x00,0x06,0x18,0x08,0x00,0x00,0x81,0x00,
	0x01,0x00,0x20,0x00,0x00,0x00,0x80,0x40,0x20,0x00,0x00,0x81,0x00,0x12,0x00,0x00,0x08,0x00,0x00,0x86,
	0x00,0x40,0x00,0x00,0x30,0x00,0x02,0x20,0x00,0x02,0x20,0x00,0x02,0x00,0x00,0x02,0x00,0x00,0x04,0x00,
	0x00,0x16,0x10,0x80,0x10,0x00,0x00,0x29,0x83,0xD1,0x08,0x00,0x8A,0x01,0x00,0x08,0x01,0x00,0x20,0x00,
	0x00,0x00,0x8D,0x00,0x40,0x00,0x60,0x20,0x00,0x00,0x12,0x00,0x00,0x10,0x00,0x00,0x02,0x00,0x00,0xC0,
	0x00,0x20,0x08,0x02,0x01,0x00,0x00,0x08,0x00,0x00,0x00,0x01,0x00,0x80,0xE0,0x01,0x00,0x10,0x00,0x78,
	0x00,0x00,0x14,0x00,0x00,0x00,0x83,0xD0,0x08,0x00,0x88,0x01,0x00,0x08,0x01,0x00,0x20,0x00,0x00,0x00,
	0x82,0x00,0x40,0x00,0x40,0x00,0x00,0x00,0x12,0x00,0x01,0x80,0x00,0x40,0x00,0x01,0x80,0x08,0x00,0x00,
	0x00,0x80,0x80,0x00,0x00,0x01,0x80,0x04,0x00,0x00,0x14,0x8F,0x20,0x49,0x00,0x00,0x4A,0x00,0x10,0x56,
	0x00,0xD8,0x40,0x00,0x48,0x40,0x00,0x68,0x64,0x00,0x60,0xEC,0x00,0x02,0xC4,0x00,0x80,0x38,0x00,0x40,
	0x9A,0x00,0x40,0x40,0x01,0x01,0x40,0x04,0x32,0x78,0x00,0x12,0x24,0x00,0x09,0x06,0x00,0x68,0x21,0x00,
	0x00,0x92,0x14,0x00,0x00,0x10,0x08,0x00,0x00,0x20,0x00,0x20,0x09,0x00,0x00,0x0A,0x00,0x00,0x16,0x00,
	0xC8,0x00,0x00,0x48,0x00,0x00,0x48,0x64,0x00,0x40,0x2C,0x00,0x00,0xA4,0x00,0x80,0x18,0x00,0x40,0x06,
	0x00,0x00,0x80,0x00,0x00,0x70,0x00,0x10,0x60,0x00,0x00,0x20,0x00,0x08,0x04,0x00,0x08,0x01,0x00,0x00,
	0x80,0x04,0x00,0x00,0x15,0x92,0x0C,0x8E,0x00,0x24,0x94,0x00,0x24,0x88,0x00,0x64,0x80,0x01,0xE4,0xA1,
	0x00,0xC4,0x80,0x00,0xC8,0x50,0x00,0xF9,0xF8,0x00,0x08,0xAF,0x01,0x88,0x9A,0x00,0x48,0x3A,0x01,0x60,
	0x40,0x01,0x40,0x60,0x00,0x00,0x48,0x00,0x02,0x0C,0x00,0x00,0x42,0x00,0x00,0x20,0x00,0x00,0x10,0x00,
	0x20,0x08,0x00,0x00,0x8F,0x04,0x0E,0x00,0x04,0x14,0x00,0x04,0x08,0x00,0x04,0x00,0x00,0x84,0x21,0x00,
	0x84,0x00,0x00,0x88,0x50,0x00,0x88,0xF8,0x00,0x08,0xEF,0x00,0x88,0x7A,0x01,0x48,0x04,0x01,0x20,0x80,
	0x01,0x00,0x80,0x00,0x00,0x40,0x00,0x00,0x08,0x00,0x00,0x02,0x00,0x17,0x88,0x00,0x02,0x01,0xC8,0x10,
	0x01,0xD8,0x10,0x01,0x80,0x00,0x00,0x80,0x20,0x01,0x80,0x01,0x01,0x84,0x00,0x01,0x80,0x01,0x01,0x00,
	0x30,0x00,0x00,0x82,0x80,0x7E,0x00,0x08,0x00,0x00,0x40,0x00,0x01,0x00,0x84,0x08,0x00,0x00,0x80,0x00,
	0x00,0x04,0x00,0x00,0x04,0x00,0x00,0x00,0x14,0x00,0x00,0x82,0x00,0x02,0x00,0x00,0x10,0x00,0x00,0x10,
	0x00,0x00,0x84,0x00,0x20,0x00,0x00,0x01,0x00,0x04,0x00,0x00,0x00,0x01,0x00,0x00,0x30,0x00,0x00,0x82,
	0x00,0x3C,0x00,0x08,0x00,0x00,0x00,0x00,0x01,0x00,0x80,0x08,0x00,0x00,0x00,0x81,0x04,0x00,0x00,0x04,
	0x00,0x00,0x15,0x8F,0x02,0x02,0x00,0x00,0x03,0x00,0x00,0x01,0x00,0x00,0x01,0x01,0x00,0x01,0x01,0x00,
	0x06,0x00,0x00,0x01,0x00,0x24,0x00,0x00,0x04,0x00,0x00,0x04,0x94,0x00,0x00,0x86,0x00,0x00,0x00,0x04,
	0x0C,0x00,0x00,0x18,0x10,0x00,0x10,0x00,0x00,0x09,0x84,0x01,0x00,0x83,0x00,0x20,0x00,0x00,0x10,0x00,
	0x80,0x40,0x00,0x00,0x02,0x00,0x03,0x85,0x00,0x06,0x00,0x00,0x01,0x00,0x04,0x00,0x00,0x04,0x00,0x00,
	0x04,0x94,0x00,0x00,0x04,0x00,0x00,0x81,0x0C,0x00,0x00,0x18,0x00,0x00,0x00,0x80,0x08,0x04,0x00,0x02,
	0x80,0x80,0x00,0x00,0x13,0x3B,0x81,0x02,0x00,0x00,0x00,0x02,0x00,0x00,0x82,0x1C,0x00,0x00,0x04,0x01,
	0x00,0x04,0x06,0x00,0x00,0x80,0x12,0x00,0x00,0x00,0x82,0x00,0x28,0x00,0x04,0x06,0x00,0x05,0x00,0x01,
	0x00,0x83,0x04,0x00,0x00,0x04,0x10,0x00,0x04,0x01,0x02,0x00,0x40,0x00,0x00,0x80,0x04,0x04,0x00,0x05,
	0x80,0x00,0x06,0x00,0x02,0x82,0x00,0x28,0x00,0x04,0x04,0x00,0x04,0x00,0x00,0x00,0x82,0x04,0x00,0x00,
	0x04,0x10,0x00,0x04,0x00,0x00,0x01,0x80,0x04,0x00,0x00,0x14,0x8A,0x0A,0x10,0x01,0x00,0x00,0x01,0x04,
	0x01,0x01,0x08,0x01,0x00,0x10,0x00,0x00,0x00,0x00,0x01,0x04,0x10,0x00,0x01,0x20,0x00,0x80,0x00,0x01,
	0x00,0x29,0x00,0x00,0x88,0x01,0x00,0x80,0x42,0x00,0x00,0x00,0x81,0x00,0x08,0x00,0x01,0x01,0x04,0x01,
	0x82,0x00,0x18,0x00,0x00,0x00,0x04,0x00,0x10,0x00,0x04,0x84,0x00,0x10,0x00,0x00,0x20,0x00,0x00,0x00,
	0x01,0x00,0x29,0x00,0x00,0x08,0x00,0x1C,0x8A,0x00,0x0C,0x00,0xA0,0x19,0x00,0x80,0x10,0x00,0x88,0x10,
	0x00,0x80,0x00,0x00,0x80,0x01,0x00,0x00,0x01,0x01,0x01,0x00,0x00,0x00,0x20,0x00,0x00,0x91,0x00,0x00,
	0x30,0x00,0x00,0x80,0x01,0x00,0x00,0x01,0x80,0x00,0x04,0x00,0x01,0x85,0x00,0x20,0x00,0x00,0x00,0x02,
	0x00,0x0C,0x00,0x00,0x18,0x00,0x00,0x10,0x00,0x00,0x10,0x00,0x00,0x81,0x00,0x01,0x00,0x00,0x01,0x00,
	0x00,0x82,0x00,0x20,0x00,0x00,0x91,0x00,0x00,0x30,0x00,0x03,0x80,0x00,0x04,0x00,0x17,0x8F,0x08,0x81,
	0x00,0x40,0x10,0x00,0x04,0x98,0x00,0x00,0xA0,0x00,0x10,0x80,0x00,0x04,0x00,0x00,0x84,0x00,0x00,0x02,
	0x01,0x00,0x80,0x80,0x00,0x00,0xC0,0x00,0x00,0x60,0x01,0x00,0x00,0x03,0x04,0x00,0x00,0x14,0x10,0x00,
	0x04,0x08,0x00,0x84,0x00,0x00,0x01,0x85,0x04,0x20,0x00,0x00,0x80,0x01,0x00,0x01,0x00,0x00,0x10,0x00,
	0x00,0x18,0x00,0x00,0x20,0x00,0x02,0x82,0x00,0x01,0x00,0x00,0x80,0x00,0x00,0x40,0x00,0x01,0x83,0x04,
	0x00,0x00,0x14,0x00,0x00,0x04,0x00,0x00,0x04,0x00,0x00,0x01,0x80,0x04,0x00,0x00,0x14,0x80,0x80,0x80,
	0x00,0x00,0x82,0x40,0x00,0x00,0x04,0x20,0x00,0x04,0x03,0x00,0x01,0x84,0x80,0x00,0x00,0x00,0x20,0x00,
	0x00,0x08,0x00,0x00,0x1C,0x00,0x04,0x00,0x00,0x01,0x82,0x02,0x00,0x00,0x20,0x00,0x00,0x00,0x80,0x05,
	0x00,0x80,0x00,0x00,0x04,0x00,0x80,0x80,0x00,0x00,0x01,0x81,0x00,0x20,0x00,0x00,0x03,0x00,0x02,0x81,
	0x00,0x20,0x00,0x00,0x08,0x00,0x00,0x80,0x04,0x00,0x00,0x1B,0x3B,0x87,0x00,0x06,0x00,0xA0,0x13,0x00,
	0x40,0x1A,0x00,0x04,0x02,0x00,0x04,0x04,0x00,0x00,0x08,0x00,0x00,0x10,0x00,0x90,0x00,0x00,0x00,0x80,
	0x00,0x10,0x00,0x00,0x81,0x04,0x00,0x02,0x40,0x00,0x00,0x01,0x81,0x44,0x00,0x00,0x00,0x00,0x02,0x00,
	0x80,0x00,0x20,0x03,0x00,0x86,0x00,0x06,0x00,0x80,0x13,0x00,0x00,0x1A,0x00,0x00,0x02,0x00,0x00,0x04,
	0x00,0x00,0x08,0x00,0x00,0x10,0x00,0x01,0x80,0x00,0x10,0x00,0x00,0x80,0x04,0x00,0x00,0x02,0x80,0x04,
	0x00,0x00,0x17,0x89,0x00,0x24,0x00,0xC4,0x0C,0x00,0x04,0x00,0x00,0x00,0x15,0x00,0x00,0x88,0x00,0x04,
	0x10,0x00,0x80,0x00,0x00,0x00,0x01,0x00,0x00,0x30,0x00,0x00,0x20,0x00,0x01,0x86,0x20,0x00,0x00,0x10,
	0x00,0x00,0x20,0x00,0x00,0x38,0x02,0x00,0x00,0x00,0x04,0x00,0x40,0x00,0x04,0x00,0x00,0x00,0x81,0x00,
	0x24,0x00,0x80,0x0C,0x00,0x00,0x82,0x00,0x15,0x00,0x00,0x08,0x00,0x00,0x10,0x00,0x00,0x82,0x00,0x01,
	0x00,0x00,0x30,0x00,0x00,0x20,0x00,0x02,0x80,0x10,0x00,0x00,0x00,0x80,0x38,0x02,0x00,0x01,0x80,0x04,
	0x00,0x00,0x14,0x92,0x80,0x00,0x01,0x00,0x38,0x00,0x80,0x1D,0x00,0x80,0x18,0x00,0x80,0x10,0x00,0x80,
	0x21,0x01,0x00,0x21,0x01,0x20,0x60,0x00,0x00,0x11,0x00,0x80,0x7F,0x00,0xC0,0x00,0x00,0x40,0x00,0x00,
	0x20,0x00,0x04,0xE2,0x01,0x00,0xF0,0x17,0x00,0xC0,0x01,0x00,0x00,0x00,0x04,0x00,0x86,0x00,0x00,0x00,
	0x01,0x00,0x8B,0x80,0x00,0x00,0x00,0x38,0x00,0x00,0x1D,0x00,0x00,0x18,0x00,0x00,0x10,0x00,0x00,0x21,
	0x00,0x00,0x21,0x00,0x00,0x60,0x00,0x00,0x11,0x00,0x80,0x00,0x00,0x40,0x00,0x00,0x20,0x00,0x00,0x01,
	0x81,0x30,0x10,0x00,0xC0,0x01,0x00,0x17,0x88,0x00,0x41,0x00,0x80,0x31,0x01,0x00,0x91,0x00,0x00,0xA1,
	0x00,0x00,0x61,0x01,0x00,0x40,0x00,0x00,0x40,0x00,0x40,0x00,0x00,0x00,0x66,0x00,0x00,0x84,0x60,0x00,
	0x00,0x20,0x00,0x00,0xE1,0x01,0x01,0x01,0x02,0x00,0x40,0x00,0x00,0x01,0x81,0x00,0x08,0x00,0x00,0x89,
	0x06,0x00,0x86,0x00,0x41,0x00,0x00,0x31,0x00,0x00,0x11,0x00,0x00,0x21,0x00,0x00,0x61,0x00,0x00,0x40,
	0x00,0x00,0x40,0x00,0x00,0x80,0x00,0x60,0x00,0x00,0x80,0x20,0x00,0x00,0x00,0x80,0x20,0x00,0x01,0x00,
	0x80,0x40,0x00,0x00,0x18,0x80,0x00,0x00,0x02,0x00,0x81,0x00,0x20,0x01,0x00,0x40,0x01,0x00,0x80,0x04,
	0x00,0x00,0x01,0x80,0x00,0xC0,0x00,0x00,0x85,0x20,0x00,0x00,0x05,0x00,0x00,0x22,0x01,0x01,0x01,0x02,
	0x00,0x40,0x00,0x00,0x04,0x00,0x00,0x00,0x81,0x00,0x82,0x00,0x04,0x89,0x00,0x02,0x81,0x00,0x20,0x00,
	0x00,0x40,0x00,0x03,0x80,0x00,0xC0,0x00,0x00,0x82,0x20,0x00,0x00,0x04,0x00,0x00,0x20,0x00,0x01,0x00,
	0x81,0x40,0x00,0x00,0x04,0x00,0x00,0x01,0x80,0x04,0x00,0x00,0x14,0x3B,0x85,0x00,0x1C,0x00,0x04,0x18,
	0x02,0x04,0x02,0x02,0x1C,0x40,0x02,0x04,0x00,0x02,0x00,0x00,0x02,0x00,0x88,0x40,0x80,0x00,0x00,0x07,
	0x01,0x80,0xF1,0x00,0x85,0x00,0x00,0xE2,0x00,0x00,0xC0,0x00,0x04,0xC2,0x11,0x00,0xE0,0x17,0x00,0xE0,
	0x03,0x00,0x00,0x86,0x00,0x0C,0x00,0x20,0x20,0x06,0x04,0x00,0x00,0x00,0x1C,0x00,0x00,0x18,0x00,0x00,
	0x02,0x00,0x00,0x40,0x00,0x02,0x84,0x00,0x80,0x00,0x00,0x01,0x01,0x80,0x00,0x00,0x44,0x00,0x00,0x20,
	0x00,0x00,0x01,0x81,0x20,0x10,0x00,0xE0,0x03,0x00,0x17,0x8C,0x00,0x62,0x00,0x00,0x07,0x00,0x00,0x3C,
	0x00,0x00,0x3E,0x00,0x00,0x60,0x02,0x00,0x00,0x02,0x02,0x00,0x00,0xC0,0xDC,0x00,0x04,0x3C,0x00,0x04,
	0x48,0x00,0x02,0x00,0x00,0xC0,0x00,0x00,0x60,0x00,0x00,0x00,0x80,0x02,0x00,0x00,0x00,0x82,0x04,0x80,
	0x07,0x04,0x40,0x00,0x00,0x20,0x01,0x00,0x84,0x00,0x62,0x00,0x00,0x06,0x00,0x00,0x3C,0x00,0x00,0x3E,
	0x00,0x00,0x60,0x00,0x01,0x82,0x00,0xDC,0x00,0x04,0x3C,0x00,0x04,0x40,0x00,0x00,0x81,0x40,0x00,0x00,
	0x20,0x00,0x00,0x02,0x81,0x04,0x00,0x00,0x04,0x00,0x00,0x15,0x87,0x00,0x10,0x00,0x00,0x10,0x02,0x18,
	0x21,0x02,0x00,0x00,0x02,0x00,0x90,0x00,0x01,0x41,0x00,0x01,0x78,0x00,0x04,0x20,0x00,0x00,0x81,0x00,
	0x31,0x00,0x80,0x00,0x00,0x00,0x83,0x08,0x00,0x00,0x08,0x00,0x00,0x08,0x18,0x00,0x00,0x04,0x02,0x01,
	0x80,0x40,0xB0,0x00,0x04,0x83,0x00,0x10,0x00,0x00,0x41,0x00,0x00,0x78,0x00,0x04,0x20,0x00,0x00,0x81,
	0x00,0x31,0x00,0x80,0x00,0x00,0x00,0x83,0x08,0x00,0x00,0x08,0x00,0x00,0x08,0x10,0x00,0x00,0x04,0x00,
	0x17,0x82,0x00,0x18,0x02,0x08,0x00,0x00,0x00,0x20,0x00,0x00,0x82,0x04,0xC2,0x00,0x04,0x00,0x00,0x04,
	0x00,0x00,0x01,0x83,0x00,0x01,0x01,0x8A,0x00,0x00,0x08,0x00,0x00,0x00,0x00,0x01,0x00,0x81,0x02,0x00,
	0x00,0x80,0x04,0x02,0x01,0x81,0x40,0x12,0x00,0x80,0x00,0x00,0x03,0x82,0x04,0x02,0x00,0x04,0x00,0x00,
	0x04,0x00,0x00,0x01,0x83,0x00,0x01,0x01,0x88,0x00,0x00,0x08,0x00,0x00,0x00,0x00,0x01,0x01,0x80,0x00,
	0x04,0x00,0x02,0x80,0x80,0x00,0x00,0x13,0xA7,0x14,0x08,0x06,0xDC,0x10,0x06,0x8C,0x00,0x06,0x0C,0xD0,
	0x06,0x08,0x94,0x05,0x19,0xCF,0x05,0x1B,0xC6,0x05,0x6B,0x03,0x07,0x6B,0x03,0x06,0x2B,0x89,0x06,0xA2,
	0x00,0x07,0x80,0x00,0x05,0xC0,0x00,0x00,0x29,0x60,0x00,0x29,0x00,0x00,0x3C,0x03,0x00,0x5C,0x80,0x07,
	0x1C,0xC0,0x07,0x3C,0x62,0x00,0x43,0x00,0x00,0x18,0xFF,0x07,0x18,0xFF,0x07,0x18,0xFF,0x07,0x18,0xFE,
	0x07,0x1C,0xF2,0x07,0x0C,0xC1,0x07,0x0C,0xF8,0x07,0x0C,0xFD,0x07,0x0C,0xFD,0x07,0x0C,0x70,0x07,0x84,
	0x00,0x06,0x04,0x00,0x06,0x44,0x00,0x07,0x6C,0x80,0x07,0x6C,0xF0,0x07,0x3C,0xFC,0x07,0xDC,0xFF,0x07,
	0xDC,0xFF,0x07,0xDC,0xFF,0x07,0x87,0xFF,0x07,0x13,0x3B,0xA0,0x98,0x00,0x00,0x28,0x01,0x00,0x48,0x01,
	0x00,0x88,0xD0,0x00,0x08,0x20,0x03,0x18,0x09,0x02,0x18,0x3D,0x02,0x18,0xE0,0x00,0x18,0x81,0x01,0x18,
	0x00,0x00,0x98,0x00,0x00,0x18,0x00,0x00,0x98,0x00,0x00,0x11,0x00,0x00,0x02,0x00,0x00,0x10,0x00,0x00,
	0x10,0x00,0x00,0x54,0x00,0x00,0x14,0x00,0x00,0x34,0x00,0x00,0x98,0x00,0x00,0x18,0x00,0x00,0x18,0x00,
	0x00,0x18,0x01,0x00,0x18,0x01,0x00,0x08,0x01,0x00,0x08,0x01,0x00,0x08,0x00,0x00,0x08,0x00,0x00,0x08,
	0x00,0x00,0x88,0x00,0x00,0x08,0x00,0x00,0x08,0x00,0x00,0x01,0x84,0x10,0x00,0x00,0x10,0x00,0x00,0x14,
	0x00,0x00,0x14,0x00,0x00,0x34,0x00,0x00,0x13,0x8B,0xC8,0x00,0x00,0x48,0x00,0x00,0x20,0x00,0x00,0x40,
	0x00,0x00,0xC0,0xF8,0x00,0x80,0xC1,0x01,0x00,0x91,0x01,0x80,0x1D,0x01,0xC0,0x78,0x00,0xA0,0xE0,0x01,
	0xA0,0x80,0x01,0x80,0x00,0x00,0x00,0x9A,0x50,0x00,0x00,0x41,0x00,0x00,0x0F,0x00,0x00,0x4C,0x00,0x00,
	0x48,0x00,0x00,0x08,0x00,0x00,0x08,0x00,0x00,0x4C,0x00,0x00,0xCC,0x00,0x00,0x8C,0x00,0x00,0x8C,0x00,
	0x00,0x8C,0x00,0x00,0x8C,0x00,0x00,0x8C,0x00,0x00,0x8C,0x00,0x00,0x8C,0x00,0x00,0x8C,0x00,0x00,0x0C,
	0x00,0x00,0x0C,0x00,0x00,0x0C,0x00,0x00,0x4C,0x00,0x00,0x4C,0x00,0x00,0x0C,0x00,0x00,0x0C,0x00,0x00,
	0x08,0x00,0x00,0x08,0x00,0x00,0x08,0x00,0x00,0x13,0xA7,0x42,0x00,0x00,0x52,0x00,0x00,0x36,0x00,0x00,
	0x06,0x00,0x00,0x26,0x00,0x00,0x66,0x38,0x00,0xE6,0x6C,0x00,0xC6,0xC2,0x00,0x66,0x87,0x01,0x44,0x1C,
	0x01,0x54,0x78,0x01,0x54,0xE0,0x01,0x14,0x80,0x01,0x4C,0x00,0x00,0x4C,0x00,0x00,0x64,0x00,0x00,0x26,
	0x00,0x00,0x26,0x00,0x00,0x26,0x00,0x00,0x26,0x00,0x00,0x20,0x00,0x00,0x20,0x00,0x00,0x64,0x00,0x00,
	0x64,0x00,0x00,0x44,0x00,0x00,0x44,0x00,0x00,0x44,0x00,0x00,0x44,0x00,0x00,0x44,0x00,0x00,0x46,0x00,
	0x00,0x46,0x00,0x00,0x46,0x00,0x00,0x46,0x00,0x00,0x06,0x00,0x00,0x06,0x00,0x00,0x26,0x00,0x00,0x26,
	0x00,0x00,0x26,0x00,0x00,0x26,0x00,0x00,0x26,0x00,0x00,0x13,0xA2,0x06,0x00,0x00,0x06,0x00,0x00,0x2A,
	0x00,0x00,0x2E,0x00,0x00,0x06,0x00,0x00,0x16,0x00,0x00,0x16,0x00,0x00,0x36,0x3E,0x00,0xD6,0x70,0x00,
	0xF4,0xC3,0x00,0x6C,0x00,0x00,0x6C,0x1C,0x00,0x2C,0x70,0x00,0x24,0xE0,0x03,0x20,0x00,0x01,0x21,0x00,
	0x00,0x20,0x00,0x00,0x20,0x00,0x00,0x21,0x00,0x00,0x21,0x00,0x00,0x16,0x00,0x00,0x16,0x00,0x00,0x12,
	0x00,0x00,0x12,0x00,0x00,0x32,0x00,0x00,0x22,0x00,0x00,0x22,0x00,0x00,0x22,0x00,0x00,0x22,0x00,0x00,
	0x20,0x00,0x00,0x20,0x00,0x00,0x20,0x00,0x00,0x20,0x00,0x00,0x20,0x00,0x00,0x20,0x00,0x00,0x02,0x81,
	0x01,0x00,0x00,0x01,0x00,0x00,0x13,0x00,0x90,0x08,0x00,0x00,0x08,0x00,0x00,0x18,0x00,0x00,0x18,0x00,
	0x00,0x08,0x00,0x00,0x08,0x00,0x00,0x08,0x00,0x00,0x18,0x0F,0x00,0x38,0x0F,0x00,0x31,0x38,0x00,0x31,
	0x7C,0x02,0x25,0x70,0x02,0x25,0x60,0x04,0x21,0x80,0x06,0x00,0x00,0x01,0x01,0x80,0x00,0x01,0x00,0x00,
	0x01,0x83,0x08,0x00,0x00,0x08,0x00,0x00,0x08,0x00,0x00,0x08,0x00,0x00,0x00,0x86,0x10,0x00,0x00,0x10,
	0x00,0x00,0x10,0x00,0x00,0x10,0x00,0x00,0x10,0x00,0x00,0x10,0x00,0x00,0x10,0x00,0x00,0x03,0x81,0x01,
	0x00,0x00,0x01,0x00,0x00,0x15,0x3B,0x94,0x04,0x00,0x00,0x08,0x00,0x00,0x08,0x00,0x00,0x0C,0x00,0x00,
	0x04,0x00,0x00,0x05,0x00,0x00,0x05,0x00,0x00,0x09,0x00,0x00,0x1D,0x00,0x00,0x1D,0x70,0x00,0x14,0xC0,
	0x00,0x14,0x80,0x03,0x00,0x80,0x07,0x00,0x80,0x03,0x08,0x80,0x07,0x09,0x00,0x01,0x08,0x80,0x04,0x08,
	0x00,0x00,0x08,0x00,0x00,0x08,0x00,0x00,0x04,0x00,0x00,0x02,0x85,0x08,0x00,0x00,0x08,0x00,0x00,0x08,
	0x00,0x00,0x08,0x00,0x00,0x08,0x00,0x00,0x08,0x00,0x00,0x01,0x87,0x10,0x00,0x00,0x10,0x00,0x00,0x18,
	0x00,0x00,0x19,0x00,0x00,0x18,0x00,0x00,0x18,0x00,0x00,0x18,0x00,0x00,0x18,0x00,0x00,0x13,0x84,0x05,
	0x00,0x00,0x01,0x00,0x00,0x01,0x00,0x00,0x01,0x00,0x00,0x01,0x00,0x00,0x01,0x8C,0x08,0x00,0x00,0x0C,
	0x00,0x00,0x0C,0x40,0x01,0x05,0x00,0x00,0x01,0x00,0x00,0x01,0x00,0x04,0x01,0x00,0x04,0x0D,0x00,0x00,
	0x08,0x00,0x00,0x08,0x00,0x04,0x08,0x00,0x00,0x08,0x00,0x00,0x08,0x00,0x00,0x00,0x92,0x04,0x00,0x00,
	0x04,0x00,0x00,0x04,0x00,0x00,0x04,0x00,0x00,0x04,0x00,0x00,0x04,0x00,0x00,0x04,0x00,0x00,0x04,0x00,
	0x00,0x04,0x00,0x00,0x0D,0x00,0x00,0x09,0x00,0x00,0x09,0x00,0x00,0x09,0x00,0x00,0x05,0x00,0x00,0x04,
	0x00,0x00,0x04,0x00,0x00,0x04,0x00,0x00,0x04,0x00,0x00,0x04,0x00,0x00,0x13,0x8A,0x02,0x00,0x00,0x02,
	0x00,0x00,0x02,0x00,0x00,0x02,0x00,0x00,0x03,0x00,0x00,0x01,0x00,0x00,0x01,0x00,0x00,0x05,0x00,0x02,
	0x05,0x00,0x00,0x05,0x00,0x05,0x04,0x00,0x00,0x00,0x80,0x04,0x00,0x00,0x00,0x85,0x06,0x00,0x00,0x02,
	0x00,0x00,0x02,0x00,0x00,0x02,0x00,0x00,0x02,0x00,0x00,0x02,0x00,0x00,0x03,0x85,0x01,0x00,0x00,0x01,
	0x00,0x00,0x01,0x00,0x00,0x01,0x00,0x00,0x01,0x00,0x00,0x01,0x00,0x00,0x00,0x82,0x04,0x00,0x00,0x04,
	0x00,0x00,0x04,0x00,0x00,0x19,0x83,0x01,0x00,0x00,0x01,0x00,0x00,0x01,0x00,0x00,0x01,0x00,0x00,0x00,
	0x87,0x02,0x00,0x00,0x02,0x00,0x00,0x02,0x00,0x02,0x02,0x00,0x00,0x02,0x00,0x04,0x02,0x00,0x00,0x02,
	0x00,0x00,0x04,0x00,0x00,0x01,0x88,0x01,0x00,0x00,0x01,0x00,0x00,0x01,0x00,0x00,0x01,0x00,0x00,0x01,
	0x00,0x00,0x01,0x00,0x00,0x01,0x00,0x00,0x01,0x00,0x00,0x01,0x00,0x00,0x23,0x0B,0x82,0x02,0x00,0x00,
	0x02,0x00,0x00,0x01,0x00,0x00,0x2C,0x3B,0x92,0x8D,0x18,0x00,0x0E,0x06,0x06,0x7E,0x9F,0x07,0x3E,0x0E,
	0x07,0xFE,0x15,0x06,0xBF,0x12,0x01,0xFC,0x9F,0x00,0x5D,0x8F,0x05,0x42,0x17,0x01,0x89,0x03,0x00,0x91,
	0x07,0x00,0x89,0x01,0x02,0x01,0x03,0x06,0x01,0x01,0x05,0x00,0x01,0x03,0x04,0x00,0x01,0x60,0x00,0x00,
	0x24,0x00,0x00,0x08,0x00,0x00,0x00,0x93,0xFF,0xFF,0x07,0xFF,0xFF,0x07,0xFF,0xFF,0x07,0xFF,0xFF,0x07,
	0xFF,0xFB,0x07,0xBF,0xF1,0x07,0xFF,0xF0,0x07,0xFF,0xF0,0x07,0xFF,0xF8,0x07,0x7F,0xFC,0x07,0x0F,0xF8,
	0x07,0x07,0xF2,0x03,0x07,0xE0,0x07,0x07,0xE0,0x07,0x07,0xE0,0x07,0x03,0xE0,0x07,0x03,0xE0,0x07,0x03,
	0xE0,0x07,0x07,0xE0,0x07,0x0F,0xE0,0x07,0x04,0x80,0x40,0x00,0x00,0x04,0x80,0x00,0x00,0x04,0x07,0x8C,
	0x80,0x10,0x00,0x08,0x06,0x04,0x20,0x89,0x00,0x28,0x08,0x00,0x00,0x03,0x00,0x60,0x00,0x00,0x00,0x04,
	0x00,0x40,0x08,0x00,0x00,0x10,0x00,0x40,0x00,0x00,0x10,0x00,0x00,0x00,0x10,0x00,0x00,0x02,0x00,0x00,
	0x80,0x00,0x01,0x00,0x00,0x83,0x40,0x00,0x00,0x30,0x00,0x00,0x08,0x00,0x00,0x08,0x61,0x00,0x03,0x83,
	0x00,0x02,0x00,0x40,0x00,0x00,0x00,0x04,0x00,0x00,0x08,0x00,0x00,0x80,0x40,0x00,0x00,0x00,0x80,0x00,
	0x10,0x00,0x06,0x80,0x08,0x60,0x00,0x04,0x80,0x40,0x00,0x00,0x0D,0x80,0x04,0x00,0x00,0x02,0x82,0x00,
	0x08,0x00,0x00,0x05,0x00,0x20,0x04,0x00,0x00,0x83,0x02,0x00,0x00,0x28,0x00,0x00,0x08,0x0A,0x00,0x88,
	0x02,0x00,0x01,0x85,0x04,0x01,0x02,0x04,0x00,0x00,0x20,0x10,0x00,0x04,0x00,0x00,0x0C,0x20,0x00,0x08,
	0xA0,0x00,0x03,0x82,0x00,0x08,0x00,0x00,0x01,0x00,0x00,0x04,0x00,0x01,0x82,0x20,0x00,0x00,0x08,0x0A,
	0x00,0x00,0x02,0x00,0x01,0x80,0x04,0x00,0x00,0x02,0x81,0x04,0x20,0x00,0x00,0x80,0x00,0x13,0x02,0x83,
	0x00,0x06,0x04,0x00,0x07,0x00,0x00,0x08,0x00,0x80,0x08,0x00,0x00,0x82,0x82,0x04,0x00,0xD0,0x04,0x00,
	0x00,0x04,0x00,0x01,0x82,0x04,0x10,0x00,0x00,0x10,0x02,0x00,0x11,0x00,0x00,0x82,0x08,0x00,0x00,0x00,
	0x61,0x00,0x04,0x0A,0x01,0x03,0x80,0x00,0x01,0x00,0x00,0x80,0x00,0x08,0x00,0x00,0x81,0x80,0x04,0x00,
	0x10,0x04,0x00,0x02,0x80,0x04,0x00,0x00,0x03,0x81,0x00,0x40,0x00,0x04,0x00,0x01,0x13,0x01,0x83,0x00,
	0x10,0x00,0x00,0x06,0x00,0x20,0x00,0x02,0x00,0x04,0x00,0x00,0x83,0x00,0x04,0x00,0x02,0x00,0x00,0xA0,
	0x00,0x00,0x00,0x19,0x00,0x00,0x80,0x00,0x10,0x00,0x00,0x85,0x04,0x00,0x00,0x00,0x10,0x00,0x02,0x10,
	0x00,0x1A,0x20,0x00,0x00,0x80,0x00,0x04,0x10,0x00,0x02,0x80,0x00,0x06,0x00,0x00,0x80,0x00,0x04,0x00,
	0x00,0x81,0x00,0x04,0x00,0x40,0x00,0x00,0x00,0x80,0x00,0x11,0x00,0x03,0x83,0x00,0x10,0x00,0x02,0x00,
	0x00,0x02,0x20,0x00,0x00,0x80,0x00,0x14,0x0D,0x80,0x00,0x00,0x02,0x2C,0x01,0x83,0x00,0x02,0x00,0x00,
	0x07,0x00,0x00,0x06,0x02,0x80,0x0C,0x00,0x00,0x88,0x80,0x00,0x00,0xE0,0x00,0x00,0x18,0x0C,0x00,0x88,
	0x03,0x00,0x00,0x00,0x04,0x04,0x02,0x00,0x00,0x10,0x00,0x00,0x10,0x00,0x02,0x11,0x00,0x00,0x82,0x02,
	0x61,0x00,0x0A,0x4A,0x01,0x02,0xB0,0x01,0x02,0x80,0x00,0x01,0x00,0x00,0x80,0x00,0x0C,0x00,0x00,0x88,
	0x80,0x00,0x00,0x20,0x00,0x00,0x08,0x08,0x00,0x00,0x03,0x00,0x00,0x00,0x04,0x04,0x00,0x00,0x00,0x10,
	0x00,0x00,0x10,0x00,0x02,0x10,0x00,0x00,0x82,0x00,0x40,0x00,0x02,0x00,0x01,0x02,0x90,0x01,0x0A,0x80,
	0x00,0x00,0x04,0x07,0x01,0x8C,0x00,0x02,0x00,0x00,0x08,0x00,0x80,0x08,0x02,0x00,0x08,0x00,0x40,0x04,
	0x00,0x40,0x00,0x00,0x30,0x04,0x00,0x80,0x00,0x00,0x00,0x10,0x00,0x04,0x10,0x00,0x00,0x10,0x00,0x04,
	0x08,0x00,0x02,0x00,0x00,0x00,0x83,0x02,0x20,0x00,0x00,0x80,0x00,0x06,0x40,0x00,0x00,0x60,0x00,0x01,
	0x82,0x00,0x06,0x00,0x00,0x08,0x00,0x00,0x08,0x00,0x00,0x82,0x00,0x04,0x00,0x40,0x00,0x00,0x10,0x04,
	0x00,0x00,0x82,0x00,0x10,0x00,0x04,0x10,0x00,0x00,0x10,0x00,0x00,0x80,0x02,0x00,0x00,0x00,0x83,0x00,
	0x20,0x00,0x00,0x80,0x00,0x00,0x10,0x00,0x00,0x60,0x00,0x13,0x00,0x84,0x00,0x00,0x01,0x00,0x03,0x00,
	0x00,0x0E,0x00,0x00,0x00,0x02,0x00,0x04,0x00,0x00,0x88,0x20,0x04,0x00,0x10,0x00,0x00,0x08,0x08,0x00,
	0x04,0x00,0x00,0x00,0x08,0x00,0x04,0x08,0x00,0x02,0x01,0x00,0x00,0x01,0x00,0x0A,0x00,0x00,0x00,0x82,
	0x01,0x03,0x00,0x01,0x49,0x01,0x03,0x00,0x00,0x01,0x81,0x00,0x01,0x00,0x00,0x08,0x00,0x00,0x80,0x00,
	0x04,0x00,0x00,0x80,0x20,0x00,0x00,0x01,0x80,0x04,0x00,0x00,0x01,0x80,0x02,0x00,0x00,0x02,0x82,0x01,
	0x00,0x00,0x01,0x60,0x01,0x01,0x00,0x00,0x13,0x01,0x82,0x00,0x05,0x00,0x80,0x00,0x00,0x80,0x08,0x02,
	0x00,0x86,0x80,0x00,0x00,0xD0,0x04,0x00,0x00,0x0C,0x00,0x00,0x08,0x00,0x00,0x08,0x00,0x00,0x01,0x00,
	0x00,0x01,0x00,0x02,0x83,0x01,0x00,0x00,0x05,0x30,0x00,0x01,0x80,0x00,0x03,0x01,0x00,0x02,0x81,0x80,
	0x00,0x00,0x80,0x00,0x00,0x00,0x80,0x80,0x00,0x00,0x00,0x80,0x00,0x08,0x00,0x06,0x80,0x01,0x00,0x00,
	0x00,0x80,0x00,0x80,0x00,0x14,0x00,0x81,0x00,0x03,0x00,0x80,0x84,0x00,0x00,0x80,0x00,0x04,0x02,0x01,
	0x80,0x00,0x02,0x00,0x01,0x81,0x00,0x01,0x00,0x00,0x08,0x00,0x00,0x81,0x00,0x02,0x00,0x02,0x08,0x02,
	0x00,0x82,0x0C,0x40,0x00,0x04,0x00,0x00,0x06,0x08,0x00,0x01,0x81,0x00,0x03,0x00,0x80,0x00,0x00,0x00,
	0x80,0x00,0x04,0x00,0x01,0x80,0x00,0x02,0x00,0x02,0x80,0x00,0x08,0x00,0x03,0x81,0x00,0x40,0x00,0x04,
	0x00,0x00,0x15,0x05,0x80,0x00,0x00,0x04,0x34,0x01,0x80,0x40,0x00,0x00,0x01,0x80,0x80,0x00,0x00,0x00,
	0x80,0x10,0x00,0x00,0x00,0x81,0x08,0x00,0x00,0x04,0x08,0x00,0x03,0x84,0x08,0x00,0x00,0x0C,0x40,0x00,
	0x04,0x82,0x00,0x00,0x02,0x00,0x06,0x06,0x00,0x04,0x80,0x80,0x00,0x00,0x03,0x80,0x04,0x08,0x00,0x04,
	0x81,0x00,0x40,0x00,0x04,0x80,0x00,0x00,0x80,0x02,0x00,0x00,0x13,0x00,0x82,0x00,0x02,0x00,0x00,0x04,
	0x00,0x00,0x04,0x00,0x02,0x84,0x60,0x00,0x00,0x10,0x00,0x00,0x00,0x01,0x00,0x00,0x08,0x00,0x04,0x08,
	0x00,0x00,0x81,0x00,0x02,0x00,0x02,0x00,0x00,0x02,0x81,0x06,0x00,0x00,0x02,0x04,0x00,0x00,0x82,0x00,
	0x02,0x00,0x00,0x04,0x00,0x00,0x04,0x00,0x02,0x80,0x20,0x00,0x00,0x01,0x81,0x00,0x08,0x00,0x04,0x08,
	0x00,0x05,0x81,0x04,0x00,0x00,0x02,0x00,0x00,0x13,0x00,0x83,0x00,0x01,0x00,0x00,0x06,0x00,0xC0,0x00,
	0x00,0x40,0x00,0x00,0x01,0x83,0x80,0x00,0x00,0x30,0x04,0x00,0x08,0x01,0x00,0x08,0x00,0x00,0x00,0x81,
	0x04,0x00,0x00,0x02,0x00,0x00,0x00,0x84,0x02,0x10,0x00,0x01,0x00,0x00,0x0D,0x00,0x00,0x04,0x00,0x00,
	0x06,0x00,0x00,0x00,0x80,0x00,0x01,0x00,0x00,0x80,0x40,0x00,0x00,0x03,0x81,0x10,0x00,0x00,0x08,0x00,
	0x00,0x02,0x80,0x02,0x00,0x00,0x00,0x81,0x00,0x10,0x00,0x01,0x00,0x00,0x00,0x81,0x04,0x00,0x00,0x04,
	0x00,0x00,0x13,0x00,0x89,0x00,0x02,0x00,0x00,0x03,0x00,0x00,0x04,0x00,0x40,0x00,0x00,0x40,0x04,0x00,
	0x00,0x02,0x00,0x40,0x00,0x00,0x02,0x00,0x00,0x10,0x00,0x00,0x00,0x01,0x02,0x00,0x87,0x04,0x00,0x00,
	0x04,0x02,0x00,0x02,0x00,0x00,0x02,0x00,0x00,0x02,0x20,0x00,0x01,0x00,0x00,0x04,0x00,0x00,0x05,0x08,
	0x00,0x01,0x80,0x00,0x02,0x00,0x00,0x80,0x40,0x00,0x00,0x00,0x81,0x00,0x02,0x00,0x40,0x00,0x00,0x03,
	0x80,0x04,0x00,0x00,0x00,0x85,0x02,0x00,0x00,0x02,0x00,0x00,0x00,0x20,0x00,0x01,0x00,0x00,0x09,0x00,
	0x00,0x0C,0x08,0x00,0x13,0x01,0x80,0x00,0x02,0x00,0x01,0x80,0x40,0x00,0x00,0x01,0x81,0xE0,0x04,0x00,
	0x00,0x08,0x00,0x00,0x80,0x08,0x00,0x00,0x00,0x86,0x04,0x00,0x00,0x04,0x08,0x00,0x00,0x10,0x00,0x02,
	0x00,0x00,0x0A,0x70,0x00,0x0A,0x00,0x00,0x0D,0x08,0x00,0x04,0x80,0x40,0x00,0x00,0x01,0x80,0x20,0x00,
	0x00,0x03,0x80,0x04,0x00,0x00,0x00,0x84,0x00,0x10,0x00,0x02,0x00,0x00,0x00,0x40,0x00,0x08,0x00,0x00,
	0x09,0x08,0x00,0x13,0x3B,0x00,0x85,0x00,0x04,0x00,0x80,0x01,0x00,0x00,0x03,0x00,0x00,0x02,0x00,0x00,
	0x02,0x00,0x40,0x00,0x00,0x00,0x8B,0x00,0x08,0x00,0xB8,0x00,0x00,0x00,0x08,0x02,0x00,0x09,0x00,0x00,
	0x08,0x00,0x00,0x08,0x00,0x04,0x02,0x00,0x04,0x00,0x00,0x04,0x20,0x00,0x02,0x60,0x00,0x0A,0x08,0x00,
	0x08,0x00,0x00,0x01,0x84,0x80,0x01,0x00,0x00,0x02,0x00,0x00,0x02,0x00,0x00,0x02,0x00,0x40,0x00,0x00,
	0x01,0x80,0x10,0x00,0x00,0x03,0x80,0x04,0x00,0x00,0x00,0x83,0x00,0x20,0x00,0x02,0x40,0x00,0x02,0x00,
	0x00,0x02,0x00,0x00,0x13,0x01,0x82,0x40,0x00,0x00,0x80,0x03,0x00,0x60,0x00,0x00,0x01,0x84,0x00,0x04,
	0x00,0x40,0x00,0x00,0x00,0x10,0x00,0x98,0x13,0x00,0x00,0x10,0x00,0x00,0x82,0x08,0x00,0x00,0x00,0x10,
	0x02,0x04,0x10,0x01,0x00,0x82,0x04,0x20,0x00,0x04,0x04,0x00,0x04,0x08,0x00,0x03,0x80,0x20,0x00,0x00,
	0x02,0x83,0x40,0x00,0x00,0x00,0x10,0x00,0x08,0x13,0x00,0x00,0x10,0x00,0x01,0x81,0x00,0x10,0x00,0x04,
	0x00,0x00,0x17,0x02,0x80,0x00,0x01,0x00,0x00,0x80,0x20,0x00,0x00,0x00,0x85,0x40,0x00,0x00,0x00,0x0C,
	0x00,0x20,0x00,0x00,0x00,0x10,0x00,0x00,0x10,0x00,0x00,0x11,0x00,0x00,0x85,0x08,0x10,0x00,0x00,0x22,
	0x00,0x04,0x00,0x00,0x04,0x10,0x00,0x04,0x10,0x00,0x00,0x14,0x00,0x02,0x80,0x00,0x01,0x00,0x00,0x80,
	0x20,0x00,0x00,0x00,0x80,0x40,0x00,0x00,0x00,0x80,0x20,0x00,0x00,0x01,0x81,0x00,0x10,0x00,0x00,0x10,
	0x00,0x00,0x84,0x00,0x20,0x00,0x04,0x00,0x00,0x04,0x00,0x00,0x04,0x10,0x00,0x00,0x10,0x00,0x13,0x00,
	0x80,0x00,0x04,0x00,0x00,0x81,0x40,0x00,0x00,0x80,0x00,0x02,0x01,0x80,0x00,0x02,0x00,0x00,0x81,0x40,
	0x10,0x00,0x10,0x01,0x00,0x00,0x80,0x08,0x30,0x00,0x01,0x84,0x00,0x20,0x00,0x00,0x60,0x00,0x00,0x30,
	0x00,0x00,0x10,0x00,0x04,0x18,0x00,0x02,0x80,0x40,0x00,0x00,0x05,0x80,0x10,0x01,0x00,0x00,0x82,0x00,
	0x20,0x00,0x00,0x20,0x00,0x00,0x20,0x00,0x00,0x80,0x00,0x40,0x00,0x01,0x80,0x04,0x00,0x00,0x13,0x02,
	0x80,0x80,0x00,0x00,0x01,0x80,0x00,0x00,0x04,0x00,0x80,0x40,0x00,0x00,0x00,0x89,0x20,0x20,0x00,0x88,
	0x20,0x00,0x00,0x20,0x00,0x00,0x40,0x01,0x00,0x40,0x00,0x08,0x00,0x00,0x08,0x00,0x00,0x00,0x20,0x00,
	0x08,0x00,0x00,0x08,0x00,0x00,0x02,0x80,0x80,0x00,0x00,0x03,0x80,0x40,0x00,0x00,0x00,0x81,0x00,0x20,
	0x00,0x08,0x20,0x00,0x00,0x82,0x00,0x40,0x00,0x00,0x40,0x00,0x00,0x40,0x00,0x01,0x81,0x00,0x20,0x00,
	0x00,0x20,0x00,0x13,0x3B,0x06,0x82,0x00,0x02,0x00,0x00,0x0C,0x00,0x40,0x00,0x00,0x00,0x83,0x10,0x20,
	0x00,0x00,0x40,0x00,0x00,0x40,0x00,0x00,0x40,0x00,0x00,0x83,0x00,0x80,0x00,0x00,0x80,0x00,0x00,0x44,
	0x00,0x00,0x40,0x00,0x07,0x81,0x00,0x0C,0x00,0x40,0x00,0x00,0x01,0x80,0x00,0x40,0x00,0x02,0x83,0x00,
	0x80,0x00,0x00,0x80,0x00,0x00,0x40,0x00,0x00,0x40,0x00,0x13,0x00,0x80,0x00,0x00,0x01,0x01,0x80,0x60,
	0x00,0x00,0x02,0x80,0x40,0x00,0x00,0x00,0x80,0x02,0x00,0x00,0x00,0x84,0x00,0x40,0x00,0x00,0x81,0x00,
	0x04,0x80,0x00,0x00,0x82,0x00,0x00,0x40,0x00,0x01,0x80,0x08,0x40,0x00,0x03,0x80,0x20,0x00,0x00,0x02,
	0x80,0x40,0x00,0x00,0x03,0x82,0x00,0x80,0x00,0x00,0x80,0x00,0x00,0x80,0x00,0x02,0x80,0x08,0x00,0x00,
	0x13,0x80,0x04,0x00,0x00,0x01,0x82,0x08,0x00,0x00,0x00,0x00,0x02,0x20,0x02,0x00,0x02,0x8A,0x00,0x20,
	0x00,0x20,0x20,0x00,0x00,0x40,0x00,0x08,0x00,0x00,0x08,0x00,0x00,0x08,0x80,0x00,0x08,0x82,0x00,0x00,
	0x80,0x00,0x08,0x00,0x00,0x00,0x40,0x00,0x00,0x80,0x00,0x04,0x80,0x20,0x02,0x00,0x02,0x86,0x00,0x20,
	0x00,0x20,0x00,0x00,0x00,0x40,0x00,0x08,0x00,0x00,0x08,0x00,0x00,0x08,0x00,0x00,0x08,0x00,0x00,0x02,
	0x80,0x00,0x80,0x00,0x13,0x01,0x80,0x00,0x01,0x00,0x00,0x80,0x80,0x00,0x00,0x00,0x80,0x00,0x02,0x00,
	0x01,0x82,0x10,0x3C,0x00,0x40,0x00,0x00,0x10,0x02,0x00,0x03,0x83,0x08,0x02,0x00,0x00,0x84,0x00,0x08,
	0xC0,0x00,0x90,0x00,0x00,0x05,0x80,0x00,0x02,0x00,0x01,0x80,0x00,0x20,0x00,0x00,0x80,0x10,0x02,0x00,
	0x03,0x80,0x08,0x00,0x00,0x00,0x80,0x08,0x80,0x00,0x14,0x80,0x80,0x00,0x00,0x00,0x8C,0x20,0x10,0x00,
	0x20,0x00,0x00,0x60,0x04,0x00,0x21,0x00,0x00,0x22,0x00,0x00,0x40,0x02,0x00,0x40,0x04,0x00,0x00,0x18,
	0x00,0x40,0x06,0x00,0x20,0x00,0x00,0x10,0x00,0x00,0x00,0x81,0x00,0x08,0x00,0x00,0x00,0x83,0x00,0x02,
	0x00,0x08,0x44,0x00,0x90,0x80,0x00,0xB0,0x0C,0x00,0x03,0x80,0x40,0x00,0x00,0x01,0x80,0x40,0x02,0x00,
	0x00,0x81,0x00,0x18,0x00,0x40,0x02,0x00,0x01,0x80,0x00,0x80,0x00,0x02,0x80,0x08,0x00,0x00,0x00,0x80,
	0x10,0x00,0x00,0x13,0x00,0x80,0x00,0x04,0x00,0x08,0x80,0x01,0x00,0x00,0x2F,0x00,0x81,0x00,0x04,0x00,
	0x00,0x01,0x00,0x00,0x83,0x40,0x00,0x00,0xC0,0x04,0x00,0x40,0x00,0x00,0x00,0x04,0x00,0x00,0x8A,0x80,
	0x00,0x00,0x80,0x40,0x00,0x20,0x04,0x00,0x10,0x01,0x00,0x18,0x00,0x00,0x10,0x80,0x00,0x11,0x00,0x00,
	0x18,0x00,0x00,0x98,0x00,0x00,0x80,0x20,0x00,0x40,0x00,0x00,0x04,0x81,0x40,0x00,0x00,0x40,0x00,0x00,
	0x01,0x83,0x80,0x00,0x00,0x80,0x40,0x00,0x20,0x00,0x00,0x10,0x00,0x00,0x1A,0x01,0x89,0x20,0x00,0x00,
	0x00,0x08,0x04,0x80,0x06,0x00,0xC0,0x00,0x00,0x40,0x04,0x00,0x60,0x00,0x00,0x80,0x04,0x00,0x00,0x08,
	0x00,0x10,0x00,0x00,0xD0,0x43,0x00,0x00,0x86,0x10,0x80,0x00,0x10,0x00,0x00,0x18,0x00,0x00,0xD0,0x02,
	0x00,0x50,0x00,0x00,0x10,0xC0,0x00,0x20,0x80,0x00,0x03,0x80,0x80,0x02,0x00,0x00,0x80,0x00,0x04,0x00,
	0x00,0x81,0x80,0x00,0x00,0x00,0x08,0x00,0x00,0x80,0x00,0x03,0x00,0x00,0x86,0x10,0x80,0x00,0x10,0x00,
	0x00,0x10,0x00,0x00,0x10,0x00,0x00,0x10,0x00,0x00,0x10,0x00,0x00,0x20,0x80,0x00,0x13,0x02,0x82,0x00,
	0x08,0x00,0x00,0x06,0x00,0x00,0x04,0x00,0x00,0x80,0x80,0x00,0x00,0x00,0x8A,0x00,0x11,0x00,0x00,0x44,
	0x00,0x00,0x01,0x00,0x20,0x80,0x00,0x20,0x00,0x04,0x20,0x80,0x01,0x20,0x00,0x00,0xA0,0x02,0x00,0xA0,
	0x30,0x00,0x20,0x00,0x00,0x40,0x44,0x00,0x03,0x81,0x00,0x04,0x00,0x00,0x04,0x00,0x00,0x80,0x80,0x00,
	0x00,0x00,0x83,0x00,0x11,0x00,0x00,0x04,0x00,0x00,0x01,0x00,0x00,0x80,0x00,0x05,0x80,0x40,0x00,0x00,
	0x13,0x00,0x80,0x08,0x00,0x00,0x00,0x83,0x00,0x02,0x00,0x00,0x01,0x00,0xC0,0x08,0x00,0x80,0x00,0x00,
	0x00,0x8B,0x08,0x04,0x00,0x00,0x70,0x00,0x80,0x00,0x00,0x00,0x81,0x00,0x20,0x80,0x00,0x20,0x80,0x00,
	0x20,0x02,0x00,0x20,0x0A,0x01,0x60,0x18,0x01,0x00,0x20,0x00,0x00,0xA0,0x00,0x80,0x40,0x00,0x04,0x81,
	0xC0,0x00,0x00,0x80,0x00,0x00,0x00,0x88,0x00,0x04,0x00,0x00,0x60,0x00,0x80,0x00,0x00,0x00,0x80,0x00,
	0x20,0x00,0x00,0x20,0x00,0x00,0x20,0x00,0x00,0x20,0x00,0x01,0x20,0x00,0x01,0x00,0x80,0x00,0x80,0x00,
	0x05,0x80,0x40,0x00,0x00,0x0D,0x00,0x8A,0x00,0x02,0x04,0x00,0x80,0x00,0x00,0x03,0x00,0x80,0x0B,0x00,
	0x81,0x00,0x00,0x80,0x00,0x00,0x00,0x05,0x00,0x00,0x19,0x00,0x00,0x60,0x00,0x00,0x84,0x00,0x00,0x80,
	0x02,0x00,0x86,0x00,0x02,0x01,0x40,0x0C,0x00,0x40,0x10,0x01,0x40,0x18,0x00,0x40,0x10,0x00,0x00,0x04,
	0x00,0x80,0x00,0x00,0x02,0x80,0x00,0x07,0x00,0x02,0x81,0x00,0x05,0x00,0x00,0x19,0x00,0x00,0x80,0x00,
	0x84,0x00,0x01,0x81,0x00,0x00,0x01,0x00,0x00,0x01,0x01,0x80,0x00,0x80,0x00,0x15,0x3B,0x00,0x83,0x08,
	0x00,0x04,0x00,0x02,0x00,0x00,0x0E,0x00,0x00,0x08,0x02,0x01,0x89,0x20,0x00,0x04,0x00,0x70,0x00,0x00,
	0x81,0x00,0x80,0x81,0x00,0x00,0x04,0x00,0x40,0x06,0x03,0x40,0x0C,0x01,0x00,0x14,0x00,0x00,0x18,0x00,
	0x60,0x80,0x00,0x00,0x80,0xC0,0x00,0x00,0x03,0x81,0x00,0x08,0x00,0x00,0x08,0x00,0x02,0x81,0x00,0x60,
	0x00,0x00,0x81,0x00,0x01,0x80,0x00,0x00,0x01,0x02,0x80,0x20,0x00,0x00,0x16,0x00,0x82,0x08,0x00,0x00,
	0x00,0x12,0x00,0x00,0x04,0x00,0x00,0x8B,0x01,0x01,0x00,0x00,0x01,0x00,0x00,0x19,0x00,0x00,0xE0,0x00,
	0x80,0x88,0x00,0x40,0x00,0x00,0x00,0x00,0x01,0x00,0x08,0x01,0x00,0x14,0x02,0x40,0x18,0x02,0x40,0x00,
	0x00,0x00,0x80,0x01,0x00,0x81,0x00,0x04,0x00,0x00,0x06,0x00,0x01,0x80,0x00,0x06,0x00,0x01,0x86,0x00,
	0x01,0x00,0x00,0x01,0x00,0x00,0x18,0x00,0x00,0x80,0x00,0x80,0x00,0x00,0x40,0x00,0x00,0x00,0x00,0x01,
	0x00,0x83,0x00,0x00,0x02,0x40,0x00,0x02,0x40,0x00,0x00,0x00,0x80,0x01,0x16,0x01,0x8B,0x00,0x0E,0x00,
	0x00,0x02,0x00,0x00,0x01,0x00,0x01,0x00,0x00,0x00,0x80,0x00,0x00,0xE1,0x00,0x00,0x01,0x01,0x80,0x01,
	0x00,0x00,0x04,0x00,0x00,0x0C,0x01,0x00,0x14,0x02,0x00,0x08,0x02,0x00,0x80,0x40,0x00,0x00,0x00,0x81,
	0xC0,0x00,0x00,0x60,0x02,0x00,0x02,0x80,0x00,0x08,0x00,0x00,0x80,0x00,0x01,0x00,0x01,0x81,0x00,0x60,
	0x00,0x00,0x01,0x00,0x02,0x80,0x00,0x00,0x02,0x01,0x80,0x40,0x80,0x01,0x01,0x80,0x60,0x00,0x00,0x14,
	0x00,0x80,0x08,0x06,0x00,0x00,0x80,0x00,0x00,0x04,0x00,0x88,0x00,0x00,0x01,0x00,0x18,0x00,0x00,0x10,
	0x00,0x80,0x0C,0x00,0x40,0x00,0x00,0x40,0x00,0x01,0x00,0x04,0x02,0x00,0x00,0x02,0x00,0x10,0x00,0x00,
	0x80,0x40,0x40,0x00,0x00,0x82,0x20,0x00,0x00,0x80,0x02,0x00,0x00,0x82,0x00,0x00,0x80,0x00,0x06,0x00,
	0x03,0x80,0x00,0x08,0x00,0x00,0x83,0x80,0x04,0x00,0x40,0x00,0x00,0x00,0x00,0x01,0x00,0x00,0x02,0x04,
	0x80,0x20,0x00,0x00,0x00,0x80,0x00,0x80,0x00,0x13,0x00,0x82,0x08,0x08,0x02,0x00,0x06,0x00,0x20,0x00,
	0x00,0x00,0x84,0x40,0x01,0x00,0x02,0x00,0x00,0x40,0x20,0x00,0xC0,0x04,0x00,0x40,0x04,0x00,0x00,0x81,
	0x40,0x00,0x00,0x40,0x02,0x00,0x00,0x83,0x40,0x80,0x01,0x40,0x00,0x00,0x60,0x00,0x00,0x40,0x00,0x00,
	0x02,0x80,0x00,0x08,0x00,0x02,0x80,0x40,0x00,0x00,0x01,0x80,0x00,0x04,0x00,0x04,0x80,0x40,0x00,0x00,
	0x00,0x81,0x20,0x00,0x00,0x40,0x00,0x00,0x06,0x80,0x40,0x00,0x00,0x0D,0x3B,0x02,0x80,0x20,0x01,0x00,
	0x03,0x80,0x48,0x00,0x00,0x02,0x81,0x00,0x08,0x00,0x40,0x00,0x00,0x01,0x83,0x80,0x00,0x00,0x00,0x01,
	0x00,0x00,0x01,0x00,0x00,0x03,0x00,0x02,0x80,0x00,0x01,0x00,0x03,0x80,0x40,0x00,0x00,0x1E,0x00,0x81,
	0x00,0x00,0x02,0x20,0x08,0x00,0x01,0x8B,0x01,0x00,0x00,0x02,0x18,0x00,0x00,0xA8,0x00,0x00,0x80,0x00,
	0x20,0x80,0x00,0x30,0x00,0x01,0x30,0x08,0x02,0x20,0x02,0x02,0x20,0x00,0x00,0x80,0x80,0x01,0x80,0x00,
	0x00,0xC0,0x00,0x00,0x08,0x80,0x00,0x08,0x00,0x00,0x85,0x00,0x80,0x00,0x20,0x00,0x00,0x20,0x00,0x01,
	0x20,0x00,0x02,0x20,0x00,0x00,0x20,0x00,0x00,0x01,0x80,0x40,0x00,0x00,0x16,0x00,0x82,0x08,0x00,0x00,
	0x20,0x04,0x00,0x20,0x01,0x00,0x00,0x80,0x21,0x01,0x00,0x00,0x88,0x00,0x78,0x00,0x00,0x04,0x00,0x10,
	0x00,0x00,0x00,0x80,0x00,0x01,0x00,0x00,0x00,0x00,0x02,0x00,0x20,0x02,0x60,0x00,0x00,0xC0,0xC0,0x00,
	0x00,0x80,0x80,0x01,0x00,0x00,0x80,0x00,0x80,0x00,0x02,0x80,0x00,0x01,0x00,0x02,0x81,0x00,0x60,0x00,
	0x00,0x04,0x00,0x01,0x81,0x00,0x00,0x01,0x00,0x00,0x02,0x00,0x81,0x20,0x00,0x00,0x00,0x80,0x00,0x02,
	0x80,0x00,0x80,0x00,0x13,0x00,0x80,0x00,0x08,0x00,0x03,0x80,0x02,0x80,0x00,0x00,0x8B,0x20,0x40,0x01,
	0x00,0x80,0x00,0x20,0x81,0x00,0x20,0x80,0x02,0x20,0x00,0x01,0x20,0x10,0x02,0x20,0x01,0x02,0xA0,0x80,
	0x01,0x00,0x40,0x00,0x00,0x40,0x00,0x40,0x01,0x00,0x40,0x03,0x00,0x00,0x80,0x00,0x08,0x00,0x05,0x82,
	0x20,0x00,0x00,0x00,0x80,0x00,0x00,0x80,0x00,0x01,0x82,0x00,0x00,0x02,0x00,0x00,0x02,0x20,0x00,0x01,
	0x01,0x81,0x40,0x00,0x00,0x40,0x00,0x00,0x13,0x00,0x81,0x00,0x02,0x00,0x00,0x0A,0x00,0x02,0x83,0x20,
	0x00,0x00,0x00,0x11,0x04,0xC0,0x24,0x00,0x20,0x41,0x00,0x00,0x88,0x00,0x81,0x00,0x00,0x90,0x03,0x10,
	0x20,0x00,0x80,0x01,0x00,0x20,0x00,0x01,0x40,0x00,0x00,0x40,0x40,0x00,0x00,0x40,0x00,0x40,0x40,0x00,
	0x00,0x80,0x00,0x02,0x00,0x04,0x81,0x00,0x11,0x00,0x00,0x04,0x00,0x01,0x86,0x00,0x80,0x00,0x00,0x00,
	0x01,0x10,0x00,0x01,0x00,0x00,0x01,0x00,0x00,0x01,0x40,0x00,0x00,0x40,0x40,0x00,0x15,0x3B,0x00,0x81,
	0x00,0x04,0x00,0x00,0x01,0x00,0x00,0x84,0x00,0x09,0x00,0x00,0x01,0x00,0x00,0x01,0x00,0x00,0x08,0x00,
	0x00,0x40,0x00,0x00,0x89,0x10,0x40,0x00,0x10,0x02,0x00,0x10,0x80,0x00,0x00,0x80,0x04,0x10,0x90,0x01,
	0xC9,0x80,0x00,0x60,0x40,0x00,0x40,0x20,0x00,0x40,0x40,0x00,0x20,0x40,0x00,0x00,0x81,0x00,0x04,0x00,
	0x00,0x01,0x00,0x00,0x84,0x00,0x09,0x00,0x00,0x01,0x00,0x00,0x01,0x00,0x00,0x08,0x00,0x00,0x40,0x00,
	0x00,0x82,0x10,0x00,0x00,0x10,0x00,0x00,0x10,0x80,0x00,0x00,0x80,0x10,0x00,0x00,0x00,0x80,0x20,0x00,
	0x00,0x00,0x81,0x00,0x40,0x00,0x20,0x40,0x00,0x13,0x00,0x81,0x00,0x00,0x01,0x00,0x08,0x00,0x01,0x81,
	0x00,0x00,0x01,0x00,0x04,0x00,0x00,0x80,0x40,0x30,0x00,0x01,0x88,0x00,0x40,0x00,0x00,0x41,0x00,0x18,
	0x80,0x00,0x10,0x80,0x00,0x50,0x80,0x00,0x50,0x40,0x00,0x60,0x20,0x00,0x20,0x00,0x00,0x00,0x20,0x00,
	0x01,0x80,0x00,0x08,0x00,0x02,0x80,0x00,0x04,0x00,0x00,0x80,0x00,0x20,0x00,0x03,0x85,0x00,0x80,0x00,
	0x00,0x80,0x00,0x10,0x80,0x00,0x10,0x00,0x00,0x20,0x20,0x00,0x20,0x20,0x00,0x14,0x93,0x73,0x12,0x04,
	0xF8,0x80,0x04,0xA0,0x72,0x00,0x84,0x0F,0x02,0xC0,0x17,0x06,0xE8,0x17,0x01,0xEB,0xB3,0x02,0x42,0xDB,
	0x07,0x3D,0x48,0x03,0xCA,0xBC,0x02,0xF1,0xFC,0x07,0x53,0xB1,0x01,0x53,0x27,0x05,0x81,0x2B,0x06,0x8D,
	0xEB,0x04,0xB1,0x7E,0x06,0x99,0x3D,0x02,0x89,0x7E,0x02,0xC1,0x7E,0x00,0xCF,0xDE,0x00,0x01,0x91,0x80,
	0x78,0x00,0x80,0xF0,0x01,0xE0,0xF8,0x03,0xE1,0xF8,0x03,0xE1,0xFC,0x03,0xC1,0xD8,0x03,0x21,0xC0,0x03,
	0x3D,0x80,0x03,0x2C,0xC0,0x03,0x0C,0x80,0x03,0x0C,0x00,0x03,0x4E,0x44,0x02,0x4E,0x84,0x01,0x6E,0x00,
	0x00,0x6E,0x00,0x00,0x7E,0x60,0x00,0x7E,0x60,0x00,0x70,0xC0,0x00,0x04,0x8E,0x01,0x00,0x00,0x01,0x00,
	0x00,0x01,0x00,0x00,0x01,0x00,0x00,0x1D,0x00,0x00,0x1C,0x00,0x00,0x3C,0x00,0x00,0x3C,0x00,0x00,0x3E,
	0x00,0x00,0x3E,0x00,0x00,0x1E,0x00,0x00,0x1E,0x00,0x00,0x1E,0x00,0x00,0x1E,0x00,0x00,0x10,0x00,0x00,
	0x8A,0x00,0x08,0x04,0x92,0xF7,0x07,0x40,0x72,0x06,0xC0,0x00,0x03,0x10,0x00,0x02,0x20,0x00,0x04,0x68,
	0x50,0x06,0xA0,0x00,0x06,0x61,0x00,0x06,0x60,0x00,0x06,0x60,0x01,0x01,0x00,0x87,0x40,0x50,0x04,0x00,
	0xC4,0x00,0x00,0x04,0x00,0x40,0x80,0x05,0x00,0x82,0x02,0x80,0x82,0x02,0x80,0x82,0x04,0x80,0x02,0x07,
	0x00,0x82,0x12,0x7F,0x00,0x00,0x80,0x01,0x40,0x00,0x02,0x00,0x8E,0x20,0x00,0x04,0x20,0x00,0x04,0x00,
	0x00,0x04,0x41,0x00,0x04,0x40,0x00,0x04,0x60,0x00,0x04,0x00,0x00,0x04,0x40,0x40,0x04,0x00,0xC4,0x00,
	0x00,0x04,0x00,0x00,0x80,0x01,0x00,0x80,0x00,0x80,0x80,0x00,0x80,0x80,0x04,0x80,0x00,0x07,0x00,0x80,
	0x12,0x00,0x00,0x05,0x80,0x01,0x00,0x00,0x00,0x80,0x20,0x00,0x00,0x08,0x98,0x00,0x6E,0x00,0x10,0xF6,
	0x01,0x40,0x01,0x03,0x20,0x00,0x04,0x30,0x00,0x04,0x40,0x10,0x00,0xE8,0x0C,0x00,0x40,0x03,0x00,0x01,
	0x20,0x00,0x00,0x00,0x04,0x80,0x4E,0x00,0xC0,0x42,0x00,0x80,0xC1,0x01,0x00,0x08,0x01,0x40,0x08,0x06,
	0x00,0x01,0x02,0x80,0x0B,0x01,0x00,0x00,0x01,0x00,0x00,0x03,0x00,0x18,0x04,0x00,0x7C,0x00,0x10,0x80,
	0x01,0x40,0x00,0x02,0x20,0x00,0x04,0x20,0x00,0x04,0x00,0x82,0x40,0x00,0x00,0x40,0x00,0x00,0x01,0x20,
	0x00,0x00,0x84,0x00,0x40,0x00,0x40,0x40,0x00,0x00,0xC0,0x01,0x00,0x00,0x01,0x00,0x00,0x02,0x00,0x83,
	0x80,0x00,0x01,0x00,0x00,0x01,0x00,0x00,0x03,0x00,0x00,0x04,0x00,0x80,0x10,0x00,0x00,0x05,0x80,0x01,
	0x00,0x00,0x0A,0x3B,0x97,0x80,0x7D,0x03,0xC0,0x81,0x05,0xA0,0x00,0x06,0x20,0x00,0x06,0x40,0x00,0x04,
	0xC0,0x2C,0x04,0x00,0x43,0x04,0x00,0x20,0x04,0x01,0x00,0x04,0x80,0x0F,0x06,0x80,0x02,0x01,0x00,0x41,
	0x01,0x00,0x04,0x01,0x40,0x04,0x04,0x80,0x04,0x02,0x00,0x0E,0x00,0x80,0x09,0x06,0x00,0x00,0x06,0x00,
	0x18,0x00,0x00,0x20,0x00,0x00,0x83,0x03,0x80,0x00,0x06,0x00,0x00,0x04,0x20,0x00,0x00,0x00,0x80,0x40,
	0x00,0x00,0x00,0x81,0x00,0x20,0x00,0x01,0x00,0x00,0x01,0x86,0x00,0x40,0x01,0x00,0x00,0x01,0x00,0x00,
	0x04,0x80,0x00,0x02,0x80,0x00,0x00,0x00,0x00,0x06,0x00,0x00,0x06,0x09,0x80,0x01,0x00,0x00,0x0A,0x98,
	0xC0,0x01,0x03,0xC0,0x00,0x00,0x60,0x00,0x04,0xC0,0x10,0x00,0xA0,0x3E,0x00,0x00,0x03,0x00,0x08,0x40,
	0x00,0x00,0x80,0x00,0x00,0x8F,0x07,0x80,0x03,0x01,0x00,0x01,0x00,0x40,0x00,0x01,0xC0,0x02,0x00,0x00,
	0x02,0x04,0x00,0x03,0x02,0x00,0x0A,0x02,0x00,0x03,0x00,0x00,0x30,0x00,0x00,0x68,0x00,0x80,0xC8,0x00,
	0x80,0x00,0x04,0x40,0x00,0x00,0x40,0x00,0x00,0x40,0x00,0x00,0x40,0x00,0x00,0x05,0x85,0x00,0x00,0x01,
	0x80,0x00,0x00,0x80,0x00,0x04,0x80,0x01,0x02,0x00,0x01,0x02,0x00,0x01,0x00,0x01,0x80,0x80,0x00,0x00,
	0x0D,0x80,0x80,0x00,0x00,0x04,0x93,0x80,0x00,0x04,0x80,0x00,0x04,0x40,0x30,0x00,0x00,0x2F,0x00,0x00,
	0x01,0x00,0x80,0x40,0x00,0x00,0x86,0x00,0x80,0x0D,0x07,0x80,0x03,0x00,0x80,0x00,0x00,0x40,0x00,0x00,
	0x80,0x00,0x00,0x80,0x00,0x04,0x00,0x0D,0x00,0x00,0x0F,0x00,0x00,0x04,0x04,0x00,0x32,0x00,0x80,0x42,
	0x00,0xE0,0x82,0x04,0xC0,0x02,0x02,0x00,0x81,0x40,0x00,0x00,0x80,0x00,0x00,0x01,0x80,0x80,0x00,0x00,
	0x00,0x82,0x80,0x00,0x00,0x80,0x00,0x00,0x80,0x00,0x00,0x00,0x82,0x80,0x00,0x00,0x00,0x00,0x04,0x00,
	0x01,0x00,0x00,0x84,0x00,0x02,0x04,0x00,0x02,0x00,0x80,0x00,0x00,0x80,0x00,0x04,0x70,0x00,0x02,0x12,
	0x80,0x10,0x00,0x00,0x87,0x40,0x00,0x04,0x80,0x31,0x00,0x00,0x0F,0x00,0x80,0x04,0x00,0x80,0x40,0x00,
	0xC8,0x8F,0x00,0x80,0x1A,0x07,0x00,0x01,0x00,0x00,0x8C,0x00,0x02,0x00,0x80,0x08,0x00,0x80,0x02,0x04,
	0x00,0x0F,0x00,0x00,0x03,0x00,0x80,0x00,0x04,0x00,0x12,0x00,0x80,0x43,0x04,0xA0,0x08,0x04,0x9C,0x00,
	0x02,0x24,0x88,0x01,0x80,0x00,0x00,0x80,0x00,0x00,0x00,0x83,0x80,0x00,0x00,0x80,0x00,0x00,0x80,0x00,
	0x00,0x80,0x00,0x00,0x02,0x82,0x80,0x00,0x00,0x00,0x00,0x04,0x00,0x01,0x00,0x00,0x80,0x80,0x02,0x04,
	0x00,0x83,0x00,0x03,0x04,0x40,0x00,0x04,0x6C,0x00,0x02,0x18,0x08,0x01,0x0D,0x80,0x80,0x00,0x00,0x02,
	0x80,0x1C,0x00,0x00,0x00,0x93,0x80,0x01,0x00,0x80,0x0E,0x00,0x00,0x04,0x00,0x00,0x44,0x00,0x80,0x0E,
	0x00,0x80,0x13,0x00,0x00,0x10,0x00,0x00,0x00,0x01,0x80,0x02,0x00,0x00,0x0A,0x00,0x00,0x02,0x00,0x40,
	0x0F,0x00,0x40,0x00,0x00,0x00,0x02,0x00,0x20,0x00,0x00,0x80,0x22,0x00,0x20,0x0B,0x00,0x50,0x80,0x02,
	0x1A,0x80,0x01,0x08,0x40,0x04,0x03,0x81,0x80,0x00,0x00,0x80,0x00,0x00,0x00,0x81,0x00,0x00,0x01,0x80,
	0x00,0x00,0x01,0x80,0x00,0x01,0x00,0x00,0x86,0x00,0x02,0x00,0x20,0x00,0x00,0x00,0x03,0x00,0xC0,0x00,
	0x00,0x28,0x00,0x02,0x0E,0x00,0x01,0x06,0x00,0x04,0x0D,0x80,0x20,0x00,0x00,0x01,0x81,0x18,0x00,0x00,
	0x02,0x00,0x00,0x00,0x3B,0x81,0x00,0x30,0x00,0x02,0x04,0x00,0x01,0x81,0x00,0x81,0x00,0x00,0x00,0x04,
	0x00,0x83,0x80,0x00,0x01,0x80,0x08,0x00,0x00,0x02,0x00,0x40,0x00,0x00,0x01,0x86,0x40,0x10,0x00,0x40,
	0x00,0x00,0x90,0x03,0x00,0x68,0x02,0x00,0x1A,0x00,0x00,0x05,0x02,0x04,0x02,0x8A,0x04,0x00,0x80,0x02,
	0x00,0x00,0x04,0x81,0x80,0x00,0x01,0x80,0x00,0x00,0x04,0x85,0x00,0x02,0x00,0xD0,0x00,0x00,0x38,0x00,
	0x00,0x0E,0x00,0x00,0x02,0x00,0x04,0x01,0x88,0x00,0x00,0x80,0x02,0x00,0x00,0x0C,0x82,0x10,0x00,0x00,
	0x18,0x00,0x00,0x06,0x00,0x00,0x01,0x03,0x81,0x00,0x80,0x00,0x00,0x00,0x04,0x00,0x80,0x00,0x0A,0x01,
	0x02,0x80,0x00,0x01,0x04,0x00,0x86,0x00,0x10,0x00,0x00,0x00,0x04,0x00,0x23,0x00,0x30,0x40,0x00,0x0C,
	0x82,0x00,0x03,0x08,0x00,0x01,0x00,0x00,0x06,0x80,0x00,0x00,0x01,0x02,0x80,0x00,0x01,0x04,0x01,0x80,
	0x00,0x00,0x04,0x00,0x82,0x10,0x00,0x00,0x04,0x00,0x00,0x01,0x00,0x00,0x14,0x80,0x00,0x20,0x00,0x01,
	0x85,0x00,0x40,0x00,0x00,0x01,0x00,0x08,0x10,0x00,0x00,0x08,0x00,0x00,0x00,0x01,0x80,0x01,0x00,0x00,
	0x80,0x00,0x01,0x00,0x00,0x87,0x00,0x01,0x00,0x00,0x03,0x00,0x00,0x02,0x00,0x40,0x10,0x00,0x30,0x20,
	0x00,0x00,0x40,0x06,0x00,0xC0,0x01,0x00,0xC8,0x00,0x06,0x81,0x00,0x00,0x01,0x80,0x00,0x00,0x02,0x87,
	0x00,0x01,0x00,0x00,0x02,0x00,0x00,0x02,0x00,0x40,0x00,0x00,0x10,0x00,0x00,0x00,0x00,0x06,0x00,0x00,
	0x01,0x00,0x80,0x00,0x13,0x82,0x80,0x11,0x00,0x80,0x04,0x00,0x04,0x04,0x00,0x00,0x82,0x00,0x08,0x00,
	0x80,0x00,0x00,0x00,0x02,0x00,0x01,0x82,0x80,0x04,0x04,0x80,0x00,0x04,0x80,0x00,0x00,0x00,0x85,0x00,
	0x03,0x06,0x00,0x02,0x02,0x88,0x00,0x00,0x00,0x00,0x04,0x00,0x00,0x02,0x02,0x00,0x00,0x05,0x80,0x80,
	0x00,0x00,0x02,0x81,0x80,0x00,0x00,0x80,0x00,0x00,0x01,0x84,0x00,0x01,0x02,0x00,0x02,0x02,0x88,0x00,
	0x00,0x00,0x00,0x04,0x00,0x00,0x02,0x10,0x80,0x08,0x00,0x00,0x03,0x86,0x80,0x00,0x00,0x00,0x23,0x00,
	0x00,0x20,0x00,0x90,0x00,0x00,0x00,0x44,0x00,0x40,0x8A,0x00,0x8C,0x00,0x01,0x01,0x89,0x00,0x01,0x00,
	0x00,0x04,0x00,0x80,0x03,0x00,0x80,0x00,0x00,0x80,0x02,0x00,0x00,0x0D,0x00,0x80,0x00,0x02,0x58,0x10,
	0x00,0x0C,0x20,0x04,0x00,0x80,0x04,0x00,0x80,0x80,0x00,0x00,0x01,0x80,0x80,0x00,0x00,0x01,0x80,0x80,
	0x00,0x00,0x03,0x80,0x80,0x00,0x00,0x02,0x82,0x00,0x00,0x02,0x08,0x00,0x00,0x04,0x00,0x00,0x11,0x80,
	0x08,0x00,0x00,0x02,0x3B,0x89,0x80,0x00,0x04,0x40,0x14,0x00,0xC0,0x00,0x00,0x08,0x20,0x00,0x70,0x22,
	0x00,0x44,0x45,0x00,0x40,0x80,0x06,0x00,0x04,0x00,0x40,0x84,0x00,0xC0,0x00,0x00,0x00,0x81,0x80,0x00,
	0x00,0x80,0x00,0x04,0x00,0x88,0x80,0x0D,0x04,0x00,0x05,0x04,0xD0,0x09,0x00,0x1E,0x12,0x00,0x06,0x20,
	0x00,0x01,0x42,0x00,0x40,0x00,0x00,0x80,0x00,0x00,0x80,0x00,0x00,0x01,0x81,0x40,0x00,0x00,0x40,0x00,
	0x00,0x00,0x81,0x40,0x80,0x00,0x40,0x00,0x00,0x01,0x80,0x80,0x00,0x00,0x00,0x84,0x00,0x01,0x00,0x00,
	0x01,0x04,0x70,0x00,0x00,0x0A,0x00,0x00,0x03,0x00,0x00,0x10,0x81,0x10,0x00,0x00,0x02,0x00,0x00,0x01,
	0x82,0x60,0x00,0x02,0x40,0x08,0x04,0xC0,0x13,0x00,0x00,0x8F,0x40,0x00,0x00,0x00,0x23,0x00,0xA0,0x45,
	0x00,0x40,0x85,0x05,0x40,0x80,0x04,0x80,0x40,0x00,0xE0,0x00,0x00,0xC0,0x02,0x02,0xC0,0x03,0x04,0x80,
	0x00,0x00,0x80,0x00,0x03,0xD8,0x05,0x01,0x40,0x00,0x03,0xD4,0x08,0x00,0x12,0x12,0x00,0x03,0x20,0x01,
	0x00,0x81,0x40,0x00,0x00,0x40,0x00,0x00,0x00,0x80,0x40,0x00,0x00,0x01,0x8C,0x40,0x00,0x00,0x40,0x80,
	0x00,0x00,0x40,0x00,0x60,0x00,0x00,0x40,0x00,0x00,0x40,0x00,0x00,0x80,0x00,0x00,0x80,0x00,0x01,0x18,
	0x01,0x01,0x80,0x00,0x03,0x2C,0x00,0x00,0x0C,0x00,0x00,0x01,0x00,0x01,0x09,0x80,0x20,0x00,0x00,0x03,
	0x80,0x18,0x00,0x00,0x00,0x80,0x1C,0x00,0x00,0x01,0x97,0x00,0x00,0x07,0x40,0x00,0x05,0x40,0x0C,0x06,
	0x80,0x1B,0x04,0x00,0x10,0x04,0x00,0x10,0x04,0x80,0x33,0x04,0xA0,0x66,0x06,0x20,0x80,0x07,0x00,0x40,
	0x00,0xA0,0x40,0x00,0x80,0x00,0x00,0xA0,0x02,0x02,0xC0,0x01,0x02,0xE0,0x00,0x03,0xC0,0x00,0x06,0x00,
	0x00,0x04,0x20,0x00,0x03,0x9A,0x08,0x00,0x1D,0x10,0x02,0x00,0x00,0x06,0x20,0x00,0x04,0x20,0x00,0x00,
	0x40,0x00,0x00,0x03,0x8B,0x40,0x00,0x00,0x00,0x40,0x00,0x00,0x40,0x00,0x20,0x00,0x00,0x20,0x00,0x00,
	0x40,0x00,0x02,0x60,0x00,0x01,0x80,0x00,0x00,0x80,0x00,0x04,0x40,0x00,0x07,0x62,0x00,0x00,0x0E,0x00,
	0x02,0x0A,0x81,0x20,0x00,0x00,0x20,0x00,0x00,0x00,0x80,0x20,0x00,0x00,0x02,0x80,0x12,0x00,0x00,0x00,
	0x85,0xE0,0x31,0x01,0x00,0x80,0x00,0x30,0x00,0x05,0x00,0x04,0x07,0xE0,0x0F,0x04,0x10,0x08,0x00,0x00,
	0x83,0xA0,0x11,0x00,0xE0,0x62,0x00,0x90,0xC0,0x07,0x80,0x40,0x06,0x00,0x8C,0x80,0x00,0x00,0x00,0x01,
	0x00,0x20,0x01,0x00,0xC0,0x01,0x01,0x00,0x01,0x02,0xC0,0x00,0x02,0x6C,0x00,0x00,0xC0,0x08,0x04,0x00,
	0xC0,0x01,0x00,0x00,0x02,0x00,0x00,0x04,0x20,0x00,0x04,0x20,0x00,0x04,0x01,0x83,0x20,0x00,0x00,0x20,
	0x00,0x00,0x30,0x00,0x00,0x00,0x40,0x00,0x00,0x87,0x20,0x00,0x00,0x20,0x00,0x00,0x20,0x00,0x00,0x40,
	0x00,0x01,0x40,0x00,0x00,0x00,0x00,0x02,0x0C,0x00,0x04,0x70,0x00,0x00,0x08,0x80,0x10,0x00,0x00,0x02,
	0x81,0x20,0x00,0x00,0x20,0x00,0x00,0x02,0x80,0x0C,0x00,0x00,0x00,0x8B,0x00,0x31,0x00,0xC0,0xA8,0x02,
	0x00,0x80,0x05,0x10,0x00,0x03,0x30,0x00,0x03,0xC0,0x07,0x06,0x20,0x08,0x04,0x00,0x08,0x04,0x80,0x19,
	0x06,0x04,0x33,0x02,0x40,0xE2,0x01,0x30,0x00,0x04,0x00,0x92,0x60,0x01,0x01,0x40,0x01,0x01,0x00,0x01,
	0x04,0xE0,0x00,0x01,0x40,0x00,0x03,0x00,0x00,0x03,0x40,0x00,0x05,0xC0,0x3F,0x00,0x20,0xC0,0x01,0x00,
	0x00,0x03,0x10,0x00,0x02,0x10,0x00,0x00,0x20,0x00,0x04,0x20,0x00,0x04,0x00,0x00,0x04,0x00,0x00,0x04,
	0x04,0x00,0x00,0x30,0x00,0x00,0x30,0x00,0x04,0x00,0x86,0x30,0x00,0x00,0x20,0x00,0x00,0x20,0x00,0x00,
	0x00,0x00,0x01,0x40,0x00,0x00,0x40,0x00,0x01,0x00,0x00,0x05,0x08,0x82,0x04,0x00,0x00,0x10,0x00,0x00,
	0x10,0x00,0x00,0x00,0x80,0x10,0x00,0x00,0x05,0x3B,0x93,0x00,0x12,0x00,0x80,0xAF,0x04,0xD0,0xE0,0x01,
	0x00,0x80,0x00,0x18,0x00,0x07,0x10,0x00,0x01,0xE0,0x07,0x02,0x10,0x04,0x02,0x10,0x00,0x00,0x98,0x08,
	0x04,0x60,0x19,0x06,0x60,0xF0,0x01,0x10,0x40,0x01,0x10,0x01,0x00,0x10,0x00,0x02,0x40,0x00,0x01,0xF0,
	0x01,0x00,0x40,0x00,0x01,0x2C,0x82,0x01,0x80,0x80,0x00,0x00,0x85,0xC0,0x38,0x00,0x20,0x80,0x00,0x00,
	0x00,0x01,0x00,0x00,0x02,0x10,0x00,0x00,0x10,0x00,0x00,0x01,0x83,0x08,0x00,0x04,0x00,0x00,0x04,0x10,
	0x00,0x00,0x10,0x00,0x00,0x00,0x85,0x00,0x00,0x02,0x10,0x00,0x00,0x30,0x00,0x00,0x20,0x00,0x00,0x0C,
	0x80,0x00,0x40,0x80,0x02,0x08,0x80,0x08,0x00,0x00,0x01,0x80,0x10,0x00,0x00,0x00,0x82,0x10,0x00,0x00,
	0x10,0x00,0x00,0x10,0x00,0x00,0x00,0x80,0x0C,0x00,0x00,0x00,0x00,0x84,0x80,0x1D,0x00,0x60,0xFD,0x00,
	0x70,0xE0,0x00,0x10,0x00,0x01,0x18,0x00,0x03,0x00,0x8C,0xF0,0x03,0x00,0x00,0x04,0x00,0x00,0x04,0x00,
	0x04,0x04,0x00,0x20,0x09,0x00,0x70,0xB1,0x00,0x00,0x41,0x02,0x00,0x40,0x00,0x38,0x00,0x02,0x70,0x00,
	0x00,0x10,0x02,0x00,0x60,0x00,0x00,0x20,0x02,0x01,0x00,0x82,0x00,0x07,0x00,0x40,0x60,0x00,0x10,0x80,
	0x00,0x00,0x80,0x08,0x00,0x02,0x00,0x80,0x10,0x00,0x00,0x01,0x80,0x04,0x00,0x00,0x03,0x80,0x18,0x00,
	0x00,0x00,0x82,0x10,0x00,0x00,0x20,0x00,0x00,0x20,0x00,0x00,0x09,0x80,0x04,0x00,0x00,0x03,0x80,0x08,
	0x00,0x00,0x00,0x80,0x10,0x00,0x00,0x01,0x85,0x00,0x0C,0x00,0x00,0x24,0x00,0xC0,0x0D,0x00,0xA0,0x58,
	0x00,0x08,0xC0,0x01,0x08,0x00,0x01,0x01,0x80,0xE0,0x02,0x00,0x00,0x88,0x80,0x00,0x00,0x40,0x04,0x02,
	0x10,0x08,0x00,0x10,0xB0,0x00,0x10,0x21,0x00,0x20,0x40,0x02,0x18,0x00,0x03,0x90,0x80,0x00,0x30,0x80,
	0x00,0x02,0x83,0x80,0x1F,0x00,0x20,0x40,0x00,0x00,0x00,0x01,0x08,0x00,0x00,0x05,0x80,0x10,0x00,0x00,
	0x00,0x82,0x10,0x00,0x00,0x00,0x00,0x02,0x18,0x00,0x00,0x00,0x80,0x10,0x80,0x00,0x10,0x80,0x08,0x00,
	0x00,0x00,0x80,0x10,0x00,0x00,0x00,0x00,0x85,0x00,0x40,0x00,0x04,0x48,0x00,0x48,0x37,0x00,0xD0,0xF0,
	0x00,0x10,0x80,0x01,0x10,0x00,0x03,0x00,0x81,0x00,0x01,0x00,0x10,0x00,0x00,0x00,0x88,0x90,0x00,0x00,
	0x60,0x04,0x02,0x30,0x09,0x02,0x00,0x90,0x04,0x00,0x20,0x00,0x88,0x40,0x00,0xB0,0x00,0x01,0x20,0x80,
	0x00,0x30,0x00,0x00,0x02,0x83,0x40,0x30,0x00,0x30,0xC0,0x00,0x00,0x00,0x01,0x00,0x00,0x02,0x03,0x80,
	0x10,0x00,0x00,0x00,0x80,0x10,0x00,0x00,0x02,0x81,0x10,0x00,0x01,0x10,0x00,0x00,0x14,0x01,0x8A,0x00,
	0x04,0x00,0x90,0x0F,0x00,0x40,0xB9,0x02,0x30,0xE0,0x04,0x10,0xC0,0x01,0x00,0x00,0x02,0x01,0x00,0x00,
	0xE0,0x03,0x01,0x04,0x04,0x04,0x00,0x04,0x04,0x80,0x04,0x00,0x00,0x85,0x00,0x01,0x04,0x08,0x91,0x00,
	0x28,0x00,0x00,0x08,0xC0,0x00,0x20,0x00,0x01,0x10,0x00,0x00,0x02,0x85,0x80,0x0F,0x00,0x40,0x30,0x00,
	0x10,0x80,0x00,0x00,0x00,0x01,0x00,0x00,0x02,0x01,0x00,0x00,0x00,0x80,0x04,0x00,0x00,0x03,0x80,0x08,
	0x00,0x00,0x00,0x80,0x08,0x00,0x00,0x00,0x80,0x10,0x00,0x00,0x07,0x80,0x01,0x00,0x00,0x00,0x80,0x04,
	0x00,0x00,0x03,0x80,0x08,0x00,0x00,0x00,0x80,0x08,0x00,0x00,0x01,0x3B,0x80,0x00,0x00,0x04,0x00,0x80,
	0x00,0x20,0x00,0x00,0x84,0x20,0x4E,0x00,0x60,0x51,0x00,0x00,0x00,0x01,0x00,0x00,0x01,0x11,0x80,0x03,
	0x00,0x80,0x14,0x00,0x00,0x00,0x87,0x10,0x00,0x04,0xE0,0x00,0x02,0x30,0x00,0x02,0x48,0x00,0x02,0x40,
	0x40,0x00,0x20,0x02,0x00,0x00,0x82,0x01,0x00,0x02,0x00,0x03,0x81,0x00,0x08,0x00,0x20,0x40,0x00,0x01,
	0x80,0x11,0x00,0x02,0x00,0x80,0x04,0x00,0x00,0x00,0x83,0x10,0x00,0x00,0x00,0x00,0x02,0x10,0x00,0x02,
	0x08,0x00,0x02,0x0B,0x80,0x01,0x00,0x00,0x00,0x80,0x04,0x00,0x00,0x03,0x80,0x08,0x00,0x00,0x03,0x01,
	0x80,0x00,0x02,0x00,0x00,0x83,0x20,0x00,0x00,0x20,0x01,0x00,0x00,0x80,0x00,0x00,0x80,0x00,0x00,0x8A,
	0x10,0x00,0x02,0x10,0x08,0x02,0x00,0x08,0x03,0x10,0x08,0x01,0x08,0x08,0x03,0x00,0x11,0x03,0x00,0x92,
	0x07,0x80,0x00,0x02,0x40,0x40,0x00,0x00,0x80,0x00,0x00,0xC0,0x00,0x04,0x81,0x20,0x00,0x00,0x00,0x80,
	0x00,0x01,0x84,0x00,0x00,0x02,0x00,0x00,0x02,0x00,0x00,0x02,0x10,0x00,0x02,0x08,0x00,0x00,0x01,0x83,
	0x00,0x00,0x01,0x00,0x00,0x01,0x00,0x80,0x00,0x00,0x40,0x00,0x0C,0x80,0x08,0x00,0x00,0x05,0x80,0x00,
	0x80,0x00,0x00,0x91,0x00,0x02,0x00,0x10,0x00,0x00,0x40,0x18,0x00,0x00,0x10,0x00,0x10,0x80,0x00,0x08,
	0x00,0x01,0x00,0x80,0x00,0x20,0x0C,0x04,0x00,0x18,0x02,0x10,0x18,0x03,0x00,0x90,0x01,0xF8,0x90,0x00,
	0x00,0x82,0x00,0xA0,0x62,0x00,0x00,0x00,0x01,0x80,0x80,0x00,0x60,0xC0,0x00,0x00,0x60,0x00,0x03,0x80,
	0x40,0x18,0x00,0x00,0x81,0x00,0x80,0x00,0x00,0x00,0x01,0x01,0x85,0x00,0x08,0x01,0x10,0x08,0x01,0x00,
	0x00,0x01,0x08,0x00,0x01,0x00,0x00,0x01,0x00,0x00,0x01,0x00,0x82,0x00,0x80,0x00,0x00,0x40,0x00,0x00,
	0x20,0x00,0x0C,0x80,0x08,0x00,0x00,0x05,0x01,0x91,0x04,0x24,0x00,0xC8,0x07,0x00,0xA0,0x6F,0x00,0x60,
	0x68,0x00,0x00,0x40,0x00,0x00,0x80,0x01,0x08,0x88,0x01,0x58,0x9B,0x00,0x10,0xB0,0x01,0x04,0x28,0x01,
	0x68,0xE0,0x01,0x18,0xE3,0x00,0x88,0xE1,0x00,0x20,0x90,0x00,0x48,0x00,0x00,0xC8,0xA0,0x00,0x60,0x50,
	0x00,0x20,0x30,0x00,0x02,0x82,0xC0,0x07,0x00,0x20,0x20,0x00,0x10,0x40,0x00,0x01,0x8B,0x00,0x00,0x01,
	0x10,0x08,0x01,0x18,0x10,0x00,0x0C,0x88,0x00,0x08,0x80,0x00,0x08,0x80,0x00,0x08,0x80,0x00,0x00,0x91,
	0x00,0x08,0x80,0x00,0x08,0x60,0x00,0x00,0x30,0x00,0x00,0x10,0x00,0x09,0x84,0x08,0x00,0x00,0x0C,0x00,
	0x00,0x08,0x00,0x00,0x08,0x00,0x00,0x08,0x00,0x00,0x00,0x81,0x08,0x00,0x00,0x08,0x00,0x00,0x01,0x93,
	0x00,0x80,0x00,0x80,0x04,0x00,0xA0,0x4F,0x00,0x20,0x37,0x00,0x7C,0xC0,0x00,0x08,0x28,0x00,0x08,0x00,
	0x00,0x1C,0x00,0x02,0xF8,0xA6,0x00,0x90,0xF0,0x02,0x08,0xC8,0x00,0x68,0xC0,0x00,0x80,0x83,0x00,0x07,
	0x87,0x00,0x80,0xF0,0x00,0xE8,0xB1,0x00,0x80,0x30,0x00,0x80,0x32,0x00,0x82,0x02,0x00,0x20,0x02,0x00,
	0x01,0x91,0xC0,0x07,0x00,0x20,0x38,0x00,0x10,0x40,0x00,0x08,0x00,0x00,0x08,0x00,0x00,0x08,0x80,0x00,
	0x08,0x90,0x00,0x08,0x90,0x00,0x08,0x88,0x00,0x08,0x00,0x00,0x0C,0x00,0x00,0x0E,0x00,0x00,0x08,0x72,
	0x00,0x00,0x71,0x00,0x00,0x70,0x00,0x00,0x10,0x00,0x02,0x00,0x00,0x08,0x00,0x00,0x0B,0x81,0x04,0x00,
	0x00,0x06,0x00,0x00,0x03,0x80,0x02,0x00,0x00,0x00,0x0B,0x80,0x00,0x40,0x00,0x12,0x80,0x00,0x40,0x00,
	0x1A,0x93,0x80,0x04,0x00,0x00,0x69,0x00,0xF0,0x07,0x00,0xF0,0x50,0x00,0x10,0x10,0x00,0x0C,0x20,0x00,
	0x08,0xC0,0x00,0x08,0x7C,0x00,0x0E,0x41,0x01,0x05,0x98,0x00,0xCC,0xC0,0x00,0x8A,0x21,0x00,0x2D,0x62,
	0x00,0xE0,0x31,0x00,0x04,0x53,0x00,0x20,0x31,0x00,0x08,0x21,0x00,0xA8,0x00,0x00,0x94,0x00,0x00,0x16,
	0x08,0x00,0x00,0x85,0xC0,0x03,0x00,0x20,0x18,0x00,0x10,0x40,0x00,0x08,0x00,0x00,0x04,0x00,0x00,0x00,
	0x80,0x00,0x01,0x8A,0x01,0x18,0x00,0x00,0x40,0x00,0x04,0x60,0x00,0x04,0x20,0x00,0x04,0x74,0x00,0x04,
	0x12,0x00,0x00,0x10,0x00,0x08,0x00,0x00,0x08,0x00,0x00,0x08,0x00,0x00,0x04,0x08,0x00,0x08,0x80,0x01,
	0x00,0x00,0x03,0x80,0x04,0x00,0x00,0x00,0x81,0x08,0x00,0x00,0x08,0x00,0x00,0x01,0x93,0x7B,0x1A,0x04,
	0x41,0x95,0x04,0x14,0x16,0x00,0xAD,0x7E,0x02,0xBD,0x7C,0x06,0xD9,0x47,0x04,0xBD,0xC3,0x00,0x35,0x7F,
	0x06,0xC0,0x6C,0x05,0xDF,0xD8,0x05,0xBA,0xA9,0x05,0x05,0xDD,0x01,0x00,0xDC,0x01,0xD8,0xC8,0x01,0x31,
	0x5E,0x03,0x67,0x6E,0x07,0x59,0x6E,0x03,0x39,0x6C,0x03,0xAB,0x6C,0x03,0x09,0x66,0x03,0x00,0x92,0xC0,
	0x03,0x00,0xE0,0x1F,0x00,0xF1,0x7D,0x00,0x79,0x78,0x00,0x5D,0x78,0x00,0x79,0x7C,0x00,0xF9,0x7C,0x00,
	0xF8,0x6C,0x00,0xF8,0x40,0x00,0x78,0x51,0x00,0x3C,0x60,0x00,0x1C,0x60,0x00,0x1C,0x74,0x00,0x1A,0xE0,
	0x00,0x36,0xF0,0x00,0x16,0xF0,0x00,0x16,0xF0,0x00,0x18,0xF0,0x00,0x7C,0xF8,0x00,0x02,0x84,0x01,0x00,
	0x00,0x01,0x00,0x00,0x21,0x00,0x00,0x01,0x00,0x00,0x01,0x00,0x00,0x05,0x83,0x02,0x00,0x00,0x06,0x00,
	0x00,0x06,0x00,0x00,0x06,0x00,0x00,0x01,0x02,0x8D,0x00,0x01,0x00,0x80,0x0B,0x00,0x20,0x00,0x00,0x80,
	0x04,0x00,0x08,0x00,0x00,0x00,0x1D,0x00,0x01,0x60,0x00,0x80,0x01,0x04,0x00,0x01,0x00,0x20,0x00,0x00,
	0x20,0x80,0x00,0x24,0x80,0x00,0x40,0x80,0x00,0x40,0x00,0x00,0x00,0x81,0x00,0x02,0x00,0x00,0x80,0x00,
	0x02,0x83,0x00,0x05,0x00,0x80,0x00,0x00,0x20,0x00,0x00,0x80,0x04,0x00,0x00,0x82,0x00,0x1D,0x00,0x00,
	0x40,0x00,0x00,0x01,0x00,0x00,0x82,0x20,0x00,0x00,0x20,0x80,0x00,0x20,0x00,0x00,0x03,0x80,0x00,0x80,
	0x00,0x04,0x80,0x20,0x00,0x00,0x0D,0x00,0x8E,0x00,0x00,0x04,0x00,0x02,0x00,0x00,0x0E,0x00,0x80,0x00,
	0x00,0xA0,0x00,0x00,0x00,0x00,0x01,0x00,0x05,0x00,0x00,0x38,0x00,0x00,0x40,0x00,0x40,0x80,0x04,0x00,
	0x80,0x00,0x00,0x82,0x00,0x00,0x82,0x00,0x44,0x00,0x00,0x40,0x00,0x00,0x00,0x82,0x00,0x80,0x00,0x40,
	0x90,0x00,0x00,0x10,0x00,0x04,0x80,0xA0,0x00,0x00,0x00,0x81,0x00,0x05,0x00,0x00,0x20,0x00,0x00,0x82,
	0x40,0x80,0x00,0x00,0x80,0x00,0x00,0x80,0x00,0x03,0x81,0x00,0x80,0x00,0x00,0x80,0x00,0x05,0x80,0x20,
	0x00,0x00,0x0D,0x01,0x88,0x00,0x02,0x00,0x00,0x0C,0x00,0x00,0x08,0x00,0x20,0x00,0x00,0x80,0x00,0x00,
	0x00,0x08,0x00,0x00,0x68,0x00,0x80,0x80,0x00,0x00,0x05,0x00,0x00,0x81,0x00,0x80,0x00,0x08,0x00,0x00,
	0x00,0x84,0x00,0x08,0x00,0x00,0x18,0x00,0x40,0x40,0x00,0x80,0x10,0x00,0x00,0x10,0x00,0x01,0x83,0x00,
	0x06,0x00,0x00,0x08,0x00,0x00,0x08,0x00,0x20,0x00,0x00,0x00,0x82,0x00,0x08,0x00,0x00,0x40,0x00,0x80,
	0x80,0x00,0x0E,0x80,0x20,0x00,0x00,0x0D,0x08,0x80,0x02,0x00,0x00,0x31,0x80,0x02,0x00,0x00,0x00,0x81,
	0x00,0x0C,0x00,0x00,0x02,0x00,0x01,0x84,0x00,0x01,0x00,0x00,0x10,0x00,0x00,0x01,0x00,0xC0,0x01,0x00,
	0x40,0x04,0x00,0x00,0x87,0x00,0x0A,0x00,0x08,0x08,0x01,0x40,0x08,0x01,0x00,0x08,0x00,0x40,0x98,0x00,
	0xC0,0x42,0x00,0x20,0x00,0x00,0x00,0x80,0x00,0x01,0x80,0x00,0x08,0x00,0x02,0x83,0x00,0x01,0x00,0x00,
	0x10,0x00,0x00,0x01,0x00,0x40,0x00,0x00,0x02,0x81,0x00,0x00,0x01,0x00,0x00,0x01,0x00,0x80,0x00,0x80,
	0x00,0x00,0x81,0x20,0x00,0x00,0x00,0x80,0x00,0x13,0x00,0x84,0x00,0x06,0x04,0x00,0x08,0x00,0x00,0x11,
	0x00,0x00,0x01,0x00,0x00,0x01,0x00,0x01,0x81,0x80,0x40,0x00,0x20,0x00,0x00,0x00,0x88,0x00,0x08,0x04,
	0x00,0x10,0x00,0x00,0x08,0x00,0x00,0x08,0x00,0x20,0x00,0x00,0x10,0x00,0x00,0x60,0x00,0x00,0x40,0x00,
	0x00,0x00,0x01,0x00,0x02,0x82,0x00,0x01,0x00,0x00,0x01,0x00,0x00,0x01,0x00,0x01,0x80,0x80,0x00,0x00,
	0x05,0x80,0x20,0x00,0x00,0x00,0x81,0x20,0x00,0x00,0x40,0x00,0x00,0x14,0x00,0x80,0x00,0x0C,0x00,0x01,
	0x80,0x00,0x10,0x00,0x02,0x84,0x00,0x01,0x00,0x40,0x00,0x00,0x00,0x1C,0x00,0x00,0x10,0x00,0x00,0x18,
	0x00,0x00,0x84,0x40,0x00,0x00,0x20,0x00,0x00,0x60,0x40,0x00,0x40,0x00,0x00,0x80,0x01,0x00,0x01,0x80,
	0x00,0x0C,0x00,0x0C,0x82,0x20,0x00,0x00,0x20,0x00,0x00,0x40,0x00,0x00,0x15,0x01,0x81,0x00,0x10,0x00,
	0x00,0x18,0x00,0x02,0x8C,0x08,0x00,0x00,0xC0,0x40,0x00,0x10,0x10,0x00,0x20,0x08,0x00,0x20,0x08,0x00,
	0x20,0x00,0x00,0x20,0x00,0x01,0x24,0x00,0x00,0x60,0x00,0x00,0x40,0x40,0x00,0x80,0x00,0x00,0x00,0x81,
	0x00,0x00,0x01,0x00,0x01,0x81,0x00,0x10,0x00,0x00,0x18,0x00,0x03,0x80,0x40,0x00,0x00,0x00,0x85,0x20,
	0x00,0x00,0x20,0x00,0x00,0x20,0x00,0x00,0x20,0x00,0x00,0x20,0x00,0x00,0x20,0x00,0x00,0x01,0x80,0x00,
	0x80,0x00,0x14,0x80,0x02,0x00,0x00,0x03,0x80,0x00,0x08,0x00,0x00,0x89,0x10,0x00,0x00,0x20,0x01,0x00,
	0x23,0x00,0x00,0x08,0x00,0x00,0x20,0x10,0x00,0x22,0x80,0x00,0xB0,0x00,0x01,0xF8,0x00,0x01,0x10,0x00,
	0x01,0x50,0x00,0x00,0x07,0x80,0x00,0x08,0x00,0x02,0x80,0x20,0x00,0x00,0x02,0x83,0x10,0x00,0x00,0x10,
	0x00,0x00,0x00,0x00,0x01,0x40,0x00,0x00,0x16,0x02,0x80,0x00,0x08,0x00,0x12,0x80,0x00,0x08,0x00,0x23,
	0x00,0x82,0x00,0x0C,0x00,0x00,0x10,0x00,0x00,0x10,0x00,0x02,0x84,0x00,0x10,0x00,0x00,0x60,0x00,0x00,
	0xA0,0x00,0x20,0xB0,0x00,0x10,0xA0,0x04,0x00,0x86,0x10,0x01,0x00,0x90,0x00,0x01,0x10,0x00,0x00,0x40,
	0x80,0x00,0x40,0x02,0x00,0x40,0x80,0x00,0x40,0x00,0x00,0x00,0x82,0x00,0x0C,0x00,0x00,0x10,0x00,0x00,
	0x10,0x00,0x02,0x85,0x00,0x10,0x00,0x00,0x40,0x00,0x00,0x80,0x00,0x00,0x80,0x00,0x00,0x80,0x00,0x10,
	0x00,0x00,0x01,0x84,0x10,0x00,0x00,0x40,0x80,0x00,0x40,0x00,0x00,0x40,0x80,0x00,0x40,0x00,0x00,0x13,
	0x06,0x82,0x00,0x08,0x00,0x00,0x08,0x00,0x20,0x70,0x00,0x00,0x88,0x10,0x00,0x00,0x04,0x80,0x00,0x0C,
	0x80,0x01,0x08,0x00,0x00,0x20,0x00,0x01,0x40,0x00,0x00,0x40,0x40,0x00,0x40,0x00,0x00,0x40,0x80,0x00,
	0x06,0x80,0x00,0x08,0x00,0x02,0x84,0x10,0x00,0x00,0x00,0x80,0x00,0x08,0x00,0x01,0x08,0x00,0x00,0x00,
	0x00,0x01,0x02,0x80,0x00,0x80,0x00,0x13,0x00,0x81,0x00,0x06,0x00,0x00,0x08,0x00,0x00,0x81,0x00,0x10,
	0x00,0x00,0x09,0x00,0x01,0x87,0x00,0x30,0x00,0x00,0x05,0x00,0x10,0x20,0x04,0x00,0x40,0x00,0x10,0x60,
	0x00,0x02,0x83,0x00,0x00,0x00,0x01,0x10,0x00,0x00,0x00,0x82,0x20,0x40,0x00,0x20,0x42,0x00,0x20,0x02,
	0x00,0x04,0x80,0x00,0x09,0x00,0x01,0x82,0x00,0x20,0x00,0x00,0x04,0x00,0x10,0x00,0x00,0x01,0x81,0x00,
	0x80,0x00,0x00,0x00,0x01,0x01,0x82,0x20,0x40,0x00,0x20,0x00,0x00,0x20,0x00,0x00,0x13,0x01,0x82,0x00,
	0x08,0x00,0x00,0x11,0x00,0x00,0x01,0x00,0x01,0x80,0x04,0x01,0x00,0x00,0x82,0x00,0x04,0x00,0x00,0x41,
	0x00,0x10,0x20,0x00,0x00,0x85,0x00,0x62,0x00,0x80,0x80,0x00,0x08,0x80,0x00,0x20,0x80,0x00,0x00,0x20,
	0x00,0x00,0x40,0x00,0x02,0x82,0x00,0x08,0x00,0x00,0x01,0x00,0x00,0x01,0x00,0x01,0x80,0x00,0x01,0x00,
	0x00,0x80,0x00,0x04,0x00,0x04,0x81,0x08,0x00,0x00,0x20,0x80,0x00,0x00,0x81,0x00,0x40,0x00,0x00,0x40,
	0x00,0x13,0x00,0x81,0x00,0x00,0x04,0x00,0x04,0x00,0x00,0x80,0x00,0x08,0x00,0x00,0x83,0x00,0x05,0x01,
	0x04,0x00,0x00,0x80,0x08,0x00,0x00,0x40,0x00,0x02,0x81,0x88,0x00,0x00,0xE0,0xA0,0x02,0x00,0x83,0x30,
	0x00,0x00,0x20,0x00,0x00,0x20,0x22,0x00,0x20,0x22,0x00,0x03,0x80,0x00,0x08,0x00,0x00,0x80,0x00,0x05,
	0x00,0x01,0x80,0x00,0x40,0x00,0x02,0x81,0x08,0x00,0x00,0x00,0x80,0x00,0x00,0x80,0x10,0x00,0x00,0x16,
	0x3B,0x01,0x82,0x00,0x04,0x00,0x00,0x0E,0x01,0x80,0x00,0x00,0x00,0x83,0x80,0x00,0x00,0x00,0x04,0x00,
	0x60,0x10,0x00,0x20,0x20,0x00,0x00,0x85,0x10,0x01,0x00,0x00,0x20,0x00,0x00,0x30,0x00,0x68,0x70,0x00,
	0x30,0x80,0x04,0x10,0x40,0x00,0x00,0x81,0x00,0x20,0x00,0x10,0x20,0x00,0x01,0x81,0x00,0x04,0x00,0x00,
	0x08,0x00,0x02,0x81,0x00,0x04,0x00,0x40,0x10,0x00,0x04,0x81,0x08,0x00,0x00,0x00,0x80,0x00,0x01,0x81,
	0x00,0x20,0x00,0x10,0x20,0x00,0x13,0x01,0x82,0x00,0x06,0x00,0x80,0x0D,0x00,0x00,0x08,0x00,0x02,0x82,
	0x80,0x08,0x00,0x20,0x00,0x00,0x00,0x04,0x00,0x00,0x86,0x00,0x08,0x00,0x00,0x18,0x00,0x00,0x10,0x00,
	0x28,0x00,0x00,0x10,0x00,0x00,0x10,0x00,0x00,0x10,0x10,0x00,0x02,0x80,0x00,0x02,0x00,0x04,0x81,0x80,
	0x08,0x00,0x20,0x00,0x00,0x04,0x80,0x08,0x00,0x00,0x00,0x81,0x10,0x00,0x00,0x10,0x00,0x00,0x14,0x00,
	0x84,0x00,0x80,0x00,0x00,0x02,0x00,0x00,0x06,0x00,0x80,0x00,0x00,0x80,0x00,0x00,0x01,0x82,0x00,0x08,
	0x00,0xC0,0x00,0x00,0x00,0x40,0x00,0x00,0x81,0x00,0x0A,0x00,0x00,0x04,0x00,0x00,0x82,0x10,0x00,0x00,
	0x08,0x00,0x00,0x08,0x10,0x00,0x00,0x80,0x00,0x10,0x00,0x02,0x82,0x00,0x04,0x00,0x80,0x00,0x00,0x80,
	0x00,0x00,0x03,0x80,0x00,0x40,0x00,0x04,0x81,0x08,0x00,0x00,0x08,0x00,0x00,0x15,0x02,0x80,0x00,0x01,
	0x00,0x00,0x81,0x40,0x00,0x00,0x80,0x00,0x00,0x00,0x85,0x80,0x04,0x00,0x00,0x30,0x00,0x90,0x07,0x00,
	0x10,0x40,0x00,0x00,0x45,0x00,0x00,0x48,0x00,0x02,0x81,0x08,0x10,0x00,0x00,0x02,0x00,0x06,0x80,0x80,
	0x00,0x00,0x00,0x85,0x80,0x04,0x00,0x00,0x20,0x00,0x10,0x03,0x00,0x00,0x40,0x00,0x00,0x40,0x00,0x00,
	0x40,0x00,0x02,0x80,0x08,0x00,0x00,0x15,0x02,0x82,0x00,0x04,0x00,0x00,0x04,0x00,0x00,0x00,0x04,0x00,
	0x80,0x90,0x00,0x00,0x00,0x81,0x00,0x0C,0x00,0x00,0x21,0x00,0x00,0x80,0x00,0x04,0x00,0x01,0x82,0x10,
	0x00,0x00,0x08,0x00,0x00,0x10,0x00,0x00,0x05,0x80,0x00,0x04,0x00,0x01,0x80,0x80,0x00,0x00,0x01,0x80,
	0x00,0x01,0x00,0x04,0x80,0x08,0x00,0x00,0x16,0x3B,0x02,0x82,0x00,0x02,0x00,0x80,0x03,0x00,0x00,0x04,
	0x00,0x02,0x88,0x00,0x14,0x00,0x10,0x00,0x00,0x08,0x20,0x00,0x08,0x00,0x00,0x08,0x0D,0x00,0x18,0x48,
	0x00,0x2A,0x40,0x00,0x18,0x00,0x00,0x08,0x00,0x00,0x00,0x80,0x00,0x14,0x00,0x02,0x80,0x00,0x02,0x00,
	0x00,0x80,0x00,0x04,0x00,0x02,0x88,0x00,0x10,0x00,0x10,0x00,0x00,0x08,0x00,0x00,0x08,0x00,0x00,0x08,
	0x00,0x00,0x08,0x40,0x00,0x08,0x00,0x00,0x08,0x00,0x00,0x08,0x00,0x00,0x15,0x02,0x80,0x00,0x01,0x00,
	0x00,0x8D,0x00,0x00,0x04,0x00,0x10,0x00,0x00,0x08,0x00,0x00,0x02,0x00,0x00,0x08,0x00,0x00,0x32,0x00,
	0x80,0x00,0x00,0x08,0x20,0x01,0x08,0x28,0x00,0x38,0x39,0x00,0x3C,0x50,0x00,0x08,0x00,0x00,0x08,0x20,
	0x00,0x08,0x00,0x00,0x03,0x80,0x00,0x01,0x00,0x03,0x82,0x00,0x02,0x00,0x00,0x08,0x00,0x00,0x22,0x00,
	0x03,0x80,0x00,0x40,0x00,0x01,0x80,0x08,0x00,0x00,0x14,0x02,0x82,0x80,0x03,0x00,0x80,0x02,0x00,0x00,
	0x04,0x04,0x00,0x80,0x10,0x00,0x00,0x00,0x8A,0x00,0x0C,0x00,0x40,0x18,0x00,0x08,0x22,0x00,0x80,0x20,
	0x00,0x80,0x20,0x04,0xE0,0x30,0x00,0x04,0x31,0x00,0x04,0x60,0x00,0x04,0x00,0x00,0x00,0x30,0x00,0x00,
	0x14,0x00,0x04,0x80,0x00,0x04,0x00,0x02,0x89,0x00,0x04,0x00,0x00,0x10,0x00,0x00,0x20,0x00,0x00,0x20,
	0x00,0x00,0x20,0x04,0x00,0x20,0x00,0x04,0x00,0x00,0x04,0x40,0x00,0x04,0x00,0x00,0x00,0x20,0x00,0x0D,
	0x80,0x00,0x00,0x04,0x05,0x04,0x80,0x00,0x86,0x00,0x02,0x89,0x00,0x02,0x00,0x00,0x0C,0x00,0x00,0x11,
	0x00,0x00,0x80,0x00,0x04,0x00,0x00,0x04,0x00,0x00,0x04,0x21,0x00,0x04,0x40,0x00,0x04,0x40,0x00,0x00,
	0x60,0x00,0x05,0x80,0x00,0x04,0x00,0x02,0x82,0x00,0x02,0x00,0x00,0x08,0x00,0x00,0x01,0x00,0x00,0x85,
	0x04,0x00,0x00,0x04,0x00,0x00,0x00,0x20,0x00,0x00,0x40,0x00,0x00,0x40,0x00,0x00,0x40,0x00,0x14,0x03,
	0x81,0x00,0x05,0x00,0x00,0x40,0x00,0x01,0x81,0x00,0x02,0x00,0x00,0x02,0x00,0x00,0x85,0x40,0x10,0x00,
	0x04,0x10,0x00,0x00,0x10,0x00,0x04,0x10,0x00,0x00,0x10,0x00,0x02,0x20,0x00,0x00,0x81,0x14,0x40,0x00,
	0x00,0x21,0x00,0x07,0x81,0x00,0x02,0x00,0x00,0x02,0x00,0x00,0x81,0x00,0x10,0x00,0x04,0x00,0x00,0x02,
	0x80,0x02,0x20,0x00,0x00,0x81,0x04,0x00,0x00,0x00,0x20,0x00,0x13,0x04,0x80,0x00,0x00,0x04,0x35,0x04,
	0x80,0x00,0x00,0x04,0x02,0x81,0x08,0x00,0x00,0x01,0x00,0x00,0x02,0x80,0x00,0x01,0x00,0x00,0x83,0x00,
	0x10,0x00,0x02,0x20,0x00,0x00,0x40,0x00,0x10,0x10,0x00,0x10,0x80,0x02,0x00,0x00,0x15,0x03,0x80,0x00,
	0x01,0x00,0x00,0x82,0x00,0x04,0x00,0x00,0x00,0x02,0x00,0x02,0x00,0x00,0x81,0x18,0x00,0x00,0x44,0x00,
	0x00,0x01,0x80,0xA0,0x01,0x00,0x00,0x83,0x00,0x71,0x00,0x02,0x40,0x00,0x00,0x60,0x00,0x00,0x32,0x00,
	0x07,0x80,0x00,0x02,0x00,0x00,0x81,0x08,0x00,0x00,0x04,0x00,0x00,0x03,0x83,0x00,0x60,0x00,0x02,0x40,
	0x00,0x00,0x40,0x00,0x00,0x20,0x00,0x13,0x02,0x82,0x80,0x01,0x00,0x80,0x00,0x00,0x00,0x06,0x00,0x00,
	0x80,0x40,0x02,0x00,0x00,0x82,0x20,0x00,0x00,0x00,0x0E,0x00,0x00,0x10,0x00,0x00,0x86,0x80,0x00,0x00,
	0x40,0x00,0x00,0x00,0x00,0x02,0x00,0x31,0x00,0x00,0x30,0x00,0x00,0x30,0x00,0x08,0x10,0x00,0x06,0x80,
	0x40,0x02,0x00,0x00,0x82,0x20,0x00,0x00,0x00,0x08,0x00,0x00,0x10,0x00,0x03,0x83,0x00,0x20,0x00,0x00,
	0x20,0x00,0x00,0x20,0x00,0x08,0x18,0x00,0x13,0x02,0x83,0x00,0x02,0x00,0x40,0x00,0x00,0x40,0x01,0x00,
	0x40,0x02,0x00,0x00,0x83,0x40,0x00,0x00,0x00,0x04,0x00,0x00,0x08,0x00,0x00,0x01,0x00,0x01,0x85,0x20,
	0x00,0x00,0x10,0x09,0x00,0x12,0x09,0x00,0x00,0x10,0x00,0x0C,0x10,0x00,0x08,0x00,0x00,0x03,0x82,0x40,
	0x00,0x00,0x40,0x01,0x00,0x40,0x02,0x00,0x00,0x81,0x40,0x00,0x00,0x00,0x04,0x00,0x00,0x80,0x00,0x01,
	0x00,0x03,0x82,0x02,0x00,0x00,0x00,0x10,0x00,0x04,0x18,0x00,0x14,0x02,0x82,0x80,0x01,0x00,0x00,0x01,
	0x00,0x00,0x03,0x00,0x00,0x83,0x04,0x00,0x00,0x20,0x00,0x00,0x30,0x0E,0x00,0xC8,0x10,0x00,0x00,0x80,
	0x80,0x00,0x00,0x00,0x85,0x00,0x07,0x00,0x10,0x1C,0x00,0x08,0x09,0x00,0x00,0x08,0x00,0x00,0x01,0x00,
	0x04,0x00,0x00,0x02,0x80,0x80,0x01,0x00,0x00,0x80,0x00,0x03,0x00,0x02,0x81,0x10,0x00,0x00,0x80,0x10,
	0x00,0x07,0x80,0x04,0x00,0x00,0x13,0x3B,0x02,0x82,0xC0,0x01,0x00,0xE0,0x02,0x00,0x20,0x00,0x00,0x01,
	0x83,0x00,0x02,0x00,0x00,0x08,0x00,0x80,0x10,0x00,0x00,0x10,0x00,0x00,0x85,0x04,0x02,0x00,0x00,0x04,
	0x00,0x00,0x15,0x00,0x08,0x18,0x00,0x10,0x0C,0x00,0x04,0x00,0x00,0x03,0x81,0x40,0x00,0x00,0x00,0x02,
	0x00,0x02,0x83,0x00,0x02,0x00,0x00,0x08,0x00,0x80,0x10,0x00,0x00,0x10,0x00,0x03,0x82,0x00,0x10,0x00,
	0x00,0x08,0x00,0x04,0x00,0x00,0x14,0x01,0x82,0x80,0x01,0x00,0x20,0x00,0x00,0x20,0x01,0x00,0x01,0x83,
	0x20,0x08,0x02,0x20,0x0C,0x00,0x1C,0x08,0x00,0x04,0x00,0x00,0x00,0x85,0x04,0x10,0x00,0x00,0x05,0x00,
	0x00,0x02,0x00,0x02,0x10,0x00,0x02,0x0C,0x00,0x14,0x00,0x00,0x00,0x80,0x04,0x00,0x00,0x01,0x80,0x80,
	0x01,0x00,0x00,0x80,0x20,0x01,0x00,0x02,0x82,0x20,0x04,0x00,0x08,0x00,0x00,0x04,0x00,0x00,0x00,0x80,
	0x00,0x10,0x00,0x01,0x81,0x02,0x10,0x00,0x02,0x08,0x00,0x16,0x01,0x82,0xC0,0x00,0x00,0x40,0x01,0x00,
	0x00,0x01,0x00,0x00,0x83,0x08,0x00,0x00,0x00,0x00,0x02,0x30,0x04,0x00,0x08,0x08,0x00,0x00,0x87,0x04,
	0x00,0x00,0x80,0x01,0x00,0x02,0x02,0x00,0x02,0x10,0x00,0x00,0x08,0x00,0x30,0x00,0x00,0x00,0x04,0x00,
	0x04,0x01,0x00,0x02,0x80,0x40,0x00,0x00,0x00,0x80,0x00,0x01,0x00,0x02,0x80,0x10,0x00,0x00,0x03,0x81,
	0x02,0x00,0x00,0x02,0x10,0x00,0x18,0x01,0x81,0x20,0x03,0x00,0xA0,0x00,0x00,0x01,0x8D,0x04,0x00,0x00,
	0x20,0x00,0x00,0x18,0x00,0x00,0x04,0x00,0x00,0x04,0x0A,0x00,0x02,0x09,0x00,0x02,0x08,0x00,0x00,0x1C,
	0x00,0x02,0x00,0x00,0x42,0x00,0x00,0x22,0x00,0x00,0x00,0x04,0x00,0x04,0x00,0x00,0x00,0x01,0x00,0x02,
	0x80,0x20,0x00,0x00,0x02,0x82,0x20,0x00,0x00,0x08,0x00,0x00,0x04,0x00,0x00,0x00,0x82,0x02,0x00,0x00,
	0x02,0x00,0x00,0x00,0x10,0x00,0x01,0x80,0x02,0x00,0x00,0x16,0x83,0x04,0x00,0x00,0x80,0x01,0x00,0x02,
	0x00,0x00,0x00,0x00,0x01,0x02,0x83,0x10,0x00,0x02,0x0C,0x00,0x00,0x04,0x00,0x00,0x02,0x01,0x00,0x00,
	0x84,0x82,0x00,0x00,0x02,0x18,0x00,0x80,0x10,0x00,0x40,0x18,0x02,0x04,0x00,0x00,0x01,0x80,0x04,0x00,
	0x00,0x00,0x80,0x80,0x01,0x00,0x04,0x81,0x10,0x00,0x00,0x04,0x00,0x00,0x00,0x80,0x02,0x00,0x00,0x01,
	0x82,0x00,0x10,0x00,0x00,0x10,0x00,0x00,0x10,0x00,0x17,0x3B,0x02,0x80,0x00,0x00,0x01,0x01,0x85,0x20,
	0x02,0x00,0x20,0x00,0x02,0x40,0x08,0x00,0x02,0x09,0x00,0x00,0x02,0x00,0x02,0x00,0x00,0x00,0x83,0x80,
	0x19,0x00,0x00,0x70,0x00,0x00,0x70,0x00,0x00,0x38,0x00,0x00,0x80,0x00,0x04,0x00,0x08,0x81,0x40,0x00,
	0x00,0x02,0x08,0x00,0x02,0x83,0x00,0x10,0x00,0x00,0x60,0x00,0x00,0x60,0x00,0x00,0x38,0x00,0x16,0x00,
	0x81,0x80,0x00,0x00,0x02,0x00,0x00,0x01,0x80,0x20,0x00,0x00,0x00,0x81,0x20,0x01,0x00,0x40,0x04,0x00,
	0x02,0x84,0x80,0x00,0x00,0x01,0x01,0x00,0x81,0x70,0x00,0x00,0xA0,0x00,0x04,0xF4,0x00,0x00,0x81,0x00,
	0x04,0x00,0x00,0x01,0x00,0x00,0x80,0x80,0x00,0x00,0x02,0x80,0x20,0x00,0x00,0x00,0x81,0x00,0x01,0x00,
	0x40,0x00,0x00,0x03,0x83,0x01,0x00,0x00,0x01,0x60,0x00,0x00,0x80,0x00,0x04,0xC0,0x00,0x16,0x00,0x82,
	0x00,0x01,0x00,0x02,0x00,0x00,0x00,0x00,0x01,0x04,0x80,0x00,0x01,0x00,0x02,0x85,0x00,0x08,0x00,0x00,
	0x10,0x00,0x00,0xA0,0x00,0x00,0x08,0x00,0x04,0x74,0x00,0x04,0x01,0x00,0x01,0x80,0x00,0x01,0x00,0x0B,
	0x81,0x00,0x10,0x00,0x00,0x80,0x00,0x00,0x81,0x04,0x70,0x00,0x04,0x00,0x00,0x14,0x01,0x80,0x02,0x00,
	0x00,0x01,0x80,0x00,0x00,0x04,0x05,0x80,0x80,0x00,0x00,0x00,0x83,0x80,0x00,0x00,0x01,0x00,0x00,0x06,
	0x00,0x00,0x00,0x64,0x00,0x00,0x80,0x04,0x00,0x00,0x0E,0x82,0x01,0x00,0x00,0x06,0x00,0x00,0x00,0x40,
	0x00,0x00,0x80,0x04,0x00,0x00,0x13,0x00,0x80,0x00,0x80,0x00,0x04,0x82,0x10,0x00,0x00,0x08,0x00,0x00,
	0x02,0x00,0x00,0x02,0x80,0x81,0x00,0x00,0x00,0x84,0x80,0x40,0x00,0x00,0xE0,0x00,0x00,0x38,0x00,0x00,
	0x01,0x00,0x00,0x01,0x00,0x06,0x80,0x10,0x00,0x00,0x00,0x80,0x02,0x00,0x00,0x02,0x80,0x01,0x00,0x00,
	0x00,0x82,0x00,0x40,0x00,0x00,0xC0,0x00,0x00,0x08,0x00,0x15,0x3B,0x01,0x81,0x00,0x03,0x00,0x80,0x00,
	0x00,0x01,0x80,0x20,0x00,0x00,0x00,0x80,0x04,0x00,0x00,0x01,0x81,0x02,0x00,0x00,0x80,0x00,0x00,0x00,
	0x83,0x81,0x00,0x00,0x41,0x30,0x00,0x44,0x30,0x00,0x00,0x30,0x00,0x09,0x80,0x04,0x00,0x00,0x04,0x83,
	0x01,0x00,0x00,0x01,0x20,0x00,0x00,0x20,0x00,0x00,0x20,0x00,0x15,0x82,0x04,0x00,0x00,0x00,0x80,0x00,
	0xA0,0x00,0x00,0x00,0x86,0x40,0x03,0x00,0x00,0x02,0x04,0x20,0x00,0x00,0x20,0x00,0x00,0x18,0x00,0x00,
	0x44,0x08,0x00,0x02,0x00,0x00,0x00,0x85,0x02,0x08,0x00,0x02,0x00,0x00,0x00,0x08,0x01,0xC0,0x18,0x02,
	0x00,0x10,0x00,0x04,0x18,0x00,0x05,0x80,0x00,0x01,0x00,0x01,0x83,0x20,0x00,0x00,0x08,0x00,0x00,0x40,
	0x08,0x00,0x02,0x00,0x00,0x03,0x82,0x00,0x10,0x00,0x00,0x10,0x00,0x04,0x18,0x00,0x15,0x01,0x82,0x40,
	0x01,0x00,0x20,0x02,0x00,0x00,0x01,0x00,0x00,0x80,0x04,0x01,0x00,0x00,0x8B,0x20,0x00,0x00,0x4C,0x00,
	0x00,0x40,0x0B,0x00,0x02,0x08,0x00,0x02,0x00,0x00,0x00,0x06,0x00,0x02,0x0C,0x01,0x02,0x08,0x00,0x40,
	0x08,0x00,0x24,0x00,0x00,0x00,0x01,0x00,0x00,0x01,0x00,0x01,0x82,0x40,0x01,0x00,0x20,0x00,0x00,0x00,
	0x01,0x00,0x00,0x80,0x00,0x01,0x00,0x01,0x80,0x44,0x00,0x00,0x00,0x81,0x02,0x00,0x00,0x02,0x00,0x00,
	0x1A,0x01,0x80,0x80,0x00,0x00,0x02,0x80,0x08,0x00,0x00,0x00,0x82,0x10,0x04,0x00,0x08,0x00,0x00,0x04,
	0x00,0x00,0x01,0x85,0x02,0x14,0x00,0x02,0x16,0x01,0x02,0x10,0x00,0x02,0x00,0x00,0x30,0x00,0x00,0x10,
	0x00,0x00,0x02,0x80,0x80,0x00,0x00,0x04,0x81,0x10,0x04,0x00,0x08,0x00,0x00,0x02,0x83,0x02,0x10,0x00,
	0x02,0x10,0x00,0x02,0x10,0x00,0x02,0x00,0x00,0x16,0x01,0x82,0x00,0x08,0x00,0xC0,0x01,0x00,0x40,0x00,
	0x00,0x00,0x8D,0x00,0x01,0x00,0x00,0x08,0x00,0x20,0x00,0x00,0x14,0x00,0x00,0x0C,0x12,0x00,0x04,0x10,
	0x00,0x04,0x10,0x00,0x04,0x00,0x00,0x04,0x14,0x01,0x00,0x10,0x02,0x00,0x08,0x00,0x1C,0x04,0x00,0x18,
	0x00,0x00,0x00,0x08,0x00,0x02,0x80,0x00,0x01,0x00,0x01,0x80,0x00,0x01,0x00,0x00,0x80,0x20,0x00,0x00,
	0x00,0x82,0x04,0x10,0x00,0x00,0x10,0x00,0x00,0x10,0x00,0x05,0x80,0x00,0x08,0x00,0x13,0x3B,0x02,0x82,
	0x20,0x00,0x00,0xA0,0x00,0x00,0x20,0x00,0x00,0x01,0x88,0x20,0x00,0x00,0x30,0x00,0x00,0x00,0x01,0x00,
	0x04,0x01,0x00,0x00,0x90,0x00,0x00,0x12,0x00,0x00,0x02,0x00,0x04,0x20,0x00,0x04,0x10,0x00,0x00,0x81,
	0x00,0x09,0x00,0x00,0x02,0x00,0x03,0x81,0x20,0x00,0x00,0x20,0x00,0x00,0x02,0x82,0x10,0x00,0x00,0x00,
	0x01,0x00,0x04,0x00,0x00,0x02,0x81,0x00,0x20,0x00,0x00,0x10,0x00,0x00,0x80,0x00,0x08,0x00,0x14,0x02,
	0x80,0xC0,0x01,0x00,0x00,0x80,0x00,0x02,0x04,0x00,0x8A,0x00,0x01,0x00,0x00,0x02,0x00,0x00,0x06,0x00,
	0x19,0x01,0x00,0x00,0x10,0x00,0x04,0x01,0x00,0x04,0x01,0x00,0x04,0x2C,0x00,0x04,0x08,0x00,0x0C,0x10,
	0x00,0x04,0x00,0x00,0x00,0x80,0x08,0x08,0x00,0x02,0x80,0xC0,0x00,0x00,0x02,0x81,0x00,0x01,0x00,0x00,
	0x02,0x00,0x00,0x80,0x08,0x01,0x00,0x00,0x85,0x04,0x00,0x00,0x04,0x00,0x00,0x04,0x20,0x00,0x04,0x00,
	0x00,0x04,0x00,0x00,0x04,0x08,0x00,0x15,0x03,0x83,0x00,0x02,0x00,0x20,0x00,0x00,0x20,0x02,0x00,0x04,
	0x00,0x00,0x00,0x80,0x28,0x08,0x00,0x00,0x80,0x40,0x00,0x00,0x00,0x86,0x80,0x20,0x00,0x00,0x09,0x00,
	0x18,0x38,0x00,0x14,0x30,0x00,0x08,0x20,0x00,0x00,0x18,0x00,0x08,0x00,0x00,0x08,0x80,0x20,0x08,0x00,
	0x02,0x80,0x00,0x20,0x00,0x01,0x83,0x04,0x20,0x00,0x00,0x30,0x00,0x00,0x10,0x00,0x08,0x00,0x00,0x13,
	0x00,0x80,0x00,0x80,0x00,0x00,0x81,0x80,0x00,0x00,0x60,0x00,0x00,0x02,0x81,0x00,0x02,0x00,0x00,0x04,
	0x00,0x00,0x81,0x08,0x00,0x00,0x00,0x20,0x00,0x00,0x85,0x10,0x00,0x00,0x08,0x10,0x00,0x18,0x30,0x00,
	0x00,0x40,0x00,0x10,0x50,0x00,0x10,0x10,0x00,0x07,0x81,0x00,0x02,0x00,0x00,0x04,0x00,0x01,0x80,0x00,
	0x20,0x00,0x03,0x82,0x00,0x40,0x00,0x00,0x60,0x00,0x00,0x10,0x00,0x13,0x03,0x83,0x80,0x00,0x00,0x00,
	0x02,0x00,0x00,0x02,0x00,0x20,0x00,0x00,0x00,0x81,0x40,0x00,0x00,0x30,0x0A,0x00,0x00,0x80,0x00,0x00,
	0x01,0x00,0x85,0x30,0x20,0x00,0x30,0x01,0x00,0x00,0x40,0x00,0x04,0x20,0x00,0x00,0x80,0x00,0x00,0x75,
	0x00,0x04,0x81,0x00,0x02,0x00,0x00,0x02,0x00,0x01,0x81,0x40,0x00,0x00,0x10,0x00,0x00,0x04,0x83,0x00,
	0x40,0x00,0x04,0x00,0x00,0x00,0x80,0x00,0x00,0x60,0x00,0x13,0x3B,0x03,0x81,0x40,0x00,0x00,0x80,0x00,
	0x00,0x00,0x8C,0x40,0x02,0x00,0x40,0x00,0x00,0x00,0x08,0x00,0x00,0x10,0x00,0x00,0x02,0x00,0x88,0x00,
	0x00,0x00,0x20,0x04,0xE0,0x00,0x00,0x60,0x01,0x00,0x04,0x00,0x00,0x04,0x00,0x00,0x00,0x40,0x00,0x10,
	0xE0,0x00,0x03,0x80,0x40,0x00,0x00,0x01,0x81,0x40,0x02,0x00,0x40,0x00,0x00,0x00,0x80,0x00,0x10,0x00,
	0x01,0x80,0x00,0x00,0x04,0x01,0x81,0x04,0x00,0x00,0x04,0x00,0x00,0x00,0x80,0x10,0x80,0x00,0x0C,0x80,
	0x00,0x00,0x04,0x05,0x01,0x80,0x00,0x08,0x00,0x01,0x82,0x40,0x04,0x00,0x40,0x04,0x00,0x00,0x00,0x02,
	0x02,0x80,0xC8,0x20,0x00,0x00,0x82,0x88,0x00,0x00,0x08,0x00,0x00,0x08,0x40,0x00,0x00,0x80,0x00,0x40,
	0x00,0x06,0x81,0x40,0x00,0x00,0x40,0x00,0x00,0x03,0x80,0x88,0x20,0x00,0x02,0x80,0x00,0x40,0x00,0x17,
	0x03,0x81,0x00,0x06,0x00,0xA0,0x00,0x00,0x03,0x89,0x20,0x18,0x00,0x90,0x22,0x00,0x08,0x22,0x00,0x0A,
	0x02,0x00,0xA8,0x42,0x00,0x26,0x03,0x00,0x08,0x42,0x00,0x08,0x00,0x00,0x28,0xC0,0x00,0x20,0xC0,0x00,
	0x03,0x81,0x00,0x02,0x00,0x20,0x00,0x00,0x03,0x84,0x20,0x10,0x00,0x80,0x02,0x00,0x08,0x00,0x00,0x08,
	0x00,0x00,0x08,0x40,0x00,0x02,0x81,0x08,0x80,0x00,0x00,0x80,0x00,0x04,0x80,0x20,0x00,0x00,0x0D,0x02,
	0x90,0x00,0x02,0x00,0x00,0x03,0x00,0x00,0x44,0x00,0x00,0x04,0x00,0x10,0x08,0x00,0x80,0x00,0x00,0x80,
	0x0C,0x00,0x40,0x34,0x00,0x80,0x40,0x00,0x10,0x40,0x00,0x10,0x40,0x00,0x70,0x01,0x00,0x58,0x41,0x00,
	0x38,0x00,0x00,0x08,0x02,0x00,0x10,0x20,0x00,0x00,0x40,0x00,0x04,0x81,0x00,0x04,0x00,0x00,0x04,0x00,
	0x00,0x85,0x80,0x00,0x00,0x80,0x04,0x00,0x00,0x20,0x00,0x00,0x40,0x00,0x00,0x40,0x00,0x00,0x40,0x00,
	0x00,0x84,0x08,0x00,0x00,0x08,0x00,0x00,0x08,0x00,0x00,0x10,0x00,0x00,0x00,0x40,0x00,0x13,0x02,0x82,
	0x00,0x03,0x00,0x00,0x04,0x00,0x40,0x00,0x00,0x00,0x80,0x80,0x00,0x00,0x00,0x89,0x80,0x10,0x00,0xA0,
	0x61,0x00,0x00,0x46,0x00,0x10,0x41,0x00,0x10,0x41,0x00,0x10,0x40,0x02,0x30,0x80,0x00,0x20,0x82,0x00,
	0x10,0x12,0x00,0x30,0x64,0x00,0x03,0x81,0x00,0x02,0x00,0x00,0x04,0x00,0x01,0x80,0x80,0x00,0x00,0x00,
	0x87,0x80,0x18,0x00,0x20,0x41,0x00,0x10,0x02,0x00,0x10,0x00,0x00,0x10,0x00,0x00,0x10,0x00,0x00,0x10,
	0x80,0x00,0x00,0x80,0x00,0x00,0x80,0x10,0x40,0x00,0x14,0x3B,0xA7,0x04,0x00,0x00,0x3E,0x04,0x07,0x3F,
	0x80,0x07,0xBE,0x1F,0x02,0x46,0x1F,0x00,0x27,0x86,0x00,0x47,0x92,0x01,0xCB,0x04,0x03,0xDD,0x8C,0x03,
	0xF0,0x94,0x05,0x59,0xC5,0x01,0xEE,0x86,0x01,0xFF,0x84,0x01,0x13,0x9C,0x01,0x00,0x94,0x03,0x04,0x46,
	0x03,0x10,0x04,0x05,0x17,0x9C,0x07,0x11,0x0B,0x07,0x20,0x09,0x06,0xFF,0xFF,0x07,0xFF,0xFF,0x07,0xFF,
	0xFF,0x07,0xFE,0xFD,0x07,0x7E,0xF8,0x07,0x5F,0xFA,0x07,0x7F,0xFA,0x07,0xFF,0xFC,0x07,0xFF,0xFC,0x07,
	0x7F,0xE0,0x07,0x1F,0x81,0x07,0x1F,0x80,0x07,0x1F,0x80,0x07,0x1D,0x80,0x07,0x1C,0x88,0x07,0x1E,0x3A,
	0x07,0x0C,0x7A,0x07,0x0F,0xF2,0x07,0x09,0x30,0x07,0x18,0x30,0x06,0x02,0x82,0x01,0x00,0x00,0x01,0x00,
	0x00,0x20,0x00,0x00,0x0D,0x00,0x8F,0x00,0x02,0x00,0x00,0x04,0x00,0x00,0x01,0x00,0x00,0x02,0x00,0x00,
	0x02,0x00,0x00,0x06,0x00,0x84,0x06,0x01,0x02,0x04,0x00,0x80,0x00,0x00,0x40,0x00,0x00,0x02,0x00,0x00,
	0x01,0x10,0x00,0x40,0x40,0x00,0x00,0x08,0x00,0x00,0x20,0x00,0x02,0x00,0x02,0x00,0x81,0x06,0x00,0x00,
	0x08,0x00,0x01,0x04,0x82,0x00,0x02,0x00,0x00,0x02,0x00,0x00,0x02,0x00,0x05,0x82,0x00,0x08,0x00,0x00,
	0x20,0x00,0x02,0x00,0x00,0x00,0x81,0x06,0x00,0x00,0x00,0x00,0x01,0x13,0x01,0x91,0x00,0x03,0x00,0x00,
	0x02,0x00,0xF8,0x20,0x00,0x00,0x22,0x00,0x00,0x09,0x00,0x80,0x02,0x00,0x06,0x2C,0x00,0x02,0x7C,0x00,
	0x84,0x7C,0x00,0x84,0x7E,0x00,0x02,0x69,0x00,0xAF,0x20,0x00,0x15,0x00,0x00,0x02,0x00,0x00,0x00,0x40,
	0x00,0x01,0x08,0x00,0x01,0x03,0x00,0x0F,0x00,0x00,0x05,0x81,0x00,0x01,0x00,0x00,0x02,0x00,0x04,0x86,
	0x02,0x00,0x00,0x01,0x00,0x00,0x02,0x00,0x00,0x00,0x40,0x00,0x01,0x08,0x00,0x01,0x02,0x00,0x07,0x00,
	0x00,0x13,0x01,0x91,0x00,0x01,0x00,0x00,0x03,0x00,0x00,0x21,0x00,0x78,0x21,0x00,0x00,0x0B,0x00,0x00,
	0x01,0x00,0x80,0x2C,0x00,0x02,0x7C,0x00,0x42,0x7C,0x00,0xC4,0x7E,0x00,0x04,0x7E,0x00,0x02,0x7F,0x00,
	0x6B,0x98,0x00,0x16,0xF2,0x00,0x06,0xA0,0x04,0x02,0x80,0x00,0x02,0x80,0x00,0x03,0x01,0x00,0x05,0x81,
	0x00,0x01,0x00,0x00,0x01,0x00,0x05,0x85,0x02,0x00,0x00,0x02,0x12,0x00,0x02,0x20,0x00,0x02,0x00,0x00,
	0x02,0x80,0x00,0x03,0x00,0x00,0x13,0x02,0x86,0x00,0x01,0x00,0x00,0x01,0x00,0x80,0x00,0x00,0x28,0x00,
	0x00,0x00,0x03,0x00,0x84,0x01,0x00,0xD0,0x00,0x00,0x00,0x81,0x42,0x02,0x00,0xC4,0x00,0x00,0x00,0x85,
	0x80,0x84,0x00,0x69,0xE8,0x00,0x10,0x82,0x00,0x00,0xC0,0x00,0x00,0x08,0x00,0x00,0x82,0x00,0x06,0x81,
	0x00,0x01,0x00,0x00,0x01,0x00,0x05,0x84,0x01,0x08,0x00,0x00,0x02,0x00,0x00,0x40,0x00,0x00,0x08,0x00,
	0x00,0x82,0x00,0x13,0x3B,0x02,0x83,0x00,0x10,0x00,0x00,0x20,0x00,0x00,0x2B,0x00,0x50,0x08,0x00,0x00,
	0x89,0x00,0x0C,0x00,0xD0,0x71,0x00,0xD2,0x7C,0x00,0x00,0x5D,0x00,0xC2,0x3F,0x00,0xC2,0x5E,0x00,0x00,
	0x03,0x00,0x81,0x00,0x00,0x4A,0x10,0x00,0x00,0x04,0x00,0x00,0x80,0x00,0x08,0x00,0x08,0x80,0x00,0x01,
	0x00,0x00,0x81,0x00,0x01,0x00,0x00,0x01,0x00,0x02,0x81,0x02,0x10,0x00,0x00,0x04,0x00,0x00,0x80,0x00,
	0x08,0x00,0x13,0x93,0xFF,0x7F,0x00,0xFF,0x7F,0x00,0xFF,0x7F,0x00,0xCF,0x6F,0x00,0x03,0x5E,0x00,0x01,
	0x54,0x00,0x81,0x77,0x00,0x79,0x7C,0x00,0x05,0x72,0x00,0x01,0x0C,0x00,0x11,0x00,0x00,0x01,0x21,0x00,
	0x01,0x41,0x00,0x81,0x20,0x00,0x41,0x78,0x00,0x01,0x01,0x00,0x20,0x08,0x00,0x00,0x22,0x00,0x00,0x41,
	0x00,0x04,0x01,0x00,0x0A,0x81,0x00,0x01,0x00,0x00,0x01,0x00,0x02,0x82,0x00,0x08,0x00,0x00,0x22,0x00,
	0x00,0x40,0x00,0x14,0x06,0x81,0x00,0x01,0x00,0x00,0x01,0x00,0x00,0x81,0xC0,0x01,0x00,0x40,0x00,0x00,
	0x01,0x80,0x00,0x06,0x00,0x00,0x82,0x00,0x01,0x00,0x10,0x05,0x00,0x04,0x06,0x00,0x08,0x80,0x00,0x01,
	0x00,0x00,0x80,0x00,0x01,0x00,0x05,0x81,0x00,0x04,0x00,0x00,0x06,0x00,0x14,0x93,0xFF,0x7F,0x00,0xFF,
	0x7F,0x00,0xFF,0x7F,0x00,0xCF,0x7F,0x00,0x03,0x7F,0x00,0x01,0x7E,0x00,0x01,0x7F,0x00,0x81,0x7C,0x01,
	0x01,0x7C,0x00,0x01,0x7F,0x00,0x01,0x7C,0x00,0x83,0x7C,0x00,0x01,0x7E,0x00,0x01,0x7E,0x00,0x01,0xFE,
	0x00,0x01,0xBE,0x00,0x01,0x98,0x02,0x1C,0x90,0x00,0x00,0x20,0x00,0x02,0x47,0x00,0x08,0x80,0x00,0x01,
	0x00,0x05,0x83,0x01,0x00,0x00,0x00,0x10,0x00,0x00,0x20,0x00,0x02,0x47,0x00,0x13,0x04,0x80,0x00,0x01,
	0x00,0x01,0x80,0x00,0x01,0x00,0x00,0x81,0x00,0x03,0x00,0x10,0x02,0x00,0x00,0x80,0x40,0x00,0x00,0x00,
	0x84,0x00,0x41,0x00,0x00,0x64,0x00,0x11,0x38,0x00,0x00,0x10,0x00,0x00,0xE1,0x00,0x09,0x80,0x00,0x01,
	0x00,0x05,0x82,0x01,0x08,0x00,0x00,0x10,0x00,0x00,0x21,0x00,0x13,0x3B,0x07,0x80,0x78,0x80,0x00,0x01,
	0x80,0x90,0x00,0x00,0x01,0x85,0x20,0x01,0x00,0x40,0x00,0x00,0x00,0x03,0x00,0x22,0x2C,0x00,0x00,0x3C,
	0x00,0x00,0x30,0x00,0x10,0x82,0x02,0x00,0x00,0x00,0x0C,0x00,0x00,0x10,0x00,0x13,0x05,0x80,0x80,0x01,
	0x00,0x01,0x80,0x00,0x01,0x00,0x01,0x80,0x42,0x00,0x00,0x02,0x83,0x80,0x00,0x00,0x44,0x02,0x00,0x0B,
	0x08,0x00,0x00,0x18,0x00,0x11,0x81,0x03,0x00,0x00,0x00,0x08,0x00,0x13,0x06,0x8C,0x80,0x00,0x00,0xC0,
	0x80,0x00,0x00,0x60,0x00,0x80,0x38,0x00,0xC0,0x7C,0x00,0x2A,0x7C,0x00,0x01,0x7E,0x00,0x41,0xD0,0x00,
	0x20,0xFF,0x00,0x00,0xFF,0x00,0x02,0x9E,0x00,0x02,0x38,0x00,0x02,0xF0,0x00,0x09,0x81,0x80,0x00,0x00,
	0x80,0x00,0x00,0x1B,0x02,0x80,0x00,0x00,0x04,0x01,0x8D,0x80,0x00,0x00,0x80,0x04,0x06,0x40,0x87,0x07,
	0x7C,0xC6,0x07,0x7C,0x42,0x07,0xFC,0x01,0x07,0x16,0x0D,0x07,0xFF,0x8F,0x07,0xDF,0xD4,0x07,0x9E,0xFF,
	0x07,0xFF,0xFF,0x01,0x7D,0xFF,0x00,0x09,0x3F,0x00,0x00,0xFB,0x07,0x08,0x84,0x00,0x01,0x00,0x00,0x04,
	0x00,0x80,0x00,0x00,0x00,0x04,0x00,0x00,0x04,0x00,0x04,0x80,0x01,0x04,0x00,0x13,0x00,0x84,0x00,0x00,
	0x01,0x00,0x80,0x04,0x00,0x80,0x02,0x00,0x10,0x05,0x00,0x10,0x00,0x00,0x86,0x00,0x24,0x00,0x00,0x04,
	0x00,0x80,0x61,0x00,0x00,0x1C,0x00,0x00,0x02,0x00,0x00,0x04,0x00,0x80,0x74,0x00,0x0E,0x81,0x80,0x01,
	0x00,0x00,0x04,0x00,0x00,0x81,0x00,0x04,0x00,0x00,0x04,0x00,0x19,0x00,0x80,0x00,0x00,0x01,0x39,0x01,
	0x8A,0x00,0x80,0x00,0x00,0x80,0x00,0x00,0x10,0x01,0x00,0x50,0x00,0x00,0x40,0x00,0x00,0xE0,0x00,0x00,
	0xC0,0x00,0x00,0x44,0x00,0x40,0xA6,0x00,0x80,0x1C,0x00,0x80,0xF0,0x00,0x00,0x80,0x00,0x04,0x00,0x0E,
	0x82,0x00,0x02,0x00,0x80,0x04,0x00,0x80,0x00,0x00,0x1A,0x01,0x86,0x00,0x00,0x04,0x00,0x60,0x02,0x00,
	0x40,0x00,0x00,0x40,0x00,0x00,0x40,0x00,0x00,0xC2,0x00,0x00,0xC0,0x00,0x00,0x81,0x00,0x40,0x00,0x40,
	0xE4,0x00,0x00,0x81,0x00,0x04,0x00,0x80,0x00,0x00,0x02,0x80,0x00,0x20,0x00,0x0B,0x80,0x00,0x04,0x00,
	0x1B,0x02,0x81,0x00,0x60,0x00,0x00,0x40,0x00,0x05,0x83,0x00,0x04,0x00,0x00,0x04,0x00,0x40,0x00,0x00,
	0x40,0x00,0x00,0x01,0x81,0x00,0x00,0x03,0x00,0x20,0x00,0x28,0x02,0x80,0x00,0x00,0x04,0x02,0x81,0x00,
	0x00,0x01,0x00,0x00,0x01,0x00,0x80,0x00,0x02,0x00,0x00,0x82,0x40,0x02,0x00,0x80,0x00,0x00,0x00,0x04,
	0x00,0x02,0x80,0x00,0x20,0x00,0x0A,0x80,0x00,0x02,0x00,0x01,0x80,0x80,0x00,0x00,0x19,0x02,0x83,0x00,
	0x80,0x00,0x02,0x00,0x00,0x00,0x00,0x04,0x00,0x02,0x00,0x07,0x80,0xC0,0x00,0x00,0x00,0x80,0x00,0x00,
	0x04,0x29,0x3B,0x02,0x81,0x00,0x80,0x00,0x02,0x00,0x00,0x02,0x81,0x80,0x00,0x00,0x00,0x00,0x01,0x00,
	0x80,0x00,0x01,0x00,0x01,0x80,0x00,0x04,0x00,0x2C,0x02,0x80,0x00,0x00,0x04,0x00,0x80,0x00,0x00,0x04,
	0x06,0x80,0x00,0x02,0x00,0x2D,0x01,0x80,0x00,0x00,0x04,0x05,0x80,0x40,0x00,0x00,0x01,0x80,0x40,0x00,
	0x00,0x00,0x80,0x80,0x00,0x00,0x10,0x80,0x40,0x00,0x00,0x00,0x80,0x80,0x00,0x00,0x18,0x01,0x80,0x00,
	0x00,0x02,0x01,0x80,0x00,0x00,0x04,0x02,0x81,0x00,0x00,0x01,0x40,0x00,0x00,0x12,0x80,0x40,0x00,0x00,
	0x1C,0x01,0x85,0x00,0x00,0x06,0x00,0x80,0x04,0x00,0xC0,0x01,0x00,0x40,0x00,0x00,0x60,0x00,0x00,0x41,
	0x00,0x02,0x84,0x00,0x60,0x00,0x00,0xA0,0x00,0x00,0xF0,0x00,0x20,0x00,0x00,0x40,0x00,0x00,0x00,0x80,
	0x00,0x00,0x04,0x0D,0x80,0x00,0x40,0x00,0x1A,0x3B,0x01,0x83,0x00,0x40,0x00,0x00,0x40,0x00,0x00,0x00,
	0x01,0x00,0x00,0x04,0x00,0x82,0x00,0x40,0x00,0xC0,0x00,0x00,0x40,0x00,0x00,0x00,0x82,0x80,0x11,0x00,
	0x00,0xD8,0x00,0x20,0x88,0x00,0x02,0x80,0x00,0x00,0x01,0x09,0x81,0x80,0x00,0x00,0x40,0x00,0x00,0x00,
	0x81,0x80,0x00,0x00,0x00,0x40,0x00,0x1A,0x01,0x86,0x00,0x40,0x00,0x00,0xC0,0x00,0x00,0xC0,0x04,0x00,
	0x40,0x00,0x00,0x30,0x00,0x80,0x00,0x00,0x80,0x00,0x00,0x01,0x83,0x38,0x20,0x00,0xBE,0x00,0x00,0x1E,
	0x00,0x00,0x06,0x00,0x00,0x01,0x80,0x00,0x00,0x02,0x09,0x80,0x80,0x00,0x00,0x02,0x80,0x80,0x00,0x00,
	0x1A,0x03,0x82,0x00,0xC0,0x00,0x00,0x10,0x00,0x00,0x40,0x00,0x01,0x82,0x70,0x01,0x00,0x38,0x00,0x00,
	0x04,0x20,0x00,0x01,0x80,0x18,0x02,0x00,0x0D,0x80,0x00,0x01,0x00,0x1D,0x03,0x80,0x00,0x20,0x00,0x00,
	0x85,0x00,0x10,0x00,0x20,0x01,0x00,0x20,0x00,0x00,0x10,0x30,0x00,0x00,0x78,0x00,0x42,0x08,0x00,0x00,
	0x80,0x00,0x40,0x00,0x10,0x80,0x40,0x00,0x00,0x1B,0x01,0x8A,0x00,0x03,0x00,0x00,0x46,0x00,0x00,0x10,
	0x00,0x00,0x60,0x00,0x00,0x70,0x00,0x20,0x00,0x00,0x00,0x00,0x01,0x90,0x30,0x00,0x86,0x48,0x00,0x40,
	0x00,0x00,0x80,0x00,0x00,0x0F,0x83,0x80,0x00,0x00,0x80,0x00,0x00,0x40,0x00,0x00,0x80,0x00,0x00,0x1A,
	0x06,0x80,0x00,0x40,0x00,0x33,0x80,0x80,0x01,0x00,0x00,0x82,0x00,0x04,0x00,0x00,0x29,0x00,0x00,0x00,
	0x04,0x00,0x83,0x00,0x10,0x00,0x0E,0x40,0x00,0x2E,0x00,0x00,0x16,0x00,0x00,0x00,0x83,0x00,0x40,0x00,
	0x00,0x40,0x00,0x00,0x30,0x00,0x1E,0x02,0x00,0x2C,0x8D,0x80,0x01,0x00,0x80,0x03,0x00,0x80,0x00,0x00,
	0x00,0x6B,0x00,0x00,0x70,0x00,0x00,0x70,0x00,0x00,0x60,0x00,0x0E,0x00,0x00,0x0E,0x00,0x01,0x54,0x00,
	0x00,0x00,0x30,0x00,0x40,0x48,0x00,0x00,0x40,0x00,0x00,0x30,0x00,0x02,0x80,0x00,0x80,0x00,0x0C,0x80,
	0x40,0x00,0x00,0x1B,0x00,0x84,0x80,0x03,0x00,0x80,0x07,0x00,0x00,0x04,0x04,0x00,0x80,0x00,0x00,0x00,
	0x04,0x02,0x83,0x32,0x00,0x00,0x1E,0x00,0x00,0x06,0x01,0x00,0x02,0x00,0x00,0x00,0x80,0x20,0x00,0x00,
	0x01,0x80,0x00,0x80,0x00,0x29,0x01,0x91,0x07,0xE0,0x07,0xFF,0xFF,0x03,0xFF,0xFF,0x03,0xF1,0xFF,0x04,
	0xE0,0x3D,0x01,0x58,0x1D,0x03,0x2C,0x0C,0x00,0x6F,0x0D,0x05,0x58,0x0C,0x05,0xB4,0x7F,0x05,0x3B,0x80,
	0x05,0x7D,0xCC,0x05,0xDB,0xE6,0x05,0x9F,0x76,0x04,0x0E,0xEF,0x00,0x08,0xE6,0x07,0x10,0x62,0x07,0x10,
	0x08,0x00,0x04,0x8E,0x00,0x00,0x07,0x00,0x00,0x06,0x00,0x00,0x04,0x10,0x00,0x04,0x50,0x01,0x00,0x47,
	0x00,0x00,0xC3,0x03,0x00,0x48,0x05,0x00,0x0C,0x09,0x00,0x84,0x19,0x00,0x00,0x09,0x00,0x00,0x10,0x00,
	0x06,0x00,0x00,0x0E,0x04,0x00,0x0E,0x04,0x00,0x13,0x00,0x81,0x1F,0x00,0x03,0xF8,0x1F,0x00,0x00,0x82,
	0x00,0x00,0x04,0x00,0x00,0x01,0x00,0x20,0x03,0x00,0x8B,0x10,0x00,0x05,0x20,0x00,0x00,0x40,0x00,0x00,
	0x02,0x80,0x00,0x00,0x05,0x00,0x94,0x01,0x00,0x00,0x09,0x01,0x04,0x19,0x00,0x16,0x18,0x01,0x12,0x20,
	0x01,0x12,0x0A,0x00,0x12,0x08,0x00,0x03,0x82,0x00,0x00,0x04,0x00,0x00,0x01,0x00,0x00,0x02,0x00,0x81,
	0x10,0x00,0x04,0x20,0x00,0x00,0x00,0x88,0x02,0x00,0x00,0x00,0x05,0x00,0x84,0x01,0x00,0x00,0x09,0x00,
	0x04,0x19,0x00,0x04,0x10,0x00,0x02,0x00,0x00,0x12,0x00,0x00,0x12,0x08,0x00,0x13,0x3B,0x81,0x9F,0x01,
	0x00,0xE0,0xFF,0x04,0x01,0x8F,0x01,0x00,0x04,0x00,0x00,0x02,0x00,0x00,0x05,0x08,0x10,0x04,0x24,0x00,
	0x00,0x10,0x00,0x00,0x20,0x00,0x00,0x10,0x04,0x00,0x98,0x00,0x00,0x00,0x10,0x00,0xA4,0x10,0x00,0x04,
	0x80,0x04,0x04,0x31,0x00,0x0A,0x0C,0x00,0x02,0x80,0x05,0x2E,0x04,0x00,0x03,0x8D,0x00,0x00,0x04,0x00,
	0x00,0x02,0x00,0x00,0x04,0x00,0x00,0x04,0x20,0x00,0x00,0x10,0x00,0x00,0x20,0x00,0x00,0x00,0x04,0x00,
	0x88,0x00,0x00,0x00,0x10,0x00,0x04,0x10,0x00,0x04,0x00,0x00,0x04,0x20,0x00,0x08,0x04,0x00,0x00,0x80,
	0x04,0x04,0x00,0x13,0x80,0x6C,0xFE,0x07,0x01,0x82,0x08,0x00,0x00,0x02,0x00,0x00,0x11,0x00,0x04,0x00,
	0x8C,0x20,0x00,0x00,0x20,0x00,0x00,0x20,0x00,0x00,0x60,0x80,0x00,0x80,0x00,0x00,0x10,0x00,0x01,0x98,
	0x18,0x01,0x08,0x20,0x00,0x20,0x10,0x00,0x04,0x28,0x00,0x04,0x00,0x02,0x04,0x88,0x01,0x3C,0x10,0x04,
	0x04,0x80,0x00,0x00,0x04,0x01,0x8B,0x20,0x00,0x00,0x20,0x00,0x00,0x20,0x00,0x00,0x80,0x00,0x00,0x10,
	0x00,0x00,0x18,0x18,0x00,0x08,0x20,0x00,0x00,0x10,0x00,0x00,0x20,0x00,0x04,0x00,0x00,0x24,0x08,0x00,
	0x20,0x00,0x00,0x13,0x80,0x70,0x00,0x00,0x02,0x80,0x02,0x00,0x00,0x01,0x8C,0x50,0x00,0x00,0x08,0x00,
	0x02,0x41,0x8C,0x01,0x80,0x08,0x03,0xA1,0x00,0x03,0x80,0x00,0x02,0x20,0x10,0x00,0x08,0x90,0x00,0x00,
	0x80,0x00,0x20,0x10,0x01,0x04,0x0C,0x03,0x1C,0x10,0x02,0x28,0x00,0x00,0x08,0x80,0x41,0x00,0x00,0x00,
	0x80,0x01,0x00,0x00,0x00,0x81,0x00,0x10,0x00,0x08,0x10,0x00,0x01,0x82,0x20,0x0C,0x01,0x08,0x00,0x00,
	0x08,0x00,0x00,0x13,0x80,0x43,0x00,0x00,0x01,0x86,0x08,0x00,0x00,0x01,0x00,0x00,0x10,0x00,0x00,0x20,
	0x10,0x00,0x40,0x00,0x00,0x00,0x88,0x00,0x40,0x00,0x02,0x00,0x88,0x00,0x01,0x00,0x30,0x00,0x00,0x10,
	0x00,0x02,0x10,0x40,0x02,0x00,0x01,0x00,0x10,0x08,0x00,0x50,0xA2,0x01,0x38,0x44,0x07,0x48,0x10,0x04,
	0x08,0x80,0x40,0x00,0x00,0x00,0x83,0x00,0x01,0x00,0x10,0x00,0x00,0x10,0x00,0x00,0x10,0x00,0x00,0x00,
	0x83,0x10,0x08,0x00,0x18,0x80,0x01,0x40,0x04,0x00,0x10,0x10,0x02,0x13,0x80,0x3F,0x00,0x00,0x02,0x80,
	0x01,0x20,0x00,0x01,0x82,0x20,0x00,0x00,0x10,0x03,0x00,0x00,0x02,0x00,0x00,0x88,0x00,0x03,0x00,0x20,
	0x01,0x00,0x60,0x01,0x00,0x50,0x21,0x00,0x40,0x68,0x00,0x78,0x82,0x00,0x50,0xC0,0x01,0x20,0xB0,0x01,
	0x50,0xB0,0x01,0x03,0x80,0x00,0x20,0x00,0x05,0x88,0x00,0x02,0x00,0x20,0x00,0x00,0x20,0x00,0x00,0x10,
	0x20,0x00,0x00,0x28,0x00,0x30,0x00,0x00,0x50,0xD0,0x00,0x10,0x90,0x00,0x60,0x00,0x02,0x13,0x3B,0x82,
	0x7F,0x00,0x00,0x7F,0x00,0x00,0x09,0x00,0x00,0x00,0x80,0x02,0x20,0x00,0x00,0x87,0x40,0x00,0x00,0x00,
	0x08,0x00,0x00,0x04,0x00,0x00,0x02,0x00,0x20,0x0F,0x00,0x60,0x4C,0x00,0x60,0x00,0x00,0x20,0x00,0x00,
	0x00,0x84,0x00,0x2A,0x00,0x70,0x60,0x00,0x30,0xF0,0x00,0xC0,0x44,0x00,0xE0,0x8C,0x01,0x03,0x80,0x00,
	0x20,0x00,0x04,0x83,0x00,0x06,0x00,0x00,0x0C,0x00,0x20,0x00,0x00,0x20,0x00,0x00,0x00,0x84,0x00,0x28,
	0x00,0x60,0x20,0x00,0x20,0x70,0x00,0x60,0xC0,0x00,0x40,0x48,0x00,0x13,0x93,0x40,0x00,0x00,0x58,0x00,
	0x00,0x06,0x00,0x00,0x3F,0x00,0x00,0x7C,0x00,0x00,0xF0,0x03,0x00,0x80,0x07,0x00,0x00,0x07,0x01,0x20,
	0x81,0x00,0x21,0x04,0x00,0x00,0x42,0x00,0x40,0x90,0x00,0xC0,0x80,0x00,0x80,0x80,0x00,0x00,0x22,0x00,
	0x00,0x30,0x00,0xE0,0x30,0x00,0xE0,0x6D,0x00,0x00,0x08,0x00,0x00,0x38,0x00,0x08,0x83,0x01,0x00,0x00,
	0x00,0x02,0x00,0x40,0x00,0x00,0x40,0x00,0x00,0x01,0x84,0x00,0x10,0x00,0x40,0x30,0x00,0x40,0x38,0x00,
	0x00,0x48,0x00,0x00,0x68,0x00,0x13,0x93,0x40,0x00,0x00,0xD8,0x00,0x00,0xF0,0x00,0x00,0xC0,0x03,0x00,
	0x80,0x07,0x00,0x00,0x04,0x00,0x00,0x88,0x00,0x40,0x01,0x00,0x00,0x40,0x01,0x40,0xC0,0x01,0xC0,0x8C,
	0x01,0xC0,0x08,0x01,0x20,0x10,0x01,0x00,0x0A,0x01,0x80,0x00,0x06,0x90,0x12,0x00,0x00,0x38,0x00,0x40,
	0x25,0x00,0x00,0x10,0x00,0x00,0x04,0x00,0x09,0x83,0x00,0x0C,0x00,0x40,0x08,0x00,0x00,0x10,0x00,0x00,
	0x08,0x00,0x02,0x82,0x00,0x08,0x00,0x00,0x0C,0x00,0x00,0x10,0x00,0x12,0x80,0x00,0x10,0x00,0x80,0x40,
	0x00,0x00,0x01,0x80,0x00,0x02,0x00,0x00,0x80,0x00,0x08,0x00,0x00,0x84,0x00,0x00,0x04,0x40,0x00,0x00,
	0x00,0x0B,0x00,0x04,0x1A,0x00,0x80,0x20,0x00,0x00,0x86,0x00,0x08,0x00,0x00,0x08,0x00,0x01,0x06,0x00,
	0x40,0x06,0x00,0x80,0x2D,0x00,0x80,0x36,0x00,0x00,0x24,0x00,0x06,0x80,0x00,0x00,0x04,0x01,0x81,0x04,
	0x08,0x00,0x80,0x00,0x00,0x00,0x85,0x00,0x08,0x00,0x00,0x08,0x00,0x00,0x0C,0x00,0x00,0x04,0x00,0x80,
	0x06,0x00,0x80,0x34,0x00,0x12,0x80,0x00,0x10,0x00,0x00,0x93,0x3F,0x00,0x00,0xFF,0x00,0x00,0x03,0x00,
	0x00,0x00,0x00,0x06,0x00,0x04,0x04,0x00,0x00,0x04,0x80,0x01,0x06,0x00,0x02,0x00,0x01,0x02,0x04,0x00,
	0x04,0x00,0xC0,0x00,0x00,0x10,0x10,0x00,0x70,0x02,0x00,0x10,0x01,0x00,0x00,0x0C,0x00,0x0E,0x11,0x00,
	0x00,0x26,0x00,0x00,0x29,0x00,0x40,0x26,0x00,0x00,0x40,0x00,0x02,0x83,0x00,0x00,0x06,0x00,0x00,0x04,
	0x00,0x00,0x04,0x00,0x00,0x06,0x00,0x84,0x00,0x00,0x04,0x00,0x04,0x00,0x80,0x00,0x00,0x00,0x10,0x00,
	0x40,0x00,0x00,0x00,0x83,0x00,0x04,0x00,0x00,0x02,0x00,0x00,0x07,0x00,0x00,0x26,0x00,0x15,0x3B,0x00,
	0x91,0x00,0x40,0x00,0xFC,0x00,0x00,0x80,0x01,0x01,0x00,0x00,0x03,0x00,0x08,0x02,0x00,0x02,0x00,0x00,
	0x80,0x02,0x80,0x46,0x00,0x10,0x04,0x04,0x00,0x20,0x00,0x00,0x40,0x00,0x00,0x44,0x00,0x40,0x48,0x00,
	0x10,0x03,0x00,0x60,0x23,0x00,0x00,0x04,0x00,0x00,0x30,0x00,0x00,0x40,0x00,0x01,0x80,0x00,0x40,0x00,
	0x00,0x82,0x00,0x00,0x01,0x00,0x00,0x03,0x00,0x00,0x02,0x00,0x80,0x00,0x00,0x02,0x00,0x80,0x00,0x04,
	0x04,0x02,0x80,0x40,0x08,0x00,0x00,0x82,0x00,0x03,0x00,0x00,0x03,0x00,0x00,0x10,0x00,0x12,0x80,0x00,
	0x10,0x00,0x01,0x00,0x85,0x00,0x20,0x00,0x00,0x78,0x00,0x78,0x80,0x06,0x00,0x83,0x00,0x00,0x07,0x05,
	0x00,0x00,0x05,0x00,0x88,0x80,0x80,0x02,0x80,0xE0,0x04,0x10,0xC2,0x00,0x00,0x80,0x00,0xC0,0x81,0x00,
	0x40,0x86,0x00,0x00,0x02,0x00,0x00,0x16,0x00,0x80,0x24,0x00,0x00,0x81,0x00,0x08,0x00,0xC0,0x08,0x00,
	0x00,0x85,0x00,0x20,0x00,0x00,0x78,0x00,0x00,0x80,0x06,0x00,0x80,0x00,0x00,0x00,0x01,0x00,0x00,0x01,
	0x00,0x81,0x00,0x00,0x02,0x80,0x00,0x04,0x01,0x81,0xC0,0x00,0x00,0x40,0x04,0x00,0x00,0x81,0x00,0x05,
	0x00,0x80,0x20,0x00,0x01,0x80,0x80,0x08,0x00,0x13,0x86,0x1F,0x00,0x00,0x07,0x60,0x00,0x07,0x78,0x00,
	0x08,0xB0,0x01,0x40,0x40,0x00,0x00,0x81,0x04,0x00,0x40,0x00,0x00,0x80,0x08,0x21,0x06,0x01,0x81,0x60,
	0x04,0x00,0x80,0x05,0x00,0x00,0x82,0x00,0x09,0x00,0x00,0x20,0x00,0x80,0x20,0x00,0x00,0x81,0x00,0x28,
	0x00,0x00,0x28,0x00,0x00,0x84,0x00,0x60,0x00,0x00,0x78,0x00,0x00,0xB0,0x01,0x00,0x40,0x00,0x00,0x80,
	0x00,0x01,0x80,0x00,0x00,0x06,0x01,0x81,0x40,0x00,0x00,0x80,0x00,0x00,0x02,0x80,0x80,0x20,0x00,0x00,
	0x81,0x00,0x20,0x00,0x00,0x28,0x00,0x11,0x81,0x00,0x20,0x00,0x00,0x20,0x00,0x8D,0xE0,0x01,0x00,0x78,
	0x00,0x00,0x18,0x00,0x00,0x00,0x30,0x00,0x00,0xC1,0x07,0x00,0x80,0x00,0x00,0x80,0x02,0x00,0x00,0x05,
	0x00,0x00,0x02,0x40,0x00,0x00,0x40,0x00,0x00,0x80,0x07,0x04,0x00,0x03,0x00,0x00,0x33,0x00,0x00,0x84,
	0x00,0x04,0x00,0x00,0x10,0x00,0x80,0x24,0x00,0x80,0x60,0x00,0x80,0x40,0x00,0x02,0x85,0x00,0x30,0x00,
	0x00,0xC0,0x07,0x00,0x80,0x00,0x00,0x80,0x00,0x00,0x00,0x05,0x00,0x00,0x02,0x00,0x81,0x40,0x00,0x00,
	0x80,0x00,0x00,0x00,0x80,0x00,0x10,0x00,0x00,0x84,0x00,0x04,0x00,0x00,0x10,0x00,0x80,0x00,0x00,0x80,
	0x20,0x00,0x80,0x00,0x00,0x0F,0x80,0x00,0x10,0x00,0x00,0x80,0x00,0x20,0x00,0x00,0x93,0x00,0x0E,0x00,
	0x80,0x03,0x00,0xE0,0x01,0x00,0xF0,0x01,0x00,0x40,0x01,0x00,0x00,0x00,0x05,0x80,0x80,0x06,0x00,0x40,
	0x00,0x00,0x06,0x05,0x80,0x44,0x02,0x00,0x48,0x00,0x00,0x42,0x00,0x00,0x25,0x00,0x10,0x00,0x04,0x10,
	0x10,0x00,0x40,0x10,0x00,0x00,0x24,0x00,0x00,0x24,0x04,0x00,0x24,0x00,0x00,0x1C,0x00,0x04,0x81,0x00,
	0x00,0x05,0x00,0x80,0x00,0x00,0x82,0x00,0x00,0x01,0x80,0x04,0x02,0x00,0x08,0x00,0x00,0x80,0x00,0x04,
	0x00,0x00,0x80,0x00,0x10,0x00,0x00,0x81,0x00,0x04,0x00,0x00,0x24,0x00,0x00,0x80,0x00,0x30,0x00,0x12,
	0x80,0x00,0x30,0x00,0x3B,0xA7,0x93,0x7F,0x00,0xFB,0x73,0x00,0xDB,0x71,0x00,0xE3,0xF1,0x07,0xCB,0xF8,
	0x07,0xE2,0xF1,0x01,0xF2,0xCC,0x01,0x79,0xEC,0x07,0x7C,0xDF,0x06,0x4E,0x68,0x03,0x0B,0x76,0x01,0xA9,
	0x6F,0x05,0xA9,0x0A,0x00,0xF9,0x10,0x04,0xFB,0x90,0x03,0xC4,0x88,0x03,0x84,0xC8,0x03,0x87,0xE8,0x05,
	0x83,0x4C,0x01,0x83,0x5C,0x01,0x7F,0xF0,0x07,0x3F,0xF0,0x07,0x3F,0xF0,0x07,0x1F,0xF0,0x07,0x3F,0xF8,
	0x07,0x1E,0xF0,0x05,0x1E,0xF0,0x00,0x1F,0xD0,0x04,0x0F,0x80,0x04,0x07,0x04,0x05,0xC0,0x08,0x07,0x43,
	0x10,0x07,0x43,0x14,0x06,0x03,0x0C,0x06,0x03,0x0C,0x06,0x03,0x1C,0x06,0x03,0x0C,0x06,0x01,0x0C,0x06,
	0x01,0x28,0x06,0x01,0x38,0x06,0x04,0x81,0x01,0x00,0x00,0x01,0x00,0x00,0x08,0x82,0x00,0x10,0x00,0x00,
	0x10,0x00,0x00,0x10,0x00,0x00,0x9C,0x80,0x00,0x00,0x40,0x00,0x00,0x60,0x00,0x00,0x20,0x00,0x00,0x00,
	0x08,0x00,0x20,0x00,0x00,0x20,0x00,0x00,0x20,0x30,0x00,0x18,0x02,0x04,0x8C,0x00,0x00,0x04,0x00,0x00,
	0x04,0x00,0x00,0x00,0x00,0x04,0x00,0x80,0x04,0x02,0x80,0x00,0x00,0x80,0x02,0x00,0xC0,0x02,0x02,0x80,
	0x00,0x04,0x00,0x00,0x08,0x80,0x00,0x80,0x00,0x00,0x40,0x00,0x00,0x40,0x00,0x00,0x20,0x00,0x00,0x00,
	0x08,0x00,0x20,0x00,0x00,0x20,0x00,0x00,0x20,0x30,0x00,0x10,0x00,0x00,0x00,0x81,0x04,0x00,0x00,0x04,
	0x00,0x00,0x04,0x80,0x02,0x00,0x00,0x15,0x86,0x00,0x03,0x00,0xC0,0x11,0x00,0x80,0x10,0x00,0x40,0x10,
	0x00,0x40,0x10,0x00,0x40,0x00,0x00,0x40,0x00,0x00,0x00,0x82,0x30,0x40,0x00,0x90,0xFD,0x01,0x0C,0x00,
	0x00,0x01,0x81,0x00,0x00,0x02,0x00,0x00,0x02,0x02,0x88,0x02,0x80,0x02,0x08,0x40,0x02,0x00,0x03,0x00,
	0x80,0x11,0x00,0x80,0x10,0x00,0x40,0x10,0x00,0x40,0x10,0x00,0x40,0x00,0x00,0x40,0x00,0x00,0x00,0x81,
	0x20,0x40,0x00,0x08,0x80,0x00,0x07,0x81,0x02,0x00,0x02,0x00,0x00,0x02,0x13,0x8D,0x20,0x04,0x00,0x00,
	0x12,0x00,0x40,0x03,0x00,0x80,0x00,0x00,0xC4,0x00,0x00,0x00,0x30,0x00,0x00,0x10,0x00,0x64,0x00,0x00,
	0x60,0x20,0x04,0x70,0x02,0x00,0x88,0x79,0x00,0x0C,0x00,0x00,0x04,0x00,0x00,0x00,0x80,0x00,0x00,0x80,
	0x02,0x00,0x00,0x00,0x80,0x00,0x40,0x02,0x00,0x8B,0x00,0x00,0x01,0x00,0x04,0x00,0x00,0x12,0x00,0x00,
	0x03,0x00,0x80,0x00,0x00,0x80,0x00,0x00,0x00,0x30,0x00,0x00,0x10,0x00,0x40,0x00,0x00,0x40,0x20,0x00,
	0x10,0x00,0x00,0x08,0x00,0x00,0x00,0x80,0x04,0x00,0x00,0x03,0x80,0x00,0x00,0x02,0x15,0x83,0x00,0x08,
	0x00,0x00,0x14,0x00,0x00,0x04,0x00,0x00,0x03,0x00,0x00,0x89,0xD0,0x00,0x00,0xA8,0x20,0x00,0x82,0xA0,
	0x00,0x80,0x20,0x01,0x30,0xC0,0x00,0x78,0x02,0x01,0x80,0x78,0x00,0x0C,0x00,0x04,0x04,0x00,0x04,0x00,
	0x80,0x00,0x02,0x80,0x02,0xC0,0x00,0x00,0x83,0x00,0x08,0x00,0x00,0x14,0x00,0x00,0x04,0x00,0x00,0x03,
	0x00,0x00,0x84,0x80,0x00,0x00,0x80,0x20,0x00,0x80,0x20,0x00,0x80,0x20,0x00,0x20,0x40,0x00,0x02,0x80,
	0x04,0x00,0x00,0x03,0x80,0x02,0x00,0x00,0x14,0x3B,0x00,0x8E,0x00,0x08,0x00,0x00,0x20,0x00,0x00,0x22,
	0x00,0x00,0x21,0x00,0x00,0x41,0x00,0x00,0x40,0x00,0x00,0x80,0x00,0x00,0x40,0x00,0xE0,0xC0,0x00,0x10,
	0x80,0x00,0x09,0x14,0x01,0x00,0x40,0x01,0x00,0x40,0x02,0x00,0x00,0x02,0x00,0x80,0x00,0x00,0x82,0x02,
	0x00,0x02,0x00,0x00,0x02,0x08,0xC0,0x03,0x00,0x85,0x00,0x08,0x00,0x00,0x20,0x00,0x00,0x22,0x00,0x00,
	0x21,0x00,0x00,0x41,0x00,0x00,0x40,0x00,0x00,0x84,0x00,0x40,0x00,0xC0,0x40,0x00,0x10,0x80,0x00,0x08,
	0x00,0x00,0x00,0x00,0x01,0x03,0x82,0x02,0x00,0x02,0x00,0x00,0x02,0x00,0x00,0x02,0x13,0x82,0x40,0x10,
	0x00,0x00,0x08,0x00,0x00,0x04,0x00,0x00,0x81,0x00,0x40,0x00,0x00,0x01,0x00,0x00,0x80,0x00,0x40,0x00,
	0x00,0x8D,0x80,0x12,0x00,0x10,0x05,0x00,0xD8,0x8C,0x00,0x08,0xA0,0x01,0x04,0xA0,0x00,0x04,0x40,0x04,
	0x00,0x40,0x02,0x00,0xC0,0x03,0x00,0xC0,0x03,0x00,0x80,0x03,0x01,0xC0,0x03,0x00,0x10,0x00,0x00,0x08,
	0x00,0x00,0x04,0x00,0x00,0x81,0x00,0x40,0x00,0x00,0x01,0x00,0x00,0x80,0x00,0x40,0x00,0x00,0x80,0x80,
	0x00,0x00,0x00,0x88,0x00,0x80,0x00,0x08,0x80,0x00,0x00,0x80,0x01,0x04,0x00,0x01,0x00,0x00,0x01,0x00,
	0x00,0x01,0x00,0x00,0x01,0x00,0x00,0x01,0x00,0x00,0x01,0x13,0x99,0x00,0x18,0x00,0x00,0x14,0x00,0x00,
	0x22,0x00,0x00,0x20,0x00,0x00,0x41,0x00,0x00,0x44,0x00,0x00,0x10,0x00,0x00,0x10,0x00,0x80,0x00,0x01,
	0x02,0x12,0x00,0x20,0x01,0x00,0x20,0x11,0x00,0x18,0xF0,0x00,0x00,0xB0,0x00,0x0C,0x70,0x00,0x0C,0x30,
	0x04,0x0B,0x30,0x01,0x00,0x30,0x01,0x02,0x20,0x01,0x15,0x20,0x01,0x00,0x18,0x00,0x00,0x14,0x00,0x00,
	0x22,0x00,0x00,0x20,0x00,0x00,0x41,0x00,0x00,0x40,0x00,0x01,0x80,0x80,0x00,0x00,0x00,0x89,0x20,0x00,
	0x00,0x10,0x00,0x00,0x00,0x60,0x00,0x08,0x60,0x00,0x00,0xC0,0x00,0x04,0x80,0x00,0x00,0x80,0x00,0x02,
	0x80,0x00,0x02,0xC0,0x00,0x00,0xC0,0x00,0x13,0x88,0x00,0x08,0x00,0x00,0x0A,0x00,0x00,0x21,0x00,0x00,
	0x41,0x00,0x00,0x20,0x04,0xC4,0x04,0x00,0x80,0x50,0x00,0x80,0x50,0x00,0x00,0x40,0x00,0x00,0x92,0x28,
	0x44,0x00,0x20,0xC8,0x00,0x20,0x58,0x00,0x08,0x0C,0x00,0x10,0x0C,0x00,0x0C,0x6C,0x00,0x00,0x2C,0x00,
	0x0C,0xEC,0x00,0x0A,0x3C,0x00,0x00,0xB8,0x00,0x00,0x08,0x00,0x00,0x0A,0x00,0x00,0x21,0x00,0x00,0x41,
	0x00,0x00,0x20,0x00,0x80,0x00,0x00,0x80,0x40,0x00,0x80,0x40,0x00,0x00,0x40,0x00,0x00,0x89,0x08,0x40,
	0x00,0x20,0x40,0x00,0x10,0x10,0x00,0x10,0x00,0x00,0x08,0x00,0x00,0x08,0x40,0x00,0x04,0x00,0x00,0x04,
	0x00,0x00,0x00,0x40,0x00,0x02,0x40,0x00,0x09,0x80,0x08,0x00,0x00,0x08,0x93,0x08,0x10,0x00,0x00,0x47,
	0x00,0xC0,0x20,0x00,0x80,0x40,0x00,0x80,0x01,0x00,0x44,0x21,0x00,0x60,0x21,0x00,0x40,0x00,0x00,0x42,
	0x00,0x01,0x40,0x62,0x00,0x00,0xF6,0x00,0xA4,0x74,0x00,0x64,0x26,0x00,0x10,0x2C,0x00,0x28,0x40,0x00,
	0x08,0x32,0x00,0x00,0x42,0x00,0x14,0x40,0x00,0x18,0x10,0x00,0x00,0x14,0x00,0x00,0x92,0x00,0x07,0x00,
	0x80,0x20,0x00,0x80,0x40,0x00,0xC0,0x00,0x00,0x40,0x20,0x00,0x40,0x20,0x00,0x40,0x00,0x00,0x40,0x00,
	0x00,0x40,0x60,0x00,0x00,0x30,0x00,0x04,0x30,0x00,0x24,0x00,0x00,0x20,0x00,0x00,0x18,0x20,0x00,0x10,
	0x00,0x00,0x18,0x40,0x00,0x08,0x00,0x00,0x0C,0x00,0x00,0x04,0x00,0x00,0x0A,0x81,0x04,0x00,0x00,0x04,
	0x00,0x00,0x00,0x80,0x08,0x00,0x00,0x04,0x3B,0x00,0x91,0x40,0x11,0x00,0x90,0x5F,0x00,0x00,0x1E,0x00,
	0x28,0x11,0x00,0x30,0x11,0x00,0x60,0x01,0x00,0x80,0xA1,0x00,0x22,0xE1,0x00,0x20,0xC1,0x00,0x00,0x03,
	0x00,0x80,0xA3,0x00,0x20,0x00,0x00,0x60,0x10,0x00,0x20,0x00,0x00,0x30,0x70,0x00,0x30,0x30,0x00,0x00,
	0x02,0x00,0x18,0x10,0x00,0x01,0x87,0x00,0x01,0x00,0xA0,0x1F,0x00,0x00,0x1E,0x00,0x20,0x10,0x00,0x20,
	0x10,0x00,0x20,0x00,0x00,0x20,0x20,0x00,0x00,0x20,0x00,0x01,0x80,0x00,0x80,0x00,0x00,0x82,0x00,0x10,
	0x00,0x20,0x00,0x00,0x00,0x20,0x00,0x00,0x82,0x10,0x00,0x00,0x10,0x00,0x00,0x08,0x00,0x00,0x0A,0x80,
	0x00,0x80,0x00,0x07,0x93,0x00,0x02,0x00,0x40,0x0E,0x00,0x30,0x10,0x00,0x80,0x01,0x00,0xF6,0xCB,0x00,
	0x18,0x10,0x00,0x20,0x00,0x00,0xF4,0x01,0x00,0xC8,0x02,0x00,0xE2,0x04,0x00,0x00,0x07,0x00,0x80,0x06,
	0x00,0x40,0x0E,0x00,0x04,0x00,0x00,0x24,0x00,0x00,0x20,0x20,0x00,0x00,0x30,0x00,0x20,0xE0,0x00,0x30,
	0x42,0x00,0x30,0x00,0x00,0x01,0x87,0x20,0x00,0x00,0x80,0x01,0x00,0xF0,0x0B,0x00,0x18,0x10,0x00,0x18,
	0x00,0x00,0x18,0x00,0x00,0x30,0x00,0x00,0x20,0x00,0x00,0x01,0x85,0x40,0x00,0x00,0x04,0x00,0x00,0x04,
	0x00,0x00,0x20,0x00,0x00,0x00,0x20,0x00,0x00,0x40,0x00,0x00,0x80,0x10,0x00,0x00,0x0C,0x81,0x04,0x00,
	0x00,0x04,0x00,0x00,0x04,0x01,0x89,0x60,0x10,0x00,0x00,0x0E,0x00,0xD0,0x4B,0x00,0xC3,0x01,0x00,0xA4,
	0x01,0x00,0x95,0x01,0x00,0x12,0x00,0x00,0x50,0x00,0x00,0x08,0x19,0x00,0x44,0x00,0x00,0x00,0x81,0x04,
	0x00,0x00,0x40,0x10,0x00,0x00,0x81,0x00,0x40,0x00,0x00,0x20,0x00,0x04,0x85,0x00,0x0E,0x00,0xD0,0x0B,
	0x00,0x01,0x00,0x00,0x07,0x00,0x00,0x06,0x00,0x00,0x0E,0x00,0x00,0x00,0x81,0x08,0x10,0x00,0x44,0x00,
	0x00,0x00,0x81,0x04,0x00,0x00,0x00,0x10,0x00,0x09,0x81,0x01,0x00,0x00,0x01,0x00,0x00,0x02,0x81,0x08,
	0x00,0x00,0x04,0x00,0x00,0x00,0x80,0x04,0x00,0x00,0x05,0x80,0x80,0x00,0x00,0x00,0x8C,0x00,0x10,0x00,
	0x00,0x08,0x00,0x4A,0x10,0x00,0x48,0x10,0x00,0x4E,0x20,0x00,0x20,0x00,0x00,0x19,0x02,0x00,0x50,0x04,
	0x00,0x20,0x02,0x00,0x00,0x04,0x00,0x80,0x00,0x00,0x04,0x00,0x00,0x40,0x00,0x00,0x00,0x80,0x00,0x00,
	0x04,0x00,0x81,0x00,0x40,0x00,0x20,0x82,0x00,0x02,0x83,0x00,0x08,0x00,0x40,0x10,0x00,0x08,0x10,0x00,
	0x0E,0x20,0x00,0x01,0x80,0x1C,0x00,0x00,0x02,0x80,0x04,0x00,0x00,0x03,0x80,0x00,0x40,0x00,0x0D,0x80,
	0x04,0x00,0x00,0x05,0x81,0x00,0x08,0x00,0x80,0x00,0x00,0x00,0x8C,0x00,0x02,0x00,0xC4,0x00,0x00,0xF3,
	0x11,0x00,0x10,0x01,0x00,0x0F,0x21,0x00,0x22,0x41,0x00,0x4C,0x02,0x00,0x28,0x08,0x00,0x60,0x2C,0x00,
	0x80,0x08,0x00,0x08,0x00,0x00,0x00,0x0A,0x00,0x01,0x10,0x00,0x00,0x82,0x00,0x11,0x00,0x20,0x20,0x00,
	0x00,0x48,0x00,0x02,0x88,0x00,0x02,0x00,0x80,0x00,0x00,0x71,0x10,0x00,0x11,0x00,0x00,0x0E,0x20,0x00,
	0x02,0x00,0x00,0x0C,0x00,0x00,0x30,0x00,0x00,0x40,0x00,0x00,0x00,0x80,0x08,0x00,0x00,0x00,0x80,0x00,
	0x10,0x00,0x00,0x80,0x00,0x20,0x00,0x06,0x81,0x01,0x00,0x00,0x01,0x00,0x00,0x05,0x80,0x08,0x00,0x00,
	0x05,0x3B,0x80,0x04,0x04,0x00,0x00,0x91,0x00,0x10,0x00,0x00,0x08,0x00,0x20,0x00,0x02,0x54,0x00,0x00,
	0xDA,0x00,0x02,0xAE,0x00,0x00,0xE3,0x00,0x00,0x16,0x00,0x00,0x28,0x01,0x00,0x6C,0x08,0x00,0x01,0x20,
	0x00,0x13,0x20,0x00,0x10,0x21,0x00,0x00,0x01,0x00,0x00,0x11,0x00,0x20,0x50,0x00,0x00,0x31,0x00,0x10,
	0x41,0x00,0x02,0x80,0x00,0x08,0x00,0x01,0x85,0x60,0x00,0x00,0x70,0x00,0x00,0x3C,0x00,0x00,0x10,0x00,
	0x00,0x30,0x00,0x00,0x4C,0x00,0x00,0x00,0x81,0x12,0x00,0x00,0x10,0x00,0x00,0x00,0x80,0x00,0x10,0x00,
	0x00,0x81,0x00,0x20,0x00,0x00,0x40,0x00,0x0A,0x80,0x0C,0x00,0x00,0x00,0x81,0x12,0x00,0x00,0x10,0x00,
	0x00,0x04,0x02,0x80,0x00,0x12,0x00,0x00,0x87,0x80,0x00,0x00,0x84,0x04,0x00,0x21,0x20,0x00,0x60,0x00,
	0x00,0xD8,0x01,0x00,0xEC,0x00,0x00,0x00,0x90,0x00,0x08,0x18,0x00,0x00,0x85,0x00,0x04,0x00,0x80,0x08,
	0x00,0x80,0x08,0x00,0xA0,0x08,0x00,0x80,0x08,0x00,0x80,0x24,0x00,0x02,0x80,0x00,0x12,0x00,0x00,0x87,
	0x80,0x00,0x00,0x80,0x00,0x00,0x01,0x20,0x00,0x40,0x00,0x00,0x60,0x00,0x00,0xCC,0x00,0x00,0x00,0x90,
	0x00,0x08,0x10,0x00,0x0D,0x80,0x01,0x00,0x00,0x01,0x82,0x0C,0x00,0x00,0x00,0x80,0x00,0x08,0x00,0x00,
	0x06,0x93,0x00,0x04,0x00,0x04,0x0C,0x00,0x00,0x0C,0x00,0x00,0x01,0x00,0x00,0x80,0x02,0x00,0x20,0x00,
	0x00,0x04,0x02,0x81,0x20,0x00,0x00,0xA0,0x00,0x08,0xE0,0x00,0x00,0x63,0x00,0x80,0x60,0x00,0x40,0x40,
	0x00,0x80,0x41,0x00,0xC0,0x20,0x00,0x60,0x04,0x00,0x40,0x14,0x00,0x40,0x00,0x00,0x60,0x16,0x00,0x40,
	0x23,0x00,0x01,0x81,0x00,0x0C,0x00,0x00,0x01,0x00,0x00,0x80,0x00,0x20,0x00,0x00,0x85,0x81,0x20,0x00,
	0x00,0x20,0x00,0x08,0x20,0x00,0x00,0x20,0x00,0x00,0x20,0x00,0x40,0x00,0x00,0x00,0x82,0x20,0x00,0x00,
	0x20,0x00,0x00,0x00,0x10,0x00,0x01,0x80,0x00,0x20,0x00,0x06,0x80,0x01,0x00,0x00,0x00,0x80,0x08,0x00,
	0x00,0x09,0x82,0x00,0x18,0x00,0x84,0x5E,0x00,0x00,0x53,0x00,0x00,0x81,0x20,0x20,0x00,0x00,0x04,0x00,
	0x00,0x8C,0x00,0x80,0x00,0x80,0x60,0x00,0x90,0x74,0x00,0x10,0xD0,0x00,0x40,0xC8,0x00,0x88,0x91,0x00,
	0x13,0x60,0x00,0x10,0x12,0x00,0x00,0x30,0x00,0x00,0x41,0x00,0x00,0x57,0x00,0x10,0x11,0x00,0x30,0x00,
	0x00,0x00,0x81,0x00,0x0C,0x00,0x00,0x13,0x00,0x00,0x80,0x00,0x20,0x00,0x02,0x87,0x80,0x40,0x00,0x90,
	0x40,0x00,0x90,0x40,0x00,0x40,0x40,0x00,0x08,0x10,0x00,0x32,0x00,0x00,0x10,0x10,0x00,0x00,0x10,0x00,
	0x0C,0x81,0x10,0x00,0x00,0x10,0x00,0x00,0x00,0x82,0x08,0x00,0x00,0x12,0x00,0x00,0x10,0x00,0x00,0x04,
	0x81,0x84,0x0E,0x00,0x00,0x13,0x00,0x00,0x82,0x00,0x20,0x00,0x00,0x04,0x00,0x00,0x04,0x00,0x00,0x8E,
	0x00,0x60,0x00,0x00,0x14,0x03,0x10,0xAB,0x01,0x50,0xF8,0x01,0xA8,0x60,0x00,0x01,0xD0,0x00,0x00,0x20,
	0x00,0x10,0x30,0x00,0x11,0x33,0x00,0x80,0x32,0x04,0x80,0x80,0x00,0x90,0x20,0x00,0x90,0x20,0x00,0x00,
	0x0C,0x00,0x00,0x13,0x00,0x00,0x80,0x00,0x20,0x00,0x02,0x80,0x00,0x40,0x00,0x00,0x84,0x90,0x80,0x00,
	0x50,0xE0,0x00,0x08,0x60,0x00,0x20,0x10,0x00,0x00,0x10,0x00,0x00,0x84,0x00,0x20,0x00,0x10,0x20,0x00,
	0x10,0x20,0x00,0x10,0x20,0x00,0x10,0x20,0x00,0x08,0x82,0x10,0x00,0x00,0x10,0x00,0x00,0x08,0x00,0x00,
	0x07,0x3B,0x80,0x00,0x33,0x00,0x00,0x92,0x00,0x20,0x00,0x00,0x06,0x00,0x00,0x44,0x04,0x44,0x60,0x00,
	0x04,0xE0,0x01,0x00,0xB4,0x03,0x80,0xAB,0x04,0x48,0x70,0x02,0x84,0x90,0x00,0x24,0xD0,0x00,0x10,0x30,
	0x00,0x0C,0x20,0x00,0x1C,0x41,0x00,0x90,0xA0,0x00,0x00,0xE0,0x00,0x00,0x40,0x00,0x00,0x20,0x00,0x00,
	0xA0,0x00,0x00,0x33,0x00,0x00,0x80,0x00,0x20,0x00,0x00,0x8D,0x00,0x40,0x00,0x00,0x40,0x00,0x00,0xC0,
	0x00,0x00,0x80,0x00,0x80,0x80,0x00,0x48,0x60,0x00,0x24,0x80,0x00,0x24,0x00,0x00,0x00,0x20,0x00,0x1C,
	0x20,0x00,0x1C,0x20,0x00,0x10,0x40,0x00,0x00,0x40,0x00,0x00,0x40,0x00,0x0A,0x82,0x08,0x00,0x00,0x04,
	0x00,0x00,0x04,0x00,0x00,0x00,0x81,0x0C,0x00,0x00,0x0C,0x00,0x00,0x04,0x00,0x82,0x00,0x20,0x00,0x00,
	0x42,0x00,0x00,0x46,0x00,0x00,0x8E,0x00,0xA0,0x04,0x00,0x40,0x00,0x80,0x2B,0x00,0xC0,0x90,0x00,0x20,
	0xB0,0x00,0x00,0x20,0x01,0x10,0x20,0x00,0x10,0x60,0x00,0x00,0x20,0x00,0x80,0x80,0x00,0x00,0x40,0x04,
	0x00,0x40,0x01,0x00,0x40,0x00,0x00,0xC0,0x00,0x00,0x40,0x00,0x00,0x82,0x00,0x20,0x00,0x00,0x40,0x00,
	0x00,0x40,0x00,0x00,0x80,0x00,0x80,0x00,0x00,0x87,0x80,0x00,0x00,0x40,0x80,0x00,0x00,0xA0,0x00,0x00,
	0x20,0x00,0x00,0x20,0x00,0x10,0x00,0x00,0x00,0x40,0x00,0x00,0x40,0x00,0x02,0x81,0x00,0x40,0x00,0x00,
	0x40,0x00,0x13,0x01,0x80,0x00,0x82,0x00,0x00,0x84,0x00,0xC0,0x00,0x00,0x60,0x00,0x00,0x50,0x00,0x00,
	0x20,0x00,0x40,0x10,0x00,0x00,0x89,0x18,0xA0,0x00,0x10,0x60,0x00,0x04,0x41,0x00,0x80,0xC0,0x00,0x00,
	0x80,0x04,0x00,0x80,0x01,0x00,0x80,0x00,0x00,0x80,0x01,0x00,0x40,0x00,0x00,0x40,0x00,0x03,0x80,0x00,
	0x80,0x00,0x02,0x80,0x40,0x00,0x00,0x00,0x82,0x08,0x00,0x00,0x10,0x00,0x00,0x04,0x40,0x00,0x00,0x83,
	0x00,0x80,0x00,0x00,0x80,0x00,0x00,0x80,0x00,0x00,0x80,0x00,0x0B,0x80,0x08,0x00,0x00,0x00,0x80,0x04,
	0x00,0x00,0x06,0x02,0x8E,0x00,0x82,0x00,0x00,0x40,0x00,0x44,0x00,0x00,0x00,0x41,0x00,0x80,0x23,0x00,
	0x80,0x00,0x00,0x20,0x00,0x02,0xF8,0xC0,0x00,0x90,0x40,0x00,0x00,0x40,0x00,0x00,0x80,0x00,0x00,0x80,
	0x01,0x00,0x80,0x00,0x00,0x80,0x00,0x00,0x80,0x00,0x00,0x80,0x00,0x80,0x01,0x02,0x80,0x00,0x80,0x00,
	0x01,0x81,0x00,0x01,0x00,0x80,0x00,0x00,0x01,0x81,0x28,0x40,0x00,0x10,0x40,0x00,0x00,0x80,0x00,0x80,
	0x00,0x03,0x81,0x00,0x80,0x00,0x00,0x80,0x00,0x09,0x80,0x08,0x00,0x00,0x08,0x96,0x00,0x23,0x00,0x00,
	0x01,0x00,0x00,0x40,0x00,0x00,0x02,0x00,0x00,0x02,0x00,0x04,0xC0,0x00,0x00,0xC1,0x01,0x00,0x81,0x03,
	0x80,0x02,0x00,0xC0,0x40,0x01,0x60,0x20,0x00,0x50,0x00,0x00,0x94,0x00,0x04,0x00,0x01,0x00,0x40,0x80,
	0x00,0x40,0x00,0x00,0x40,0x00,0x01,0x40,0x00,0x03,0x40,0x00,0x00,0x40,0x80,0x02,0x00,0x23,0x00,0x00,
	0x01,0x00,0x00,0x40,0x00,0x01,0x84,0x00,0x80,0x00,0x00,0x81,0x00,0x00,0x81,0x00,0x80,0x01,0x00,0x40,
	0x40,0x00,0x00,0x81,0x00,0x80,0x00,0x14,0x80,0x00,0x02,0x82,0x00,0x00,0x01,0x00,0x00,0x01,0x00,0x00,
	0x01,0x0C,0x80,0x04,0x00,0x00,0x06,0x3B,0xA7,0x74,0x9C,0x07,0xE8,0x29,0x00,0xE2,0x05,0x00,0x1F,0x52,
	0x04,0x50,0x57,0x03,0x4D,0xF0,0x07,0x18,0xF8,0x02,0x08,0xC5,0x00,0x80,0x4D,0x07,0x24,0xDF,0x07,0xEC,
	0xD9,0x03,0x20,0xD9,0x03,0x64,0xA1,0x05,0xF6,0xE0,0x07,0x37,0xC8,0x02,0x7F,0x48,0x02,0x7F,0xC8,0x03,
	0x3F,0x00,0x01,0x3F,0x01,0x03,0x3F,0x03,0x01,0x00,0x1C,0x00,0x0C,0x3E,0x00,0x06,0x3B,0x00,0x83,0xEF,
	0x00,0x80,0xED,0x00,0x41,0x68,0x00,0xDC,0x78,0x00,0x88,0x79,0x00,0xC0,0x71,0x00,0x00,0x40,0x00,0x48,
	0x40,0x00,0xE0,0xC0,0x00,0xE4,0xD0,0x00,0x70,0x90,0x00,0x70,0xB0,0x00,0x30,0xB0,0x00,0x30,0x30,0x01,
	0x30,0xF0,0x01,0x30,0xF0,0x01,0x30,0xF0,0x01,0x00,0x87,0x0C,0x00,0x00,0x06,0x04,0x00,0x83,0x10,0x00,
	0x80,0x10,0x00,0x01,0x10,0x00,0x1C,0x00,0x00,0x08,0x00,0x00,0x40,0x00,0x00,0x00,0x80,0x08,0x00,0x00,
	0x00,0x80,0x04,0x00,0x00,0x06,0x00,0x87,0xC0,0x00,0x00,0x20,0x00,0x00,0x80,0x30,0x00,0x00,0x10,0x00,
	0xA0,0x00,0x00,0xA0,0x00,0x00,0x60,0x08,0x00,0x40,0x10,0x00,0x01,0x88,0x00,0x18,0x00,0x00,0x10,0x02,
	0x80,0x20,0x00,0x80,0x08,0x00,0x40,0xC8,0x00,0x00,0x08,0x00,0x40,0x00,0x00,0x40,0x13,0x00,0x00,0x10,
	0x00,0x00,0x80,0x40,0x00,0x00,0x00,0x82,0x80,0x10,0x00,0x00,0x10,0x00,0x60,0x00,0x00,0x00,0x81,0x40,
	0x08,0x00,0x40,0x10,0x00,0x02,0x81,0x00,0x10,0x00,0x80,0x20,0x00,0x00,0x80,0x40,0xC0,0x00,0x01,0x81,
	0x00,0x10,0x00,0x00,0x10,0x00,0x02,0x81,0x80,0x10,0x00,0x00,0x10,0x00,0x02,0x80,0x40,0x00,0x00,0x0A,
	0x01,0x86,0x80,0x00,0x00,0xE0,0x00,0x00,0x80,0x00,0x00,0x60,0x00,0x00,0x40,0x00,0x00,0xC0,0x00,0x00,
	0x40,0x00,0x00,0x00,0x80,0x00,0x24,0x00,0x00,0x80,0x00,0x40,0x00,0x00,0x83,0xC0,0x00,0x00,0x80,0x00,
	0x00,0x40,0xD0,0x01,0x40,0x90,0x00,0x00,0x80,0x40,0x15,0x00,0x00,0x80,0x40,0x00,0x00,0x01,0x82,0x80,
	0x00,0x00,0x60,0x00,0x00,0x80,0x00,0x00,0x04,0x80,0x00,0x40,0x00,0x00,0x80,0x80,0x00,0x00,0x00,0x81,
	0x40,0x50,0x01,0x40,0x90,0x00,0x05,0x80,0x80,0x00,0x00,0x0E,0x00,0x86,0x80,0x00,0x00,0xC0,0x01,0x00,
	0x80,0x11,0x00,0x20,0x01,0x00,0xA0,0x00,0x00,0xE0,0x00,0x00,0xC0,0x00,0x00,0x00,0x82,0x00,0x20,0x00,
	0x04,0x00,0x00,0x00,0x50,0x00,0x00,0x85,0x00,0x11,0x00,0x00,0x90,0x00,0x80,0x10,0x00,0x80,0x90,0x00,
	0x00,0x10,0x00,0x40,0x14,0x00,0x03,0x86,0x00,0x10,0x00,0x40,0x01,0x00,0x40,0x00,0x00,0x40,0x00,0x00,
	0x80,0x00,0x00,0x40,0x00,0x00,0x00,0x20,0x00,0x00,0x80,0x00,0x40,0x00,0x00,0x82,0x00,0x10,0x00,0x00,
	0x90,0x00,0x80,0x10,0x00,0x01,0x80,0x40,0x00,0x00,0x03,0x81,0x00,0x10,0x00,0x40,0x00,0x00,0x0E,0x80,
	0x00,0x02,0x00,0x01,0x81,0x80,0x01,0x00,0x80,0x10,0x00,0x00,0x86,0xC0,0x00,0x00,0xA0,0x00,0x00,0xC0,
	0x00,0x00,0x00,0x20,0x00,0x00,0x02,0x00,0x00,0x0C,0x00,0x00,0x06,0x00,0x00,0x85,0x00,0x51,0x00,0x00,
	0x10,0x00,0x80,0x00,0x00,0x80,0x80,0x00,0x00,0x22,0x00,0x00,0x2C,0x00,0x02,0x82,0x80,0x00,0x00,0x80,
	0x11,0x00,0x80,0x00,0x00,0x00,0x82,0x40,0x00,0x00,0xC0,0x00,0x00,0x00,0x20,0x00,0x03,0x80,0x00,0x40,
	0x00,0x00,0x83,0x80,0x00,0x00,0x00,0x80,0x00,0x00,0x20,0x00,0x00,0x24,0x00,0x02,0x82,0x80,0x00,0x00,
	0x80,0x10,0x00,0x80,0x00,0x00,0x0D,0x04,0x80,0x00,0x00,0x02,0x35,0x02,0x82,0x00,0x04,0x00,0x00,0x05,
	0x00,0x00,0x08,0x00,0x01,0x80,0x40,0x20,0x00,0x00,0x89,0x00,0x01,0x00,0x00,0x02,0x00,0x00,0x06,0x00,
	0x00,0x10,0x00,0x80,0x40,0x00,0x00,0x21,0x00,0x00,0x20,0x00,0x80,0x20,0x00,0x80,0x08,0x00,0x40,0x02,
	0x00,0x03,0x80,0x00,0x04,0x00,0x02,0x80,0x40,0x00,0x00,0x04,0x83,0x00,0x40,0x00,0x00,0x20,0x00,0x00,
	0x20,0x00,0x80,0x20,0x00,0x00,0x80,0x40,0x00,0x00,0x07,0x80,0x40,0x00,0x00,0x0A,0x80,0x00,0x02,0x00,
	0x03,0x81,0x00,0x00,0x02,0x00,0x08,0x00,0x00,0x82,0x80,0x00,0x00,0x44,0x04,0x00,0x00,0x05,0x00,0x01,
	0x81,0x00,0x01,0x00,0x00,0x20,0x00,0x00,0x83,0x00,0xA1,0x00,0x00,0x20,0x00,0x00,0x20,0x00,0x80,0x28,
	0x00,0x05,0x80,0x00,0x08,0x00,0x00,0x80,0x80,0x00,0x00,0x03,0x81,0x00,0x01,0x00,0x00,0x20,0x00,0x03,
	0x80,0x00,0x08,0x00,0x13,0x02,0x82,0x00,0x10,0x00,0x00,0x10,0x00,0x00,0x00,0x02,0x00,0x81,0x80,0x00,
	0x00,0x00,0x20,0x00,0x00,0x81,0x00,0x10,0x00,0x00,0x40,0x00,0x00,0x86,0x00,0x20,0x00,0x00,0x81,0x00,
	0x00,0x21,0x00,0x00,0x40,0x01,0x00,0x01,0x00,0x80,0x0C,0x00,0x00,0x04,0x00,0x02,0x81,0x00,0x10,0x00,
	0x00,0x10,0x00,0x05,0x80,0x00,0x40,0x00,0x00,0x83,0x00,0x20,0x00,0x00,0x81,0x00,0x00,0x01,0x00,0x00,
	0x40,0x01,0x00,0x81,0x80,0x08,0x00,0x00,0x04,0x00,0x02,0x81,0x00,0x10,0x00,0x00,0x10,0x00,0x0E,0x02,
	0x80,0x00,0x10,0x00,0x03,0x82,0x00,0x10,0x00,0x04,0x24,0x00,0x00,0x26,0x00,0x00,0x80,0x00,0x20,0x00,
	0x00,0x85,0x00,0x20,0x00,0x00,0x40,0x00,0x00,0xC1,0x00,0x00,0x40,0x00,0x00,0x40,0x00,0x00,0x50,0x00,
	0x02,0x80,0x00,0x10,0x00,0x03,0x81,0x00,0x10,0x00,0x00,0x20,0x00,0x04,0x84,0x00,0x40,0x00,0x00,0x01,
	0x00,0x00,0x40,0x00,0x00,0x40,0x00,0x00,0x40,0x00,0x02,0x80,0x00,0x10,0x00,0x0F,0x02,0x80,0x00,0x30,
	0x00,0x04,0x86,0x00,0x02,0x00,0x00,0x20,0x00,0x00,0x38,0x00,0x00,0x40,0x00,0x00,0x20,0x00,0x00,0x40,
	0x00,0x00,0xC0,0x00,0x00,0x82,0x00,0x80,0x00,0x00,0x11,0x00,0x80,0x04,0x00,0x02,0x80,0x00,0x10,0x00,
	0x05,0x80,0x00,0x20,0x00,0x00,0x80,0x00,0x40,0x00,0x01,0x80,0x00,0x80,0x00,0x00,0x80,0x00,0x80,0x00,
	0x00,0x80,0x80,0x00,0x00,0x02,0x80,0x00,0x10,0x00,0x0F,0x3B,0x02,0x82,0x00,0x16,0x00,0x00,0x11,0x00,
	0x00,0x01,0x02,0x00,0x80,0x00,0x10,0x00,0x00,0x80,0x00,0x12,0x00,0x00,0x83,0x80,0x00,0x00,0x00,0x12,
	0x00,0x00,0x01,0x00,0x00,0x40,0x00,0x01,0x81,0x00,0x41,0x00,0x00,0x08,0x00,0x03,0x82,0x00,0x10,0x00,
	0x00,0x10,0x00,0x00,0x01,0x00,0x02,0x80,0x00,0x10,0x00,0x00,0x80,0x80,0x00,0x00,0x00,0x80,0x00,0x01,
	0x00,0x02,0x81,0x00,0x01,0x00,0x00,0x08,0x00,0x03,0x81,0x00,0x10,0x00,0x00,0x10,0x00,0x0E,0x03,0x84,
	0x00,0x04,0x00,0x00,0x08,0x00,0x00,0x08,0x00,0x80,0x20,0x00,0x80,0x00,0x00,0x00,0x82,0x00,0x10,0x00,
	0x00,0x02,0x00,0x00,0x04,0x00,0x02,0x80,0x01,0x00,0x00,0x00,0x80,0x00,0x10,0x00,0x04,0x80,0x00,0x04,
	0x00,0x00,0x80,0x00,0x08,0x00,0x00,0x80,0x80,0x00,0x00,0x1E,0x00,0x80,0x00,0x10,0x00,0x09,0x87,0x00,
	0x04,0x00,0x00,0x40,0x00,0x00,0x01,0x00,0x00,0x41,0x00,0x00,0x40,0x00,0x00,0x41,0x00,0x00,0x40,0x00,
	0x00,0x50,0x00,0x0C,0x82,0x00,0x40,0x00,0x00,0x01,0x00,0x00,0x01,0x00,0x00,0x82,0x00,0x01,0x00,0x00,
	0x40,0x00,0x00,0x40,0x00,0x13,0x03,0x80,0x00,0x04,0x00,0x01,0x81,0x00,0x08,0x00,0x00,0x80,0x00,0x00,
	0x89,0x00,0x01,0x00,0x00,0x04,0x00,0x00,0x12,0x00,0x00,0x10,0x00,0x00,0x20,0x00,0x00,0x20,0x00,0x00,
	0x01,0x00,0x00,0x01,0x00,0x00,0x81,0x00,0x80,0x04,0x00,0x03,0x80,0x00,0x04,0x00,0x01,0x80,0x00,0x08,
	0x00,0x07,0x80,0x00,0x01,0x00,0x00,0x81,0x00,0x80,0x00,0x80,0x00,0x00,0x13,0x04,0x80,0x00,0x08,0x00,
	0x00,0x82,0x80,0x08,0x00,0x80,0x00,0x00,0x40,0x01,0x00,0x00,0x88,0x00,0x01,0x00,0x80,0x01,0x00,0x00,
	0x11,0x00,0x80,0x11,0x00,0x00,0x21,0x00,0x00,0x61,0x00,0x00,0x20,0x00,0x80,0x2C,0x00,0x00,0x2C,0x00,
	0x06,0x81,0x00,0x08,0x00,0x80,0x00,0x00,0x02,0x81,0x80,0x00,0x00,0x00,0x10,0x00,0x00,0x81,0x00,0x20,
	0x00,0x00,0x40,0x00,0x00,0x81,0x80,0x00,0x00,0x00,0x0C,0x00,0x13,0x0D,0x80,0x01,0x00,0x00,0x2C,0x01,
	0x81,0x00,0x20,0x00,0x00,0x20,0x00,0x00,0x80,0x20,0x00,0x00,0x01,0x8B,0x40,0x00,0x00,0xC0,0x00,0x00,
	0x80,0x14,0x00,0x00,0x10,0x00,0x80,0x50,0x00,0x00,0x60,0x00,0x00,0x20,0x00,0x00,0x10,0x00,0x80,0x60,
	0x00,0x80,0xA0,0x00,0x80,0x04,0x00,0x80,0x02,0x00,0x07,0x86,0x40,0x00,0x00,0x40,0x00,0x00,0x40,0x00,
	0x00,0x40,0x00,0x00,0x80,0x50,0x00,0x00,0x40,0x00,0x00,0x20,0x00,0x00,0x81,0x80,0x60,0x00,0x80,0x20,
	0x00,0x09,0x80,0x40,0x00,0x00,0x0A,0x01,0x81,0x00,0x20,0x00,0x00,0x20,0x00,0x01,0x86,0x00,0x08,0x00,
	0x20,0x10,0x00,0x00,0x80,0x00,0x40,0x10,0x00,0xA0,0x26,0x00,0x68,0x20,0x00,0x00,0x03,0x00,0x00,0x85,
	0x00,0x10,0x00,0x80,0x10,0x00,0x80,0x10,0x00,0x80,0x80,0x00,0x00,0x20,0x00,0x40,0x2C,0x00,0x05,0x80,
	0x00,0x08,0x00,0x01,0x82,0x00,0x10,0x00,0x20,0x20,0x00,0x20,0x00,0x00,0x01,0x81,0x00,0x10,0x00,0x80,
	0x10,0x00,0x01,0x81,0x00,0x20,0x00,0x40,0x24,0x00,0x13,0x07,0x80,0x40,0x00,0x00,0x00,0x82,0x20,0x00,
	0x00,0x00,0x07,0x00,0x02,0x00,0x00,0x00,0x84,0xC0,0x00,0x00,0x80,0x00,0x00,0x00,0x10,0x00,0x40,0x10,
	0x00,0x40,0x02,0x00,0x0E,0x80,0x80,0x00,0x00,0x00,0x82,0x00,0x10,0x00,0x40,0x00,0x00,0x40,0x00,0x00,
	0x14,0x00,0x80,0x00,0x10,0x00,0x05,0x80,0x80,0x00,0x00,0x00,0x82,0x20,0x00,0x00,0xA0,0x08,0x00,0x00,
	0x14,0x00,0x02,0x83,0x00,0x80,0x00,0x00,0x50,0x00,0x00,0x90,0x00,0x00,0x05,0x00,0x0A,0x81,0xA0,0x00,
	0x00,0x00,0x10,0x00,0x02,0x82,0x00,0x80,0x00,0x00,0x10,0x00,0x00,0x80,0x00,0x14,0x06,0x81,0x20,0x20,
	0x00,0x40,0x10,0x00,0x00,0x82,0x80,0x10,0x00,0x40,0x00,0x00,0x00,0x20,0x00,0x02,0x81,0x40,0x00,0x00,
	0x00,0xA0,0x00,0x00,0x80,0x00,0x10,0x00,0x07,0x80,0x00,0x10,0x00,0x01,0x80,0x40,0x00,0x00,0x03,0x81,
	0x40,0x00,0x00,0x00,0xA0,0x00,0x15,0x06,0x80,0x00,0x20,0x00,0x33,0x04,0x83,0x20,0x00,0x00,0x00,0x80,
	0x00,0x80,0x00,0x00,0x80,0x80,0x00,0x00,0x82,0x60,0x00,0x00,0x40,0x00,0x00,0x00,0x08,0x00,0x00,0x80,
	0x80,0x00,0x00,0x00,0x82,0x00,0x20,0x00,0x00,0x40,0x00,0x00,0x10,0x00,0x06,0x80,0x00,0x80,0x00,0x01,
	0x82,0x40,0x00,0x00,0x20,0x00,0x00,0x40,0x00,0x00,0x03,0x80,0x00,0x20,0x00,0x00,0x80,0x00,0x10,0x00,
	0x06,0x80,0x00,0x80,0x00,0x0C,0xB0,0xF7,0x0F,0x01,0xB7,0xAD,0x07,0x7F,0xA8,0x06,0x8E,0x30,0x00,0xCD,
	0x0E,0x01,0x8D,0xE7,0x03,0xD8,0x3D,0x01,0xC5,0x68,0x06,0x89,0x80,0x06,0xFD,0x21,0x06,0xB9,0x03,0x00,
	0x29,0xE7,0x00,0x12,0x81,0x02,0x17,0x1C,0x07,0xD7,0x98,0x07,0xDE,0x02,0x06,0x7E,0xA2,0x06,0x7F,0xE3,
	0x06,0x3F,0xC2,0x06,0x3F,0x9B,0x07,0xF9,0x0F,0x06,0x6D,0x3A,0x04,0x85,0x17,0x06,0x70,0x0F,0x07,0x33,
	0x29,0x07,0x73,0xA9,0x07,0x26,0x37,0x07,0x3B,0x70,0x03,0xF7,0x20,0x02,0x67,0xA0,0x00,0x27,0x82,0x00,
	0x3F,0xC7,0x00,0x1F,0x87,0x00,0x1F,0x14,0x00,0x9F,0x18,0x02,0x9F,0xF0,0x06,0xFF,0x50,0x06,0xFF,0x10,
	0x06,0xBF,0xB0,0x06,0xBF,0xA8,0x07,0x00,0x00,0x06,0x0C,0x00,0x04,0x06,0x04,0x06,0x83,0x10,0x07,0xC0,
	0x10,0x07,0x80,0x90,0x07,0x1D,0x00,0x07,0x08,0x00,0x03,0x00,0x00,0x02,0x03,0x86,0x00,0x03,0x00,0x00,
	0x07,0x00,0x00,0xBF,0x00,0x00,0x3F,0x00,0x00,0x7F,0x00,0x00,0x3F,0x00,0x00,0x37,0x00,0x93,0x02,0x00,
	0x00,0x06,0x01,0x04,0x0C,0x80,0x02,0x08,0x00,0x00,0x03,0x00,0x00,0x0A,0x40,0x00,0x21,0x00,0x06,0x00,
	0x00,0x07,0x00,0xC0,0x02,0x10,0xC0,0x04,0x10,0x40,0x00,0x41,0x08,0x02,0x01,0x0C,0x01,0x40,0x0C,0x05,
	0x00,0x19,0x02,0x00,0xC1,0x00,0x00,0x40,0x02,0x00,0x01,0x02,0x00,0x80,0x02,0x00,0x42,0x03,0x00,0x92,
	0x00,0x01,0x04,0x08,0x00,0x02,0x08,0x00,0x00,0x02,0x00,0x00,0x0A,0x00,0x00,0x20,0x00,0x04,0x00,0x00,
	0x02,0x00,0x40,0x02,0x10,0xC0,0x00,0x10,0x40,0x00,0x40,0x08,0x00,0x00,0x0C,0x01,0x00,0x0C,0x01,0x00,
	0x19,0x06,0x00,0xC1,0x00,0x00,0x40,0x02,0x00,0x00,0x02,0x00,0x80,0x02,0x00,0x02,0x03,0x00,0x81,0x00,
	0x00,0x04,0x00,0x00,0x02,0x02,0x82,0x00,0x00,0x04,0x00,0x00,0x02,0x00,0x00,0x02,0x02,0x84,0x00,0x04,
	0x00,0x00,0x04,0x01,0x00,0x09,0x00,0x00,0xC1,0x00,0x00,0x40,0x00,0x01,0x80,0x00,0x02,0x00,0x9C,0x05,
	0xA0,0x00,0x09,0x02,0x04,0x42,0x50,0x01,0x03,0x40,0x05,0x88,0xA2,0x02,0x81,0x40,0x04,0x02,0x48,0x02,
	0x01,0x80,0x00,0x05,0x00,0x00,0x01,0x00,0x00,0x01,0x84,0x06,0x00,0x02,0x04,0x10,0x02,0x00,0x00,0x85,
	0x00,0x00,0x80,0x01,0x40,0x02,0x03,0x20,0x05,0x01,0x00,0x01,0x00,0x00,0xC1,0x01,0x80,0x97,0x00,0x04,
	0x20,0x00,0x08,0x02,0x04,0x42,0x10,0x00,0x02,0x00,0x01,0x88,0x80,0x00,0x80,0x40,0x00,0x02,0x40,0x02,
	0x00,0x80,0x00,0x04,0x00,0x00,0x00,0x89,0x00,0x84,0x00,0x00,0x02,0x00,0x10,0x00,0x00,0x00,0x81,0x00,
	0x00,0x00,0x01,0x00,0x00,0x02,0x20,0x01,0x00,0x00,0x01,0x00,0x00,0x41,0x01,0x80,0x97,0x00,0x00,0x80,
	0x00,0x00,0x04,0x00,0x81,0x00,0x00,0x01,0x00,0x80,0x00,0x00,0x81,0x00,0x00,0x02,0x00,0x80,0x00,0x04,
	0x81,0x00,0x01,0x00,0x00,0x00,0x01,0x00,0x83,0x00,0x01,0x00,0x00,0x01,0x00,0x00,0x41,0x00,0x00,0x17,
	0x00,0x82,0x02,0x50,0x00,0x2A,0x20,0x02,0x2D,0x22,0x05,0x01,0x91,0x02,0x04,0x00,0x00,0x40,0x00,0x0C,
	0xC0,0x02,0x88,0x80,0x00,0x04,0x00,0x00,0x08,0x82,0x01,0x40,0x00,0x02,0x00,0x00,0x04,0x40,0x0C,0x03,
	0x30,0x50,0x01,0x20,0x84,0x01,0x00,0x80,0x01,0x20,0x80,0x01,0xC0,0x10,0x01,0x00,0x80,0x00,0x00,0x10,
	0x00,0x28,0x20,0x00,0x2C,0x02,0x04,0x03,0x84,0x08,0x80,0x00,0x88,0x00,0x00,0x04,0x00,0x00,0x08,0x82,
	0x00,0x40,0x00,0x02,0x00,0x85,0x00,0x00,0x03,0x10,0x40,0x01,0x00,0x80,0x01,0x00,0x80,0x01,0x20,0x80,
	0x00,0xC0,0x10,0x01,0x02,0x80,0x00,0x00,0x04,0x03,0x80,0x00,0x80,0x00,0x02,0x80,0x00,0x00,0x02,0x00,
	0x85,0x00,0x00,0x03,0x00,0x00,0x01,0x00,0x80,0x01,0x00,0x80,0x01,0x00,0x80,0x00,0x00,0x10,0x00,0x00,
	0x3B,0x87,0x03,0x20,0x00,0x51,0x00,0x00,0x10,0x40,0x00,0x04,0x80,0x05,0x05,0x40,0x04,0x07,0x42,0x04,
	0x00,0x06,0x05,0x26,0x01,0x01,0x00,0x92,0x08,0x00,0x01,0x00,0x80,0x00,0x40,0x02,0x04,0x00,0x08,0x02,
	0x90,0x00,0x04,0x30,0x00,0x02,0x10,0x00,0x05,0x20,0x00,0x05,0x80,0x00,0x06,0x00,0x98,0x06,0x00,0x00,
	0x06,0x03,0x20,0x00,0x51,0x00,0x00,0x10,0x00,0x00,0x04,0x80,0x05,0x05,0x40,0x04,0x05,0x00,0x04,0x00,
	0x00,0x01,0x22,0x01,0x01,0x00,0x82,0x08,0x00,0x00,0x00,0x80,0x00,0x40,0x02,0x04,0x00,0x80,0x10,0x00,
	0x00,0x00,0x84,0x10,0x00,0x05,0x00,0x00,0x05,0x80,0x00,0x06,0x00,0x98,0x06,0x00,0x00,0x06,0x02,0x84,
	0x00,0x80,0x05,0x00,0x00,0x04,0x00,0x00,0x04,0x00,0x00,0x01,0x00,0x00,0x01,0x06,0x81,0x00,0x00,0x01,
	0x00,0x00,0x01,0x00,0x80,0x00,0x98,0x00,0x00,0xA2,0x01,0x04,0x05,0x30,0x19,0x05,0x03,0xD0,0x01,0x01,
	0x32,0x04,0xC0,0x00,0x04,0x02,0x80,0x05,0x11,0x80,0x02,0x04,0x88,0x05,0x06,0x40,0x00,0x00,0x00,0x04,
	0x00,0x88,0x04,0x20,0x01,0x07,0x90,0x02,0x04,0x00,0x09,0x00,0x00,0x40,0x04,0x30,0x00,0x02,0x18,0x02,
	0x00,0x00,0x03,0x00,0x20,0x01,0x00,0x00,0x01,0x01,0x01,0x04,0x05,0x30,0x19,0x04,0x03,0x00,0x01,0x01,
	0x22,0x00,0xC0,0x00,0x00,0x02,0x80,0x01,0x11,0x80,0x00,0x04,0x00,0x04,0x06,0x00,0x00,0x00,0x00,0x04,
	0x00,0x08,0x04,0x20,0x01,0x07,0x10,0x00,0x00,0x00,0x08,0x00,0x00,0x00,0x04,0x00,0x80,0x18,0x00,0x00,
	0x00,0x84,0x20,0x00,0x00,0x00,0x00,0x01,0x00,0x00,0x05,0x00,0x00,0x04,0x00,0x00,0x01,0x01,0x81,0x00,
	0x80,0x01,0x00,0x80,0x00,0x03,0x80,0x00,0x00,0x02,0x00,0x80,0x00,0x08,0x00,0x05,0x90,0x04,0x50,0x05,
	0x82,0x00,0x04,0x08,0x01,0x06,0x02,0x4A,0x00,0x02,0xC0,0x00,0x70,0x88,0x02,0x04,0x00,0x01,0x00,0x86,
	0x04,0x00,0x02,0x02,0x06,0x80,0x06,0x40,0x80,0x06,0x10,0x18,0x02,0x90,0x09,0x06,0xC8,0x10,0x04,0x08,
	0x30,0x00,0x08,0x04,0x00,0x28,0x04,0x00,0x01,0x91,0x00,0x14,0x00,0x04,0x10,0x01,0x82,0x00,0x00,0x08,
	0x01,0x02,0x02,0x02,0x00,0x02,0x80,0x00,0x70,0x00,0x02,0x04,0x80,0x00,0x00,0x80,0x04,0x00,0x02,0x00,
	0x06,0x00,0x04,0x40,0x00,0x04,0x10,0x10,0x00,0x10,0x09,0x04,0x08,0x10,0x00,0x08,0x10,0x00,0x08,0x00,
	0x00,0x08,0x00,0x00,0x01,0x81,0x00,0x14,0x00,0x00,0x00,0x01,0x00,0x80,0x00,0x00,0x02,0x00,0x81,0x00,
	0x80,0x00,0x00,0x00,0x02,0x05,0x80,0x00,0x08,0x04,0x00,0x80,0x00,0x10,0x00,0x03,0x80,0x00,0x14,0x00,
	0xA7,0x00,0x08,0x04,0xB1,0xC0,0x04,0x01,0xD0,0x04,0x00,0x21,0x02,0x01,0x80,0x03,0x01,0x84,0x00,0x01,
	0x07,0x01,0x41,0x13,0x06,0x02,0x00,0x00,0x02,0x02,0x00,0x20,0x10,0x00,0x80,0x05,0x06,0x00,0x03,0x00,
	0x40,0x21,0x00,0x18,0xC0,0x00,0x80,0x00,0x00,0x40,0x00,0x00,0x50,0x00,0x04,0x40,0x01,0x04,0x00,0x10,
	0x00,0x00,0x08,0x04,0xB1,0x00,0x04,0x01,0xC0,0x04,0x00,0x01,0x02,0x01,0x00,0x03,0x01,0x84,0x00,0x00,
	0x03,0x01,0x41,0x01,0x02,0x02,0x00,0x00,0x02,0x02,0x00,0x20,0x10,0x00,0x80,0x01,0x02,0x00,0x03,0x00,
	0x00,0x20,0x00,0x00,0x40,0x00,0x80,0x00,0x00,0x40,0x00,0x00,0x50,0x00,0x00,0x40,0x00,0x00,0x00,0x10,
	0x00,0x01,0x82,0x00,0xC0,0x00,0x00,0x00,0x02,0x00,0x00,0x03,0x06,0x80,0x00,0x02,0x00,0x00,0x81,0x00,
	0x40,0x00,0x80,0x00,0x00,0x02,0x80,0x00,0x10,0x00,0xA2,0x06,0x40,0x06,0x12,0x30,0x05,0x80,0x08,0x04,
	0x21,0xC0,0x06,0x60,0x00,0x07,0x80,0x0A,0x06,0x03,0x80,0x01,0x72,0x01,0x04,0x00,0x41,0x06,0x00,0x8C,
	0x06,0x50,0x01,0x01,0x8C,0x04,0x06,0x0C,0x00,0x00,0x14,0x50,0x00,0x24,0x00,0x00,0x48,0x04,0x02,0x88,
	0x04,0x00,0x00,0x01,0x04,0x20,0x18,0x00,0x00,0x09,0x01,0x06,0x00,0x06,0x12,0x00,0x05,0x80,0x08,0x06,
	0x21,0xC0,0x00,0x60,0x00,0x01,0x80,0x0A,0x00,0x02,0x00,0x05,0x72,0x01,0x04,0x00,0x01,0x02,0x00,0x0C,
	0x02,0x50,0x01,0x00,0x8C,0x04,0x06,0x0C,0x00,0x00,0x14,0x40,0x00,0x04,0x00,0x00,0x00,0x80,0x08,0x00,
	0x00,0x00,0x86,0x20,0x18,0x00,0x00,0x08,0x01,0x00,0x00,0x02,0x00,0x00,0x01,0x00,0x00,0x02,0x00,0x80,
	0x00,0x00,0x00,0x01,0x00,0x81,0x00,0x00,0x04,0x00,0x00,0x04,0x02,0x80,0x00,0x04,0x04,0x05,0x81,0x00,
	0x18,0x00,0x00,0x08,0x00,0x00,0x80,0x04,0x00,0x00,0x12,0x80,0x04,0x00,0x00,0x25,0xAD,0x10,0x32,0x07,
	0x08,0xEC,0x06,0x00,0x28,0x02,0x20,0x05,0x07,0x10,0x80,0x05,0x08,0x14,0x00,0x89,0x01,0x00,0xB1,0x04,
	0x07,0x00,0x80,0x07,0x00,0x81,0x03,0x80,0x06,0x04,0x0C,0x02,0x00,0x18,0x09,0x02,0x9C,0x00,0x04,0x8C,
	0x24,0x00,0x14,0x00,0x00,0x60,0x04,0x00,0x20,0x01,0x02,0x00,0x95,0x06,0x00,0x01,0x02,0x10,0x02,0x01,
	0x08,0xE0,0x00,0x00,0x08,0x06,0x20,0x01,0x07,0x10,0x80,0x05,0x08,0x00,0x04,0x89,0x01,0x00,0xB1,0x00,
	0x03,0x00,0x00,0x06,0x00,0x01,0x06,0x80,0x02,0x00,0x0C,0x00,0x00,0x18,0x08,0x00,0x18,0x00,0x00,0x80,
	0x20,0x00,0x04,0x00,0x00,0x60,0x00,0x00,0x20,0x01,0x02,0x00,0x95,0x02,0x00,0x01,0x02,0x00,0x00,0x01,
	0x00,0xE0,0x00,0x00,0x00,0x04,0x00,0x00,0x05,0x00,0x00,0x05,0x00,0x00,0x04,0x01,0x81,0x00,0x00,0x04,
	0x00,0x00,0x04,0x01,0x80,0x00,0x08,0x00,0x00,0x80,0x80,0x20,0x00,0x01,0x82,0x00,0x01,0x00,0x00,0x95,
	0x00,0x00,0x01,0x00,0x98,0x13,0x49,0x05,0x13,0x10,0x05,0x60,0x05,0x07,0x10,0x00,0x07,0x00,0x80,0x07,
	0x00,0x00,0x03,0x18,0x81,0x07,0x80,0x04,0x02,0xA0,0x80,0x01,0x00,0x00,0x03,0x60,0x00,0x07,0x00,0x08,
	0x06,0x42,0x01,0x00,0x8E,0x08,0x04,0x50,0x05,0x04,0xEC,0x87,0x04,0x00,0x01,0x00,0x88,0x00,0x03,0x90,
	0x00,0x02,0x80,0xA0,0x02,0x13,0x41,0x05,0x13,0x10,0x05,0x60,0x01,0x03,0x10,0x00,0x02,0x00,0x80,0x00,
	0x00,0x84,0x18,0x01,0x01,0x80,0x00,0x00,0xA0,0x00,0x03,0x00,0x00,0x01,0x60,0x00,0x05,0x00,0x8A,0x42,
	0x01,0x00,0x0A,0x08,0x00,0x40,0x01,0x04,0xC0,0x81,0x04,0x00,0x01,0x00,0x88,0x00,0x00,0x90,0x00,0x00,
	0x80,0x20,0x00,0x00,0x40,0x05,0x00,0x10,0x05,0x00,0x00,0x01,0x04,0x80,0x00,0x00,0x02,0x00,0x80,0x00,
	0x00,0x04,0x00,0x84,0x00,0x01,0x00,0x00,0x08,0x00,0x40,0x01,0x00,0xC0,0x81,0x00,0x00,0x01,0x00,0x01,
	0x80,0x00,0x20,0x00,0xAF,0xF3,0x34,0x01,0x81,0x0E,0x01,0x80,0x27,0x01,0x08,0x01,0x05,0x28,0x01,0x02,
	0x48,0x10,0x02,0x51,0x04,0x03,0x50,0x01,0x03,0x70,0x80,0x07,0x80,0xC0,0x03,0x18,0x00,0x03,0x26,0x12,
	0x03,0xD0,0x08,0x04,0x90,0x51,0x06,0xAC,0xC2,0x01,0x06,0x80,0x00,0x14,0x80,0x06,0x90,0x80,0x04,0x88,
	0x00,0x05,0x08,0x10,0x04,0xF3,0x30,0x00,0x81,0x0C,0x02,0x80,0x01,0x02,0x08,0x01,0x03,0x28,0x01,0x02,
	0x48,0x00,0x02,0x51,0x04,0x03,0x50,0x01,0x03,0x70,0x80,0x01,0x80,0x40,0x03,0x18,0x00,0x03,0x26,0x12,
	0x03,0x50,0x00,0x00,0x00,0x41,0x02,0xA2,0x40,0x01,0x02,0x00,0x00,0x14,0x80,0x04,0x10,0x80,0x04,0x08,
	0x00,0x05,0x08,0x10,0x04,0x00,0x30,0x00,0x00,0x0C,0x02,0x00,0x00,0x02,0x00,0x00,0x02,0x00,0x00,0x02,
	0x00,0x00,0x02,0x00,0x00,0x02,0x00,0x00,0x02,0x00,0x82,0x00,0x00,0x02,0x00,0x00,0x02,0x00,0x02,0x02,
	0x00,0x81,0x00,0x01,0x02,0xA0,0x40,0x01,0x00,0x81,0x00,0x80,0x00,0x00,0x80,0x00,0x00,0x80,0x00,0x10,
	0x00,0xAA,0x03,0x82,0x06,0x90,0x83,0x02,0x90,0x20,0x00,0xD4,0xC0,0x04,0x10,0x00,0x05,0x28,0x0B,0x03,
	0x69,0x06,0x01,0x48,0x20,0x02,0x08,0x00,0x00,0x40,0x84,0x03,0x24,0x94,0x05,0x3E,0x01,0x02,0x4D,0x00,
	0x02,0x51,0xA0,0x01,0x57,0x12,0x02,0x20,0x82,0x00,0x78,0x00,0x01,0x44,0x00,0x00,0x84,0x80,0x00,0x84,
	0x08,0x00,0x03,0x00,0x04,0x90,0x82,0x00,0x90,0xA0,0x00,0xD4,0x40,0x01,0x10,0x00,0x00,0x28,0x09,0x00,
	0x69,0x06,0x00,0x48,0x00,0x01,0x08,0x00,0x01,0x40,0x84,0x00,0x24,0x90,0x00,0x3E,0x00,0x00,0x0D,0x00,
	0x00,0x01,0xA0,0x01,0x51,0x10,0x00,0x30,0x00,0x00,0x38,0x00,0x00,0x44,0x00,0x00,0x84,0x00,0x00,0x04,
	0x08,0x00,0x00,0x00,0x04,0x00,0x82,0x00,0x00,0xA0,0x00,0x03,0x81,0x00,0x00,0x01,0x00,0x00,0x01,0x03,
	0x82,0x00,0x00,0x01,0x50,0x10,0x00,0x30,0x00,0x00,0x01,0x81,0x80,0x00,0x00,0x00,0x08,0x00,0xAE,0x09,
	0xCF,0x03,0x08,0x01,0x06,0x08,0x41,0x06,0x28,0x20,0x01,0xCC,0x42,0x07,0xD1,0x86,0x01,0xA0,0x80,0x03,
	0x04,0x50,0x00,0x30,0x00,0x01,0x20,0x40,0x01,0x1C,0x80,0x01,0x11,0x04,0x01,0x24,0x08,0x02,0x22,0x1C,
	0x04,0x0A,0x60,0x05,0xC5,0x01,0x04,0xAB,0x03,0x04,0x06,0x00,0x06,0x56,0x44,0x02,0xC0,0x80,0x03,0x09,
	0xCE,0x02,0x08,0x81,0x01,0x08,0x40,0x01,0x28,0x00,0x01,0xCC,0x00,0x01,0xD1,0x80,0x01,0xA0,0x80,0x01,
	0x04,0x80,0x00,0x30,0x80,0x00,0x20,0xC0,0x01,0x1C,0x80,0x01,0x11,0x04,0x00,0x04,0x08,0x02,0x00,0x14,
	0x04,0x08,0x20,0x05,0xC9,0x00,0x04,0x8B,0x00,0x04,0x02,0x00,0x04,0x52,0x44,0x00,0xC0,0x80,0x01,0x00,
	0x4E,0x02,0x00,0x01,0x01,0x00,0x40,0x01,0x00,0x00,0x01,0x00,0x00,0x01,0x00,0x00,0x01,0x00,0x00,0x01,
	0x01,0x87,0x00,0x00,0x01,0x00,0x00,0x01,0x00,0x04,0x00,0x00,0x00,0x02,0x00,0x04,0x04,0x08,0x20,0x01,
	0xC8,0x00,0x00,0x80,0x00,0x00,0x00,0x81,0x00,0x44,0x00,0x80,0x00,0x00,0x3B,0xAA,0x80,0xC1,0x00,0x80,
	0x00,0x01,0x20,0xC2,0x00,0x76,0xA0,0x02,0xF2,0x01,0x02,0x9D,0x41,0x00,0x04,0x43,0x01,0x02,0x85,0x00,
	0x04,0xC0,0x00,0x10,0xC8,0x00,0x10,0xC0,0x00,0x89,0x84,0x01,0xCE,0x04,0x01,0xD2,0x00,0x00,0xA4,0xB0,
	0x04,0x06,0x00,0x00,0xC5,0x00,0x02,0xA4,0x00,0x00,0x28,0x00,0x05,0x0A,0x04,0x04,0x00,0x81,0x00,0x00,
	0xC0,0x00,0x00,0x12,0x00,0x16,0x20,0x00,0x32,0x81,0x00,0x1D,0x80,0x00,0x04,0x81,0x00,0x02,0x80,0x00,
	0x04,0xC0,0x00,0x10,0xC8,0x00,0x10,0x40,0x00,0x09,0x80,0x01,0x8E,0x04,0x01,0x80,0x00,0x00,0xA4,0x00,
	0x00,0x04,0x00,0x00,0x01,0x00,0x00,0xA0,0x00,0x00,0x28,0x00,0x05,0x0A,0x04,0x04,0x00,0x01,0x00,0x00,
	0x40,0x00,0x00,0x12,0x00,0x00,0x85,0x00,0x80,0x00,0x00,0x80,0x00,0x00,0x80,0x00,0x00,0x80,0x00,0x00,
	0x80,0x00,0x00,0x80,0x00,0x00,0x84,0x00,0x00,0x01,0x80,0x04,0x00,0x80,0x00,0x00,0xA4,0x00,0x00,0x04,
	0x00,0x00,0x00,0x80,0x80,0x00,0x00,0x00,0x80,0x00,0x04,0x00,0x9C,0xC0,0x60,0x05,0x84,0xA0,0x00,0x95,
	0xAD,0x04,0xD9,0x94,0x00,0x39,0x40,0x02,0x62,0x4C,0x01,0x82,0x01,0x00,0x00,0x00,0x01,0x1A,0xC1,0x00,
	0x00,0x40,0x01,0x18,0x88,0x02,0x08,0x88,0x01,0x29,0x04,0x03,0x70,0x0A,0x04,0x25,0x08,0x04,0x25,0x10,
	0x00,0xD1,0x02,0x04,0xD9,0x01,0x00,0x47,0x00,0x00,0x23,0x20,0x00,0x80,0xE0,0x05,0x84,0xA0,0x00,0x05,
	0xA1,0x00,0x09,0x80,0x00,0x09,0x40,0x00,0x22,0x44,0x00,0x02,0x40,0x00,0x00,0x40,0x00,0x1A,0x01,0x00,
	0x00,0x8D,0x18,0x88,0x00,0x08,0x08,0x00,0x09,0x00,0x00,0x00,0x08,0x00,0x04,0x08,0x04,0x24,0x10,0x00,
	0x01,0x00,0x04,0x19,0x00,0x00,0x01,0x00,0x00,0x21,0x20,0x00,0x80,0xA0,0x05,0x80,0xA0,0x00,0x00,0xA1,
	0x00,0x00,0x80,0x00,0x05,0x80,0x00,0x80,0x00,0x02,0x81,0x04,0x08,0x04,0x24,0x10,0x00,0x02,0x80,0x00,
	0x20,0x00,0xA3,0x26,0x20,0x02,0x46,0xE0,0x03,0xA1,0x0C,0x01,0xCE,0x28,0x00,0x88,0x20,0x00,0xA9,0x23,
	0x00,0x00,0xE0,0x01,0x01,0x41,0x02,0x0C,0x60,0x00,0x08,0xE0,0x00,0x00,0x46,0x00,0x05,0x83,0x00,0x50,
	0x00,0x01,0x53,0x80,0x00,0x53,0x30,0x00,0x21,0xA0,0x01,0xAE,0x00,0x00,0x44,0x00,0x00,0x17,0x00,0x02,
	0x47,0x06,0x00,0x06,0x40,0x02,0x06,0x00,0x00,0x81,0x6C,0x00,0x86,0x60,0x00,0x80,0x40,0x00,0x89,0x42,
	0x00,0x00,0x40,0x00,0x01,0x40,0x00,0x0C,0x60,0x00,0x08,0x60,0x00,0x00,0x04,0x00,0x05,0x83,0x00,0x00,
	0x00,0x01,0x43,0x00,0x00,0x50,0x30,0x00,0x00,0xA0,0x00,0x00,0x83,0x44,0x00,0x00,0x14,0x00,0x02,0x04,
	0x06,0x00,0x00,0x00,0x02,0x00,0x87,0x80,0x4C,0x00,0x80,0x40,0x00,0x80,0x40,0x00,0x80,0x40,0x00,0x00,
	0x40,0x00,0x00,0x40,0x00,0x00,0x40,0x00,0x00,0x40,0x00,0x00,0x84,0x00,0x83,0x00,0x00,0x00,0x01,0x40,
	0x00,0x00,0x50,0x00,0x00,0x00,0xA0,0x00,0x00,0x80,0x40,0x00,0x00,0x00,0x80,0x00,0x06,0x00,0x9C,0x20,
	0x50,0x00,0x05,0xD0,0x03,0x5A,0x30,0x01,0x20,0x21,0x01,0xC0,0x20,0x00,0xC4,0x01,0x02,0xC5,0x21,0x04,
	0x84,0x20,0x00,0x01,0x20,0x00,0x10,0x60,0x00,0x08,0x60,0x00,0x01,0x40,0x00,0x9C,0x00,0x00,0x08,0x86,
	0x02,0x38,0x48,0x04,0x24,0x01,0x04,0xAA,0x01,0x00,0x08,0x00,0x02,0x42,0x00,0x00,0x42,0x84,0x00,0x00,
	0x50,0x00,0x05,0x50,0x00,0x02,0x30,0x00,0x00,0x20,0x00,0xC0,0x20,0x00,0xC4,0x01,0x00,0x85,0x20,0x00,
	0x04,0x20,0x00,0x01,0x00,0x00,0x00,0x8C,0x08,0x60,0x00,0x01,0x40,0x00,0x84,0x00,0x00,0x00,0x00,0x02,
	0x08,0x40,0x00,0x14,0x00,0x00,0x08,0x00,0x00,0x08,0x00,0x02,0x42,0x00,0x00,0x42,0x84,0x00,0x00,0x50,
	0x00,0x00,0x50,0x00,0x00,0x10,0x00,0x00,0x82,0xC0,0x00,0x00,0xC0,0x00,0x00,0x80,0x00,0x00,0x02,0x80,
	0x00,0x40,0x00,0x00,0x84,0x80,0x00,0x00,0x00,0x00,0x02,0x08,0x00,0x00,0x14,0x00,0x00,0x08,0x00,0x00,
	0x00,0x81,0x40,0x00,0x00,0x40,0x04,0x00,0x95,0x61,0x30,0x02,0x40,0x30,0x01,0x08,0xB0,0x01,0x04,0x00,
	0x00,0x84,0x80,0x00,0x04,0x20,0x00,0x04,0x04,0x05,0x84,0xC0,0x02,0x06,0x03,0x00,0x10,0x20,0x00,0x08,
	0x85,0x01,0x02,0xC1,0x01,0x20,0x82,0x00,0x32,0x00,0x01,0x32,0x4D,0x01,0x03,0x70,0x00,0x10,0x00,0x06,
	0x26,0x00,0x04,0x29,0x00,0x00,0x11,0x88,0x02,0x41,0x00,0x02,0x40,0x00,0x00,0x00,0x92,0x00,0x20,0x00,
	0x80,0x00,0x00,0x04,0x20,0x00,0x04,0x00,0x00,0x84,0x00,0x00,0x06,0x03,0x00,0x00,0x20,0x00,0x08,0x04,
	0x00,0x02,0x01,0x00,0x00,0x82,0x00,0x02,0x00,0x01,0x20,0x44,0x00,0x02,0x40,0x00,0x04,0x00,0x06,0x06,
	0x00,0x04,0x08,0x00,0x00,0x10,0x88,0x02,0x40,0x00,0x02,0x40,0x00,0x00,0x00,0x81,0x00,0x20,0x00,0x80,
	0x00,0x00,0x01,0x80,0x80,0x00,0x00,0x00,0x80,0x00,0x20,0x00,0x00,0x85,0x00,0x01,0x00,0x00,0x02,0x00,
	0x00,0x00,0x01,0x20,0x04,0x00,0x02,0x40,0x00,0x04,0x00,0x00,0x01,0x80,0x00,0x08,0x00,0x3B,0xBB,0x13,
	0x20,0x06,0x33,0xA0,0x04,0x72,0xE0,0x06,0x6D,0x57,0x00,0x0B,0xE1,0x07,0xD3,0xA7,0x02,0xB7,0x7E,0x02,
	0xF7,0x4F,0x00,0xB5,0x3F,0x01,0x74,0xDD,0x04,0xB4,0xBA,0x00,0xB2,0xC8,0x01,0x9A,0x78,0x02,0xB8,0x79,
	0x04,0x01,0xBD,0x04,0xBE,0x41,0x06,0x1F,0x83,0x06,0xCA,0x9E,0x00,0xC6,0x3F,0x06,0xEC,0x39,0x05,0xF3,
	0xCF,0x00,0xF3,0xCF,0x06,0xB2,0x4F,0x06,0xB1,0x7E,0x00,0xF7,0x5F,0x06,0xB3,0x1F,0x00,0x77,0x58,0x02,
	0x77,0x5F,0x00,0xB5,0xDF,0x00,0x34,0xFD,0x03,0x34,0xD9,0x07,0x32,0xBB,0x07,0x72,0x7B,0x07,0x50,0x7A,
	0x06,0xFF,0x33,0x04,0xD1,0x8E,0x00,0xF3,0x7C,0x02,0xBD,0x60,0x06,0x39,0x40,0x02,0x31,0x46,0x05,0xC0,
	0xCF,0x00,0xC0,0xCF,0x00,0x80,0x4F,0x00,0x80,0x60,0x00,0xC0,0x40,0x00,0x40,0x00,0x00,0x80,0x40,0x00,
	0x80,0x40,0x00,0x00,0xC0,0x00,0x00,0xE0,0x03,0x00,0xC0,0x07,0x00,0x80,0x07,0x00,0x01,0x07,0xC0,0x03,
	0x06,0xE0,0x03,0x04,0x8E,0x8F,0x00,0x8C,0x7F,0x00,0xC0,0x7F,0x00,0xC0,0x3F,0x00,0xC0,0x39,0x00,0x00,
	0x8D,0x22,0x00,0x00,0x22,0x80,0x00,0x22,0x80,0x00,0x24,0x80,0x02,0xA0,0x40,0x00,0x04,0x10,0x00,0x26,
	0x40,0x02,0x26,0x80,0x00,0x22,0x00,0x00,0x60,0x80,0x00,0x02,0x82,0x00,0x41,0x02,0x00,0x40,0x00,0x00,
	0x20,0x01,0x01,0x00,0x83,0x00,0x02,0x02,0x16,0x10,0x00,0x14,0x40,0x00,0x12,0x00,0x04,0x00,0x8D,0x22,
	0x00,0x00,0x22,0x00,0x00,0x22,0x00,0x00,0x24,0x00,0x02,0x20,0x40,0x00,0x04,0x00,0x00,0x26,0x00,0x02,
	0x26,0x80,0x00,0x22,0x00,0x00,0x20,0x00,0x00,0x02,0x02,0x00,0x41,0x02,0x00,0x40,0x00,0x00,0x00,0x01,
	0x00,0x00,0x83,0x00,0x02,0x00,0x00,0x10,0x00,0x00,0x40,0x00,0x00,0x00,0x04,0x04,0x80,0x00,0x40,0x00,
	0x01,0x80,0x00,0x80,0x00,0x0A,0x8A,0x22,0x80,0x01,0x00,0x00,0x01,0x00,0x04,0x00,0x00,0x04,0x00,0x00,
	0x00,0x02,0x22,0x70,0x04,0x00,0x10,0x00,0x00,0x00,0x02,0x40,0x01,0x00,0x80,0x00,0x00,0x02,0x30,0x00,
	0x00,0x88,0x08,0x10,0x00,0x01,0x00,0x00,0x88,0x00,0x00,0x00,0x01,0x00,0x80,0x00,0x04,0x02,0x00,0x04,
	0x00,0x00,0x06,0x00,0x00,0x02,0x22,0x00,0x00,0x02,0x81,0x00,0x00,0x02,0x22,0x60,0x04,0x00,0x83,0x00,
	0x00,0x02,0x40,0x01,0x00,0x80,0x00,0x00,0x02,0x00,0x00,0x00,0x83,0x08,0x00,0x00,0x01,0x00,0x00,0x88,
	0x00,0x00,0x00,0x01,0x00,0x02,0x80,0x00,0x00,0x02,0x04,0x80,0x00,0x60,0x00,0x0D,0x01,0x90,0x01,0x20,
	0x00,0x00,0x28,0x00,0x02,0x20,0x00,0x80,0x00,0x00,0x42,0x08,0x02,0xA1,0x40,0x04,0x08,0x40,0x01,0x48,
	0x80,0x00,0x88,0x00,0x00,0x68,0x00,0x00,0x04,0x40,0x02,0x08,0x00,0x01,0x08,0x00,0x00,0x00,0x00,0x02,
	0x00,0x00,0x01,0x02,0x00,0x00,0x0A,0x00,0x00,0x02,0x80,0x01,0x00,0x00,0x00,0x8A,0x02,0x20,0x00,0x80,
	0x00,0x00,0x02,0x00,0x02,0xA1,0x40,0x00,0x08,0x00,0x00,0x08,0x00,0x00,0x08,0x00,0x00,0x28,0x00,0x00,
	0x04,0x00,0x00,0x08,0x00,0x00,0x08,0x00,0x00,0x08,0x80,0x00,0x20,0x00,0x01,0x80,0x00,0x40,0x00,0x0B,
	0x8B,0x00,0x80,0x04,0x09,0xC0,0x04,0x08,0x40,0x01,0x09,0x40,0x00,0x08,0x40,0x00,0x08,0x00,0x00,0x88,
	0x40,0x02,0x08,0x00,0x00,0x81,0x80,0x04,0x41,0x01,0x02,0x20,0x00,0x00,0x81,0x20,0x00,0x00,0x82,0x20,
	0x81,0x00,0x14,0x00,0x00,0x10,0x00,0x01,0x00,0x8C,0x41,0x08,0x01,0x00,0x20,0x04,0x28,0x00,0x00,0x00,
	0x80,0x00,0x09,0x80,0x04,0x08,0x40,0x01,0x09,0x40,0x00,0x08,0x40,0x00,0x08,0x00,0x00,0x88,0x40,0x02,
	0x08,0x00,0x00,0x81,0x00,0x00,0x41,0x01,0x02,0x00,0x80,0x81,0x00,0x00,0x00,0x82,0x20,0x01,0x00,0x14,
	0x00,0x00,0x10,0x00,0x00,0x00,0x81,0x40,0x08,0x00,0x00,0x20,0x00,0x00,0x84,0x00,0x80,0x00,0x00,0x80,
	0x00,0x00,0x40,0x00,0x00,0x40,0x00,0x00,0x40,0x00,0x00,0x80,0x00,0x40,0x00,0x01,0x80,0x00,0x00,0x02,
	0x09,0x3B,0x80,0x09,0x00,0x00,0x00,0x90,0x10,0x04,0x00,0x10,0x00,0x00,0x00,0x30,0x00,0x11,0x40,0x02,
	0x10,0x40,0x00,0x00,0x40,0x01,0x30,0x00,0x00,0x10,0x00,0x04,0x91,0x81,0x00,0x10,0x08,0x00,0x10,0x18,
	0x00,0xD0,0x00,0x00,0x20,0x80,0x01,0x20,0x00,0x00,0x00,0x80,0x00,0x40,0x00,0x00,0x84,0x00,0x00,0x00,
	0x80,0x09,0x00,0x00,0x00,0x8B,0x10,0x00,0x00,0x10,0x00,0x00,0x00,0x20,0x00,0x11,0x00,0x02,0x10,0x00,
	0x00,0x00,0x00,0x01,0x30,0x00,0x00,0x10,0x00,0x04,0x91,0x01,0x00,0x10,0x00,0x00,0x10,0x00,0x00,0xD0,
	0x00,0x00,0x02,0x81,0x40,0x00,0x00,0x80,0x00,0x00,0x04,0x80,0x00,0x20,0x00,0x03,0x80,0x00,0x00,0x04,
	0x09,0x88,0x10,0x40,0x00,0x10,0x00,0x01,0x00,0x42,0x04,0x00,0x40,0x00,0x11,0x40,0x01,0x40,0x08,0x00,
	0x21,0x00,0x00,0x00,0x20,0x00,0x00,0x40,0x00,0x00,0x8C,0x00,0x08,0x00,0x20,0x00,0x00,0x34,0x00,0x00,
	0x90,0x00,0x00,0x22,0x00,0x00,0x00,0x21,0x00,0x18,0x20,0x00,0x00,0x00,0x04,0x0A,0x00,0x00,0x80,0x00,
	0x00,0x10,0x00,0x00,0x10,0x00,0x01,0x00,0x00,0x04,0x00,0x82,0x11,0x00,0x01,0x40,0x00,0x00,0x01,0x00,
	0x00,0x00,0x80,0x00,0x40,0x00,0x02,0x84,0x34,0x00,0x00,0x10,0x00,0x00,0x22,0x00,0x00,0x00,0x01,0x00,
	0x10,0x00,0x00,0x00,0x81,0x08,0x00,0x00,0x80,0x00,0x00,0x07,0x80,0x00,0x40,0x00,0x0A,0x87,0x00,0x80,
	0x00,0x00,0x80,0x00,0x00,0x10,0x00,0x00,0x02,0x00,0x00,0x00,0x01,0x00,0x10,0x00,0x50,0x04,0x02,0x00,
	0x00,0x01,0x00,0x89,0xA0,0x00,0x00,0x40,0x10,0x00,0xD0,0x41,0x00,0x10,0x40,0x00,0xC0,0x00,0x00,0x44,
	0x00,0x00,0xB0,0x01,0x00,0x28,0x00,0x00,0xC0,0x04,0x00,0x00,0x00,0x01,0x04,0x83,0x00,0x00,0x01,0x00,
	0x10,0x00,0x10,0x00,0x02,0x00,0x00,0x01,0x00,0x80,0xA0,0x00,0x00,0x00,0x81,0x90,0x01,0x00,0x10,0x00,
	0x00,0x00,0x83,0x44,0x00,0x00,0x00,0x01,0x00,0xA0,0x00,0x00,0xC0,0x04,0x00,0x06,0x80,0x00,0x10,0x00,
	0x0D,0x02,0x90,0x04,0x14,0x00,0x04,0x10,0x00,0x24,0x00,0x00,0x04,0x00,0x00,0x24,0x08,0x00,0x44,0x00,
	0x00,0x04,0x00,0x00,0x04,0xC0,0x00,0x94,0x00,0x00,0x04,0x00,0x00,0x34,0x00,0x00,0x10,0x01,0x00,0x80,
	0x00,0x00,0x60,0x01,0x04,0x80,0x20,0x00,0x02,0x10,0x00,0x00,0x00,0x01,0x02,0x90,0x04,0x00,0x00,0x04,
	0x10,0x00,0x24,0x00,0x00,0x04,0x00,0x00,0x04,0x00,0x00,0x44,0x00,0x00,0x04,0x00,0x00,0x04,0x00,0x00,
	0x94,0x00,0x00,0x04,0x00,0x00,0x34,0x00,0x00,0x10,0x01,0x00,0x80,0x00,0x00,0x60,0x01,0x00,0x80,0x00,
	0x00,0x00,0x10,0x00,0x00,0x00,0x01,0x03,0x80,0x00,0x10,0x00,0x0E,0x82,0x04,0x00,0x02,0x04,0x60,0x00,
	0x04,0x00,0x00,0x01,0x80,0x00,0x04,0x00,0x00,0x83,0x00,0x20,0x02,0x10,0x60,0x00,0x00,0x40,0x00,0xE0,
	0x04,0x00,0x00,0x8A,0x38,0x00,0x00,0x20,0x00,0x00,0x01,0x00,0x00,0x00,0xA0,0x01,0xE4,0x20,0x01,0x44,
	0x00,0x00,0x40,0x00,0x00,0xA4,0x00,0x00,0x04,0x00,0x00,0x04,0x40,0x00,0x04,0x00,0x00,0x03,0x81,0x00,
	0x20,0x00,0x10,0x00,0x00,0x00,0x80,0xC0,0x00,0x00,0x00,0x80,0x18,0x00,0x00,0x00,0x80,0x01,0x00,0x00,
	0x00,0x80,0xA0,0x00,0x00,0x00,0x81,0x40,0x00,0x00,0x80,0x00,0x00,0x00,0x80,0x00,0x40,0x00,0x04,0x80,
	0x00,0x20,0x00,0x0B,0x3B,0x80,0x00,0x40,0x04,0x00,0x81,0x08,0x20,0x04,0x08,0x00,0x00,0x00,0x84,0x08,
	0x00,0x00,0x08,0x20,0x00,0x08,0x00,0x00,0x08,0x00,0x00,0x08,0x00,0x01,0x00,0x89,0x00,0x94,0x00,0x30,
	0x00,0x00,0x08,0x80,0x00,0x48,0x00,0x00,0x38,0x00,0x00,0x80,0x40,0x00,0x80,0x82,0x00,0x8D,0x00,0x00,
	0x41,0x00,0x00,0x00,0x40,0x04,0x00,0x81,0x08,0x20,0x00,0x08,0x00,0x00,0x00,0x84,0x08,0x00,0x00,0x08,
	0x20,0x00,0x08,0x00,0x00,0x08,0x00,0x00,0x08,0x00,0x01,0x01,0x88,0x10,0x00,0x00,0x28,0x00,0x00,0x48,
	0x00,0x00,0x28,0x00,0x00,0x80,0x00,0x00,0x80,0x02,0x00,0x88,0x00,0x00,0x40,0x00,0x00,0x00,0x40,0x04,
	0x00,0x80,0x00,0x20,0x00,0x02,0x80,0x00,0x20,0x00,0x01,0x80,0x00,0x00,0x01,0x09,0x87,0x08,0x00,0x00,
	0x08,0x00,0x00,0x00,0x03,0x00,0x00,0x20,0x00,0x08,0x00,0x00,0x10,0x00,0x00,0x40,0x00,0x00,0x40,0x00,
	0x02,0x00,0x8C,0x10,0x00,0x00,0x20,0x48,0x05,0x30,0x00,0x00,0x18,0x00,0x00,0x58,0x00,0x00,0x10,0x00,
	0x00,0x10,0x00,0x00,0x88,0x00,0x00,0x60,0x20,0x00,0x20,0x20,0x00,0x41,0x80,0x00,0x08,0x00,0x00,0x08,
	0x00,0x00,0x00,0x84,0x00,0x20,0x00,0x08,0x00,0x00,0x10,0x00,0x00,0x40,0x00,0x00,0x40,0x00,0x00,0x00,
	0x85,0x10,0x00,0x00,0x20,0x00,0x00,0x10,0x00,0x00,0x18,0x00,0x00,0x18,0x00,0x00,0x10,0x00,0x00,0x00,
	0x83,0x88,0x00,0x00,0x20,0x00,0x00,0x20,0x00,0x00,0x40,0x80,0x00,0x02,0x80,0x00,0x20,0x00,0x0F,0x01,
	0x80,0x00,0x80,0x00,0x00,0x80,0x00,0x28,0x00,0x00,0x81,0x18,0x00,0x00,0x08,0x20,0x02,0x01,0x83,0x00,
	0x04,0x00,0x80,0x00,0x00,0x60,0x08,0x04,0xC0,0x00,0x00,0x00,0x84,0x9A,0x00,0x00,0x50,0x00,0x00,0x64,
	0x01,0x02,0x40,0x08,0x00,0x20,0x00,0x00,0x01,0x80,0x00,0x80,0x00,0x00,0x80,0x00,0x20,0x00,0x00,0x81,
	0x08,0x00,0x00,0x08,0x00,0x00,0x02,0x82,0x80,0x00,0x00,0x60,0x00,0x00,0x40,0x00,0x00,0x00,0x84,0x82,
	0x00,0x00,0x10,0x00,0x00,0x40,0x01,0x00,0x40,0x08,0x00,0x20,0x00,0x00,0x03,0x80,0x00,0x20,0x00,0x0E,
	0x00,0x86,0x00,0x00,0x04,0x00,0x20,0x00,0x00,0x01,0x00,0x00,0x10,0x00,0x00,0x20,0x00,0x00,0x22,0x00,
	0x20,0x04,0x00,0x00,0x8A,0x02,0x00,0x00,0x82,0x00,0x00,0x42,0x00,0x00,0x02,0x00,0x01,0x02,0x00,0x00,
	0x42,0x00,0x00,0x03,0x00,0x00,0x24,0x00,0x00,0x00,0x40,0x00,0x20,0x00,0x00,0x00,0x60,0x00,0x03,0x80,
	0x00,0x10,0x00,0x03,0x86,0x02,0x00,0x00,0x82,0x00,0x00,0x42,0x00,0x00,0x02,0x00,0x00,0x02,0x00,0x00,
	0x42,0x00,0x00,0x03,0x00,0x00,0x02,0x80,0x00,0x60,0x00,0x03,0x80,0x00,0x10,0x00,0x0E,0x88,0x00,0x60,
	0x00,0x02,0x00,0x00,0x02,0x08,0x04,0x02,0x20,0x00,0x02,0x00,0x00,0x2A,0x08,0x00,0x02,0x00,0x00,0x02,
	0x10,0x00,0x02,0x20,0x00,0x00,0x88,0x00,0x00,0x01,0x80,0x00,0x00,0x80,0x00,0x00,0x80,0x40,0x00,0x80,
	0x80,0x00,0x00,0x10,0x00,0x00,0x00,0x04,0xC0,0x00,0x00,0x60,0x00,0x00,0x01,0x87,0x02,0x00,0x00,0x02,
	0x00,0x04,0x02,0x00,0x00,0x02,0x00,0x00,0x2A,0x08,0x00,0x02,0x00,0x00,0x02,0x00,0x00,0x02,0x20,0x00,
	0x01,0x81,0x80,0x00,0x00,0x80,0x00,0x00,0x00,0x80,0x80,0x00,0x00,0x01,0x81,0xC0,0x00,0x00,0x40,0x00,
	0x00,0x02,0x80,0x00,0x00,0x04,0x01,0x80,0x00,0x08,0x00,0x01,0x80,0x00,0x20,0x00,0x0A,0x3B,0x81,0x02,
	0x00,0x00,0x00,0x40,0x02,0x00,0x80,0x00,0x02,0x00,0x00,0x82,0x10,0x00,0x00,0x00,0x00,0x01,0x08,0x00,
	0x00,0x00,0x85,0x80,0x00,0x00,0x00,0x00,0x01,0x20,0x01,0x00,0x10,0x00,0x02,0x00,0x01,0x00,0x80,0x00,
	0x00,0x00,0x81,0x00,0x00,0x04,0x20,0x00,0x00,0x00,0x82,0x01,0x00,0x00,0x02,0x00,0x00,0x00,0x00,0x02,
	0x03,0x81,0x00,0x00,0x01,0x08,0x00,0x00,0x00,0x80,0x80,0x00,0x00,0x00,0x83,0x20,0x01,0x00,0x10,0x00,
	0x02,0x00,0x01,0x00,0x80,0x00,0x00,0x10,0x80,0x00,0x00,0x02,0x06,0x00,0x80,0x00,0x80,0x00,0x00,0x81,
	0x00,0x08,0x00,0x10,0x08,0x01,0x02,0x8B,0x40,0x00,0x00,0x08,0x00,0x00,0x00,0x01,0x00,0x00,0x82,0x00,
	0x00,0x02,0x00,0x00,0x01,0x00,0x10,0x00,0x00,0x08,0x00,0x00,0x60,0x00,0x01,0x48,0x00,0x00,0x20,0x00,
	0x00,0x60,0x00,0x00,0x00,0x80,0x00,0x80,0x00,0x01,0x80,0x10,0x08,0x01,0x02,0x86,0x40,0x00,0x00,0x08,
	0x00,0x00,0x00,0x01,0x00,0x00,0x02,0x00,0x00,0x02,0x00,0x00,0x01,0x00,0x10,0x00,0x00,0x01,0x82,0x08,
	0x00,0x00,0x20,0x00,0x00,0x60,0x00,0x00,0x03,0x80,0x00,0x08,0x00,0x0E,0x00,0x85,0x04,0x30,0x06,0x04,
	0x10,0x00,0x04,0x00,0x00,0x08,0x20,0x00,0x20,0x10,0x00,0x30,0x00,0x00,0x00,0x8A,0x04,0x00,0x00,0x00,
	0x01,0x00,0x20,0x02,0x00,0x00,0x04,0x00,0x90,0x00,0x00,0x88,0x00,0x00,0x04,0x00,0x00,0x04,0x00,0x01,
	0xE0,0x20,0x00,0x22,0x00,0x00,0x42,0x04,0x00,0x01,0x84,0x04,0x20,0x06,0x04,0x10,0x00,0x04,0x00,0x00,
	0x08,0x00,0x00,0x00,0x10,0x00,0x01,0x82,0x04,0x00,0x00,0x00,0x01,0x00,0x20,0x02,0x00,0x00,0x86,0x90,
	0x00,0x00,0x88,0x00,0x00,0x04,0x00,0x00,0x04,0x00,0x00,0xA0,0x00,0x00,0x20,0x00,0x00,0x00,0x04,0x00,
	0x01,0x81,0x00,0x20,0x04,0x00,0x10,0x00,0x01,0x80,0x00,0x10,0x00,0x0D,0x80,0x04,0x10,0x00,0x02,0x85,
	0x24,0x00,0x00,0x04,0x00,0x00,0x04,0x00,0x01,0x04,0x80,0x00,0x80,0x00,0x00,0x14,0x00,0x00,0x00,0x82,
	0x00,0x80,0x00,0x28,0x02,0x07,0x04,0x00,0x00,0x00,0x83,0x80,0x00,0x01,0x46,0x10,0x02,0x88,0x00,0x00,
	0x40,0x00,0x00,0x00,0x80,0x04,0x00,0x00,0x02,0x85,0x24,0x00,0x00,0x04,0x00,0x00,0x04,0x00,0x01,0x04,
	0x80,0x00,0x80,0x00,0x00,0x14,0x00,0x00,0x01,0x81,0x28,0x02,0x02,0x04,0x00,0x00,0x00,0x82,0x80,0x00,
	0x00,0x44,0x00,0x00,0x88,0x00,0x00,0x0D,0x80,0x00,0x00,0x02,0x06,0x01,0x80,0x80,0x40,0x04,0x00,0x80,
	0x10,0x00,0x00,0x03,0x80,0x20,0x00,0x00,0x01,0x80,0x0C,0x00,0x00,0x01,0x84,0x00,0x00,0x01,0x90,0x00,
	0x00,0x50,0x00,0x00,0x80,0x00,0x00,0x80,0x00,0x00,0x01,0x80,0x00,0x40,0x04,0x05,0x80,0x20,0x00,0x00,
	0x01,0x80,0x0C,0x00,0x00,0x02,0x83,0x90,0x00,0x00,0x10,0x00,0x00,0x80,0x00,0x00,0x80,0x00,0x00,0x01,
	0x80,0x00,0x00,0x04,0x10,0x3B,0x04,0x80,0x10,0x00,0x01,0x00,0x80,0x00,0x00,0x04,0x00,0x80,0x00,0x02,
	0x00,0x00,0x84,0x10,0x00,0x00,0x82,0x00,0x00,0x08,0x00,0x00,0x02,0x00,0x00,0x02,0x01,0x01,0x00,0x82,
	0xC0,0x00,0x00,0x50,0x00,0x00,0xC0,0x00,0x00,0x04,0x80,0x00,0x00,0x01,0x00,0x80,0x00,0x00,0x04,0x00,
	0x80,0x00,0x02,0x00,0x00,0x82,0x10,0x00,0x00,0x80,0x00,0x00,0x08,0x00,0x00,0x00,0x80,0x00,0x01,0x00,
	0x00,0x82,0xC0,0x00,0x00,0x50,0x00,0x00,0x40,0x00,0x00,0x06,0x80,0x00,0x00,0x04,0x0B,0x00,0x80,0x00,
	0x28,0x04,0x00,0x88,0x00,0x20,0x00,0x00,0x10,0x00,0x08,0x00,0x00,0x08,0x00,0x04,0x00,0x10,0x00,0x10,
	0x21,0x00,0x08,0x00,0x01,0x64,0x00,0x04,0x24,0x00,0x00,0x00,0x81,0x00,0x41,0x00,0x00,0x81,0x00,0x00,
	0x80,0x81,0x11,0x00,0x00,0x81,0x00,0x01,0x00,0x80,0x00,0x00,0x00,0x80,0x00,0x00,0x04,0x01,0x82,0x00,
	0x10,0x00,0x08,0x00,0x00,0x08,0x00,0x00,0x00,0x83,0x10,0x21,0x00,0x08,0x00,0x01,0x44,0x00,0x00,0x24,
	0x00,0x00,0x00,0x81,0x00,0x01,0x00,0x00,0x01,0x00,0x00,0x80,0x81,0x01,0x00,0x00,0x80,0x00,0x01,0x00,
	0x01,0x80,0x00,0x00,0x04,0x01,0x80,0x00,0x10,0x00,0x02,0x81,0x00,0x20,0x00,0x00,0x00,0x01,0x09,0x80,
	0x00,0x00,0x04,0x00,0x80,0x00,0x00,0x04,0x00,0x83,0x10,0x00,0x00,0x40,0x10,0x00,0x40,0x00,0x00,0x40,
	0x00,0x04,0x00,0x86,0x40,0x00,0x00,0x40,0x00,0x01,0x42,0x04,0x00,0x40,0x02,0x00,0x22,0x00,0x00,0x08,
	0x00,0x00,0x10,0x00,0x02,0x00,0x83,0x80,0x00,0x00,0x10,0x40,0x00,0x80,0x01,0x00,0x00,0x00,0x04,0x03,
	0x82,0x40,0x10,0x00,0x40,0x00,0x00,0x40,0x00,0x04,0x00,0x80,0x40,0x00,0x00,0x00,0x84,0x40,0x04,0x00,
	0x40,0x02,0x00,0x20,0x00,0x00,0x08,0x00,0x00,0x10,0x00,0x00,0x00,0x83,0x80,0x00,0x00,0x10,0x00,0x00,
	0x80,0x01,0x00,0x00,0x00,0x04,0x03,0x80,0x00,0x10,0x00,0x00,0x80,0x00,0x00,0x04,0x0B,0x80,0x00,0x08,
	0x02,0x00,0x80,0x00,0x10,0x00,0x00,0x81,0x08,0x20,0x00,0x00,0x02,0x00,0x00,0x8C,0x10,0x00,0x00,0x00,
	0xC1,0x00,0x80,0x00,0x00,0xA0,0x00,0x00,0x10,0x00,0x04,0x00,0x01,0x00,0x80,0x10,0x00,0x10,0x00,0x00,
	0x10,0x00,0x00,0x00,0x02,0x02,0x20,0x00,0x06,0x20,0x03,0x00,0x00,0x01,0x00,0x01,0x80,0x00,0x10,0x00,
	0x00,0x80,0x08,0x00,0x00,0x01,0x8B,0x10,0x00,0x00,0x00,0x01,0x00,0x80,0x00,0x00,0x80,0x00,0x00,0x10,
	0x00,0x00,0x00,0x01,0x00,0x80,0x00,0x00,0x10,0x00,0x00,0x10,0x00,0x00,0x00,0x02,0x00,0x20,0x00,0x00,
	0x20,0x02,0x00,0x02,0x80,0x00,0x10,0x00,0x10,0x00,0x80,0x80,0x00,0x04,0x01,0x81,0x40,0x00,0x01,0x40,
	0x00,0x02,0x00,0x80,0x00,0x80,0x00,0x01,0x86,0x9A,0x00,0x00,0x88,0x04,0x04,0x28,0x06,0x00,0x68,0x02,
	0x01,0x18,0x02,0x00,0x08,0x12,0x01,0x60,0x00,0x00,0x00,0x81,0x80,0x40,0x00,0x00,0x02,0x00,0x00,0x80,
	0x00,0x00,0x04,0x01,0x81,0x40,0x00,0x01,0x00,0x00,0x02,0x00,0x80,0x00,0x80,0x00,0x01,0x86,0x18,0x00,
	0x00,0x88,0x04,0x00,0x28,0x06,0x00,0x68,0x02,0x00,0x18,0x02,0x00,0x08,0x02,0x00,0x60,0x00,0x00,0x00,
	0x81,0x80,0x00,0x00,0x00,0x02,0x00,0x00,0x80,0x00,0x00,0x04,0x11,0x3B,0x01,0x80,0x00,0x00,0x04,0x00,
	0x83,0x00,0x00,0x01,0x00,0x20,0x02,0x40,0x20,0x00,0x00,0x20,0x03,0x00,0x84,0x00,0x41,0x00,0x90,0x41,
	0x00,0x80,0x00,0x00,0xA0,0x00,0x00,0x00,0x41,0x00,0x00,0x84,0x00,0x80,0x03,0x20,0x20,0x02,0x08,0x02,
	0x00,0x00,0x02,0x00,0x00,0x03,0x00,0x01,0x80,0x00,0x00,0x04,0x00,0x81,0x00,0x00,0x01,0x00,0x00,0x02,
	0x00,0x80,0x00,0x00,0x01,0x00,0x81,0x00,0x01,0x00,0x90,0x01,0x00,0x00,0x81,0xA0,0x00,0x00,0x00,0x01,
	0x00,0x01,0x81,0x20,0x00,0x00,0x08,0x00,0x00,0x0B,0x80,0x80,0x00,0x00,0x08,0x01,0x8B,0x00,0x10,0x00,
	0x00,0x01,0x00,0x50,0x00,0x01,0x00,0x00,0x05,0x90,0x00,0x00,0x80,0x0C,0x00,0x20,0x00,0x00,0xC0,0x01,
	0x00,0x00,0x01,0x00,0x00,0x05,0x00,0x00,0x06,0x00,0x00,0x12,0x01,0x00,0x84,0x20,0x00,0x01,0x80,0x00,
	0x00,0xC0,0x41,0x00,0x00,0x03,0x00,0x00,0x07,0x00,0x01,0x80,0x00,0x10,0x00,0x00,0x85,0x50,0x00,0x01,
	0x00,0x00,0x05,0x90,0x00,0x00,0x80,0x00,0x00,0x20,0x00,0x00,0xC0,0x00,0x00,0x00,0x82,0x00,0x05,0x00,
	0x00,0x06,0x00,0x00,0x02,0x00,0x00,0x84,0x20,0x00,0x00,0x80,0x00,0x00,0xC0,0x01,0x00,0x00,0x02,0x00,
	0x00,0x07,0x00,0x01,0x80,0x00,0x10,0x00,0x0E,0x81,0x00,0x02,0x00,0x00,0x02,0x00,0x87,0x01,0x00,0x00,
	0x01,0x00,0x00,0x00,0x08,0x00,0x00,0x18,0x00,0x21,0x00,0x01,0x80,0x00,0x00,0x20,0x00,0x00,0x20,0x00,
	0x00,0x00,0x8C,0x00,0x03,0x00,0xC2,0x03,0x00,0x10,0x8D,0x00,0x20,0x01,0x02,0x10,0x22,0x00,0x80,0x04,
	0x00,0x20,0x04,0x00,0x60,0x05,0x00,0x04,0x46,0x00,0x40,0x07,0x00,0x40,0x06,0x00,0x01,0x00,0x00,0x01,
	0x00,0x00,0x00,0x84,0x00,0x18,0x00,0x21,0x00,0x01,0x80,0x00,0x00,0x20,0x00,0x00,0x20,0x00,0x00,0x00,
	0x8A,0x00,0x02,0x00,0x80,0x03,0x00,0x10,0x04,0x00,0x20,0x01,0x00,0x10,0x00,0x00,0x80,0x04,0x00,0x20,
	0x04,0x00,0x60,0x05,0x00,0x04,0x00,0x00,0x40,0x03,0x00,0x40,0x02,0x00,0x02,0x80,0x00,0x18,0x00,0x05,
	0x80,0x80,0x01,0x00,0x06,0x81,0x00,0x02,0x00,0x00,0x02,0x00,0x99,0x00,0x24,0x04,0x00,0x00,0x04,0x01,
	0x08,0x00,0x01,0x00,0x00,0x00,0x04,0x01,0x31,0x00,0x02,0x80,0x00,0x00,0x20,0x00,0x00,0x00,0x00,0x01,
	0x00,0x03,0x00,0x00,0x03,0x00,0x02,0x83,0x00,0x12,0x46,0x00,0x00,0x98,0x00,0x08,0x00,0x00,0x00,0x80,
	0x00,0x00,0x02,0x04,0x00,0x23,0x00,0x60,0x04,0x00,0x00,0x04,0x00,0x00,0x20,0x00,0x00,0x00,0x04,0x01,
	0x00,0x00,0x01,0x00,0x00,0x00,0x00,0x01,0x11,0x00,0x02,0x00,0x80,0x20,0x00,0x00,0x00,0x85,0x00,0x01,
	0x00,0x00,0x01,0x00,0x00,0x03,0x00,0x10,0x02,0x00,0x00,0x04,0x00,0x08,0x00,0x00,0x00,0x85,0x00,0x02,
	0x00,0x00,0x03,0x00,0x20,0x04,0x00,0x00,0x04,0x00,0x00,0x20,0x00,0x00,0x00,0x04,0x07,0x81,0x00,0x01,
	0x00,0x00,0x01,0x00,0x00,0x80,0x00,0x04,0x00,0x03,0x81,0x00,0x04,0x00,0x00,0x04,0x00,0x00,0x81,0x00,
	0x10,0x00,0x00,0x40,0x00,0x02,0x8D,0x61,0x01,0x00,0x21,0x01,0x00,0x41,0xA1,0x00,0x41,0x02,0x00,0x81,
	0x02,0x00,0x01,0x01,0x01,0x01,0x72,0x00,0x03,0x00,0x00,0x12,0x06,0x00,0x0B,0x08,0x00,0xC3,0x2C,0x00,
	0x80,0x46,0x00,0x80,0x2A,0x00,0x00,0x0A,0x00,0x00,0x81,0x00,0x10,0x00,0x00,0x40,0x00,0x02,0x8D,0x21,
	0x01,0x00,0x21,0x01,0x00,0x41,0x81,0x00,0x41,0x00,0x00,0x01,0x02,0x00,0x01,0x03,0x00,0x01,0x00,0x00,
	0x01,0x00,0x00,0x10,0x06,0x00,0x09,0x08,0x00,0xC1,0x0C,0x00,0x80,0x02,0x00,0x80,0x00,0x00,0x00,0x08,
	0x00,0x00,0x80,0x00,0x10,0x00,0x05,0x80,0x00,0x80,0x00,0x00,0x81,0x00,0x02,0x00,0x00,0x03,0x00,0x07,
	0x3B,0x00,0x80,0x00,0x00,0x04,0x01,0x83,0x00,0x04,0x02,0x60,0x10,0x00,0x20,0x01,0x02,0x00,0x00,0x01,
	0x00,0x8A,0x00,0x04,0x00,0x80,0x04,0x00,0x80,0x09,0x00,0xE0,0x5A,0x00,0xE8,0x94,0x00,0x01,0x18,0x00,
	0x20,0x00,0x00,0x00,0x02,0x00,0x82,0x40,0x04,0xC0,0x08,0x00,0x80,0x16,0x00,0x03,0x83,0x00,0x00,0x02,
	0x20,0x10,0x00,0x20,0x00,0x00,0x00,0x00,0x01,0x01,0x89,0x80,0x00,0x00,0x00,0x05,0x00,0x60,0x02,0x00,
	0x68,0x14,0x00,0x01,0x00,0x00,0x20,0x00,0x00,0x00,0x02,0x00,0x80,0x00,0x00,0x00,0x0C,0x00,0x80,0x1E,
	0x00,0x04,0x80,0x00,0x10,0x00,0x04,0x82,0x00,0x05,0x00,0x00,0x02,0x00,0x00,0x14,0x00,0x03,0x81,0x00,
	0x0C,0x00,0x00,0x0C,0x00,0x80,0x00,0x20,0x00,0x00,0x80,0x00,0x09,0x00,0x00,0x8F,0x00,0x04,0x04,0x00,
	0x01,0x00,0x80,0x0A,0x04,0x00,0x02,0x00,0x80,0x42,0x00,0x80,0x06,0x00,0x80,0x0F,0x00,0x00,0x04,0x00,
	0xC0,0x07,0x00,0x88,0x03,0x00,0xE8,0x1D,0x00,0x00,0x10,0x00,0x80,0x1D,0x00,0x00,0x2B,0x00,0x02,0x1C,
	0x00,0xC2,0x15,0x00,0x01,0x80,0x00,0x08,0x00,0x00,0x86,0x00,0x00,0x04,0x00,0x01,0x00,0x00,0x00,0x04,
	0x00,0x02,0x00,0x80,0x42,0x00,0x80,0x02,0x00,0x80,0x06,0x00,0x00,0x87,0x40,0x06,0x00,0x08,0x00,0x00,
	0x68,0x19,0x00,0x00,0x10,0x00,0x80,0x1D,0x00,0x00,0x09,0x00,0x00,0x0C,0x00,0x40,0x01,0x00,0x01,0x80,
	0x00,0x08,0x00,0x02,0x80,0x00,0x00,0x04,0x00,0x80,0x00,0x40,0x00,0x00,0x80,0x00,0x06,0x00,0x00,0x80,
	0x00,0x06,0x00,0x00,0x80,0x00,0x18,0x00,0x02,0x80,0x00,0x08,0x00,0x00,0x9C,0x02,0x10,0x00,0x02,0x00,
	0x00,0x02,0x00,0x00,0x02,0x00,0x00,0x02,0x28,0x00,0x42,0x22,0x04,0x40,0x22,0x00,0x42,0x02,0x00,0x00,
	0x00,0x04,0x00,0x08,0x00,0x00,0x14,0x00,0x00,0x09,0x00,0x00,0x74,0x00,0x40,0x00,0x00,0xB0,0x0E,0x00,
	0x40,0x18,0x00,0x80,0x20,0x00,0x00,0x1E,0x00,0x81,0x3E,0x00,0x81,0x2D,0x00,0x02,0x10,0x00,0x02,0x00,
	0x00,0x02,0x00,0x00,0x02,0x00,0x00,0x02,0x00,0x00,0x42,0x00,0x00,0x40,0x02,0x00,0x42,0x00,0x00,0x00,
	0x00,0x04,0x00,0x81,0x00,0x04,0x00,0x00,0x09,0x00,0x00,0x87,0x40,0x00,0x00,0x10,0x04,0x00,0x40,0x18,
	0x00,0x80,0x00,0x00,0x00,0x18,0x00,0x00,0x17,0x00,0x00,0x2C,0x00,0x00,0x10,0x00,0x06,0x80,0x00,0x00,
	0x04,0x00,0x81,0x00,0x04,0x00,0x00,0x09,0x00,0x01,0x80,0x00,0x04,0x00,0x02,0x81,0x00,0x10,0x00,0x00,
	0x08,0x00,0x93,0x41,0x00,0x04,0x41,0x10,0x04,0x01,0x80,0x07,0x01,0x1C,0x00,0x01,0x10,0x00,0x01,0x02,
	0x00,0x03,0x07,0x00,0x01,0x24,0x00,0x03,0x00,0x00,0x03,0x0C,0x00,0x03,0x40,0x00,0x03,0x15,0x04,0x03,
	0x48,0x00,0x03,0x08,0x00,0x13,0x25,0x00,0x43,0x1E,0x01,0x03,0x28,0x04,0x03,0x3B,0x00,0x20,0x0E,0x00,
	0x80,0x19,0x00,0x01,0x91,0x00,0x80,0x07,0x00,0x10,0x00,0x00,0x10,0x00,0x00,0x02,0x00,0x02,0x00,0x00,
	0x00,0x04,0x00,0x02,0x00,0x00,0x02,0x04,0x00,0x02,0x00,0x00,0x02,0x00,0x00,0x02,0x08,0x00,0x02,0x08,
	0x00,0x32,0x04,0x00,0x42,0x06,0x00,0x02,0x28,0x00,0x02,0x33,0x00,0x20,0x3E,0x00,0x80,0x03,0x00,0x02,
	0x81,0x00,0x10,0x00,0x00,0x10,0x00,0x06,0x82,0x00,0x08,0x00,0x00,0x08,0x00,0x00,0x04,0x00,0x02,0x81,
	0x00,0x10,0x00,0x00,0x01,0x00,0x93,0x01,0x10,0x00,0x01,0x00,0x00,0x01,0x14,0x00,0x01,0x20,0x00,0x01,
	0x00,0x04,0x81,0x00,0x06,0x01,0x0C,0x00,0x81,0x10,0x00,0x01,0x25,0x02,0x01,0x01,0x04,0x01,0x22,0x00,
	0x01,0x10,0x01,0x01,0x0D,0x00,0x01,0x03,0x00,0x21,0x39,0x00,0xC1,0x1D,0x00,0x01,0x10,0x00,0x00,0x40,
	0x00,0x10,0x51,0x02,0x00,0x5D,0x00,0x01,0x80,0x00,0x10,0x00,0x00,0x85,0x00,0x00,0x04,0x80,0x00,0x00,
	0x00,0x04,0x00,0x80,0x00,0x00,0x00,0x05,0x00,0x00,0x01,0x00,0x00,0x80,0x00,0x10,0x00,0x01,0x85,0x20,
	0x20,0x00,0xC0,0x19,0x00,0x00,0x10,0x00,0x00,0x04,0x00,0x10,0x50,0x00,0x00,0x5D,0x00,0x01,0x80,0x00,
	0x10,0x00,0x07,0x80,0x00,0x10,0x00,0x01,0x81,0x00,0x20,0x00,0x00,0x18,0x00,0x02,0x80,0x00,0x01,0x00,
	0x3B,0x80,0x00,0x00,0x04,0x00,0x80,0x40,0x00,0x00,0x00,0x83,0x00,0x06,0x00,0x00,0x0D,0x00,0x80,0x0F,
	0x05,0x00,0x06,0x04,0x00,0x8B,0x00,0x00,0x02,0x00,0x40,0x04,0x00,0x62,0x00,0x00,0x70,0x04,0x00,0x68,
	0x00,0x00,0x89,0x00,0x00,0x12,0x00,0x80,0x40,0x05,0x01,0x58,0x00,0x01,0x06,0x00,0x01,0x01,0x00,0x00,
	0x00,0x04,0x02,0x83,0x00,0x04,0x00,0x00,0x09,0x00,0x80,0x01,0x04,0x00,0x00,0x04,0x00,0x80,0x00,0x00,
	0x02,0x00,0x81,0x00,0x02,0x00,0x00,0x10,0x00,0x00,0x84,0x00,0x19,0x00,0x00,0x20,0x00,0x80,0x00,0x00,
	0x00,0x40,0x00,0x00,0x04,0x00,0x00,0x80,0x00,0x00,0x04,0x02,0x83,0x00,0x04,0x00,0x00,0x08,0x00,0x00,
	0x00,0x04,0x00,0x00,0x04,0x00,0x80,0x00,0x00,0x02,0x00,0x81,0x00,0x02,0x00,0x00,0x10,0x00,0x00,0x81,
	0x00,0x18,0x00,0x00,0x20,0x00,0x03,0xA7,0x61,0x00,0x00,0xC1,0x08,0x06,0x81,0x10,0x00,0x01,0x0C,0x00,
	0x01,0x18,0x04,0x81,0x14,0x00,0x01,0x1A,0x02,0x01,0x0C,0x02,0x01,0x02,0x00,0x01,0x58,0x00,0x01,0x21,
	0x00,0x00,0x20,0x00,0x00,0x07,0x02,0x01,0x27,0x00,0x01,0x42,0x00,0x01,0xEA,0x00,0x01,0x23,0x00,0x00,
	0x08,0x00,0x0E,0x00,0x00,0x00,0x2A,0x00,0x01,0x00,0x00,0x41,0x08,0x06,0x01,0x10,0x00,0x01,0x04,0x00,
	0x01,0x10,0x04,0x01,0x14,0x00,0x01,0x1A,0x02,0x01,0x08,0x00,0x01,0x02,0x00,0x01,0x08,0x00,0x01,0x20,
	0x00,0x00,0x20,0x00,0x00,0x05,0x00,0x01,0x01,0x00,0x01,0x00,0x00,0x01,0x08,0x00,0x01,0x23,0x00,0x00,
	0x08,0x00,0x0E,0x00,0x00,0x00,0x2A,0x00,0x00,0x85,0x40,0x08,0x04,0x00,0x10,0x00,0x00,0x04,0x00,0x00,
	0x10,0x00,0x00,0x10,0x00,0x00,0x10,0x02,0x02,0x82,0x00,0x20,0x00,0x00,0x20,0x00,0x00,0x04,0x00,0x01,
	0x80,0x00,0x08,0x00,0x02,0x80,0x00,0x02,0x00,0x89,0x00,0x08,0x04,0x60,0x84,0x00,0x00,0x08,0x00,0x00,
	0x18,0x00,0x00,0x0A,0x04,0x00,0x00,0x01,0x00,0x14,0x00,0x00,0x10,0x00,0x00,0x48,0x02,0x00,0x82,0x04,
	0x00,0x8E,0x01,0x46,0x02,0x01,0x1C,0x00,0x00,0x4C,0x00,0x00,0xDA,0x00,0x00,0xE0,0x00,0x00,0x70,0x00,
	0x01,0x22,0x06,0x01,0x60,0x01,0x00,0x20,0x00,0x00,0x08,0x00,0x40,0x80,0x00,0x00,0x08,0x00,0x00,0x18,
	0x00,0x00,0x08,0x04,0x00,0x08,0x00,0x00,0x82,0x00,0x10,0x00,0x00,0x08,0x02,0x00,0x22,0x00,0x00,0x81,
	0x01,0x00,0x00,0x01,0x04,0x00,0x00,0x8A,0x00,0x5A,0x00,0x00,0x50,0x00,0x00,0x70,0x00,0x01,0x22,0x00,
	0x01,0x60,0x00,0x00,0x40,0x00,0x00,0x08,0x00,0x40,0x00,0x00,0x00,0x08,0x00,0x00,0x18,0x00,0x00,0x08,
	0x00,0x01,0x82,0x00,0x10,0x00,0x00,0x00,0x02,0x00,0x20,0x00,0x01,0x80,0x00,0x04,0x00,0x00,0x81,0x00,
	0x58,0x00,0x00,0x50,0x00,0x03,0x93,0x00,0x02,0x02,0x00,0x80,0x04,0x40,0x12,0x04,0x00,0x06,0x00,0x00,
	0x18,0x00,0x00,0x10,0x04,0x00,0x0A,0x04,0x00,0x21,0x02,0x00,0x80,0x00,0x00,0xD0,0x02,0x00,0x40,0x02,
	0x00,0x84,0x00,0x00,0x07,0x00,0x00,0x8A,0x01,0x00,0x41,0x01,0x00,0xB2,0x00,0x00,0xA4,0x04,0x00,0xB0,
	0x00,0x00,0xC0,0x00,0x00,0x70,0x00,0x00,0x80,0x00,0x80,0x00,0x01,0x86,0x00,0x04,0x00,0x00,0x00,0x04,
	0x00,0x02,0x00,0x00,0x01,0x02,0x00,0x80,0x00,0x00,0x40,0x00,0x00,0x40,0x00,0x00,0x84,0x00,0x47,0x00,
	0x00,0x0A,0x00,0x00,0x01,0x00,0x00,0x62,0x00,0x00,0x24,0x00,0x01,0x80,0x00,0x70,0x00,0x03,0x80,0x00,
	0x04,0x00,0x01,0x83,0x00,0x00,0x02,0x00,0x80,0x00,0x00,0x40,0x00,0x00,0x40,0x00,0x00,0x81,0x00,0x44,
	0x00,0x00,0x08,0x00,0x00,0x80,0x00,0x60,0x00,0x02,0x80,0x00,0x60,0x00,0x94,0x10,0x08,0x02,0x00,0x08,
	0x02,0x00,0x00,0x04,0x00,0x16,0x00,0x00,0x0E,0x04,0x00,0x16,0x03,0x00,0x9C,0x03,0x00,0x02,0x01,0x00,
	0x60,0x05,0x00,0x84,0x00,0x80,0x00,0x05,0x00,0x22,0x01,0x00,0x60,0x03,0x00,0xAC,0x01,0x00,0xEC,0x01,
	0x00,0xD8,0x00,0x00,0x10,0x00,0x00,0x70,0x04,0x00,0x98,0x00,0x00,0x18,0x00,0x00,0x00,0x02,0x00,0x87,
	0x00,0x00,0x04,0x00,0x02,0x00,0x00,0x0E,0x04,0x00,0x06,0x01,0x00,0x00,0x03,0x00,0x02,0x00,0x00,0x20,
	0x05,0x00,0x84,0x00,0x00,0x89,0x00,0x02,0x00,0x00,0xE0,0x00,0x00,0xA8,0x01,0x00,0xA8,0x01,0x00,0xF0,
	0x00,0x00,0x10,0x00,0x00,0x40,0x00,0x00,0x18,0x00,0x00,0x08,0x00,0x00,0x00,0x02,0x00,0x81,0x00,0x00,
	0x04,0x00,0x02,0x00,0x00,0x81,0x00,0x00,0x01,0x00,0x00,0x03,0x00,0x81,0x00,0x20,0x05,0x00,0x80,0x00,
	0x01,0x82,0x00,0xE0,0x00,0x00,0xA8,0x01,0x00,0xA8,0x01,0x04,0x3B,0x00,0x81,0x40,0x46,0x02,0x00,0x0A,
	0x00,0x00,0x8F,0x00,0x01,0x00,0x40,0x81,0x01,0x00,0x15,0x00,0x00,0x10,0x05,0x00,0x10,0x00,0x00,0x0C,
	0x03,0x00,0x88,0x01,0x00,0x84,0x00,0x00,0xD1,0x03,0x00,0x41,0x00,0x00,0x80,0x00,0x00,0x0A,0x01,0x00,
	0xF4,0x00,0x00,0x00,0x05,0x00,0x40,0x04,0x80,0x10,0x00,0x00,0x8F,0x00,0x44,0x02,0x00,0x0A,0x00,0x00,
	0x04,0x00,0x00,0x10,0x00,0x00,0x10,0x01,0x00,0x10,0x00,0x00,0x10,0x05,0x00,0x50,0x00,0x00,0x08,0x00,
	0x00,0x88,0x00,0x00,0x84,0x01,0x00,0x81,0x01,0x00,0x01,0x02,0x00,0xC0,0x01,0x00,0x0A,0x01,0x00,0xC4,
	0x00,0x00,0x81,0x00,0x40,0x00,0x80,0x00,0x00,0x00,0x87,0x00,0x04,0x02,0x00,0x0A,0x00,0x00,0x04,0x00,
	0x00,0x10,0x00,0x00,0x10,0x01,0x00,0x10,0x00,0x00,0x10,0x05,0x00,0x40,0x00,0x00,0x84,0x00,0x88,0x00,
	0x00,0x84,0x01,0x00,0x80,0x01,0x00,0x00,0x02,0x00,0xC0,0x01,0x02,0x80,0x00,0x40,0x00,0x00,0x8F,0x20,
	0x05,0x07,0x10,0xC0,0x01,0x00,0x07,0x06,0x00,0x17,0x00,0x00,0x16,0x00,0x00,0xCC,0x04,0x80,0x03,0x00,
	0x00,0x90,0x04,0x00,0x24,0x00,0x00,0x88,0x01,0x00,0x52,0x03,0x80,0x00,0x01,0x00,0xA1,0x04,0x00,0x00,
	0x04,0x00,0x20,0x03,0x00,0x04,0x01,0x00,0x89,0x00,0x58,0x00,0x00,0x20,0x00,0x40,0x00,0x00,0x00,0x04,
	0x00,0x00,0xC0,0x01,0x00,0x02,0x00,0x00,0x0E,0x00,0x00,0x06,0x00,0x00,0x84,0x04,0x00,0x02,0x00,0x00,
	0x80,0x00,0x24,0x00,0x00,0x85,0x00,0x52,0x01,0x00,0x00,0x02,0x00,0x21,0x00,0x00,0x80,0x00,0x00,0xA0,
	0x03,0x00,0x00,0x01,0x00,0x80,0x00,0x08,0x00,0x00,0x81,0x40,0x00,0x00,0x00,0x04,0x00,0x00,0x81,0x00,
	0x02,0x00,0x00,0x02,0x00,0x00,0x80,0x00,0x80,0x00,0x01,0x80,0x00,0x20,0x00,0x00,0x84,0x00,0x50,0x01,
	0x00,0x00,0x02,0x00,0x20,0x00,0x00,0x80,0x00,0x00,0x20,0x00,0x04,0xA8,0x08,0x04,0x05,0x20,0x84,0x03,
	0x00,0x04,0x06,0x00,0x11,0x00,0x80,0x57,0x00,0x20,0x3A,0x05,0x00,0xD4,0x06,0x00,0x94,0x06,0x00,0x84,
	0x02,0x00,0x30,0x05,0x00,0x01,0x02,0x00,0xA4,0x05,0x00,0x80,0x03,0x00,0x08,0x07,0x00,0x7A,0x04,0x00,
	0x04,0x00,0x00,0x98,0x06,0x00,0x04,0x00,0x00,0x2A,0x00,0x3C,0x22,0x00,0x00,0x00,0x01,0x00,0x80,0x00,
	0x00,0x00,0x02,0x00,0x01,0x00,0x00,0x19,0x00,0x00,0x10,0x00,0x00,0x84,0x00,0x00,0xB4,0x06,0x00,0x00,
	0x02,0x00,0x20,0x01,0x00,0x00,0x02,0x00,0x84,0x00,0x00,0x80,0x03,0x00,0x08,0x03,0x00,0x72,0x04,0x00,
	0x04,0x00,0x00,0x98,0x00,0x00,0x04,0x00,0x00,0x08,0x00,0x3C,0x22,0x00,0x00,0x00,0x01,0x00,0x82,0x00,
	0x00,0x02,0x00,0x11,0x00,0x00,0x01,0x00,0x00,0x88,0x00,0x80,0x00,0x00,0xA0,0x02,0x00,0x00,0x02,0x00,
	0x20,0x01,0x00,0x00,0x02,0x00,0x84,0x00,0x00,0x00,0x03,0x00,0x08,0x03,0x00,0x30,0x00,0x00,0x80,0x00,
	0x10,0x00,0x01,0x80,0x00,0x22,0x00,0x8F,0x00,0x02,0x01,0x08,0x82,0x01,0x00,0x11,0x02,0x80,0x01,0x00,
	0x20,0x28,0x04,0x00,0xC6,0x04,0x80,0x04,0x07,0x00,0x44,0x06,0x00,0x28,0x01,0x00,0x88,0x01,0x40,0x86,
	0x03,0x40,0x01,0x01,0x00,0x00,0x06,0x00,0x08,0x05,0x00,0xB0,0x00,0x00,0xC0,0x00,0x01,0x84,0x00,0x10,
	0x04,0x03,0x10,0x04,0x00,0x02,0x00,0x00,0x82,0x01,0x00,0x09,0x00,0x00,0x8B,0x00,0x04,0x00,0x00,0xC4,
	0x04,0x00,0x00,0x07,0x00,0x00,0x04,0x00,0x08,0x01,0x00,0x08,0x00,0x00,0x86,0x00,0x00,0x01,0x01,0x00,
	0x00,0x04,0x00,0x08,0x04,0x00,0x80,0x00,0x00,0xC0,0x00,0x01,0x84,0x00,0x10,0x00,0x03,0x10,0x00,0x00,
	0x02,0x00,0x00,0x02,0x01,0x00,0x09,0x00,0x01,0x81,0x00,0xC0,0x04,0x00,0x00,0x05,0x00,0x85,0x00,0x00,
	0x01,0x00,0x08,0x00,0x00,0x84,0x00,0x00,0x00,0x01,0x00,0x00,0x04,0x00,0x08,0x00,0x05,0x87,0x94,0x82,
	0x00,0x10,0x83,0x01,0x80,0x05,0x03,0x80,0x08,0x04,0xF0,0x69,0x00,0x00,0xA2,0x06,0x00,0x66,0x07,0x00,
	0x62,0x01,0x00,0x87,0x00,0x04,0x05,0x00,0x85,0x04,0x00,0x00,0x02,0x00,0xC0,0x03,0x00,0x22,0x04,0x00,
	0x34,0x01,0x00,0x20,0x00,0x00,0x0C,0x07,0x04,0x85,0x00,0x15,0x00,0x80,0x28,0x00,0x80,0x28,0x00,0x00,
	0x20,0x00,0x00,0x44,0x02,0x00,0x60,0x05,0x00,0x87,0x00,0x04,0x00,0x00,0x81,0x04,0x00,0x00,0x02,0x00,
	0xC0,0x00,0x00,0x22,0x04,0x00,0x34,0x01,0x00,0x20,0x00,0x00,0x04,0x00,0x04,0x85,0x00,0x15,0x00,0x80,
	0x20,0x00,0x80,0x20,0x00,0x00,0x20,0x00,0x00,0x44,0x00,0x00,0x40,0x05,0x00,0x82,0x00,0x04,0x00,0x00,
	0x80,0x04,0x00,0x00,0x02,0x00,0x80,0x00,0x20,0x00,0x05,0x3B,0x9D,0x00,0x81,0x00,0x84,0x81,0x00,0xC0,
	0x22,0x04,0xC0,0x07,0x06,0x00,0x22,0x06,0x50,0x4C,0x02,0x00,0x90,0x00,0x00,0x22,0x07,0x00,0x00,0x04,
	0x00,0x01,0x00,0x00,0x08,0x00,0x40,0x02,0x02,0x00,0x11,0x00,0x00,0x18,0x04,0x00,0x08,0x06,0x00,0x00,
	0x04,0x00,0x00,0x02,0x00,0x02,0x00,0x00,0x44,0x06,0x00,0x40,0x02,0x00,0x81,0x00,0x00,0x81,0x00,0x80,
	0x02,0x01,0x00,0x06,0x04,0x00,0x03,0x00,0x00,0x4A,0x02,0x00,0x92,0x02,0x00,0x22,0x00,0x00,0x00,0x04,
	0x00,0x01,0x00,0x00,0x84,0x40,0x02,0x02,0x00,0x11,0x00,0x00,0x18,0x00,0x00,0x08,0x06,0x00,0x00,0x04,
	0x00,0x8B,0x00,0x02,0x00,0x00,0x44,0x00,0x00,0x40,0x00,0x00,0x81,0x00,0x00,0x81,0x00,0x80,0x02,0x01,
	0x00,0x02,0x04,0x00,0x03,0x00,0x00,0x42,0x02,0x00,0x82,0x02,0x00,0x02,0x00,0x00,0x00,0x04,0x01,0x82,
	0x40,0x00,0x02,0x00,0x10,0x00,0x00,0x18,0x00,0x03,0x81,0x00,0x40,0x00,0x00,0x40,0x00,0x8C,0x08,0xC1,
	0x00,0x08,0xC1,0x00,0x00,0x8A,0x07,0x40,0x23,0x05,0xF8,0x12,0x00,0x40,0x70,0x07,0x00,0xA9,0x02,0x00,
	0x89,0x02,0x00,0x68,0x06,0x00,0x00,0x04,0xA0,0x20,0x02,0xE0,0x00,0x05,0x00,0x40,0x00,0x00,0x83,0x00,
	0x58,0x04,0x00,0x42,0x00,0x00,0x12,0x05,0x00,0x00,0x04,0x00,0x80,0x00,0x00,0x06,0x02,0x85,0x40,0x01,
	0x00,0x40,0x10,0x00,0x00,0x10,0x00,0x00,0x28,0x00,0x00,0x88,0x02,0x00,0x20,0x02,0x00,0x82,0x00,0x20,
	0x00,0x40,0x00,0x05,0x00,0x40,0x00,0x00,0x82,0x00,0x58,0x00,0x00,0x42,0x00,0x00,0x12,0x00,0x05,0x81,
	0x40,0x01,0x00,0x40,0x00,0x00,0x00,0x82,0x00,0x20,0x00,0x00,0x80,0x02,0x00,0x00,0x02,0x00,0x81,0x00,
	0x20,0x00,0x40,0x00,0x05,0x03,0x80,0x00,0x10,0x00,0x02,0x92,0xC2,0x40,0x00,0xC0,0x48,0x00,0xC0,0xB5,
	0x02,0xE0,0x09,0x00,0x80,0x09,0x07,0x28,0x1D,0x07,0x00,0x54,0x00,0x00,0xA6,0x03,0x00,0x80,0x02,0x00,
	0x02,0x01,0x80,0x02,0x05,0x80,0x80,0x07,0x00,0x48,0x00,0x00,0x71,0x00,0x00,0x28,0x02,0x00,0x24,0x04,
	0x00,0x80,0x01,0x00,0x0C,0x00,0x00,0x04,0x07,0x00,0x87,0x80,0x40,0x00,0x80,0x48,0x00,0xC0,0x81,0x00,
	0x00,0x09,0x02,0x00,0x09,0x00,0x00,0x19,0x05,0x00,0x55,0x01,0x00,0x02,0x00,0x00,0x86,0x00,0x00,0x01,
	0x80,0x00,0x04,0x80,0x80,0x00,0x00,0x08,0x00,0x00,0x11,0x02,0x00,0x20,0x00,0x00,0x20,0x04,0x00,0x81,
	0x00,0x04,0x00,0x00,0x04,0x00,0x00,0x87,0x80,0x40,0x00,0x80,0x40,0x00,0xC0,0x81,0x00,0x00,0x01,0x02,
	0x00,0x01,0x00,0x00,0x01,0x05,0x00,0x45,0x01,0x00,0x02,0x00,0x00,0x84,0x00,0x00,0x01,0x00,0x00,0x04,
	0x00,0x80,0x00,0x00,0x08,0x00,0x00,0x10,0x02,0x05,0x93,0x85,0x60,0x00,0xA6,0x6C,0x00,0x20,0x19,0x01,
	0xA0,0x81,0x01,0xFC,0x39,0x07,0x30,0x85,0x07,0x80,0xC4,0x01,0x00,0x50,0x00,0x00,0x08,0x01,0x00,0x01,
	0x02,0x50,0x42,0x06,0x50,0x02,0x01,0x80,0x0A,0x05,0x80,0x0A,0x04,0x00,0x14,0x07,0x00,0x46,0x02,0x00,
	0xAC,0x06,0x00,0x30,0x02,0x00,0x60,0x01,0x00,0x60,0x00,0x00,0x84,0x00,0x0C,0x00,0x00,0x58,0x00,0xA0,
	0x00,0x01,0xA0,0x00,0x04,0x00,0x04,0x06,0x00,0x89,0x00,0x50,0x01,0x00,0x00,0x01,0x00,0x01,0x00,0x00,
	0x42,0x02,0x00,0x00,0x04,0x80,0x8A,0x00,0x80,0x08,0x05,0x00,0x04,0x02,0x00,0x40,0x00,0x00,0x04,0x04,
	0x01,0x80,0x00,0x20,0x00,0x01,0x83,0x00,0x58,0x00,0xA0,0x00,0x01,0xA0,0x00,0x04,0x00,0x00,0x06,0x00,
	0x81,0x00,0x40,0x01,0x00,0x00,0x01,0x00,0x84,0x00,0x42,0x02,0x00,0x00,0x04,0x00,0x88,0x00,0x00,0x08,
	0x05,0x00,0x00,0x02,0x03,0x80,0x00,0x20,0x00,0x9A,0x60,0x20,0x01,0x42,0x64,0x00,0x60,0x58,0x05,0xF0,
	0x60,0x01,0xC0,0x32,0x07,0x8C,0x82,0x05,0x80,0xA0,0x00,0x80,0xC0,0x00,0x00,0x22,0x01,0x00,0xB0,0x01,
	0x00,0x29,0x06,0x60,0x00,0x02,0x40,0x10,0x05,0x00,0xDA,0x02,0x80,0x06,0x06,0x00,0x02,0x04,0x00,0x81,
	0x05,0x00,0x41,0x01,0x00,0x56,0x06,0x00,0x17,0x00,0x40,0x20,0x01,0x40,0x24,0x00,0x60,0x00,0x00,0x80,
	0x00,0x00,0x80,0x20,0x02,0x80,0x80,0x00,0x80,0xA0,0x00,0x00,0x86,0x00,0x20,0x00,0x00,0x80,0x00,0x00,
	0x21,0x00,0x40,0x00,0x00,0x40,0x10,0x01,0x00,0x18,0x00,0x80,0x00,0x03,0x00,0x8A,0x00,0x01,0x04,0x00,
	0x01,0x00,0x00,0x16,0x00,0x00,0x14,0x00,0x40,0x20,0x00,0x40,0x20,0x00,0x60,0x00,0x00,0x80,0x00,0x00,
	0x80,0x20,0x02,0x80,0x80,0x00,0x80,0xA0,0x00,0x01,0x81,0x00,0x80,0x00,0x00,0x20,0x00,0x00,0x82,0x00,
	0x10,0x01,0x00,0x18,0x00,0x00,0x00,0x03,0x04,0x3B,0x8B,0x42,0x30,0x01,0x51,0x70,0x00,0x10,0xC0,0x07,
	0xD0,0x20,0x00,0xFE,0x0A,0x03,0x96,0xE0,0x02,0xC0,0xE2,0x00,0x80,0x22,0x00,0x00,0xA0,0x00,0x00,0x78,
	0x00,0x29,0x00,0x01,0x18,0x40,0x06,0x00,0x87,0x40,0x01,0x05,0x40,0x81,0x01,0x00,0xAC,0x01,0x80,0x19,
	0x04,0x00,0x24,0x00,0x00,0x08,0x01,0x00,0x58,0x00,0x00,0x00,0x01,0x00,0x83,0x80,0x20,0x04,0x50,0xA0,
	0x00,0x50,0x02,0x01,0x00,0x02,0x03,0x00,0x84,0x80,0xA2,0x00,0x00,0x80,0x00,0x00,0x78,0x00,0x00,0x00,
	0x01,0x00,0x40,0x06,0x00,0x86,0x40,0x01,0x01,0x40,0x81,0x00,0x00,0x2C,0x00,0x00,0x09,0x00,0x00,0x04,
	0x00,0x00,0x08,0x00,0x00,0x08,0x00,0x01,0x83,0x80,0x20,0x00,0x50,0xA0,0x00,0x50,0x02,0x01,0x00,0x02,
	0x03,0x00,0x84,0x80,0xA2,0x00,0x00,0x80,0x00,0x00,0x48,0x00,0x00,0x00,0x01,0x00,0x40,0x06,0x00,0x81,
	0x00,0x00,0x01,0x00,0x80,0x00,0x04,0xB0,0x31,0x10,0x00,0x21,0x22,0x00,0x50,0x32,0x00,0x38,0x7C,0x00,
	0x6B,0x38,0x01,0x42,0x62,0x03,0x60,0x02,0x00,0xC0,0x21,0x00,0x00,0xB9,0x00,0x00,0xA0,0x00,0x01,0xB4,
	0x01,0x48,0x23,0x05,0x00,0x60,0x06,0x00,0x60,0x01,0x00,0xA1,0x01,0xC0,0x45,0x04,0x80,0xD1,0x04,0x80,
	0x96,0x04,0x00,0x45,0x02,0x00,0x46,0x00,0x20,0x10,0x00,0x20,0x12,0x00,0x50,0x02,0x00,0x00,0x78,0x00,
	0x48,0x98,0x00,0x40,0xE2,0x00,0x40,0x42,0x00,0x80,0x41,0x00,0x00,0x38,0x00,0x00,0x20,0x00,0x00,0xB0,
	0x00,0x40,0x23,0x05,0x00,0x40,0x06,0x00,0x20,0x01,0x00,0x61,0x01,0xC0,0x03,0x00,0x00,0x11,0x00,0x00,
	0x02,0x00,0x00,0x05,0x00,0x00,0x07,0x00,0x20,0x10,0x00,0x20,0x10,0x00,0x50,0x00,0x00,0x00,0x60,0x00,
	0x48,0x80,0x00,0x40,0xE0,0x00,0x40,0x42,0x00,0x80,0x41,0x00,0x00,0x20,0x00,0x00,0x84,0x00,0xB0,0x00,
	0x00,0x22,0x05,0x00,0x40,0x06,0x00,0x00,0x01,0x00,0x40,0x01,0x04,0x93,0x20,0x18,0x00,0x28,0x31,0x06,
	0x68,0x60,0x02,0x2C,0xD8,0x00,0x74,0xC2,0x00,0x5B,0x98,0x00,0x50,0x8A,0x04,0x40,0x71,0x00,0x00,0x10,
	0x00,0x00,0x08,0x00,0x10,0xB8,0x04,0x00,0x00,0x05,0x00,0x63,0x00,0x00,0xA0,0x02,0x00,0xA0,0x00,0x00,
	0x90,0x05,0xC0,0x40,0x00,0x00,0x0C,0x00,0x40,0x86,0x01,0xC0,0x27,0x00,0x00,0x87,0x00,0x09,0x06,0x20,
	0x10,0x02,0x68,0x00,0x00,0x20,0x00,0x00,0x10,0x18,0x01,0x00,0x28,0x00,0x40,0x00,0x00,0x00,0x40,0x00,
	0x00,0x89,0x00,0x08,0x00,0x00,0x00,0x04,0x00,0x41,0x04,0x00,0xA0,0x00,0x00,0xA0,0x04,0x00,0x10,0x00,
	0xC0,0x00,0x00,0x80,0x00,0x00,0x00,0x02,0x00,0x80,0x27,0x00,0x00,0x87,0x00,0x08,0x00,0x20,0x10,0x00,
	0x68,0x00,0x00,0x20,0x00,0x00,0x10,0x00,0x01,0x00,0x20,0x00,0x40,0x00,0x00,0x00,0x40,0x00,0x00,0x84,
	0x00,0x08,0x00,0x00,0x00,0x04,0x00,0x40,0x04,0x00,0x80,0x00,0x00,0x80,0x04,0x03,0x80,0x00,0x20,0x00,
	0xA0,0x08,0x00,0x02,0x80,0x5A,0x02,0x2C,0x23,0x00,0x38,0x4C,0x00,0x37,0x32,0x00,0x38,0x31,0x00,0x20,
	0xF7,0x00,0xA0,0x06,0x00,0x80,0x3D,0x00,0x80,0x7C,0x00,0x84,0x54,0x00,0x00,0xB0,0x05,0x00,0x04,0x05,
	0x00,0x06,0x00,0x00,0x70,0x03,0x20,0x41,0x05,0x00,0x16,0x04,0x40,0xCE,0x02,0xC0,0xA8,0x00,0x00,0x04,
	0x00,0x10,0x08,0x00,0x90,0x42,0x02,0x28,0x0B,0x00,0x20,0x0C,0x00,0x24,0x50,0x00,0x38,0xE0,0x00,0x20,
	0x16,0x00,0x80,0x22,0x00,0x00,0x39,0x00,0x00,0x1C,0x00,0x80,0x54,0x00,0x00,0x90,0x04,0x00,0x04,0x01,
	0x00,0x92,0x00,0x40,0x02,0x20,0x01,0x04,0x00,0x16,0x00,0x40,0x0E,0x00,0x80,0x00,0x00,0x00,0x04,0x00,
	0x10,0x08,0x00,0x10,0x00,0x00,0x28,0x08,0x00,0x20,0x0C,0x00,0x24,0x40,0x00,0x38,0xE0,0x00,0x20,0x00,
	0x00,0x80,0x22,0x00,0x00,0x31,0x00,0x00,0x04,0x00,0x00,0x44,0x00,0x00,0x90,0x04,0x00,0x04,0x01,0x00,
	0x81,0x00,0x40,0x02,0x00,0x00,0x04,0x03,0x9B,0x08,0x00,0x06,0x64,0x40,0x00,0xB4,0x0C,0x01,0x36,0xAC,
	0x00,0x38,0x30,0x04,0x26,0xFA,0x00,0x28,0x07,0x06,0xB0,0x12,0x00,0x00,0x20,0x00,0x40,0x25,0x00,0x08,
	0x68,0x00,0xA0,0x58,0x02,0x00,0x60,0x02,0x00,0x78,0x01,0x00,0x10,0x03,0x00,0xA8,0x05,0x20,0x0C,0x04,
	0x20,0xC0,0x00,0x00,0x4D,0x00,0xE0,0x21,0x00,0x08,0x04,0x04,0x60,0x44,0x00,0x94,0x00,0x01,0x14,0x08,
	0x00,0x10,0x20,0x04,0x00,0x28,0x00,0x00,0x05,0x00,0x20,0x00,0x00,0x02,0x82,0x80,0x48,0x02,0x00,0x40,
	0x02,0x00,0x78,0x00,0x00,0x8C,0x00,0x20,0x00,0x20,0x08,0x04,0x20,0x00,0x00,0x00,0x01,0x00,0x80,0x00,
	0x00,0x08,0x04,0x00,0x00,0x04,0x00,0x14,0x00,0x00,0x14,0x08,0x00,0x10,0x20,0x00,0x00,0x20,0x00,0x00,
	0x01,0x00,0x20,0x00,0x00,0x02,0x82,0x00,0x48,0x02,0x00,0x40,0x02,0x00,0x58,0x00,0x01,0x80,0x00,0x00,
	0x04,0x02,0x3B,0x93,0x0C,0x06,0x00,0x00,0x84,0x04,0x52,0x85,0x00,0x0F,0x74,0x05,0x1B,0x36,0x02,0x1C,
	0x1B,0x02,0x94,0x7F,0x03,0x10,0x1C,0x00,0xC0,0x16,0x00,0x30,0x18,0x00,0xC0,0x28,0x00,0x00,0x7C,0x02,
	0x60,0x90,0x05,0x20,0x38,0x00,0x00,0x80,0x01,0x00,0x00,0x01,0x00,0x08,0x06,0x20,0x20,0x01,0x00,0x40,
	0x04,0x60,0x13,0x00,0x00,0x90,0x08,0x80,0x04,0x50,0x85,0x00,0x02,0x00,0x05,0x12,0x1E,0x02,0x1C,0x41,
	0x02,0x10,0x18,0x00,0x10,0x19,0x00,0x80,0x10,0x00,0x00,0x08,0x00,0x00,0x08,0x00,0x00,0x14,0x02,0x40,
	0x90,0x01,0x00,0x38,0x00,0x00,0x00,0x01,0x00,0x00,0x02,0x00,0x08,0x04,0x20,0x00,0x00,0x02,0x87,0x08,
	0x00,0x00,0x10,0x04,0x00,0x02,0x00,0x00,0x12,0x12,0x00,0x1C,0x41,0x00,0x10,0x00,0x00,0x10,0x01,0x00,
	0x80,0x10,0x00,0x01,0x85,0x00,0x04,0x02,0x00,0x90,0x01,0x00,0x18,0x00,0x00,0x00,0x01,0x00,0x00,0x02,
	0x00,0x00,0x04,0x02,0x9C,0x04,0x03,0x02,0x16,0x91,0x00,0x32,0x04,0x04,0x08,0x80,0x03,0x3C,0x0A,0x04,
	0x97,0x3C,0x02,0x14,0x01,0x04,0x40,0x17,0x02,0x00,0x13,0x00,0x00,0x12,0x00,0x36,0x16,0x00,0x10,0x48,
	0x06,0x00,0x38,0x02,0x20,0x80,0x04,0x00,0xD0,0x05,0x00,0xF2,0x01,0x00,0x10,0x00,0x40,0xE0,0x00,0x00,
	0x04,0x04,0x00,0x04,0x04,0x04,0x02,0x02,0x14,0x93,0x00,0x22,0x02,0x04,0x18,0x84,0x03,0x28,0x1C,0x04,
	0x00,0x30,0x02,0x04,0x01,0x00,0x00,0x16,0x02,0x00,0x01,0x00,0x00,0x82,0x00,0x12,0x00,0x00,0x08,0x02,
	0x00,0x08,0x04,0x01,0x8B,0x00,0x20,0x01,0x00,0x10,0x00,0x40,0x00,0x00,0x00,0x04,0x00,0x00,0x00,0x04,
	0x04,0x02,0x00,0x04,0x02,0x00,0x02,0x02,0x00,0x18,0x04,0x00,0x08,0x1C,0x00,0x00,0x30,0x00,0x04,0x00,
	0x00,0x00,0x80,0x00,0x01,0x00,0x00,0x82,0x00,0x02,0x00,0x00,0x00,0x02,0x00,0x08,0x04,0x01,0x80,0x00,
	0x00,0x01,0x03,0x9C,0x06,0x03,0x00,0x05,0x12,0x00,0x11,0x42,0x04,0x06,0x68,0x05,0x0D,0x08,0x01,0x0F,
	0x2D,0x04,0xCE,0x3C,0x01,0x88,0x01,0x02,0x60,0x01,0x00,0x08,0x01,0x00,0x80,0x0C,0x00,0x20,0x24,0x02,
	0x30,0xDC,0x06,0x10,0x30,0x00,0x00,0xA0,0x00,0x20,0xA8,0x00,0x00,0x1C,0x03,0x30,0x12,0x02,0x40,0x02,
	0x01,0x80,0x80,0x00,0x00,0x01,0x00,0x00,0x10,0x00,0x10,0x40,0x00,0x00,0x42,0x05,0x09,0x08,0x01,0x0A,
	0x09,0x04,0x8C,0x08,0x00,0x00,0x01,0x02,0x40,0x00,0x00,0x00,0x8A,0x00,0x0C,0x00,0x00,0x00,0x02,0x00,
	0xD4,0x00,0x00,0x00,0x04,0x00,0x80,0x04,0x20,0x00,0x04,0x00,0x18,0x00,0x20,0x02,0x00,0xC0,0x02,0x00,
	0x40,0x80,0x00,0x00,0x01,0x00,0x01,0x83,0x00,0x02,0x00,0x09,0x08,0x00,0x0A,0x01,0x00,0x8C,0x00,0x00,
	0x00,0x80,0x40,0x00,0x00,0x01,0x84,0x00,0x00,0x02,0x00,0xC4,0x00,0x00,0x00,0x04,0x00,0x80,0x04,0x00,
	0x00,0x04,0x03,0x9C,0x82,0x00,0x01,0x8A,0x00,0x04,0x89,0x00,0x06,0x05,0x26,0x02,0x3E,0x08,0x06,0x0E,
	0x1F,0x00,0x0A,0x05,0x06,0x28,0x04,0x01,0x80,0x0C,0x00,0x00,0x04,0x00,0x1B,0x08,0x00,0x08,0x32,0x03,
	0x40,0x1A,0x01,0x10,0x40,0x00,0x00,0xE4,0x00,0x20,0x52,0x06,0x00,0x50,0x01,0x90,0x5D,0x02,0x80,0x03,
	0x05,0x00,0x02,0x02,0x02,0x00,0x01,0x8A,0x01,0x04,0x81,0x01,0x02,0x0D,0x20,0x02,0x34,0x00,0x02,0x04,
	0x16,0x00,0x02,0x05,0x00,0x08,0x04,0x01,0x80,0x08,0x00,0x01,0x91,0x00,0x12,0x01,0x40,0x18,0x02,0x00,
	0x00,0x02,0x00,0x00,0x02,0x20,0x00,0x00,0x00,0x20,0x00,0x80,0x0D,0x00,0x00,0x02,0x04,0x80,0x00,0x02,
	0x02,0x00,0x00,0x02,0x01,0x00,0x01,0x01,0x00,0x0D,0x00,0x00,0x04,0x00,0x00,0x04,0x10,0x00,0x02,0x00,
	0x00,0x08,0x00,0x00,0x80,0x00,0x00,0x01,0x83,0x00,0x02,0x01,0x00,0x00,0x02,0x00,0x00,0x02,0x00,0x00,
	0x02,0x00,0x80,0x00,0x20,0x00,0x02,0x99,0x83,0x91,0x00,0x02,0x01,0x02,0x03,0x29,0x01,0x00,0x04,0x00,
	0x00,0x86,0x04,0xC1,0x12,0x06,0x21,0x16,0x02,0x84,0x2E,0x01,0x30,0x07,0x04,0x04,0x0A,0x00,0x11,0x0E,
	0x00,0x10,0x04,0x05,0x18,0x44,0x04,0x00,0x2A,0x03,0x20,0x54,0x06,0x00,0xC6,0x06,0x00,0x40,0x06,0x40,
	0x51,0x04,0x00,0x02,0x02,0x00,0x07,0x00,0x80,0x90,0x00,0x00,0x00,0x02,0x00,0x28,0x01,0x00,0x01,0x00,
	0x00,0x84,0x00,0x01,0x00,0x06,0x00,0x88,0x80,0x2A,0x01,0x20,0x05,0x04,0x00,0x08,0x00,0x00,0x04,0x00,
	0x00,0x04,0x05,0x00,0x40,0x05,0x00,0x20,0x00,0x20,0x40,0x04,0x00,0x80,0x06,0x00,0x83,0x40,0x20,0x04,
	0x80,0x03,0x02,0x00,0x03,0x00,0x80,0x00,0x00,0x01,0x82,0x00,0x01,0x00,0x00,0x04,0x00,0x01,0x00,0x00,
	0x00,0x81,0x80,0x00,0x00,0x20,0x00,0x00,0x01,0x84,0x00,0x00,0x01,0x00,0x40,0x01,0x00,0x20,0x00,0x00,
	0x40,0x00,0x00,0x80,0x02,0x00,0x80,0x00,0x20,0x00,0x01,0x3B,0x87,0x40,0x10,0x00,0x40,0x00,0x01,0x47,
	0x08,0x07,0x05,0x11,0x01,0x14,0x07,0x05,0x01,0x06,0x07,0xC3,0x00,0x05,0x44,0xBC,0x04,0x00,0x92,0x08,
	0x00,0x04,0x0C,0x00,0x04,0x24,0x1A,0x01,0x00,0x90,0x01,0x00,0x14,0x05,0x00,0x22,0x00,0x00,0x15,0x02,
	0x10,0x2A,0x06,0x80,0x55,0x00,0x40,0xE0,0x00,0x00,0x45,0x00,0x00,0x10,0x00,0xC0,0x00,0x01,0xC0,0x08,
	0x06,0x06,0x10,0x01,0x16,0x02,0x05,0x06,0x02,0x07,0xC7,0x00,0x04,0x04,0xB8,0x04,0x00,0x82,0x00,0x00,
	0x04,0x00,0x00,0x04,0x00,0x08,0x00,0x00,0x84,0x00,0x00,0x05,0x00,0x00,0x01,0x00,0x01,0x00,0x10,0x28,
	0x04,0x80,0x14,0x00,0x00,0x80,0x00,0x45,0x00,0x00,0x86,0x80,0x00,0x00,0x80,0x00,0x00,0x06,0x00,0x00,
	0x06,0x02,0x00,0x06,0x02,0x00,0xC7,0x00,0x00,0x04,0x00,0x00,0x04,0x81,0x00,0x00,0x01,0x00,0x00,0x01,
	0x00,0x81,0x00,0x20,0x00,0x00,0x10,0x00,0x01,0x98,0xC1,0x40,0x00,0x81,0x08,0x00,0x89,0x84,0x01,0x04,
	0x00,0x06,0x0D,0xC3,0x00,0x60,0x08,0x00,0x80,0x81,0x01,0x50,0x82,0x00,0x54,0x01,0x02,0x00,0x08,0x00,
	0x40,0x00,0x00,0x08,0x80,0x00,0x80,0x20,0x02,0xA0,0xB0,0x01,0x00,0x60,0x03,0x00,0x24,0x03,0x00,0x22,
	0x02,0x10,0x0B,0x03,0x88,0x00,0x01,0x00,0xC2,0x01,0x41,0x40,0x00,0x01,0x08,0x00,0x08,0x84,0x00,0x80,
	0x00,0x04,0x08,0xC1,0x00,0x01,0x82,0x40,0x82,0x00,0x50,0x00,0x02,0x00,0x08,0x00,0x01,0x89,0x80,0xA0,
	0x02,0xA0,0x10,0x00,0x00,0x00,0x02,0x00,0x00,0x03,0x00,0x00,0x02,0x10,0x0B,0x03,0x00,0x00,0x01,0x00,
	0xC2,0x01,0x41,0x00,0x00,0x01,0x00,0x00,0x00,0x81,0x80,0x00,0x00,0x00,0x01,0x00,0x01,0x81,0x40,0x00,
	0x00,0x50,0x00,0x00,0x02,0x81,0x00,0xA0,0x00,0x00,0x10,0x00,0x00,0x80,0x00,0x00,0x01,0x03,0x87,0x21,
	0x40,0x00,0x69,0xA0,0x00,0x28,0x14,0x01,0x81,0x88,0x00,0x88,0x00,0x02,0x01,0x87,0x03,0x70,0x01,0x02,
	0x22,0x41,0x03,0x00,0x92,0x02,0x00,0x02,0x00,0x00,0x06,0x00,0x41,0x02,0x00,0xC4,0x04,0x80,0x88,0x06,
	0x00,0x21,0x04,0x00,0xA0,0x05,0x80,0x01,0x04,0x00,0x60,0x00,0x18,0x80,0x00,0x00,0x68,0x00,0x00,0x40,
	0x00,0x28,0xA0,0x00,0x68,0x14,0x01,0x00,0x88,0x02,0x08,0x00,0x02,0x00,0x82,0x03,0x60,0x00,0x02,0x00,
	0x40,0x03,0x00,0x88,0x00,0x00,0x02,0x00,0x00,0x06,0x00,0x41,0x02,0x00,0x04,0x04,0x80,0x80,0x06,0x00,
	0xA1,0x04,0x00,0x80,0x04,0x80,0x01,0x04,0x00,0x20,0x00,0x00,0x80,0x00,0x60,0x00,0x01,0x80,0x40,0x00,
	0x00,0x01,0x81,0x00,0x02,0x00,0x60,0x00,0x00,0x03,0x80,0x00,0x40,0x00,0x00,0x82,0x00,0x80,0x00,0x00,
	0xA0,0x00,0x00,0x80,0x00,0x00,0x80,0x00,0x20,0x00,0x01,0x8E,0x60,0x44,0x00,0x10,0x6C,0x00,0x43,0x40,
	0x00,0x43,0x10,0x01,0x03,0x20,0x00,0x03,0x00,0x00,0x03,0x80,0x00,0x82,0x50,0x01,0x0C,0x00,0x01,0x48,
	0x07,0x00,0x0C,0x01,0x00,0x00,0x40,0x04,0x0C,0x44,0x00,0x00,0x80,0x00,0x00,0xA0,0x01,0x00,0x90,0x00,
	0x46,0x05,0x10,0x08,0x00,0x80,0x00,0x00,0x00,0x52,0x00,0x20,0x44,0x00,0x50,0x6C,0x00,0x00,0x40,0x00,
	0x03,0x10,0x00,0x02,0x20,0x00,0x03,0x00,0x00,0x03,0x00,0x00,0x82,0x50,0x01,0x00,0x00,0x01,0x00,0x01,
	0x00,0x00,0x01,0x00,0x00,0x40,0x04,0x00,0x04,0x00,0x00,0x80,0x00,0x00,0x01,0x00,0x81,0x00,0x04,0x05,
	0x10,0x08,0x00,0x00,0x82,0x00,0x52,0x00,0x20,0x00,0x00,0x40,0x00,0x00,0x00,0x84,0x03,0x00,0x00,0x02,
	0x00,0x00,0x03,0x00,0x00,0x03,0x00,0x00,0x82,0x00,0x00,0x02,0x80,0x00,0x40,0x00,0x07,0xA7,0x10,0x04,
	0x00,0x20,0x10,0x00,0x30,0x88,0x00,0x40,0x44,0x01,0x03,0x41,0x01,0x12,0x87,0x01,0x02,0x03,0x00,0x2C,
	0x00,0x01,0xA0,0x01,0x00,0x04,0x02,0x01,0x20,0x06,0x07,0x30,0x60,0x01,0x80,0x30,0x03,0x20,0x08,0x03,
	0x00,0x58,0x02,0x00,0xD0,0x07,0x00,0x48,0x00,0x00,0xB3,0x00,0x00,0x64,0x00,0x00,0x01,0x00,0x00,0x04,
	0x00,0x00,0x10,0x00,0x10,0x88,0x00,0x40,0x44,0x00,0x01,0x40,0x01,0x00,0x85,0x01,0x00,0x01,0x00,0x24,
	0x00,0x01,0xA0,0x00,0x00,0x00,0x02,0x01,0x00,0x06,0x07,0x00,0x20,0x01,0x80,0x50,0x03,0x20,0x40,0x03,
	0x00,0x10,0x02,0x00,0x00,0x07,0x00,0x08,0x00,0x00,0xB3,0x00,0x00,0x04,0x00,0x00,0x01,0x00,0x02,0x82,
	0x40,0x00,0x00,0x01,0x00,0x00,0x00,0x01,0x00,0x00,0x81,0x24,0x00,0x00,0xA0,0x00,0x00,0x01,0x83,0x00,
	0x20,0x00,0x00,0x50,0x00,0x00,0x40,0x00,0x00,0x10,0x00,0x01,0x80,0x00,0x30,0x00,0x01,0x11,0x80,0x00,
	0x80,0x00,0x12,0x80,0x00,0x80,0x00,0x14,0x83,0x00,0x22,0x00,0x20,0x10,0x00,0x28,0x20,0x00,0xC2,0x88,
	0x01,0x00,0x84,0xA0,0x4A,0x00,0xC8,0x0D,0x01,0x00,0x04,0x00,0x00,0x8C,0x00,0xC0,0x00,0x00,0x00,0x8C,
	0x02,0x22,0x06,0x04,0x39,0x00,0x00,0x51,0x04,0x00,0x64,0x00,0x00,0x71,0x00,0x90,0x22,0x00,0x10,0x57,
	0x00,0x0C,0x32,0x00,0x00,0x84,0x00,0x00,0x22,0x00,0x20,0x10,0x00,0x28,0x20,0x00,0x00,0x08,0x01,0x00,
	0x83,0x00,0x4A,0x00,0x00,0x08,0x01,0x00,0x04,0x00,0x00,0x8C,0x00,0x01,0x88,0x00,0x22,0x06,0x00,0x09,
	0x00,0x00,0x01,0x00,0x00,0x40,0x00,0x00,0x01,0x00,0x90,0x00,0x00,0x00,0x24,0x00,0x00,0x32,0x00,0x00,
	0x84,0x00,0x00,0x81,0x20,0x00,0x00,0x20,0x00,0x00,0x07,0x80,0x00,0x20,0x00,0x01,0x80,0x00,0x40,0x00,
	0x01,0x80,0x00,0x20,0x00,0x01,0x80,0x20,0x00,0x00,0x01,0x90,0xA0,0xB0,0x00,0x00,0x12,0x00,0x00,0x45,
	0x00,0x80,0x24,0x00,0xD1,0x01,0x00,0x00,0x02,0x00,0x01,0x85,0x00,0x00,0x80,0x02,0x00,0xB4,0x04,0x00,
	0x20,0x01,0x00,0xA0,0x04,0x20,0xC0,0x02,0x00,0xD3,0x02,0x00,0xB7,0x00,0x28,0x02,0x00,0xC0,0x2A,0x00,
	0x80,0x34,0x00,0x02,0x90,0x00,0x30,0x00,0x00,0x12,0x00,0x00,0x40,0x00,0x80,0x04,0x00,0xC0,0x00,0x00,
	0x00,0x02,0x00,0x00,0x85,0x00,0x00,0x80,0x02,0x00,0x94,0x04,0x00,0x20,0x01,0x00,0x80,0x00,0x20,0x80,
	0x02,0x00,0x83,0x02,0x00,0x87,0x00,0x20,0x00,0x00,0x00,0x22,0x00,0x80,0x30,0x00,0x05,0x81,0x80,0x00,
	0x00,0xC0,0x00,0x00,0x02,0x81,0x00,0x10,0x00,0x00,0x20,0x00,0x06,0x00,0x92,0x20,0x2C,0x00,0x28,0x44,
	0x00,0x00,0xC0,0x00,0xC1,0xAC,0x00,0x81,0x87,0x00,0xB0,0xAC,0x00,0x82,0x80,0x00,0xC0,0x04,0x00,0x60,
	0x00,0x00,0x10,0x00,0x04,0xD0,0x00,0x03,0x00,0xA8,0x00,0x00,0x3A,0x03,0x00,0x22,0x05,0x20,0x10,0x00,
	0x20,0x05,0x00,0xA0,0x43,0x00,0x04,0x00,0x00,0x00,0x01,0x00,0x00,0x87,0x00,0x2C,0x00,0x08,0x44,0x00,
	0x00,0x80,0x00,0x81,0xAC,0x00,0x81,0x81,0x00,0x30,0x8C,0x00,0x02,0x80,0x00,0xC0,0x04,0x00,0x00,0x87,
	0x00,0x00,0x04,0xC0,0x00,0x03,0x00,0x80,0x00,0x00,0x22,0x01,0x00,0x32,0x05,0x20,0x00,0x00,0x20,0x05,
	0x00,0x00,0x40,0x00,0x00,0x80,0x00,0x01,0x00,0x03,0x84,0x81,0x00,0x00,0x81,0x00,0x00,0x30,0x00,0x00,
	0x02,0x00,0x00,0xC0,0x00,0x00,0x03,0x81,0x00,0x20,0x00,0x00,0x30,0x00,0x04,0x89,0x10,0x13,0x00,0x00,
	0x0A,0x00,0x00,0x10,0x00,0x61,0x4E,0x00,0x00,0x01,0x00,0x80,0x0A,0x00,0x01,0x01,0x00,0x04,0x08,0x00,
	0x18,0x01,0x00,0x24,0x40,0x00,0x00,0x92,0x00,0x18,0x02,0x00,0x00,0x04,0x00,0x38,0x02,0x00,0x38,0x01,
	0x00,0x04,0x00,0x20,0x5C,0x00,0x80,0x1B,0x00,0x10,0x1D,0x00,0x80,0x01,0x00,0x10,0x13,0x00,0x00,0x0A,
	0x00,0x00,0x10,0x00,0x21,0x0E,0x00,0x00,0x01,0x00,0x80,0x08,0x00,0x01,0x00,0x00,0x04,0x08,0x00,0x18,
	0x01,0x00,0x00,0x40,0x00,0x00,0x89,0x00,0x10,0x02,0x00,0x10,0x04,0x00,0x10,0x00,0x00,0x00,0x01,0x00,
	0x04,0x00,0x00,0x46,0x00,0x00,0x11,0x00,0x00,0x19,0x00,0x80,0x00,0x00,0x10,0x00,0x00,0x01,0x80,0x21,
	0x00,0x00,0x00,0x83,0x80,0x00,0x00,0x01,0x00,0x00,0x04,0x00,0x00,0x18,0x00,0x00,0x01,0x82,0x00,0x10,
	0x00,0x00,0x10,0x00,0x00,0x10,0x00,0x03,0x80,0x00,0x08,0x00,0x00,0x93,0x08,0x00,0x00,0x10,0x00,0x00,
	0x10,0x22,0x00,0x00,0x14,0x00,0x81,0x16,0x00,0x49,0x04,0x00,0x40,0x00,0x00,0x10,0x00,0x00,0x80,0x00,
	0x00,0x02,0x02,0x00,0xC4,0x40,0x06,0x04,0x70,0x04,0x00,0xDE,0x00,0x00,0x48,0x00,0x00,0x40,0x00,0x00,
	0x5F,0x00,0x80,0x17,0x00,0x00,0x02,0x00,0x00,0x4B,0x00,0x00,0x40,0x00,0x01,0x83,0x00,0x22,0x00,0x00,
	0x14,0x00,0x00,0x10,0x00,0x00,0x04,0x00,0x00,0x80,0x10,0x00,0x00,0x00,0x8A,0x00,0x02,0x00,0xC0,0x40,
	0x06,0x00,0x60,0x04,0x00,0xC6,0x00,0x00,0x48,0x00,0x00,0x40,0x00,0x00,0x47,0x00,0x00,0x01,0x00,0x00,
	0x02,0x00,0x00,0x4A,0x00,0x00,0x44,0x00,0x06,0x80,0x10,0x00,0x00,0x04,0x80,0x00,0x08,0x00,0x03,0x80,
	0x00,0x08,0x00,0x00,0x3B,0xB0,0x17,0xF1,0x07,0x6F,0xF2,0x07,0x2E,0x09,0x07,0x01,0x6E,0x01,0x00,0x6E,
	0x01,0x27,0x66,0x06,0xF9,0x61,0x00,0x3B,0x33,0x06,0x8F,0x22,0x06,0x02,0xFC,0x07,0xC0,0xEB,0x07,0x2D,
	0xE4,0x07,0x00,0x1C,0x02,0x3F,0x9E,0x04,0x7E,0x79,0x03,0xC1,0x69,0x03,0xA2,0x69,0x03,0xF4,0xFC,0x00,
	0x89,0xFF,0x03,0xE1,0x31,0x05,0x0F,0xF1,0x07,0x1F,0xE2,0x07,0x1F,0x0E,0x07,0x1F,0x6E,0x07,0x7F,0x68,
	0x07,0xFF,0x64,0x06,0x6F,0x61,0x06,0x4C,0x73,0x06,0x48,0x62,0x06,0x00,0x34,0x06,0xC0,0x27,0x06,0xC0,
	0x33,0x07,0xC0,0x9F,0x03,0xC0,0x17,0x07,0xC0,0x7D,0x00,0xC1,0x7F,0x00,0x03,0x7E,0x00,0x3F,0xEC,0x00,
	0xBF,0xFF,0x03,0x7F,0x39,0x05,0x0F,0x00,0x00,0x1F,0x00,0x00,0x1F,0x00,0x00,0x1F,0x00,0x00,0x7F,0x00,
	0x00,0xFF,0x00,0x00,0x6F,0x00,0x00,0x4C,0x00,0x00,0x48,0x00,0x00,0x01,0x80,0x00,0x10,0x00,0x00,0x80,
	0x00,0x08,0x00,0x03,0x81,0x00,0x01,0x00,0x80,0x01,0x00,0x00,0x92,0x00,0x10,0x00,0x00,0x9A,0x00,0x80,
	0x01,0x00,0x00,0x05,0x00,0x00,0x00,0x01,0x00,0x10,0x04,0x00,0x48,0x00,0x40,0x10,0x00,0x00,0x28,0x03,
	0x10,0x18,0x00,0x00,0xBC,0x02,0x40,0x72,0x02,0x00,0x67,0x00,0xC1,0x8B,0x00,0x87,0xE9,0x00,0xA9,0xEE,
	0x02,0x9E,0xEC,0x02,0x61,0x77,0x00,0xB9,0x09,0x01,0x01,0x80,0x00,0x80,0x00,0x00,0x8F,0x00,0x05,0x00,
	0x00,0x00,0x01,0x00,0x10,0x00,0x00,0x08,0x00,0x00,0x10,0x00,0x00,0x00,0x02,0x00,0x10,0x00,0x00,0x2C,
	0x00,0x00,0x38,0x00,0x00,0x3A,0x00,0x00,0x51,0x00,0x81,0x70,0x00,0x2A,0x70,0x00,0x00,0xF0,0x02,0xC0,
	0x78,0x00,0xA0,0x08,0x01,0x0A,0x80,0x00,0x1C,0x00,0x05,0x81,0x80,0x01,0x00,0x80,0x01,0x00,0x00,0x92,
	0x00,0x80,0x00,0x00,0x30,0x00,0x00,0x06,0x00,0x20,0x02,0x00,0x00,0x16,0x00,0x00,0x08,0x01,0x01,0x00,
	0x00,0x40,0x20,0x04,0x00,0x00,0x02,0x10,0x04,0x00,0x00,0x26,0x04,0x61,0x16,0x00,0x00,0x1C,0x00,0xC1,
	0x38,0x00,0x59,0x5C,0x02,0x0D,0x77,0x00,0x4B,0x2E,0x00,0x1F,0xE6,0x00,0xD0,0x56,0x00,0x01,0x80,0x00,
	0x20,0x00,0x00,0x82,0x00,0x02,0x00,0x00,0x14,0x00,0x00,0x08,0x01,0x01,0x80,0x00,0x00,0x02,0x00,0x88,
	0x00,0x0E,0x04,0x00,0x18,0x00,0x00,0x1C,0x00,0x80,0x1C,0x00,0x40,0x38,0x00,0x09,0x30,0x00,0x06,0x28,
	0x00,0x80,0xE4,0x00,0x10,0x56,0x00,0x0A,0x80,0x00,0x0E,0x00,0x05,0x80,0x80,0x00,0x00,0x00,0x00,0x83,
	0x00,0x04,0x04,0x20,0x1C,0x00,0x80,0x88,0x00,0x00,0x10,0x00,0x00,0x81,0x08,0x44,0x06,0x00,0x42,0x01,
	0x00,0x8A,0x00,0x04,0x04,0x64,0x20,0x00,0x00,0xAE,0x05,0x06,0x8D,0x00,0x80,0x20,0x02,0x02,0x1A,0x02,
	0x00,0x1F,0x00,0x88,0x24,0x01,0x2A,0x5C,0x02,0x80,0x72,0x02,0xC7,0x70,0x00,0x02,0x81,0x00,0x80,0x00,
	0x00,0x10,0x00,0x00,0x81,0x00,0x04,0x00,0x00,0x02,0x01,0x00,0x80,0x00,0x04,0x00,0x00,0x88,0x00,0x0A,
	0x04,0x00,0x09,0x00,0x00,0x06,0x00,0x00,0x0A,0x00,0x00,0x0E,0x00,0x00,0x06,0x00,0x08,0x1E,0x02,0x80,
	0x72,0x02,0x80,0x71,0x00,0x0A,0x81,0x00,0x02,0x00,0x00,0x01,0x00,0x06,0x00,0x92,0x00,0x85,0x00,0x00,
	0x51,0x00,0x80,0x20,0x00,0x00,0x13,0x00,0x00,0x13,0x00,0x00,0x80,0x00,0x02,0x8C,0x01,0x00,0xA8,0x02,
	0x00,0x0E,0x00,0x01,0x0C,0x07,0x00,0x00,0x03,0x80,0x0B,0x03,0x80,0xE7,0x01,0x88,0x47,0x00,0x01,0x45,
	0x01,0x01,0x1A,0x00,0x07,0x31,0x00,0x06,0x29,0x01,0x10,0x29,0x00,0x01,0x83,0x00,0x40,0x00,0x00,0x20,
	0x00,0x00,0x10,0x00,0x00,0x13,0x00,0x00,0x83,0x00,0x0C,0x01,0x00,0x08,0x00,0x00,0x0E,0x00,0x00,0x08,
	0x02,0x00,0x87,0x80,0x09,0x00,0x00,0x04,0x00,0x80,0x04,0x00,0x00,0x04,0x00,0x01,0x01,0x00,0x01,0x01,
	0x00,0x06,0x29,0x01,0x90,0x28,0x00,0x0B,0x80,0x80,0x01,0x00,0x00,0x81,0x00,0x01,0x00,0x00,0x01,0x00,
	0x03,0x05,0x80,0x20,0x00,0x02,0x34,0x00,0x80,0x10,0x05,0x00,0x00,0x90,0x00,0x11,0x01,0x01,0x0C,0x01,
	0x00,0x12,0x00,0x00,0x07,0x06,0x20,0x02,0x00,0x80,0x24,0x00,0x23,0x12,0x00,0x87,0x06,0x00,0x02,0xC6,
	0x06,0xC6,0xC4,0x04,0xC3,0x04,0x00,0x70,0xBA,0x01,0x52,0xBD,0x01,0x86,0xE1,0x01,0x04,0x6D,0x04,0x09,
	0x65,0x04,0x41,0x05,0x00,0x04,0x84,0x00,0x10,0x00,0x00,0x03,0x00,0x00,0x02,0x00,0x00,0x04,0x00,0x00,
	0x02,0x00,0x00,0x88,0x01,0x04,0x02,0xC1,0x84,0x04,0xC0,0x04,0x00,0x80,0x03,0x00,0x40,0x03,0x01,0x01,
	0x07,0x01,0x80,0x04,0x04,0x89,0x64,0x04,0x01,0x04,0x00,0x0B,0x84,0xC0,0x00,0x00,0xC0,0x00,0x00,0x80,
	0x01,0x00,0x80,0x01,0x00,0x80,0x01,0x00,0x02,0x00,0x80,0x00,0x4C,0x00,0x01,0x8F,0x00,0x06,0x00,0x00,
	0x05,0x00,0x00,0x40,0x04,0x00,0x4A,0x00,0x00,0x20,0x00,0x1C,0x04,0x00,0x07,0x47,0x02,0x0B,0x03,0x00,
	0x57,0x9D,0x02,0xAA,0x51,0x04,0xE4,0x10,0x00,0x6B,0xCE,0x01,0xAC,0x5F,0x01,0xE7,0xDC,0x04,0xA0,0x51,
	0x06,0xC6,0x3C,0x07,0x03,0x80,0x00,0x06,0x00,0x00,0x81,0x00,0x02,0x00,0x00,0x08,0x00,0x00,0x8A,0x00,
	0x04,0x00,0x00,0x04,0x00,0x07,0x02,0x00,0x47,0x9C,0x02,0xA0,0x50,0x04,0xC0,0x18,0x00,0xC0,0xC1,0x01,
	0xA0,0xC0,0x01,0xA0,0xC3,0x04,0xE0,0x50,0x06,0xC6,0x3C,0x07,0x03,0x80,0x00,0x06,0x00,0x00,0x80,0x00,
	0x02,0x00,0x04,0x87,0x40,0x00,0x00,0xA0,0x00,0x00,0xC0,0x00,0x00,0xC0,0x00,0x00,0xC0,0x01,0x00,0xC0,
	0x00,0x00,0xC0,0x00,0x00,0xC0,0x00,0x00,0x00,0x80,0x00,0x02,0x00,0x00,0x90,0x00,0x28,0x00,0x00,0x88,
	0x00,0x01,0x52,0x00,0x00,0xCC,0x00,0x00,0x40,0x00,0x80,0x05,0x01,0x18,0x32,0x04,0x26,0x73,0x00,0xD7,
	0x0D,0x00,0xA1,0x52,0x04,0x48,0x2C,0x06,0xDE,0x65,0x04,0x88,0xAE,0x04,0x32,0xF6,0x04,0xA8,0x16,0x04,
	0xE0,0xA5,0x06,0xF4,0x82,0x07,0x02,0x90,0x00,0x20,0x00,0x00,0x80,0x00,0x00,0x12,0x00,0x00,0x09,0x00,
	0x00,0x01,0x00,0x00,0x04,0x01,0x00,0x02,0x00,0x00,0x02,0x00,0x36,0x0D,0x00,0x16,0x40,0x00,0x40,0x2C,
	0x02,0x60,0x65,0x04,0x60,0xAC,0x04,0xE0,0x14,0x04,0x30,0x30,0x04,0xB0,0x8C,0x06,0xB8,0x80,0x07,0x04,
	0x80,0x00,0x02,0x00,0x00,0x80,0x00,0x01,0x00,0x04,0x86,0x40,0x00,0x00,0x60,0x00,0x00,0x60,0x00,0x00,
	0x60,0x20,0x00,0xA0,0x00,0x00,0xA0,0x00,0x00,0xA0,0x00,0x00,0x00,0x80,0x04,0x05,0x02,0x00,0x90,0x00,
	0x50,0x00,0x10,0x14,0x00,0x40,0x52,0x00,0x00,0x03,0x00,0x84,0x86,0x00,0x80,0xC3,0x01,0xD0,0x81,0x00,
	0xA0,0xD1,0x00,0xB1,0x0E,0x00,0x68,0x01,0x00,0x00,0x40,0x03,0x00,0x43,0x03,0xF0,0x23,0x00,0x38,0xE2,
	0x02,0x10,0xB6,0x04,0xC0,0xF6,0x06,0x43,0xDC,0x02,0x02,0x90,0x00,0x40,0x00,0x00,0x14,0x00,0x00,0x12,
	0x00,0x00,0x03,0x00,0x00,0x04,0x00,0x80,0x02,0x01,0x00,0x01,0x00,0x00,0x01,0x00,0xB0,0x0E,0x00,0x10,
	0x10,0x00,0x00,0x40,0x01,0x20,0x43,0x03,0x80,0x13,0x02,0x50,0xBA,0x02,0x50,0x8E,0x02,0x90,0xC0,0x02,
	0x10,0xC0,0x02,0x03,0x82,0x00,0x04,0x00,0x00,0x02,0x00,0x00,0x03,0x00,0x00,0x80,0x80,0x00,0x00,0x04,
	0x80,0x20,0x00,0x00,0x00,0x83,0x10,0x30,0x00,0x50,0x00,0x00,0x90,0x00,0x00,0x10,0x00,0x00,0x00,0x80,
	0x80,0x08,0x00,0x00,0x90,0x00,0xED,0x00,0x02,0x52,0x00,0x8E,0x85,0x00,0x80,0x4B,0x02,0x40,0x40,0x01,
	0xC0,0x02,0x01,0xA4,0x40,0x05,0xC0,0x00,0x01,0xA1,0x17,0x01,0xC0,0x4D,0x03,0xA0,0xAC,0x00,0x41,0x1C,
	0x00,0xB0,0x64,0x06,0xF0,0xE9,0x01,0xD0,0xF3,0x03,0xC8,0xFF,0x05,0xA0,0xF0,0x01,0x02,0x90,0x00,0x20,
	0x00,0x00,0x52,0x00,0x00,0x81,0x00,0x80,0x09,0x00,0x00,0x01,0x01,0x80,0x02,0x01,0x00,0x00,0x01,0x80,
	0x00,0x01,0x80,0x17,0x01,0x00,0x4E,0x01,0x20,0xAC,0x00,0x00,0x04,0x00,0xB0,0x48,0x01,0xE0,0xDD,0x01,
	0x80,0xE5,0x01,0x00,0xE7,0x01,0x80,0xE0,0x01,0x03,0x84,0x00,0x02,0x00,0x00,0x01,0x00,0x80,0x01,0x00,
	0x00,0x01,0x00,0x80,0x00,0x00,0x03,0x80,0x20,0x00,0x00,0x00,0x84,0x30,0x08,0x00,0x20,0x1C,0x00,0x00,
	0x04,0x00,0x00,0x07,0x00,0x80,0x00,0x00,0x00,0x80,0x08,0x00,0x00,0x06,0x80,0x00,0x00,0x02,0x31,0x01,
	0x91,0x00,0x18,0x00,0x00,0x34,0x00,0x8C,0x20,0x00,0x00,0x11,0x00,0x80,0x0A,0x00,0x00,0x0C,0x00,0x80,
	0x04,0x00,0x44,0x1B,0x01,0x80,0x0D,0x00,0x46,0x15,0x04,0x80,0xC9,0x01,0x4E,0x76,0x02,0x20,0xB4,0x00,
	0x20,0x64,0x07,0x20,0x71,0x00,0x81,0x1A,0x00,0x94,0x34,0x00,0x10,0x59,0x00,0x03,0x8F,0x00,0x20,0x00,
	0x00,0x11,0x00,0x80,0x08,0x00,0x00,0x0C,0x00,0x00,0x04,0x00,0x00,0x1F,0x01,0x80,0x0D,0x00,0x00,0x15,
	0x00,0x00,0xC9,0x00,0x00,0x5E,0x00,0x00,0xA0,0x00,0x00,0xFE,0x00,0x20,0x7E,0x00,0xC0,0x17,0x00,0x00,
	0x14,0x00,0x10,0x51,0x00,0x04,0x81,0x00,0x01,0x00,0x80,0x00,0x00,0x06,0x85,0x00,0x04,0x00,0x00,0x0E,
	0x00,0x20,0x0E,0x00,0xC0,0x07,0x00,0x00,0x04,0x00,0x10,0x01,0x00,0x00,0x92,0x08,0x07,0x00,0x80,0x04,
	0x00,0x01,0x20,0x00,0x40,0x58,0x00,0x20,0x7C,0x05,0x20,0x1F,0x00,0x88,0x13,0x00,0x80,0x1F,0x00,0x44,
	0x19,0x01,0x80,0x8C,0x00,0xC0,0xC0,0x00,0xC0,0x0C,0x00,0x74,0x2F,0x00,0x00,0xD9,0x03,0xA0,0x8A,0x00,
	0xA0,0x0A,0x00,0x11,0x5A,0x02,0x53,0x62,0x00,0x40,0x02,0x00,0x04,0x8E,0x00,0x60,0x00,0x00,0x1B,0x00,
	0x80,0x14,0x00,0x00,0x18,0x00,0x00,0x1C,0x01,0x80,0x8C,0x00,0x80,0xC0,0x00,0x80,0x0C,0x00,0x00,0x01,
	0x00,0x00,0x56,0x00,0x00,0x0F,0x00,0xC0,0x0B,0x00,0x00,0x4A,0x00,0x10,0x4E,0x00,0x40,0x0C,0x00,0x05,
	0x81,0x00,0x03,0x00,0x80,0x04,0x00,0x04,0x86,0x00,0x02,0x00,0x00,0x06,0x00,0x00,0x07,0x00,0xC0,0x03,
	0x00,0x00,0x02,0x00,0x10,0x02,0x00,0x40,0x00,0x00,0x00,0x92,0x04,0x00,0x00,0x40,0x1C,0x00,0x80,0x14,
	0x00,0x40,0x58,0x03,0x10,0x98,0x02,0x16,0xF3,0x00,0x90,0xC4,0x04,0x80,0xA7,0x00,0xF4,0xE2,0x00,0x30,
	0x7A,0x00,0x04,0x10,0x00,0x00,0x27,0x00,0xDA,0x6F,0x04,0x80,0xCC,0x00,0x08,0x47,0x00,0x50,0x56,0x00,
	0x9F,0x11,0x02,0x00,0x2C,0x00,0xF0,0x0A,0x00,0x02,0x80,0x00,0x08,0x00,0x01,0x8D,0x00,0xF3,0x00,0x80,
	0xC4,0x00,0x00,0xA0,0x00,0x80,0xE3,0x00,0x00,0x79,0x00,0x00,0x30,0x00,0x00,0x27,0x00,0x80,0x6A,0x00,
	0x00,0x4E,0x00,0xE0,0x45,0x00,0x00,0x45,0x00,0x10,0x07,0x00,0x00,0x23,0x00,0xC0,0x03,0x00,0x05,0x81,
	0x00,0x03,0x00,0x80,0x04,0x00,0x04,0x86,0x00,0x03,0x00,0x00,0x02,0x00,0xE0,0x01,0x00,0x00,0x01,0x00,
	0x10,0x01,0x00,0x00,0x01,0x00,0xC0,0x01,0x00,0x00,0x92,0x90,0x46,0x00,0xA0,0x14,0x00,0x40,0x35,0x00,
	0x00,0x1F,0x04,0x60,0x5A,0x00,0xF1,0x08,0x02,0x60,0x26,0x02,0x90,0x47,0x00,0x74,0x19,0x03,0x50,0x03,
	0x02,0x60,0x83,0x01,0xE0,0x90,0x00,0x10,0x46,0x00,0xE0,0xA3,0x03,0xD8,0xCB,0x02,0x10,0xBD,0x06,0xC0,
	0x46,0x04,0x00,0x35,0x00,0xEF,0x00,0x00,0x00,0x83,0x00,0x06,0x00,0x00,0x14,0x00,0x00,0x36,0x00,0x00,
	0x10,0x00,0x00,0x8D,0x00,0x10,0x00,0x00,0x20,0x00,0xE0,0x47,0x00,0x60,0x18,0x01,0x40,0x00,0x00,0x40,
	0x83,0x01,0xC0,0x90,0x01,0x80,0xC5,0x00,0x80,0xA2,0x00,0x10,0x82,0x00,0x90,0xA2,0x00,0x80,0x41,0x00,
	0x80,0x31,0x00,0x40,0x01,0x00,0x0C,0x86,0x00,0x01,0x00,0x80,0x00,0x00,0x10,0x00,0x00,0x90,0x00,0x00,
	0x80,0x00,0x00,0x80,0x00,0x00,0x40,0x00,0x00,0x01,0x91,0x40,0x0A,0x00,0x30,0x21,0x00,0x00,0x15,0x00,
	0x98,0x0E,0x00,0x66,0x0C,0x04,0x18,0x7F,0x01,0x19,0x00,0x02,0x2B,0x02,0x06,0x08,0x00,0x00,0x9C,0xAA,
	0x02,0x81,0x03,0x02,0x00,0x9A,0x01,0xE0,0x83,0x01,0x00,0x67,0x00,0xC8,0x09,0x02,0x48,0x83,0x00,0x80,
	0x50,0x00,0x6F,0x02,0x00,0x01,0x91,0x00,0x0A,0x00,0x00,0x21,0x00,0x80,0x0D,0x00,0x00,0x10,0x00,0x00,
	0x10,0x00,0x80,0x1E,0x00,0x10,0x00,0x00,0x20,0x00,0x02,0x00,0x00,0x01,0x80,0x8A,0x02,0x00,0x02,0x00,
	0x00,0x12,0x01,0xE0,0x01,0x01,0x80,0x21,0x00,0x00,0x01,0x00,0xC0,0x80,0x00,0xC0,0x50,0x00,0xA0,0x03,
	0x00,0x0D,0x81,0xE0,0x00,0x00,0x80,0x00,0x00,0x00,0x82,0x40,0x00,0x00,0x40,0x00,0x00,0x20,0x00,0x00,
	0x3B,0x01,0x91,0x40,0x10,0x00,0x80,0x40,0x00,0x00,0x0A,0x00,0x0C,0x14,0x00,0x65,0x0C,0x00,0x64,0x47,
	0x00,0x06,0x0B,0x04,0x00,0x04,0x04,0x07,0x04,0x07,0x00,0x01,0x00,0x40,0x89,0x02,0xD0,0x09,0x01,0xF0,
	0x52,0x00,0x80,0x89,0x01,0x80,0x61,0x00,0xE0,0x01,0x00,0xD0,0x20,0x00,0xE2,0x03,0x00,0x01,0x8E,0x00,
	0x10,0x00,0x80,0x00,0x00,0x00,0x02,0x00,0x00,0x0F,0x00,0x00,0x0F,0x00,0x60,0x01,0x00,0x00,0x08,0x00,
	0x00,0x04,0x04,0x00,0x04,0x02,0x00,0x01,0x00,0x40,0x88,0x02,0x00,0x01,0x00,0x60,0x50,0x00,0xC0,0x00,
	0x01,0xC0,0x20,0x00,0x00,0x81,0x60,0x20,0x00,0x40,0x02,0x00,0x0D,0x82,0x60,0x00,0x00,0x40,0x00,0x00,
	0x40,0x00,0x00,0x00,0x80,0x20,0x00,0x00,0x00,0x00,0x92,0x88,0x06,0x00,0x80,0x00,0x00,0xA0,0x00,0x00,
	0x40,0x14,0x00,0xC8,0x26,0x00,0x40,0x0F,0x00,0x90,0x39,0x00,0x80,0x04,0x06,0xA0,0x00,0x01,0x20,0x00,
	0x00,0x00,0x05,0x00,0xC6,0x01,0x04,0x01,0x0C,0x02,0x80,0x85,0x00,0x50,0x10,0x00,0xA1,0x14,0x00,0x66,
	0x00,0x00,0xA0,0x20,0x00,0xE2,0x20,0x00,0x00,0x80,0x00,0x06,0x00,0x00,0x84,0x80,0x00,0x00,0x40,0x00,
	0x00,0xC0,0x20,0x00,0xC0,0x00,0x00,0x10,0x10,0x00,0x00,0x8A,0x20,0x00,0x01,0x20,0x00,0x04,0x00,0x05,
	0x00,0x00,0x01,0x00,0x00,0x08,0x02,0x80,0x00,0x00,0x00,0x10,0x00,0x00,0x10,0x00,0x60,0x00,0x00,0x00,
	0x20,0x00,0xA0,0x21,0x00,0x10,0x80,0x20,0x00,0x00,0x01,0x00,0x92,0x04,0x04,0x00,0x20,0x08,0x00,0xD2,
	0x61,0x00,0x20,0x0C,0x00,0x22,0x40,0x00,0x22,0x20,0x00,0x50,0x10,0x00,0x00,0x00,0x01,0x10,0x04,0x07,
	0x20,0x00,0x04,0x80,0x01,0x06,0x58,0x00,0x00,0x40,0x84,0x01,0x40,0x0C,0x00,0x20,0x04,0x00,0x65,0x00,
	0x00,0x01,0x30,0x00,0x40,0x00,0x00,0x00,0x20,0x00,0x01,0x85,0x00,0x08,0x00,0x00,0x01,0x00,0x20,0x00,
	0x00,0x20,0x00,0x00,0x20,0x20,0x00,0x10,0x10,0x00,0x00,0x82,0x10,0x04,0x06,0x20,0x00,0x00,0x00,0x01,
	0x04,0x00,0x81,0x00,0x80,0x00,0x00,0x08,0x00,0x00,0x81,0x60,0x00,0x00,0x00,0x10,0x00,0x00,0x80,0x00,
	0x20,0x00,0x0F,0x80,0x20,0x00,0x00,0x02,0x00,0x92,0x10,0x03,0x00,0x40,0x06,0x00,0x00,0x18,0x00,0xA1,
	0x03,0x00,0x90,0x1E,0x00,0x11,0x10,0x00,0x14,0x00,0x00,0x50,0x14,0x00,0x00,0x88,0x06,0xB3,0x05,0x03,
	0x98,0x30,0x06,0x00,0x00,0x02,0x00,0x80,0x00,0x20,0x03,0x00,0x30,0x80,0x01,0x12,0x08,0x00,0x20,0x98,
	0x00,0x00,0x60,0x00,0x80,0x00,0x00,0x01,0x89,0x00,0x06,0x00,0x00,0x18,0x00,0xE0,0x03,0x00,0x90,0x00,
	0x00,0x10,0x00,0x00,0x10,0x00,0x00,0x10,0x10,0x00,0x00,0x08,0x00,0x30,0x04,0x07,0x00,0x00,0x04,0x00,
	0x80,0x00,0x80,0x00,0x00,0x84,0x20,0x00,0x01,0x00,0x08,0x00,0x00,0x98,0x00,0x00,0x40,0x00,0x80,0x00,
	0x00,0x0E,0x80,0x20,0x00,0x00,0x03,0x00,0x81,0x0B,0x00,0x06,0x80,0x00,0x00,0x00,0x85,0xA0,0x11,0x00,
	0x70,0x61,0x00,0x81,0x01,0x00,0x02,0x80,0x00,0x00,0x24,0x01,0x08,0x04,0x00,0x00,0x88,0x80,0x32,0x04,
	0x40,0x81,0x00,0x20,0x00,0x01,0x08,0x00,0x00,0x20,0x0D,0x00,0x20,0x0A,0x00,0x00,0x01,0x00,0x40,0x00,
	0x00,0x32,0x20,0x00,0x03,0x81,0x00,0x10,0x00,0x70,0x21,0x00,0x01,0x80,0x00,0x20,0x00,0x01,0x81,0x80,
	0x00,0x03,0x00,0x81,0x02,0x01,0x81,0x00,0x0C,0x00,0x00,0x08,0x00,0x01,0x80,0x20,0x20,0x00,0x13,0x00,
	0x80,0x02,0x00,0x00,0x39,0x00,0x80,0x06,0x00,0x00,0x00,0x84,0x02,0x04,0x00,0x61,0x09,0x00,0xFE,0x03,
	0x00,0x12,0x3B,0x00,0xD6,0x30,0x00,0x00,0x8A,0x58,0x20,0x00,0x10,0x00,0x04,0x00,0x83,0x00,0x84,0x86,
	0x01,0x40,0xA0,0x02,0x98,0x42,0x00,0x10,0x00,0x06,0x48,0x48,0x04,0x20,0x00,0x00,0x10,0x30,0x00,0x40,
	0x00,0x06,0x02,0x84,0x00,0x04,0x00,0x00,0x08,0x00,0x00,0x02,0x00,0xF0,0x21,0x00,0x10,0x20,0x00,0x00,
	0x81,0x10,0x20,0x00,0x10,0x00,0x00,0x00,0x82,0x00,0x84,0x01,0x00,0x80,0x03,0x80,0x40,0x00,0x00,0x80,
	0x40,0x08,0x00,0x16,0x00,0x80,0x11,0x04,0x00,0x00,0x80,0x00,0x02,0x00,0x01,0x8D,0x1D,0x05,0x00,0x14,
	0x21,0x00,0x65,0x00,0x00,0x09,0x30,0x00,0x40,0x00,0x00,0x38,0x04,0x00,0x08,0x01,0x00,0x00,0xC0,0x00,
	0x00,0x80,0x01,0x30,0x02,0x00,0x80,0x00,0x00,0x00,0x18,0x00,0xA0,0x00,0x00,0x00,0x00,0x06,0x02,0x80,
	0x00,0x02,0x00,0x02,0x82,0xE0,0x20,0x00,0x20,0x00,0x00,0x00,0x30,0x00,0x00,0x81,0x30,0x04,0x00,0x00,
	0x01,0x00,0x00,0x81,0x00,0x80,0x01,0x20,0x00,0x00,0x00,0x80,0x00,0x08,0x00,0x15,0x00,0x81,0x02,0x00,
	0x00,0x00,0x00,0x04,0x00,0x8F,0x00,0x05,0x00,0x60,0x10,0x00,0xC0,0x0C,0x00,0xD0,0x10,0x00,0xB8,0x20,
	0x01,0x60,0x00,0x00,0x14,0x00,0x04,0x18,0x00,0x00,0x40,0x05,0x00,0x00,0xA0,0x01,0x00,0x04,0x00,0x10,
	0x20,0x02,0x36,0x10,0x00,0xC0,0x61,0x00,0x40,0x30,0x00,0xA0,0x10,0x00,0x03,0x81,0x00,0x04,0x00,0x00,
	0x10,0x00,0x00,0x82,0x18,0x00,0x00,0x40,0x20,0x00,0x20,0x00,0x00,0x00,0x81,0x10,0x00,0x00,0x40,0x05,
	0x00,0x00,0x85,0x00,0x04,0x00,0x00,0x20,0x00,0x00,0x10,0x00,0x40,0x40,0x00,0x40,0x20,0x00,0x00,0x10,
	0x00,0x06,0x80,0x18,0x00,0x00,0x03,0x80,0x40,0x00,0x00,0x06,0x81,0x00,0x20,0x00,0x00,0x03,0x00,0x00,
	0x90,0x00,0x02,0x00,0x00,0x0C,0x00,0x81,0x10,0x00,0x38,0x03,0x00,0x18,0x00,0x00,0xC5,0x82,0x00,0x60,
	0x84,0x00,0xE8,0x02,0x02,0x58,0x07,0x00,0x70,0x07,0x00,0x41,0x04,0x00,0x30,0x40,0x00,0x20,0x85,0x02,
	0x20,0x88,0x00,0x20,0x00,0x00,0xA0,0x10,0x00,0x40,0x00,0x00,0x02,0x82,0x00,0x02,0x00,0x00,0x0C,0x00,
	0x00,0x10,0x00,0x00,0x8C,0x18,0x00,0x00,0x80,0x00,0x00,0x50,0x00,0x00,0x20,0x00,0x00,0xC0,0x04,0x00,
	0x40,0x05,0x00,0x00,0x04,0x00,0x20,0x40,0x00,0x20,0x84,0x00,0x20,0x88,0x00,0x20,0x00,0x00,0x20,0x10,
	0x00,0x40,0x00,0x00,0x06,0x80,0x18,0x00,0x00,0x00,0x80,0x10,0x00,0x00,0x01,0x80,0x40,0x00,0x00,0x02,
	0x82,0x20,0x00,0x00,0x20,0x00,0x00,0x20,0x00,0x00,0x00,0x80,0x00,0x10,0x04,0x00,0x81,0x80,0x00,0x00,
	0x00,0x47,0x00,0x00,0x8E,0x00,0x02,0x00,0x80,0x01,0x00,0x80,0x00,0x00,0x00,0x01,0x00,0xB0,0x00,0x00,
	0xA0,0x0D,0x00,0x20,0x03,0x00,0x40,0x00,0x00,0x20,0x20,0x05,0x30,0x00,0x00,0x2C,0x00,0x00,0x40,0x11,
	0x00,0x40,0x30,0x00,0x40,0x00,0x00,0xE2,0x02,0x00,0x02,0x80,0x00,0x06,0x00,0x00,0x82,0x00,0x02,0x00,
	0x80,0x01,0x00,0x80,0x00,0x00,0x00,0x82,0x10,0x00,0x00,0xC0,0x0C,0x00,0x60,0x01,0x00,0x01,0x80,0x20,
	0x00,0x00,0x01,0x80,0x00,0x20,0x00,0x00,0x80,0x20,0x02,0x00,0x08,0x80,0x10,0x00,0x00,0x00,0x80,0x40,
	0x00,0x00,0x06,0x80,0x20,0x00,0x00,0x3B,0x01,0x80,0x00,0x02,0x00,0x00,0x8F,0x80,0x10,0x00,0x10,0x0D,
	0x00,0x08,0x00,0x00,0x00,0x18,0x00,0xA0,0x16,0x00,0x80,0x11,0x00,0x90,0x0D,0x00,0xE2,0x00,0x00,0xC0,
	0x01,0x00,0x40,0xE0,0x00,0x60,0x04,0x00,0xE2,0x51,0x00,0xC0,0x50,0x00,0xC0,0x11,0x00,0x40,0x01,0x07,
	0x40,0x13,0x00,0x01,0x80,0x00,0x02,0x00,0x00,0x80,0x00,0x10,0x00,0x01,0x8C,0x00,0x10,0x00,0x80,0x10,
	0x00,0x80,0x10,0x00,0x00,0x0D,0x00,0x40,0x00,0x00,0x40,0x01,0x00,0x40,0x00,0x00,0x40,0x04,0x00,0xA0,
	0x50,0x00,0xC0,0x40,0x00,0xC0,0x10,0x00,0x40,0x00,0x00,0x40,0x10,0x00,0x0A,0x80,0x40,0x00,0x00,0x02,
	0x84,0x20,0x00,0x00,0x40,0x00,0x00,0x40,0x00,0x00,0x40,0x00,0x00,0x40,0x00,0x00,0x80,0x00,0x00,0x04,
	0x00,0x81,0x00,0x00,0x04,0x42,0x48,0x00,0x00,0x80,0x00,0x02,0x00,0x01,0x82,0x08,0x00,0x00,0x00,0x08,
	0x00,0x28,0x02,0x00,0x00,0x87,0x20,0x00,0x00,0x30,0x84,0x00,0x60,0x10,0x00,0x20,0x18,0x02,0x20,0x00,
	0x00,0x60,0x01,0x00,0xE0,0x01,0x01,0xC2,0xE1,0x00,0x02,0x80,0x00,0x08,0x00,0x04,0x80,0x00,0x08,0x00,
	0x01,0x83,0x20,0x00,0x00,0x00,0x04,0x00,0x60,0x10,0x00,0x00,0x08,0x00,0x01,0x81,0x80,0x00,0x00,0x80,
	0xE2,0x00,0x0B,0x80,0x20,0x00,0x00,0x00,0x80,0x20,0x00,0x00,0x04,0x85,0x0C,0x20,0x00,0xC0,0x00,0x00,
	0x00,0x00,0x04,0x00,0x48,0x00,0x80,0x10,0x00,0x00,0x22,0x00,0x00,0x81,0x40,0x00,0x00,0x10,0x00,0x00,
	0x00,0x89,0x08,0x04,0x01,0xED,0x00,0x00,0x02,0x04,0x00,0x70,0x01,0x00,0x80,0x10,0x04,0x14,0x30,0x04,
	0x80,0x20,0x00,0x80,0x08,0x04,0x80,0x04,0x06,0x81,0x00,0x00,0x02,0x81,0x00,0x08,0x00,0x00,0x10,0x00,
	0x01,0x80,0x40,0x00,0x00,0x01,0x88,0x00,0x04,0x00,0xC0,0x00,0x00,0x00,0x04,0x00,0x20,0x01,0x00,0x80,
	0x10,0x00,0x00,0x20,0x00,0x00,0x20,0x00,0x00,0x08,0x00,0x00,0x04,0x00,0x0B,0x80,0x40,0x00,0x00,0x00,
	0x80,0x20,0x00,0x00,0x05,0x83,0x00,0x08,0x00,0x20,0x00,0x00,0x00,0x00,0x04,0x00,0x41,0x00,0x00,0x8E,
	0x00,0xBC,0x00,0x0A,0x10,0x02,0x20,0x00,0x00,0x00,0x08,0x00,0xBC,0x00,0x00,0x50,0x00,0x00,0x80,0x81,
	0x01,0x91,0x40,0x00,0x91,0x00,0x04,0x10,0x09,0x03,0x94,0x11,0x00,0xD1,0x19,0x04,0x10,0x03,0x04,0x82,
	0x67,0x00,0x63,0xB3,0x00,0x04,0x81,0x00,0x10,0x00,0x00,0x10,0x00,0x00,0x81,0x00,0x08,0x00,0xA0,0x00,
	0x00,0x00,0x88,0x80,0x00,0x00,0x90,0x00,0x00,0x90,0x00,0x00,0x10,0x09,0x00,0x90,0x11,0x00,0x50,0x19,
	0x00,0x10,0x01,0x00,0x80,0x65,0x00,0x20,0x81,0x00,0x0B,0x87,0x10,0x00,0x00,0x10,0x00,0x00,0x10,0x00,
	0x00,0x10,0x00,0x00,0x50,0x00,0x00,0x10,0x00,0x00,0x80,0x00,0x00,0x20,0x00,0x00,0x80,0x04,0x10,0x00,
	0x00,0x81,0x00,0x02,0x00,0x40,0x30,0x04,0x00,0x8E,0x00,0x01,0x00,0x80,0x00,0x02,0xC0,0x00,0x00,0x00,
	0x00,0x01,0x22,0x00,0x00,0xA0,0x10,0x01,0x00,0x01,0x06,0x41,0xB4,0x04,0x08,0x00,0x04,0x4C,0x08,0x01,
	0x48,0x00,0x00,0x30,0x00,0x00,0x50,0x02,0x00,0x52,0x1A,0x00,0x2F,0x06,0x00,0x01,0x80,0x00,0x02,0x00,
	0x02,0x81,0x80,0x00,0x00,0xC0,0x00,0x00,0x00,0x81,0x20,0x00,0x00,0x20,0x00,0x00,0x00,0x80,0x40,0x04,
	0x00,0x00,0x80,0x40,0x08,0x00,0x02,0x81,0x10,0x18,0x00,0x20,0x00,0x00,0x11,0x81,0x10,0x00,0x00,0x20,
	0x00,0x00,0x3B,0x80,0x00,0x10,0x00,0x00,0x80,0x80,0x00,0x04,0x01,0x83,0x00,0x03,0x00,0x04,0x01,0x00,
	0x04,0x00,0x00,0xA0,0x00,0x00,0x00,0x80,0x10,0x89,0x01,0x00,0x87,0x06,0x10,0x00,0x34,0x00,0x00,0x38,
	0x00,0x04,0x20,0x08,0x00,0x84,0x00,0x00,0x84,0x00,0x00,0x90,0x40,0x00,0x41,0x78,0x00,0x04,0x81,0x00,
	0x02,0x00,0x00,0x01,0x00,0x00,0x80,0x80,0x00,0x00,0x00,0x80,0x00,0x01,0x00,0x00,0x84,0x08,0x00,0x00,
	0x20,0x00,0x00,0x20,0x00,0x00,0x00,0x08,0x00,0x80,0x00,0x00,0x00,0x81,0x80,0x40,0x00,0x40,0x40,0x00,
	0x0C,0x81,0x20,0x00,0x00,0x20,0x00,0x00,0x02,0x81,0x80,0x00,0x00,0x40,0x00,0x00,0x80,0x00,0x04,0x00,
	0x00,0x81,0x00,0x00,0x02,0x44,0x04,0x01,0x00,0x81,0x8A,0x80,0x00,0x00,0x08,0x00,0x00,0x8B,0x10,0x00,
	0x01,0xB0,0x00,0x03,0xAC,0x18,0x00,0xC8,0x01,0x00,0x44,0x84,0x00,0x20,0x00,0x04,0x9B,0x01,0x02,0x1E,
	0x01,0x00,0x6C,0x00,0x04,0x08,0x31,0x03,0xA0,0x18,0x00,0x81,0x20,0x00,0x02,0x80,0x00,0x04,0x00,0x04,
	0x8A,0x80,0x00,0x00,0xA0,0x00,0x00,0x48,0x00,0x00,0x04,0x04,0x00,0x20,0x00,0x00,0x08,0x01,0x00,0x08,
	0x01,0x00,0x28,0x00,0x00,0x08,0x31,0x00,0x00,0x08,0x00,0x00,0x20,0x00,0x0A,0x80,0x40,0x00,0x00,0x00,
	0x84,0x20,0x00,0x00,0x08,0x00,0x00,0x08,0x00,0x00,0x28,0x00,0x00,0x08,0x00,0x00,0x01,0x80,0x08,0x00,
	0x00,0x01,0x80,0x00,0x01,0x02,0x00,0x8E,0x00,0x40,0x00,0x00,0x02,0x00,0x01,0x48,0x00,0x40,0x40,0x00,
	0x00,0x02,0x04,0x14,0x40,0x00,0x6C,0x02,0x00,0xFA,0x80,0x02,0x6E,0x01,0x00,0x20,0x00,0x00,0x01,0x00,
	0x00,0x10,0x01,0x00,0x60,0x28,0x03,0x08,0x35,0x00,0x18,0x19,0x00,0x02,0x80,0x00,0x01,0x00,0x02,0x80,
	0x00,0x08,0x00,0x02,0x83,0x2C,0x02,0x00,0xFA,0x00,0x00,0x04,0x01,0x00,0x20,0x00,0x00,0x00,0x83,0x00,
	0x01,0x00,0x40,0x28,0x00,0x08,0x21,0x00,0x10,0x11,0x00,0x0B,0x80,0x70,0x00,0x00,0x00,0x80,0x20,0x00,
	0x00,0x01,0x82,0x40,0x00,0x00,0x08,0x00,0x00,0x10,0x00,0x00,0x01,0x91,0xC0,0x01,0x01,0xC0,0x00,0x00,
	0x00,0x09,0x00,0x84,0x4A,0x00,0x00,0x08,0x00,0x0A,0x07,0x00,0x20,0x02,0x00,0x48,0x04,0x02,0x25,0x00,
	0x00,0xD0,0x04,0x00,0x89,0x40,0x00,0xC9,0x00,0x00,0x48,0x00,0x00,0x1A,0x00,0x00,0x08,0x04,0x00,0x0C,
	0x14,0x00,0x0E,0x10,0x00,0xC0,0x00,0x00,0x03,0x83,0x00,0x08,0x00,0x00,0x0A,0x00,0x00,0x08,0x00,0x00,
	0x01,0x00,0x00,0x80,0x00,0x04,0x00,0x00,0x83,0x40,0x04,0x00,0x01,0x00,0x00,0x08,0x00,0x00,0x40,0x00,
	0x00,0x01,0x82,0x00,0x10,0x00,0x00,0x10,0x00,0x40,0x00,0x00,0x0C,0x80,0x48,0x00,0x00,0x04,0x80,0x40,
	0x00,0x00,0x02,0x90,0x00,0x81,0x00,0x80,0x02,0x00,0x00,0x20,0x00,0x00,0x01,0x00,0x10,0x04,0x00,0x0C,
	0x05,0x00,0x00,0x00,0x01,0x30,0x02,0x00,0xAA,0x01,0x00,0xE8,0xA1,0x00,0x4E,0x01,0x02,0x94,0x05,0x00,
	0x40,0x04,0x04,0x21,0x04,0x00,0x60,0x04,0x00,0x84,0x24,0x06,0x80,0x04,0x00,0x02,0x81,0x00,0x01,0x00,
	0x00,0x02,0x00,0x00,0x82,0x00,0x01,0x00,0x00,0x04,0x00,0x00,0x05,0x00,0x00,0x84,0x00,0x02,0x00,0xA2,
	0x00,0x00,0xC8,0x01,0x00,0x86,0x00,0x00,0x40,0x00,0x00,0x00,0x81,0x20,0x00,0x00,0x20,0x00,0x00,0x00,
	0x80,0x80,0x00,0x00,0x0B,0x80,0xC8,0x00,0x00,0x00,0x80,0x40,0x00,0x00,0x00,0x81,0x20,0x00,0x00,0x20,
	0x00,0x00,0x00,0x80,0x80,0x00,0x00,0x3B,0x01,0x91,0x80,0x00,0x00,0x40,0x00,0x00,0x00,0x01,0x00,0x84,
	0x01,0x00,0x40,0x00,0x00,0x00,0x41,0x00,0x80,0x00,0x00,0x00,0x02,0x00,0x2E,0x02,0x04,0x30,0x0B,0x00,
	0xD0,0x09,0x06,0x0B,0x8B,0x01,0x10,0x0F,0x00,0x80,0x08,0x02,0xC4,0x0C,0x00,0x24,0x04,0x00,0x01,0x21,
	0x06,0x58,0x01,0x00,0x03,0x83,0x00,0x01,0x00,0x80,0x01,0x00,0x40,0x04,0x00,0x00,0x01,0x00,0x00,0x8A,
	0x00,0x02,0x00,0x24,0x02,0x00,0x20,0x0B,0x00,0x90,0x09,0x00,0x83,0x08,0x00,0x80,0x08,0x00,0x80,0x08,
	0x00,0x84,0x08,0x00,0x24,0x00,0x00,0x00,0x01,0x00,0x58,0x01,0x00,0x0B,0x81,0x90,0x00,0x00,0x80,0x00,
	0x00,0x01,0x81,0x04,0x00,0x00,0x24,0x00,0x00,0x00,0x80,0x58,0x00,0x00,0x01,0x91,0x00,0x01,0x04,0x00,
	0x01,0x00,0x00,0x04,0x04,0x00,0xE0,0x00,0xC0,0x04,0x00,0x00,0x00,0x04,0x04,0x00,0x00,0xE0,0x02,0x00,
	0x58,0x05,0x00,0x00,0x0C,0x00,0x20,0x0D,0x00,0x74,0x8D,0x07,0x08,0x0F,0x00,0x08,0x09,0x02,0x2C,0x84,
	0x00,0x05,0x01,0x04,0xA0,0x04,0x00,0x36,0x01,0x00,0x02,0x81,0x00,0x01,0x00,0x00,0x04,0x00,0x00,0x80,
	0xC0,0x04,0x00,0x01,0x81,0x00,0x02,0x00,0x40,0x04,0x00,0x02,0x85,0x00,0x01,0x00,0x00,0x01,0x00,0x24,
	0x00,0x00,0x44,0x01,0x00,0x80,0x00,0x00,0xA0,0x01,0x00,0x0C,0x80,0x00,0x01,0x00,0x01,0x83,0x24,0x00,
	0x00,0x44,0x00,0x00,0x80,0x00,0x00,0xA0,0x00,0x00,0x02,0x80,0x40,0x02,0x04,0x00,0x8E,0x84,0x80,0x04,
	0x80,0x00,0x00,0x60,0x44,0x02,0xC0,0x00,0x00,0xC8,0x00,0x01,0x00,0xCA,0x03,0x18,0x04,0x00,0x2C,0x02,
	0x00,0xDD,0x01,0x04,0x6C,0x00,0x00,0x2C,0x04,0x04,0x14,0x88,0x00,0xFA,0x00,0x04,0x34,0x04,0x00,0xFE,
	0x0E,0x00,0x02,0x80,0x00,0x02,0x00,0x00,0x82,0x80,0x00,0x00,0x80,0x00,0x00,0x00,0x04,0x00,0x00,0x8A,
	0x40,0x00,0x00,0x00,0x08,0x00,0x10,0x00,0x00,0x2C,0x02,0x00,0xD9,0x03,0x00,0x68,0x00,0x00,0x28,0x00,
	0x00,0x10,0x00,0x00,0x60,0x00,0x00,0x88,0x00,0x00,0x84,0x0E,0x00,0x0A,0x88,0x10,0x00,0x00,0x28,0x00,
	0x00,0xD8,0x01,0x00,0x68,0x00,0x00,0x28,0x00,0x00,0x10,0x00,0x00,0x60,0x00,0x00,0x88,0x00,0x00,0x04,
	0x00,0x00,0x80,0x00,0x02,0x00,0x00,0x80,0x20,0x01,0x00,0x00,0x8F,0x70,0x04,0x00,0x20,0x01,0x00,0x1F,
	0x00,0x00,0x68,0x00,0x02,0xC0,0x01,0x04,0x28,0x07,0x02,0x88,0x08,0x00,0x78,0x00,0x04,0x70,0x15,0x00,
	0x21,0x11,0x00,0xBC,0x07,0x00,0x60,0x01,0x04,0x53,0x00,0x00,0x47,0x00,0x04,0x6C,0x02,0x00,0x10,0x00,
	0x00,0x01,0x80,0x00,0x01,0x00,0x00,0x81,0x00,0x04,0x00,0x00,0x01,0x00,0x01,0x8B,0xC0,0x01,0x00,0xA8,
	0x04,0x00,0x08,0x00,0x00,0x38,0x00,0x00,0x38,0x10,0x00,0x29,0x10,0x00,0x10,0x03,0x00,0x18,0x01,0x00,
	0x08,0x00,0x00,0x18,0x00,0x00,0x70,0x02,0x00,0x08,0x00,0x00,0x0A,0x88,0x10,0x00,0x00,0x30,0x00,0x00,
	0x20,0x00,0x00,0x10,0x00,0x00,0x10,0x00,0x00,0x08,0x00,0x00,0x18,0x00,0x00,0x70,0x00,0x00,0x08,0x00,
	0x00,0x01,0x91,0x60,0x00,0x00,0x60,0x00,0x00,0x28,0x00,0x00,0xB8,0x09,0x00,0xC0,0x08,0x04,0xE8,0x00,
	0x04,0xE8,0x45,0x00,0x04,0x0C,0x01,0x1C,0x00,0x00,0xC2,0x00,0x02,0xAD,0x10,0x00,0xEA,0x16,0x00,0x61,
	0x02,0x00,0xFA,0x00,0x00,0xD2,0x0C,0x00,0xD0,0x01,0x00,0x90,0x0D,0x00,0x68,0x02,0x00,0x04,0x8E,0x80,
	0x09,0x00,0xC0,0x08,0x00,0xE0,0x00,0x00,0x20,0x04,0x00,0x00,0x08,0x00,0x04,0x00,0x00,0x12,0x00,0x00,
	0x1D,0x10,0x00,0x1A,0x12,0x00,0x31,0x02,0x00,0xF8,0x00,0x00,0xF0,0x00,0x00,0x70,0x01,0x00,0xF8,0x0D,
	0x00,0x68,0x02,0x00,0x11,0x81,0x08,0x00,0x00,0x08,0x00,0x00,0x3B,0x80,0x00,0x0E,0x00,0x00,0x90,0x00,
	0x01,0x04,0x80,0x29,0x00,0x10,0x00,0x00,0x10,0x00,0x00,0x10,0x03,0x00,0xB0,0x09,0x00,0x00,0x04,0x00,
	0x6A,0x00,0x00,0x59,0x08,0x00,0x24,0x01,0x00,0x22,0x00,0x00,0xED,0x01,0x00,0xDE,0x04,0x00,0x02,0x08,
	0x04,0x34,0x00,0x00,0x8B,0x06,0x02,0x10,0x00,0x00,0x02,0x82,0x00,0x01,0x00,0x80,0x01,0x00,0x40,0x00,
	0x00,0x01,0x8C,0x20,0x08,0x00,0x00,0x04,0x00,0x38,0x00,0x00,0x11,0x00,0x00,0x24,0x00,0x00,0x62,0x00,
	0x00,0xE5,0x01,0x00,0xD2,0x00,0x00,0x10,0x00,0x00,0x30,0x00,0x00,0x80,0x02,0x00,0x10,0x00,0x00,0x10,
	0x00,0x00,0x12,0x80,0x10,0x00,0x00,0x80,0x00,0x02,0x00,0x00,0x91,0x00,0x02,0x06,0x20,0x02,0x00,0xC0,
	0x06,0x04,0x40,0x16,0x00,0x10,0x95,0x00,0x80,0x01,0x04,0x70,0x00,0x00,0x48,0x00,0x00,0x49,0x00,0x00,
	0x18,0x0A,0x00,0x8C,0x09,0x00,0x12,0x08,0x00,0x2F,0x08,0x00,0x10,0x04,0x00,0x28,0x00,0x00,0x18,0x08,
	0x02,0x1A,0x00,0x00,0x04,0x00,0x00,0x02,0x83,0x00,0x02,0x00,0xC0,0x06,0x00,0x40,0x10,0x00,0x00,0x10,
	0x00,0x00,0x80,0x20,0x00,0x00,0x00,0x85,0x09,0x00,0x00,0x08,0x00,0x00,0x8C,0x01,0x00,0x1A,0x00,0x00,
	0x27,0x00,0x00,0x20,0x00,0x00,0x00,0x80,0x18,0x08,0x00,0x00,0x80,0x24,0x00,0x00,0x10,0x80,0x08,0x00,
	0x00,0x00,0x80,0x04,0x00,0x00,0x93,0x08,0x0C,0x00,0x00,0x02,0x00,0x80,0x01,0x00,0x40,0x87,0x01,0x08,
	0x21,0x00,0x18,0x07,0x00,0x00,0x46,0x01,0x60,0x09,0x04,0xB0,0x40,0x00,0x30,0x08,0x00,0x18,0x00,0x00,
	0x98,0x00,0x00,0x0D,0x06,0x00,0x14,0x02,0x00,0x1C,0x02,0x06,0x4B,0x08,0x04,0x41,0x08,0x04,0x18,0x04,
	0x00,0x21,0x40,0x00,0x40,0x00,0x00,0x02,0x81,0x80,0x00,0x00,0x00,0x01,0x00,0x01,0x80,0x40,0x08,0x00,
	0x00,0x81,0x30,0x08,0x00,0x10,0x00,0x00,0x00,0x87,0x08,0x06,0x00,0x14,0x02,0x00,0x1C,0x02,0x00,0x48,
	0x08,0x00,0x40,0x08,0x00,0x00,0x04,0x00,0x20,0x00,0x00,0x40,0x00,0x00,0x13,0x80,0x20,0x10,0x00,0x00,
	0x90,0x00,0xC1,0x00,0x80,0x01,0x00,0x20,0x4E,0x00,0x70,0x01,0x02,0x00,0x18,0x00,0xE0,0x21,0x00,0x40,
	0x40,0x02,0x10,0x84,0x04,0x89,0x08,0x00,0x18,0x00,0x01,0x1D,0x08,0x00,0x18,0x0A,0x00,0x20,0x0C,0x00,
	0x91,0x00,0x04,0x00,0x04,0x00,0x10,0x00,0x04,0x01,0x40,0x00,0x03,0x85,0x80,0x01,0x00,0xA0,0x00,0x00,
	0x60,0x00,0x00,0x00,0x18,0x00,0xC0,0x00,0x00,0x40,0x00,0x00,0x00,0x87,0x01,0x08,0x00,0x10,0x00,0x00,
	0x10,0x08,0x00,0x18,0x0A,0x00,0x20,0x08,0x00,0xB0,0x00,0x00,0x20,0x00,0x00,0x10,0x00,0x00,0x04,0x80,
	0x80,0x01,0x00,0x0C,0x80,0x10,0x00,0x00,0x01,0x00,0x92,0x20,0x00,0x00,0x00,0x40,0x00,0x80,0x06,0x03,
	0x60,0x15,0x00,0xC0,0x1F,0x00,0x20,0x28,0x02,0x80,0x07,0x04,0x14,0x01,0x04,0xA1,0x40,0x00,0x20,0x00,
	0x00,0x2D,0x08,0x03,0x10,0x00,0x00,0x10,0x00,0x00,0x00,0x03,0x02,0xC0,0x04,0x04,0x10,0x04,0x00,0x58,
	0x00,0x00,0x10,0x00,0x00,0x00,0x02,0x00,0x02,0x84,0x80,0x01,0x00,0x20,0x00,0x00,0xC0,0x1F,0x00,0x20,
	0x08,0x00,0x80,0x07,0x00,0x00,0x82,0x20,0x00,0x00,0x20,0x00,0x00,0x21,0x08,0x00,0x01,0x85,0x00,0x03,
	0x00,0xC0,0x00,0x00,0x10,0x04,0x00,0x60,0x00,0x00,0x10,0x00,0x00,0x00,0x02,0x00,0x02,0x80,0x80,0x01,
	0x00,0x0D,0x80,0x10,0x00,0x00,0x00,0x3B,0x91,0x08,0x00,0x00,0x80,0x00,0x00,0x20,0x00,0x00,0xE0,0x01,
	0x00,0xC0,0x1B,0x02,0x04,0x96,0x01,0x50,0x08,0x00,0x00,0x01,0x00,0x48,0x80,0x05,0x21,0x20,0x00,0x11,
	0x00,0x00,0x03,0x01,0x04,0x36,0x00,0x00,0x34,0x06,0x00,0x00,0x07,0x00,0x08,0x0C,0x00,0x48,0x00,0x02,
	0x94,0x00,0x00,0x00,0x80,0x14,0x00,0x00,0x02,0x81,0x00,0x01,0x00,0x00,0x10,0x00,0x00,0x81,0x00,0x08,
	0x00,0x00,0x01,0x00,0x01,0x87,0x01,0x00,0x00,0x03,0x00,0x00,0x26,0x00,0x00,0x34,0x06,0x00,0x00,0x07,
	0x00,0x08,0x04,0x00,0x48,0x00,0x00,0x80,0x00,0x00,0x00,0x80,0x14,0x00,0x00,0x03,0x80,0x00,0x10,0x00,
	0x07,0x80,0x10,0x00,0x00,0x01,0x80,0x08,0x00,0x00,0x01,0x80,0x14,0x00,0x00,0x80,0x20,0x06,0x00,0x00,
	0x88,0xE0,0x01,0x00,0x80,0x00,0x00,0xC0,0x43,0x02,0x10,0x28,0x00,0x80,0x04,0x00,0x90,0x06,0x02,0xA0,
	0x02,0x00,0x46,0x02,0x02,0x48,0x00,0x00,0x00,0x81,0x0A,0x00,0x00,0x2E,0x00,0x00,0x00,0x81,0x4C,0x08,
	0x00,0x11,0x1E,0x00,0x00,0x81,0x08,0x01,0x00,0x04,0x00,0x00,0x02,0x8A,0x80,0x00,0x00,0xC0,0x03,0x00,
	0x10,0x00,0x00,0x00,0x04,0x00,0x00,0x06,0x00,0x80,0x02,0x00,0x40,0x00,0x00,0x40,0x00,0x00,0x04,0x00,
	0x00,0x02,0x00,0x00,0x1C,0x00,0x00,0x01,0x80,0x10,0x02,0x00,0x00,0x81,0x00,0x01,0x00,0x04,0x00,0x00,
	0x0C,0x80,0x10,0x00,0x00,0x04,0x80,0x04,0x00,0x00,0x86,0x00,0x08,0x00,0x80,0x00,0x00,0x00,0x00,0x02,
	0x00,0x81,0x00,0x10,0x18,0x00,0xC0,0x23,0x00,0xC0,0x03,0x00,0x00,0x8A,0x00,0x82,0x00,0x48,0x04,0x00,
	0x0C,0x01,0x00,0x6A,0x04,0x00,0x7C,0x01,0x00,0x52,0x00,0x00,0x4A,0x00,0x00,0x00,0x02,0x04,0x14,0x0C,
	0x00,0x92,0x00,0x00,0x60,0x01,0x00,0x03,0x83,0x00,0x01,0x00,0x00,0x10,0x00,0xC0,0x01,0x00,0x00,0x03,
	0x00,0x00,0x87,0x00,0x02,0x00,0x00,0x04,0x00,0x04,0x00,0x00,0x62,0x04,0x00,0x6C,0x01,0x00,0x50,0x00,
	0x00,0x08,0x00,0x00,0x10,0x02,0x00,0x00,0x81,0x80,0x00,0x00,0x40,0x01,0x00,0x04,0x80,0x00,0x10,0x00,
	0x0E,0x00,0x80,0x20,0x00,0x00,0x00,0x89,0x00,0x40,0x00,0x00,0x22,0x00,0x48,0x06,0x00,0x00,0x15,0x00,
	0x00,0x04,0x00,0x40,0x00,0x00,0x00,0x01,0x07,0x08,0x04,0x00,0x1C,0x00,0x00,0x10,0x01,0x00,0x00,0x84,
	0x90,0x00,0x00,0x90,0x00,0x04,0x20,0x10,0x02,0x11,0x20,0x00,0x02,0x01,0x00,0x04,0x83,0x00,0x02,0x00,
	0x40,0x02,0x00,0x00,0x01,0x00,0x00,0x04,0x00,0x01,0x86,0x08,0x04,0x00,0x0C,0x00,0x00,0x00,0x01,0x00,
	0x20,0x00,0x00,0x10,0x00,0x00,0x10,0x00,0x00,0x20,0x00,0x00,0x00,0x80,0x00,0x01,0x00,0x0F,0x80,0x10,
	0x00,0x00,0x03,0x01,0x91,0x00,0x02,0x02,0x20,0x00,0x04,0x10,0x18,0x00,0x14,0x10,0x00,0x10,0x1E,0x00,
	0x90,0x00,0x00,0x80,0x00,0x00,0x10,0x26,0x00,0x14,0x00,0x00,0x14,0x02,0x00,0x38,0x00,0x00,0x10,0x00,
	0x00,0x04,0x00,0x00,0x70,0x00,0x00,0x78,0x00,0x04,0x01,0x04,0x00,0x00,0x01,0x00,0x02,0x00,0x00,0x04,
	0x81,0x10,0x00,0x00,0x00,0x02,0x00,0x01,0x81,0x00,0x04,0x00,0x04,0x00,0x00,0x00,0x84,0x38,0x00,0x00,
	0x10,0x00,0x00,0x10,0x00,0x00,0x20,0x00,0x00,0x58,0x00,0x00,0x00,0x80,0x00,0x01,0x00,0x0E,0x80,0x10,
	0x00,0x00,0x00,0x80,0x18,0x00,0x00,0x02,0x05,0x80,0x01,0x00,0x00,0x34,0x00,0x81,0x00,0x02,0x00,0x00,
	0x01,0x00,0x00,0x8F,0x60,0x00,0x00,0x00,0x0A,0x00,0x20,0x02,0x04,0x08,0x00,0x01,0x0C,0x00,0x00,0x80,
	0x80,0x00,0x08,0x16,0x00,0x1A,0x00,0x00,0x60,0x02,0x00,0x58,0x00,0x00,0x09,0x08,0x00,0x81,0x00,0x00,
	0x20,0x00,0x00,0x20,0x24,0x00,0xC2,0x00,0x00,0x10,0x02,0x00,0x03,0x82,0x60,0x00,0x00,0x00,0x02,0x00,
	0x20,0x02,0x00,0x01,0x84,0x80,0x00,0x00,0x08,0x04,0x00,0x18,0x00,0x00,0x20,0x02,0x00,0x48,0x00,0x00,
	0x01,0x83,0x20,0x00,0x00,0x20,0x00,0x00,0x80,0x00,0x00,0x10,0x02,0x00,0x0F,0x81,0x20,0x00,0x00,0x20,
	0x00,0x00,0x00,0x80,0x10,0x00,0x00,0x01,0x81,0x00,0x00,0x01,0x40,0x01,0x00,0x01,0x89,0x00,0x04,0x00,
	0x00,0x40,0x00,0x04,0x04,0x00,0x58,0x40,0x00,0x10,0x00,0x03,0x02,0x00,0x00,0x42,0x00,0x00,0x84,0x00,
	0x00,0x21,0x06,0x00,0x14,0x00,0x04,0x00,0x82,0xC8,0x00,0x00,0x02,0x03,0x00,0xC0,0x02,0x00,0x02,0x80,
	0x00,0x01,0x00,0x03,0x82,0x00,0x04,0x00,0x18,0x00,0x00,0x10,0x00,0x00,0x02,0x80,0x20,0x02,0x00,0x01,
	0x82,0x88,0x00,0x00,0x00,0x03,0x00,0x80,0x02,0x00,0x10,0x80,0x08,0x00,0x00,0x01,0x01,0x82,0x80,0x00,
	0x00,0x80,0x00,0x00,0x10,0x00,0x00,0x00,0x8D,0x06,0x0C,0x00,0x98,0x00,0x00,0xC4,0x00,0x00,0x98,0x00,
	0x00,0x00,0x10,0x00,0x22,0x04,0x00,0x02,0x0E,0x00,0xD8,0x06,0x00,0xB4,0x04,0x02,0x04,0x02,0x02,0xC6,
	0x00,0x00,0x42,0x02,0x00,0x88,0x02,0x00,0x48,0x00,0x00,0x02,0x80,0x80,0x00,0x00,0x02,0x80,0x80,0x00,
	0x00,0x00,0x80,0x98,0x00,0x00,0x00,0x88,0x20,0x04,0x00,0x00,0x0E,0x00,0x00,0x06,0x00,0x30,0x00,0x00,
	0x00,0x02,0x00,0x80,0x00,0x00,0x40,0x02,0x00,0x08,0x02,0x00,0x08,0x00,0x00,0x0D,0x80,0x10,0x00,0x00,
	0x01,0x82,0x40,0x00,0x00,0x08,0x00,0x00,0x08,0x00,0x00,0x02,0x88,0x00,0x00,0x01,0x10,0x00,0x00,0x28,
	0x00,0x00,0x08,0x02,0x02,0x10,0x21,0x00,0x28,0x82,0x00,0x48,0x00,0x00,0x18,0x88,0x00,0x20,0x0C,0x00,
	0x00,0x84,0x38,0x08,0x00,0x56,0x08,0x02,0xCD,0x00,0x02,0x00,0x02,0x00,0x80,0x01,0x00,0x00,0x80,0x00,
	0x04,0x00,0x04,0x88,0x20,0x00,0x00,0x00,0x02,0x00,0x00,0x01,0x00,0x08,0x00,0x00,0x08,0x00,0x00,0x18,
	0x08,0x00,0x00,0x0C,0x00,0x40,0x00,0x00,0x10,0x08,0x00,0x00,0x82,0xC0,0x00,0x00,0x00,0x02,0x00,0x00,
	0x01,0x00,0x00,0x80,0x00,0x04,0x00,0x13,0x01,0x83,0x40,0x80,0x00,0x80,0x00,0x00,0xA0,0x02,0x00,0x40,
	0x02,0x00,0x00,0x8C,0x68,0x24,0x00,0x20,0x04,0x00,0x50,0x0C,0x00,0xA0,0x00,0x01,0x68,0x12,0x00,0x80,
	0x1C,0x00,0xC0,0x14,0x00,0x52,0x00,0x04,0x00,0x09,0x03,0x52,0x00,0x00,0x80,0x06,0x00,0x22,0x00,0x00,
	0x50,0x01,0x00,0x03,0x81,0xA0,0x02,0x00,0x40,0x02,0x00,0x00,0x80,0x48,0x04,0x00,0x00,0x80,0x00,0x08,
	0x00,0x00,0x88,0x48,0x12,0x00,0x80,0x1C,0x00,0x80,0x14,0x00,0x50,0x00,0x00,0x10,0x01,0x00,0x50,0x00,
	0x00,0x80,0x06,0x00,0x20,0x00,0x00,0x10,0x01,0x00,0x0E,0x84,0x10,0x00,0x00,0x50,0x00,0x00,0x80,0x00,
	0x00,0x20,0x00,0x00,0x10,0x00,0x00,0x3B,0x01,0x91,0x00,0x01,0x00,0x00,0x47,0x00,0x40,0x00,0x00,0x08,
	0x00,0x00,0x60,0xE0,0x01,0x4C,0x40,0x00,0x0C,0x08,0x00,0x0C,0x00,0x00,0xEC,0x90,0x02,0x56,0x31,0x00,
	0xE8,0x24,0x00,0xBC,0x2C,0x00,0xC8,0x04,0x00,0x82,0x08,0x01,0x00,0x04,0x00,0x14,0x05,0x00,0x40,0x00,
	0x00,0x28,0x08,0x00,0x02,0x81,0x00,0x03,0x00,0x40,0x00,0x00,0x00,0x8D,0x40,0x00,0x00,0x0C,0x00,0x00,
	0x0C,0x08,0x00,0x0C,0x00,0x00,0x4C,0x10,0x00,0x30,0x21,0x00,0x88,0x24,0x00,0xC8,0x2C,0x00,0xA0,0x04,
	0x00,0x20,0x00,0x00,0x00,0x04,0x00,0x10,0x04,0x00,0x40,0x00,0x00,0x28,0x08,0x00,0x0E,0x80,0x20,0x00,
	0x00,0x00,0x82,0x10,0x00,0x00,0x40,0x00,0x00,0x28,0x00,0x00,0x01,0x91,0x80,0x00,0x00,0x00,0x45,0x02,
	0xC0,0x01,0x00,0x88,0x00,0x00,0x80,0x00,0x00,0x28,0x00,0x04,0x22,0x00,0x04,0x40,0x10,0x00,0x60,0x12,
	0x00,0x5C,0x15,0x00,0x60,0x70,0x00,0x00,0x68,0x00,0x1E,0x00,0x00,0x20,0x04,0x02,0xE0,0x09,0x00,0x00,
	0x0C,0x00,0x80,0x06,0x00,0x9E,0x02,0x00,0x03,0x8F,0x40,0x01,0x00,0x80,0x00,0x00,0x80,0x00,0x00,0x00,
	0x00,0x04,0x02,0x00,0x04,0x40,0x10,0x00,0x20,0x00,0x00,0x1C,0x05,0x00,0x40,0x50,0x00,0x20,0x48,0x00,
	0x18,0x00,0x00,0x20,0x04,0x00,0x20,0x09,0x00,0x00,0x0C,0x00,0x80,0x06,0x00,0x18,0x02,0x00,0x0E,0x81,
	0x20,0x00,0x00,0x20,0x00,0x00,0x00,0x81,0x80,0x00,0x00,0x18,0x00,0x00,0x01,0x91,0x00,0x01,0x00,0x08,
	0x02,0x00,0x00,0x04,0x00,0x00,0x04,0x00,0x00,0x05,0x04,0x04,0x00,0x00,0x84,0x02,0x00,0x26,0x01,0x04,
	0x04,0x20,0x00,0x20,0x02,0x00,0x64,0x20,0x00,0x5C,0xA8,0x00,0x94,0x68,0x00,0xC0,0x01,0x00,0xCE,0x01,
	0x00,0x00,0x06,0x00,0xD0,0x03,0x00,0x90,0x16,0x00,0x02,0x90,0x00,0x02,0x00,0x00,0x04,0x00,0x00,0x04,
	0x00,0x00,0x05,0x04,0x04,0x00,0x00,0x84,0x00,0x00,0x06,0x00,0x04,0x04,0x20,0x00,0x00,0x02,0x00,0x64,
	0x00,0x00,0x04,0x88,0x00,0x84,0x68,0x00,0x00,0x01,0x00,0x00,0x01,0x00,0x80,0x07,0x00,0x50,0x07,0x00,
	0x00,0x16,0x00,0x10,0x81,0x80,0x00,0x00,0xD0,0x00,0x00,0x00,0x80,0x00,0x00,0x04,0x01,0x82,0x08,0x02,
	0x00,0x00,0x01,0x04,0x00,0x01,0x04,0x01,0x8C,0x90,0x00,0x00,0x40,0x00,0x00,0x40,0x11,0x00,0x80,0x00,
	0x00,0x00,0x0F,0x00,0x78,0x1B,0x00,0x08,0x81,0x00,0x40,0x02,0x00,0x88,0x09,0x00,0x60,0x0C,0x00,0x80,
	0x01,0x00,0xD8,0x0B,0x00,0x00,0x00,0x04,0x02,0x81,0x00,0x00,0x04,0x00,0x01,0x04,0x01,0x81,0x80,0x00,
	0x00,0x40,0x00,0x00,0x00,0x88,0x80,0x00,0x00,0x00,0x0F,0x00,0x50,0x1B,0x00,0x48,0x81,0x00,0x00,0x03,
	0x00,0x40,0x09,0x00,0x60,0x0B,0x00,0x00,0x02,0x00,0x40,0x08,0x00,0x0F,0x83,0x40,0x00,0x00,0x60,0x00,
	0x00,0x80,0x03,0x00,0x40,0x00,0x00,0x01,0x91,0x00,0x00,0x04,0xC8,0x01,0x04,0x00,0x02,0x00,0x00,0x09,
	0x00,0x80,0x28,0x00,0x98,0x09,0x00,0x04,0x01,0x00,0x06,0x17,0x00,0x04,0x2A,0x00,0x40,0x04,0x00,0x40,
	0x21,0x00,0xE0,0xA5,0x00,0x64,0x21,0x00,0x10,0x46,0x00,0xD8,0x03,0x00,0xB8,0x0C,0x04,0xAA,0x00,0x00,
	0xD0,0x05,0x00,0x01,0x91,0x00,0x00,0x04,0x00,0x00,0x04,0x00,0x02,0x00,0x00,0x08,0x00,0x00,0x08,0x00,
	0x00,0x08,0x00,0x04,0x01,0x00,0x06,0x10,0x00,0x44,0x28,0x00,0x40,0x04,0x00,0xC0,0x20,0x00,0xC0,0xA4,
	0x00,0xC4,0x20,0x00,0x80,0x44,0x00,0x80,0x02,0x00,0x00,0x04,0x00,0x60,0x00,0x00,0x90,0x01,0x00,0x0E,
	0x84,0x80,0x00,0x00,0x80,0x00,0x00,0x00,0x04,0x00,0x60,0x00,0x00,0x90,0x01,0x00,0x0D,0x80,0x20,0x00,
	0x00,0x2C,0x00,0x80,0x00,0x00,0x04,0x00,0x83,0x00,0x0B,0x00,0x00,0x09,0x00,0x80,0x00,0x00,0x00,0x41,
	0x00,0x00,0x8B,0x8E,0x04,0x00,0x64,0x08,0x00,0x04,0x01,0x00,0xC4,0x12,0x00,0x44,0x40,0x00,0xC4,0x00,
	0x00,0xF0,0x43,0x00,0x40,0x88,0x00,0x18,0x0C,0x00,0x90,0x03,0x04,0x80,0x08,0x00,0x30,0x02,0x00,0x00,
	0x80,0x00,0x00,0x04,0x01,0x80,0x00,0x09,0x00,0x02,0x8B,0x0E,0x00,0x00,0x04,0x08,0x00,0x04,0x00,0x00,
	0x04,0x12,0x00,0x04,0x40,0x00,0x04,0x00,0x00,0x80,0x42,0x00,0x00,0x88,0x00,0x00,0x04,0x00,0x80,0x03,
	0x00,0x40,0x00,0x00,0x20,0x02,0x00,0x03,0x80,0x00,0x01,0x00,0x08,0x80,0x80,0x00,0x00,0x01,0x82,0x80,
	0x03,0x00,0x40,0x00,0x00,0x20,0x02,0x00,0x02,0x81,0x00,0x02,0x00,0x80,0x01,0x00,0x00,0x8D,0x30,0x30,
	0x00,0x10,0xB1,0x04,0x0C,0x60,0x00,0xB0,0x04,0x00,0x40,0x00,0x00,0xD0,0x2B,0x00,0xA8,0x0B,0x00,0x88,
	0x46,0x02,0x30,0x46,0x00,0x00,0x01,0x00,0x88,0x0A,0x00,0x40,0x03,0x00,0x04,0x00,0x00,0x20,0x12,0x00,
	0x03,0x80,0x00,0x01,0x00,0x00,0x8A,0x00,0x10,0x00,0x10,0x10,0x00,0x18,0x00,0x00,0x80,0x04,0x00,0x40,
	0x04,0x00,0xD0,0x29,0x00,0xA8,0x09,0x00,0x88,0x44,0x00,0x00,0x44,0x00,0x00,0x01,0x00,0x80,0x0C,0x00,
	0x01,0x80,0x40,0x12,0x00,0x03,0x80,0x00,0x01,0x00,0x04,0x83,0x40,0x00,0x00,0xC0,0x00,0x00,0x80,0x01,
	0x00,0x80,0x00,0x00,0x00,0x81,0x00,0x01,0x00,0x80,0x0C,0x00,0x01,0x80,0x40,0x02,0x00,0x02,0x90,0x00,
	0x1E,0x00,0x00,0x10,0x00,0x00,0x12,0x00,0x20,0x63,0x00,0x10,0x46,0x00,0x14,0x0A,0x00,0x50,0x02,0x00,
	0xE0,0x12,0x00,0x20,0x10,0x00,0x60,0x10,0x00,0x10,0x1C,0x06,0x10,0x29,0x00,0x00,0x3D,0x00,0x08,0x1C,
	0x00,0x20,0x22,0x00,0x80,0x0D,0x00,0x40,0x00,0x00,0x02,0x8F,0x00,0x0C,0x00,0x00,0x10,0x00,0x00,0x12,
	0x00,0x00,0x22,0x00,0x50,0x06,0x00,0x10,0x0A,0x00,0x40,0x06,0x00,0xE0,0x12,0x00,0x60,0x11,0x00,0x30,
	0x10,0x00,0x00,0x1C,0x00,0x00,0x28,0x00,0x00,0x39,0x00,0x00,0x1B,0x00,0x00,0x20,0x00,0x00,0x04,0x00,
	0x09,0x82,0x40,0x04,0x00,0x40,0x00,0x00,0x40,0x01,0x00,0x02,0x81,0x00,0x01,0x00,0x00,0x0B,0x00,0x00,
	0x80,0x00,0x04,0x00,0x00,0x01,0x91,0x00,0x0E,0x00,0x80,0x2A,0x01,0x00,0x1E,0x00,0x00,0x24,0x00,0x00,
	0x20,0x00,0x80,0x1E,0x00,0x80,0x15,0x04,0x60,0x0F,0x00,0x00,0x0E,0x00,0x00,0x18,0x00,0x80,0x0B,0x00,
	0x80,0x0B,0x04,0xE0,0x09,0x00,0x8C,0x06,0x00,0xA0,0x2C,0x00,0x24,0x1F,0x00,0x80,0x15,0x00,0x00,0x41,
	0x00,0x02,0x90,0x00,0x0C,0x00,0x00,0x1C,0x00,0x00,0x24,0x00,0x00,0x20,0x00,0x40,0x1E,0x00,0x00,0x05,
	0x00,0x40,0x0D,0x00,0x80,0x09,0x00,0x00,0x18,0x00,0x80,0x0A,0x00,0x80,0x09,0x00,0x80,0x19,0x00,0x80,
	0x06,0x00,0x80,0x20,0x00,0x00,0x14,0x00,0x00,0x14,0x00,0x00,0x41,0x00,0x08,0x81,0x40,0x04,0x00,0x80,
	0x00,0x00,0x00,0x87,0x80,0x02,0x00,0x80,0x01,0x00,0x80,0x01,0x00,0x80,0x06,0x00,0x80,0x00,0x00,0x00,
	0x04,0x00,0x00,0x04,0x00,0x00,0x01,0x00,0xA7,0x00,0x0E,0x04,0x3F,0x31,0x00,0x98,0x82,0x04,0x08,0x16,
	0x04,0xBF,0xBF,0x03,0x3F,0x06,0x00,0xD8,0x72,0x04,0x7F,0x69,0x07,0x99,0x08,0x06,0xB0,0x35,0x04,0x8F,
	0xD0,0x01,0xE7,0x15,0x00,0x71,0x16,0x00,0x2F,0x17,0x04,0xEF,0x94,0x00,0x08,0xA1,0x00,0x83,0xF2,0x00,
	0x49,0xF0,0x01,0x2E,0xFA,0x06,0x4A,0xB9,0x02,0x00,0x00,0x04,0x00,0x0E,0x04,0x00,0x03,0x04,0x40,0x10,
	0x04,0x40,0x3C,0x04,0x40,0x07,0x04,0x00,0x62,0x04,0x00,0x79,0x04,0xC0,0x7E,0x04,0xC0,0x37,0x04,0x40,
	0x17,0x00,0x40,0x16,0x00,0xC0,0x14,0x00,0xC0,0x16,0x00,0xE0,0x86,0x00,0xF0,0x89,0x00,0x78,0xC8,0x00,
	0xFC,0xCD,0x01,0xFE,0xED,0x06,0xFE,0xBE,0x06,0x00,0x84,0x00,0x0E,0x00,0x00,0x03,0x00,0x40,0x00,0x00,
	0x40,0x00,0x00,0x40,0x00,0x00,0x03,0x89,0x80,0x00,0x00,0x80,0x01,0x00,0x00,0x03,0x00,0x00,0x01,0x00,
	0x00,0x01,0x00,0x00,0x06,0x00,0x80,0x07,0x00,0x80,0x03,0x00,0x80,0x03,0x00,0x80,0x00,0x00,0x3B,0x93,
	0x00,0x0E,0x00,0xC0,0x38,0x00,0x40,0x1F,0x00,0x30,0x0B,0x00,0x60,0x15,0x00,0x40,0x01,0x00,0x80,0x1C,
	0x00,0x38,0x1D,0x00,0x48,0x1E,0x00,0x50,0x54,0x00,0x48,0x44,0x00,0x08,0x01,0x00,0x0C,0x11,0x00,0x30,
	0x00,0x00,0x1C,0x41,0x00,0x34,0x51,0x01,0x20,0xC1,0x03,0x60,0x47,0x06,0x60,0x29,0x01,0x74,0x02,0x05,
	0x00,0x84,0x00,0x0E,0x00,0x40,0x13,0x00,0x40,0x09,0x00,0x40,0x04,0x00,0x40,0x01,0x00,0x00,0x8C,0x38,
	0x01,0x00,0x48,0x00,0x00,0x48,0x40,0x00,0x48,0x00,0x00,0x20,0x00,0x00,0x20,0x10,0x00,0x20,0x00,0x00,
	0x10,0x40,0x00,0x30,0x80,0x01,0x00,0x00,0x03,0x40,0x01,0x06,0x40,0x01,0x01,0x40,0x02,0x01,0x00,0x84,
	0x00,0x0E,0x00,0x00,0x03,0x00,0x40,0x01,0x00,0x40,0x00,0x00,0x40,0x00,0x00,0x00,0x83,0x38,0x00,0x00,
	0x08,0x00,0x00,0x08,0x00,0x00,0x08,0x00,0x00,0x08,0x00,0x92,0xC0,0x07,0x00,0x00,0x9D,0x00,0x00,0x26,
	0x00,0xD8,0x65,0x00,0x1C,0x67,0x00,0x78,0x0D,0x00,0x54,0x4D,0x00,0xB8,0x58,0x00,0xF4,0x54,0x00,0xD8,
	0x00,0x00,0xE0,0x01,0x00,0x82,0x01,0x00,0x18,0x10,0x00,0x8C,0x18,0x00,0xB0,0x80,0x02,0x2C,0x00,0x05,
	0x20,0x80,0x00,0xC3,0x45,0x02,0xB0,0x39,0x02,0x01,0x91,0x80,0x10,0x00,0x80,0x25,0x00,0x00,0x44,0x00,
	0xE0,0x47,0x00,0x80,0x01,0x00,0x28,0x41,0x00,0x88,0x40,0x00,0x80,0x40,0x00,0x88,0x00,0x00,0xE0,0x00,
	0x00,0x80,0x00,0x00,0x10,0x10,0x00,0x08,0x00,0x00,0x30,0x00,0x02,0x28,0x00,0x04,0x20,0x00,0x00,0x22,
	0x01,0x02,0x50,0x00,0x02,0x02,0x80,0x00,0x01,0x00,0x02,0x81,0x38,0x00,0x00,0x08,0x00,0x00,0x00,0x80,
	0x08,0x00,0x00,0x07,0x80,0x60,0x00,0x00,0x00,0x92,0xC0,0x01,0x00,0xA0,0x06,0x00,0x70,0x09,0x00,0x88,
	0x04,0x00,0x62,0x1C,0x00,0x70,0x38,0x00,0xAA,0x47,0x00,0xF1,0x47,0x00,0xE4,0x44,0x00,0x5C,0x20,0x00,
	0x04,0x20,0x00,0xAA,0x20,0x00,0xB0,0x21,0x00,0x88,0x49,0x00,0x30,0x0B,0x03,0x08,0x7F,0x01,0x9E,0xFE,
	0x02,0x26,0xFD,0x07,0xC7,0x7A,0x01,0x01,0x91,0xC0,0x00,0x00,0x80,0x0C,0x00,0x00,0x04,0x00,0x60,0x06,
	0x00,0x70,0x00,0x00,0xE8,0x47,0x00,0xF8,0x47,0x00,0x88,0x40,0x00,0x00,0x20,0x00,0x08,0x20,0x00,0xA0,
	0x20,0x00,0x30,0x20,0x00,0x08,0x40,0x00,0x30,0x00,0x03,0x70,0x00,0x00,0xFC,0x00,0x06,0x64,0x81,0x05,
	0x86,0xC2,0x02,0x08,0x80,0x08,0x00,0x00,0x05,0x83,0x20,0x00,0x00,0x60,0x00,0x00,0x60,0x00,0x00,0x80,
	0x00,0x03,0x00,0x92,0x00,0x00,0x04,0xC0,0xA8,0x00,0xF8,0x32,0x00,0x70,0x2F,0x01,0xE6,0x8A,0x01,0xF0,
	0xD4,0x01,0x38,0xC5,0x02,0x18,0xC2,0x03,0x60,0xC3,0x01,0x7A,0x00,0x01,0x70,0x81,0x00,0x34,0x80,0x00,
	0xAC,0x81,0x00,0xBC,0x10,0x00,0xD0,0x37,0x05,0xC0,0x87,0x06,0x7C,0x7F,0x00,0x74,0x00,0x01,0xAA,0x01,
	0x05,0x02,0x90,0x00,0x30,0x00,0x00,0x98,0x00,0x80,0x80,0x01,0x70,0x80,0x01,0x38,0x85,0x01,0x18,0x82,
	0x01,0x60,0x83,0x01,0xF8,0xC0,0x00,0xF0,0xC0,0x00,0x30,0xC0,0x00,0x20,0xC0,0x00,0x30,0x00,0x00,0x40,
	0x02,0x01,0xC0,0x07,0x06,0xA0,0xFF,0x07,0xF8,0xFF,0x03,0x28,0xFF,0x06,0x0F,0x83,0x40,0x00,0x00,0x20,
	0x00,0x06,0xA0,0x80,0x03,0x20,0xC1,0x02,0x00,0x92,0x00,0x00,0x04,0x40,0xA0,0x00,0x08,0xA1,0x03,0x00,
	0x69,0x05,0x68,0x31,0x02,0xE0,0x7E,0x06,0x7E,0x43,0x02,0x99,0x44,0x02,0xD0,0x01,0x06,0x76,0x00,0x00,
	0x74,0xC0,0x02,0xF2,0x83,0x00,0x94,0x07,0x05,0xB0,0x6E,0x02,0x60,0xB3,0x05,0x60,0xAE,0x01,0xC0,0x3F,
	0x01,0xA0,0x80,0x07,0x48,0xE1,0x05,0x02,0x90,0x00,0x80,0x03,0x00,0x60,0x03,0x00,0x01,0x06,0x80,0x00,
	0x06,0x80,0x03,0x06,0xE0,0x06,0x06,0xE0,0x00,0x06,0xF8,0x00,0x00,0xF8,0x81,0x02,0xF0,0xC3,0x00,0xE0,
	0xC7,0x00,0xC0,0x6F,0x02,0x80,0xF4,0x01,0x60,0xF9,0x01,0x00,0x00,0x05,0xC0,0x80,0x07,0x00,0xE1,0x05,
	0x06,0x80,0x40,0x00,0x00,0x06,0x84,0x00,0x01,0x00,0xE0,0x01,0x00,0x80,0x00,0x05,0x00,0x80,0x03,0x00,
	0xE1,0x01,0x01,0x80,0x00,0x01,0x00,0x38,0x01,0x91,0x00,0x82,0x00,0x00,0xA2,0x04,0x00,0x10,0x04,0x00,
	0x30,0x00,0xE0,0x27,0x00,0x40,0x67,0x00,0x88,0x05,0x00,0x30,0x9C,0x00,0xF0,0xDD,0x06,0x00,0x1E,0x04,
	0x00,0x13,0x06,0x80,0x8B,0x06,0x84,0xE9,0x05,0x00,0x6D,0x00,0x80,0xAE,0x00,0xC0,0xE6,0x00,0xB0,0x96,
	0x07,0x00,0xFD,0x07,0x02,0x8C,0x00,0x80,0x04,0x00,0x00,0x04,0x00,0x38,0x00,0x00,0x35,0x00,0x40,0x66,
	0x00,0x00,0x04,0x00,0x00,0x1C,0x00,0x00,0x1D,0x07,0x00,0x9E,0x05,0x00,0xDC,0x07,0x00,0xC8,0x07,0x00,
	0xE8,0x05,0x00,0x09,0x00,0x00,0x82,0x40,0xE0,0x02,0x40,0x30,0x07,0xC0,0xBA,0x07,0x06,0x80,0x40,0x00,
	0x00,0x06,0x84,0x00,0x01,0x00,0x80,0x00,0x00,0xC0,0xE0,0x02,0xC0,0x30,0x00,0xC0,0x38,0x00,0x01,0x91,
	0x00,0x44,0x00,0x00,0xE0,0x07,0x00,0xE8,0x07,0x20,0xCD,0x07,0x00,0x5B,0x07,0x00,0x93,0x07,0xC0,0x7B,
	0x00,0x60,0xDF,0x06,0x80,0xD0,0x05,0x30,0x54,0x02,0x3C,0x5B,0x02,0xF0,0xC4,0x01,0x70,0x5A,0x00,0x70,
	0x9B,0x01,0x68,0x07,0x01,0x68,0x3F,0x01,0xA8,0x87,0x00,0xB8,0x04,0x00,0x02,0x89,0x00,0x00,0x07,0x00,
	0x90,0x07,0x00,0xC5,0x07,0x00,0xCB,0x07,0x00,0x98,0x07,0x00,0x78,0x00,0x00,0x1E,0x00,0x00,0x10,0x00,
	0x00,0x10,0x00,0x00,0x10,0x00,0x00,0x85,0x00,0x78,0x00,0x00,0x80,0x01,0x10,0x81,0x01,0x10,0xF8,0x00,
	0x10,0xD0,0x00,0x10,0x7A,0x00,0x0F,0x83,0x00,0x01,0x00,0x00,0xF8,0x01,0x00,0x30,0x00,0x00,0x18,0x00,
	0x00,0x92,0x01,0x00,0x02,0x00,0x90,0x07,0x00,0x86,0x00,0x00,0x42,0x06,0x00,0xF7,0x07,0x00,0xE9,0x01,
	0x04,0xF1,0x03,0xC2,0xC1,0x07,0x62,0x0E,0x01,0x94,0x46,0x00,0x12,0xC2,0x03,0x3A,0x86,0x03,0xF5,0x14,
	0x01,0x75,0x78,0x00,0x7A,0xA0,0x00,0x6C,0xBC,0x00,0x6C,0x28,0x00,0x2C,0x12,0x01,0x38,0x67,0x00,0x01,
	0x84,0x00,0x90,0x00,0x00,0x80,0x07,0x00,0xD4,0x01,0x00,0x07,0x00,0x00,0x81,0x00,0x00,0x8B,0x00,0xC0,
	0x07,0x00,0x0E,0x00,0x08,0x02,0x00,0x0C,0x00,0x00,0x04,0x00,0x00,0x02,0x10,0x00,0x02,0x40,0x00,0x02,
	0x40,0x00,0x13,0x5C,0x00,0x13,0xD8,0x00,0x13,0x1C,0x00,0x13,0x1F,0x00,0x01,0x82,0x00,0x80,0x00,0x00,
	0x80,0x07,0x00,0xC0,0x01,0x00,0x80,0x00,0x80,0x00,0x08,0x81,0x00,0x1C,0x00,0x00,0x18,0x00,0x01,0x00,
	0x92,0x00,0x00,0x06,0x04,0xB4,0x06,0x00,0x93,0x07,0x00,0xF5,0x06,0x00,0x14,0x03,0x00,0xF4,0x06,0x04,
	0xF9,0x03,0x0B,0xB0,0x06,0x03,0xD0,0x04,0x16,0x15,0x03,0x02,0x3A,0x00,0x2B,0x2E,0x00,0x00,0x06,0x04,
	0x00,0xDA,0x06,0x02,0x6B,0x03,0x05,0x52,0x03,0x85,0x5A,0x05,0x85,0xC3,0x06,0x41,0xB1,0x07,0x01,0x84,
	0x00,0x90,0x00,0x00,0x80,0x07,0x00,0xC4,0x06,0x00,0x04,0x03,0x00,0x80,0x00,0x00,0x8B,0x00,0xB0,0x06,
	0x01,0x10,0x00,0x09,0x10,0x00,0x0D,0x3C,0x00,0x04,0x2C,0x00,0x02,0x04,0x04,0x02,0x20,0x06,0x02,0x30,
	0x02,0x03,0x2A,0x02,0x03,0x30,0x02,0x83,0x03,0x04,0xE3,0x00,0x04,0x01,0x84,0x00,0x80,0x00,0x00,0x80,
	0x07,0x00,0xC0,0x06,0x00,0x00,0x03,0x00,0x80,0x00,0x08,0x80,0x00,0x1A,0x00,0x02,0x00,0x92,0x01,0x08,
	0x00,0x01,0xA2,0x01,0x08,0x01,0x07,0x80,0xE1,0x04,0x00,0x10,0x05,0x00,0x6C,0x04,0x90,0x82,0x07,0xF9,
	0x73,0x01,0x01,0xDE,0x03,0x02,0xED,0x00,0x00,0xC0,0x01,0x21,0xD4,0x01,0xC1,0x6D,0x04,0x01,0x1A,0x03,
	0x00,0x2A,0x06,0x01,0x09,0x06,0x81,0x1F,0x00,0xA1,0x20,0x04,0xD8,0x0D,0x00,0x01,0x91,0x00,0x40,0x00,
	0x00,0xF0,0x00,0x00,0x20,0x07,0x00,0xF0,0x02,0x00,0xE0,0x03,0x00,0x80,0x07,0x00,0x72,0x01,0x01,0x1E,
	0x00,0x01,0x1C,0x00,0x01,0x30,0x00,0x00,0x24,0x00,0x00,0x1C,0x04,0x00,0x18,0x02,0x00,0x08,0x04,0x00,
	0x0D,0x04,0x00,0x08,0x04,0x80,0x00,0x00,0x50,0x00,0x00,0x03,0x81,0x00,0x00,0x07,0x00,0x00,0x03,0x09,
	0x80,0x00,0x05,0x00,0x02,0x3B,0x00,0x92,0x81,0x27,0x00,0x00,0xB1,0x00,0x00,0x0E,0x00,0xF0,0xDF,0x02,
	0xC8,0x0E,0x05,0xF0,0x1F,0x03,0x1C,0x9F,0x04,0x82,0x81,0x04,0xC0,0xFD,0x01,0x73,0x8D,0x01,0xA0,0xF4,
	0x07,0x88,0x89,0x05,0x20,0x8D,0x00,0x04,0x12,0x06,0x00,0x1D,0x04,0x00,0x1C,0x04,0x80,0x0E,0x00,0xA0,
	0x16,0x00,0x70,0x4F,0x04,0x00,0x92,0x00,0x20,0x00,0x00,0x30,0x00,0x00,0x0E,0x00,0x80,0xDF,0x00,0xE0,
	0x0E,0x01,0xF0,0x1F,0x03,0x70,0x7F,0x04,0x80,0x7D,0x04,0xC0,0x01,0x00,0x80,0x03,0x06,0x80,0x03,0x06,
	0x80,0x07,0x04,0x00,0x05,0x00,0x00,0x00,0x04,0x00,0x04,0x00,0x00,0x06,0x00,0x00,0x04,0x00,0x80,0x06,
	0x00,0x70,0x0C,0x00,0x0F,0x80,0x00,0x02,0x00,0x02,0x00,0x92,0x00,0x31,0x00,0x81,0xC0,0x00,0x00,0x86,
	0x00,0x08,0x80,0x00,0xFF,0x01,0x02,0x76,0x00,0x04,0x90,0xE0,0x01,0x7B,0xFC,0x01,0x3E,0xFC,0x06,0x34,
	0x00,0x00,0xBD,0x78,0x01,0x7F,0x00,0x02,0x99,0x02,0x00,0xF5,0x01,0x04,0x80,0x00,0x00,0x01,0x06,0x00,
	0xC0,0x07,0x00,0x20,0x0D,0x00,0x03,0x2F,0x00,0x00,0x8C,0x00,0x30,0x00,0x00,0x40,0x00,0x00,0x86,0x00,
	0x00,0x80,0x00,0xF8,0x01,0x00,0x76,0x00,0x00,0x93,0x00,0x03,0x78,0x00,0x03,0x3E,0x00,0x07,0x78,0x00,
	0x00,0x70,0x00,0x01,0x78,0x00,0x02,0x80,0x02,0x00,0x01,0x83,0x00,0x03,0x00,0x01,0x02,0x00,0x01,0x05,
	0x00,0x01,0x0E,0x00,0x0F,0x80,0x00,0x01,0x00,0x02,0x00,0x92,0x00,0x11,0x00,0x00,0x20,0x00,0x80,0x41,
	0x00,0x78,0x03,0x00,0x39,0x09,0x00,0x8A,0x13,0x00,0x80,0x43,0x00,0xF8,0x41,0x00,0x7E,0x40,0x00,0x44,
	0x02,0x01,0x4D,0x00,0x00,0x07,0x00,0x01,0x78,0x02,0x00,0x89,0x03,0x00,0x62,0x04,0x00,0x80,0x03,0x00,
	0xA0,0x03,0x00,0x50,0x03,0x00,0x03,0x10,0x00,0x00,0x92,0x00,0x10,0x00,0x00,0x20,0x00,0x00,0x40,0x00,
	0x80,0x03,0x00,0x18,0x01,0x00,0x8A,0x03,0x00,0xE0,0x03,0x00,0xF8,0x01,0x00,0x7E,0x00,0x00,0x04,0x00,
	0x01,0x0F,0x00,0x00,0x07,0x00,0x01,0x7B,0x00,0x00,0x83,0x03,0x00,0x02,0x00,0x00,0x02,0x01,0x00,0x02,
	0x01,0x00,0x42,0x03,0x00,0x03,0x00,0x00,0x13,0x01,0x91,0x80,0x14,0x00,0x80,0x09,0x00,0x00,0x05,0x00,
	0xDE,0x1A,0x00,0x01,0x0A,0x00,0x72,0x50,0x00,0xF3,0x47,0x04,0x4F,0x34,0x00,0xC3,0x0D,0x00,0xEF,0x01,
	0x00,0x1D,0x05,0x00,0x04,0x02,0x04,0x76,0x04,0x00,0x9F,0x07,0x00,0xCB,0x00,0x00,0x9A,0x0F,0x00,0x02,
	0x1A,0x00,0x0F,0x14,0x00,0x01,0x91,0x00,0x10,0x00,0x00,0x08,0x00,0x00,0x04,0x00,0x00,0x02,0x00,0x0E,
	0x02,0x00,0x13,0x00,0x00,0x00,0x06,0x00,0xB0,0x07,0x00,0xFC,0x01,0x00,0x7F,0x00,0x00,0x1D,0x00,0x00,
	0x05,0x00,0x04,0x77,0x04,0x00,0x86,0x03,0x00,0x86,0x00,0x00,0x07,0x01,0x00,0x8F,0x03,0x00,0x0E,0x07,
	0x00,0x05,0x80,0x02,0x00,0x00,0x01,0x80,0x30,0x00,0x00,0x08,0x80,0x00,0x02,0x00,0x01,0x91,0x00,0x04,
	0x00,0x00,0x20,0x00,0xC0,0x49,0x00,0x30,0x95,0x00,0xF5,0x0A,0x00,0x0E,0x22,0x02,0xFC,0x01,0x00,0xC9,
	0x17,0x00,0x48,0x07,0x00,0xB7,0x0D,0x04,0xDD,0x8B,0x01,0x04,0x01,0x02,0xD4,0x02,0x04,0x84,0x0B,0x00,
	0x52,0x1F,0x00,0x4A,0x6C,0x00,0x7A,0x2F,0x00,0x3C,0x09,0x06,0x02,0x84,0x00,0x20,0x00,0x00,0x48,0x00,
	0x00,0x84,0x00,0x02,0x02,0x00,0x10,0x02,0x00,0x00,0x8A,0x30,0x04,0x00,0x00,0x06,0x00,0x98,0x03,0x00,
	0xE2,0x00,0x01,0xFE,0x01,0x02,0xF4,0x02,0x00,0x84,0x03,0x00,0x84,0x01,0x00,0x04,0x1C,0x00,0x7C,0x0F,
	0x00,0x3C,0x09,0x00,0x05,0x80,0x02,0x00,0x00,0x01,0x80,0x30,0x00,0x00,0x00,0x80,0x18,0x00,0x00,0x05,
	0x81,0x00,0x01,0x00,0x00,0x01,0x00,0x12,0x80,0x00,0x20,0x00,0x27,0x02,0x90,0x00,0x10,0x00,0x00,0x08,
	0x00,0xC0,0x08,0x00,0x78,0x14,0x00,0x60,0x6A,0x01,0x3E,0xB6,0x01,0x06,0x64,0x01,0x7A,0x11,0x00,0x28,
	0x80,0x01,0x08,0x01,0x00,0x29,0x09,0x00,0x5E,0x0B,0x02,0x38,0x00,0x00,0x98,0x27,0x00,0x30,0x21,0x00,
	0x48,0xD2,0x07,0x6C,0x80,0x01,0x02,0x86,0x00,0x10,0x00,0x00,0x08,0x00,0x00,0x08,0x00,0x00,0x04,0x00,
	0x00,0x02,0x01,0x00,0x06,0x01,0x00,0x04,0x01,0x00,0x83,0x18,0x00,0x01,0x00,0x01,0x00,0xA0,0x01,0x00,
	0x00,0x03,0x00,0x00,0x83,0x00,0x06,0x00,0x00,0x22,0x00,0x30,0x12,0x00,0x70,0x00,0x00,0x0A,0x80,0x18,
	0x00,0x00,0x00,0x80,0x20,0x00,0x00,0x05,0x03,0x80,0x00,0x78,0x00,0x00,0x8D,0x80,0x28,0x00,0x60,0x4E,
	0x00,0x49,0x62,0x06,0x40,0xE4,0x00,0x22,0xE6,0x01,0x08,0x1C,0x00,0x70,0x1E,0x00,0x48,0x37,0x03,0x40,
	0x18,0x04,0xC0,0x02,0x00,0x80,0x35,0x00,0x00,0x34,0x04,0x00,0xA0,0x05,0x00,0x4A,0x06,0x03,0x80,0x00,
	0x38,0x00,0x00,0x8D,0x00,0x08,0x00,0x00,0x06,0x00,0x00,0x02,0x00,0x00,0x04,0x00,0x00,0x06,0x01,0x00,
	0x0C,0x00,0x00,0x0E,0x00,0x20,0x07,0x02,0x00,0x00,0x04,0x00,0x02,0x00,0x00,0x04,0x00,0x00,0x30,0x00,
	0x00,0x20,0x04,0x80,0x0A,0x06,0x0C,0x80,0x20,0x00,0x00,0x04,0x80,0x00,0x02,0x00,0x00,0x80,0x00,0x01,
	0x00,0x01,0x8F,0x00,0xE0,0x00,0x00,0x93,0x00,0x00,0x20,0x01,0x00,0x9B,0x00,0x80,0x54,0x03,0x40,0x04,
	0x03,0x40,0x82,0x02,0x00,0x6C,0x07,0x40,0x74,0x02,0x00,0xD8,0x01,0xC0,0xEA,0x02,0x00,0x77,0x00,0x00,
	0x31,0x00,0x00,0x6D,0x00,0x00,0xB2,0x00,0x80,0x0B,0x00,0x03,0x8B,0x00,0x20,0x00,0x00,0x90,0x00,0x00,
	0x00,0x01,0x00,0x0A,0x00,0x00,0x04,0x02,0x00,0x04,0x02,0x00,0x02,0x02,0x00,0x0C,0x02,0x00,0x14,0x02,
	0x80,0x18,0x00,0x00,0x0A,0x00,0x00,0x06,0x00,0x00,0x82,0x00,0x08,0x00,0x00,0x30,0x00,0x00,0x0B,0x00,
	0x12,0x80,0x00,0x03,0x00,0x00,0x81,0x00,0x02,0x00,0x00,0x02,0x00,0x02,0x8D,0x00,0x10,0x00,0x00,0x84,
	0x03,0x00,0x0C,0x00,0x00,0x68,0x00,0x40,0xC4,0x01,0x00,0x84,0x01,0x00,0x8D,0x00,0x00,0x21,0x00,0x00,
	0x17,0x03,0x00,0x82,0x05,0x00,0xC0,0x00,0x00,0x21,0x00,0x00,0xC5,0x02,0x00,0xD4,0x06,0x05,0x88,0x00,
	0x10,0x00,0x00,0x04,0x02,0x00,0x0C,0x00,0x00,0x08,0x00,0x00,0x04,0x00,0x00,0x04,0x00,0x00,0x0C,0x00,
	0x00,0x20,0x00,0x00,0x14,0x00,0x02,0x81,0x00,0x01,0x00,0x00,0x10,0x02,0x11,0x80,0x00,0x01,0x00,0x00,
	0x00,0x81,0x00,0x02,0x00,0x00,0x02,0x00,0x00,0x8F,0x00,0xE0,0x01,0x08,0x20,0x03,0x00,0x40,0x06,0x00,
	0x16,0x01,0x00,0x94,0x04,0x00,0x10,0x04,0x00,0x4A,0x04,0x00,0xA0,0x05,0x00,0x08,0x04,0x04,0x31,0x02,
	0x00,0x30,0x02,0x04,0x3C,0x02,0x00,0x00,0x03,0x00,0xC0,0x00,0x00,0x4F,0x00,0x08,0xD7,0x07,0x03,0x8C,
	0x00,0x60,0x00,0x00,0x20,0x01,0x00,0x00,0x02,0x00,0x14,0x00,0x00,0x14,0x04,0x00,0x10,0x04,0x00,0x08,
	0x04,0x00,0x20,0x04,0x00,0x08,0x04,0x00,0x30,0x02,0x00,0x30,0x02,0x00,0x38,0x00,0x00,0x04,0x00,0x00,
	0x81,0x00,0x0A,0x04,0x00,0x10,0x06,0x11,0x81,0x00,0x02,0x04,0x00,0x00,0x04,0x3B,0x00,0xA6,0x7E,0x01,
	0x02,0xFC,0x80,0x03,0x00,0xC0,0x07,0x3F,0xA0,0x04,0x87,0x20,0x04,0x40,0x43,0x02,0xDF,0x20,0x00,0x58,
	0xE3,0x04,0x30,0x61,0x05,0xDF,0x77,0x07,0xFF,0xDD,0x07,0x5F,0x01,0x00,0xA7,0x12,0x06,0x17,0xF5,0x01,
	0xF5,0x65,0x07,0xF7,0xFB,0x03,0xF7,0xFB,0x04,0xF7,0x78,0x00,0x2D,0xF6,0x00,0xFF,0xFF,0x07,0xFF,0xFF,
	0x07,0xFF,0xFF,0x07,0xFF,0xFF,0x07,0xFF,0xBF,0x07,0xFF,0x3F,0x06,0x7F,0x1F,0x04,0xFF,0x1F,0x04,0xBF,
	0x1F,0x00,0x9F,0x1D,0x00,0x8F,0x0D,0x00,0x8F,0x25,0x00,0x87,0x19,0x00,0x87,0x0B,0x06,0xCF,0x2F,0x06,
	0xCF,0x3F,0x00,0xCF,0x07,0x00,0xCF,0x07,0x00,0xCF,0x05,0x00,0xFF,0x0D,0x02,0x11,0x81,0x00,0x02,0x04,
	0x00,0x02,0x04,0x00,0x82,0x00,0xA0,0x01,0x00,0x40,0x00,0x00,0x20,0x00,0x00,0x82,0x40,0x00,0x00,0x80,
	0x60,0x00,0x00,0xC0,0x01,0x00,0x84,0x00,0x00,0x01,0x00,0x00,0x01,0x08,0x85,0x00,0x00,0x00,0x02,0x80,
	0x0C,0x00,0x00,0x84,0x00,0x02,0x00,0x40,0x02,0x00,0x00,0x04,0x00,0x00,0x04,0x00,0x30,0x00,0x00,0x05,
	0x80,0x80,0x00,0x00,0x03,0x80,0x08,0x04,0x00,0x00,0x80,0x00,0x04,0x00,0x04,0x80,0x30,0x00,0x00,0x13,
	0x00,0x81,0x00,0x20,0x00,0x00,0x20,0x04,0x01,0x81,0x80,0xE0,0x00,0x00,0x80,0x01,0x00,0x84,0xC0,0x02,
	0x00,0x00,0x04,0x00,0x00,0x05,0x00,0x00,0x02,0x01,0x00,0x08,0x00,0x00,0x81,0x00,0x02,0x00,0x40,0x04,
	0x00,0x00,0x81,0x40,0x00,0x00,0x40,0x00,0x00,0x05,0x80,0x80,0x00,0x00,0x01,0x80,0x40,0x02,0x00,0x00,
	0x80,0x00,0x04,0x00,0x1C,0x81,0x00,0x00,0x02,0x00,0x40,0x00,0x02,0x81,0x80,0x00,0x00,0x00,0x00,0x02,
	0x01,0x80,0x00,0x01,0x00,0x00,0x86,0x08,0x0A,0x00,0x00,0x08,0x02,0x40,0x02,0x00,0x00,0x88,0x03,0x08,
	0x00,0x01,0x40,0x00,0x00,0x40,0x00,0x00,0x00,0x80,0x40,0x00,0x00,0x04,0x80,0x80,0x00,0x00,0x04,0x81,
	0x08,0x00,0x00,0x00,0x08,0x00,0x02,0x81,0x40,0x00,0x00,0x40,0x00,0x00,0x15,0x82,0x00,0x00,0x01,0x00,
	0x30,0x00,0x00,0x10,0x00,0x01,0x81,0x00,0x00,0x02,0x00,0x01,0x01,0x00,0x87,0xA0,0x00,0x00,0x10,0x00,
	0x00,0x50,0x00,0x00,0x00,0x80,0x01,0x88,0x18,0x00,0x28,0x10,0x00,0x58,0x50,0x00,0x00,0x40,0x00,0x01,
	0x81,0x40,0x00,0x00,0x28,0x00,0x00,0x0D,0x80,0x48,0x00,0x00,0x02,0x81,0x40,0x00,0x00,0x20,0x00,0x00,
	0x13,0x3B,0x81,0x00,0xF8,0x00,0x00,0x08,0x00,0x01,0x8F,0x00,0x20,0x00,0x00,0x40,0x00,0x00,0x80,0x00,
	0x00,0x80,0x01,0x00,0x84,0x01,0x60,0x00,0x01,0x00,0x00,0x03,0x08,0x02,0x02,0x28,0x08,0x00,0x00,0x08,
	0x00,0x08,0x00,0x00,0x80,0x04,0x00,0x08,0x04,0x00,0x08,0x04,0x00,0x08,0x00,0x00,0x40,0x00,0x00,0x08,
	0x80,0x40,0x00,0x00,0x01,0x85,0x08,0x00,0x00,0x00,0x08,0x00,0x08,0x00,0x00,0x00,0x04,0x00,0x00,0x04,
	0x00,0x00,0x04,0x00,0x00,0x80,0x40,0x00,0x00,0x13,0x8B,0x00,0x80,0x03,0x00,0xC0,0x03,0x00,0xC0,0x01,
	0x00,0x60,0x00,0x00,0xC0,0x00,0x00,0x00,0x02,0x00,0x40,0x00,0x00,0x44,0x00,0x00,0x42,0x00,0x00,0xC0,
	0x00,0x10,0xC8,0x00,0x00,0x68,0x00,0x00,0x82,0x08,0x10,0x00,0x40,0x00,0x00,0x40,0x00,0x02,0x02,0x80,
	0x00,0x08,0x00,0x07,0x80,0x00,0x02,0x00,0x00,0x81,0x10,0x00,0x00,0x00,0x08,0x00,0x00,0x80,0x08,0x10,
	0x00,0x00,0x80,0x40,0x00,0x00,0x17,0x93,0x00,0x74,0x00,0x00,0x30,0x02,0x00,0x30,0x04,0x00,0x80,0x01,
	0x00,0x00,0x01,0x40,0x40,0x01,0x80,0xA7,0x01,0xC0,0x20,0x00,0x00,0x00,0x01,0x20,0x42,0x01,0x80,0x00,
	0x00,0x10,0x22,0x00,0x08,0x10,0x00,0x00,0x04,0x00,0x70,0x18,0x00,0x00,0x10,0x02,0xD0,0x08,0x00,0x90,
	0x0C,0x00,0x90,0x08,0x00,0x90,0x04,0x00,0x05,0x81,0x80,0x00,0x00,0xC0,0x00,0x00,0x00,0x80,0x20,0x00,
	0x00,0x02,0x81,0x00,0x04,0x00,0x00,0x18,0x00,0x00,0x83,0x50,0x00,0x00,0x10,0x04,0x00,0x10,0x00,0x00,
	0x10,0x00,0x00,0x13,0x93,0x00,0x0C,0x00,0x00,0x08,0x02,0x00,0x00,0x02,0x00,0x00,0x06,0x00,0x02,0x02,
	0x00,0x02,0x00,0x00,0x61,0x02,0x40,0xE0,0x01,0x00,0xC0,0x02,0x00,0x82,0x02,0x50,0xC0,0x03,0x10,0x00,
	0x00,0x10,0x30,0x04,0x28,0x32,0x00,0x18,0x00,0x00,0x00,0x0C,0x01,0x40,0x30,0x00,0x40,0x00,0x00,0x00,
	0x0C,0x00,0x30,0x08,0x00,0x06,0x80,0x40,0x00,0x00,0x01,0x81,0x40,0x00,0x00,0x10,0x00,0x00,0x00,0x80,
	0x00,0x10,0x00,0x00,0x84,0x00,0x04,0x00,0x40,0x00,0x00,0x40,0x00,0x00,0x00,0x08,0x00,0x20,0x08,0x00,
	0x13,0x04,0x80,0x80,0x00,0x00,0x00,0x84,0x80,0x00,0x06,0x00,0x00,0x04,0x20,0x00,0x00,0x60,0x00,0x00,
	0xC0,0x00,0x03,0x00,0x86,0x10,0x00,0x04,0x00,0x44,0x00,0x00,0x08,0x01,0x00,0x0C,0x00,0x90,0x0C,0x00,
	0x50,0x08,0x00,0x00,0x08,0x00,0x06,0x80,0x80,0x00,0x00,0x01,0x80,0x40,0x00,0x00,0x02,0x85,0x00,0x04,
	0x00,0x00,0x08,0x00,0x00,0x0C,0x00,0x00,0x08,0x00,0x40,0x00,0x00,0x00,0x08,0x00,0x13,0x3B,0x05,0x8D,
	0x80,0x00,0x00,0x00,0x01,0x00,0x00,0x01,0x00,0xC0,0x00,0x00,0x20,0x00,0x00,0x10,0xC0,0x00,0x10,0x00,
	0x02,0x00,0x10,0x00,0x10,0x00,0x02,0x00,0x10,0x00,0x00,0x04,0x00,0x20,0x08,0x00,0xA0,0x08,0x00,0xA0,
	0x10,0x00,0x05,0x84,0x80,0x00,0x00,0x00,0x01,0x00,0x00,0x01,0x00,0x40,0x00,0x00,0x20,0x00,0x00,0x00,
	0x81,0x10,0x00,0x00,0x00,0x10,0x00,0x00,0x80,0x00,0x10,0x00,0x00,0x82,0x20,0x00,0x00,0x20,0x00,0x00,
	0x20,0x00,0x00,0x13,0x00,0x82,0x00,0x00,0x04,0x0F,0x00,0x04,0x1D,0x00,0x04,0x01,0x8D,0x40,0x01,0x00,
	0x00,0x01,0x00,0x00,0x00,0x04,0x40,0x01,0x00,0x20,0x02,0x00,0x20,0x12,0x00,0x00,0xD2,0x01,0x10,0xA2,
	0x03,0x00,0x80,0x01,0x00,0x80,0x01,0x00,0x38,0x00,0x00,0x10,0x00,0x20,0x18,0x00,0x60,0x18,0x00,0x06,
	0x80,0x00,0x01,0x00,0x00,0x84,0x40,0x00,0x00,0x00,0x02,0x00,0x00,0x02,0x00,0x00,0x12,0x00,0x10,0x00,
	0x00,0x01,0x83,0x00,0x18,0x00,0x00,0x08,0x00,0x00,0x08,0x00,0x40,0x10,0x00,0x13,0x85,0x00,0x00,0x06,
	0x00,0x00,0x02,0x0F,0x00,0x02,0x1D,0x00,0x02,0x00,0x00,0x06,0x00,0x00,0x02,0x00,0x80,0xC0,0x01,0x00,
	0x00,0x87,0x00,0x06,0x00,0x00,0x08,0x00,0xA0,0x00,0x00,0x90,0x20,0x00,0x80,0x40,0x00,0xA0,0x2C,0x00,
	0x00,0x20,0x00,0x00,0x30,0x00,0x00,0x81,0x60,0x10,0x00,0x00,0x10,0x00,0x06,0x80,0x80,0x01,0x00,0x00,
	0x86,0x00,0x06,0x00,0x00,0x08,0x00,0x20,0x00,0x00,0x80,0x00,0x00,0x80,0x00,0x00,0x80,0x2C,0x00,0x00,
	0x20,0x00,0x01,0x80,0x00,0x10,0x00,0x14,0x82,0x00,0x00,0x01,0x00,0x00,0x01,0x00,0x00,0x01,0x01,0x80,
	0x00,0x04,0x00,0x00,0x81,0x00,0x01,0x00,0xC0,0x00,0x04,0x00,0x89,0x00,0x02,0x00,0x40,0x12,0x00,0x80,
	0x00,0x00,0x00,0x60,0x00,0x40,0x48,0x00,0x80,0x00,0x01,0x00,0x04,0x00,0x00,0x10,0x00,0x00,0x18,0x00,
	0x00,0x20,0x00,0x06,0x81,0x00,0x01,0x00,0x80,0x00,0x00,0x01,0x80,0x00,0x10,0x00,0x00,0x82,0x00,0x20,
	0x00,0x00,0x08,0x00,0x80,0x00,0x00,0x00,0x81,0x00,0x10,0x00,0x00,0x08,0x00,0x14,0x82,0x00,0x80,0x00,
	0x00,0xC0,0x00,0x00,0x80,0x00,0x02,0x8D,0x80,0x00,0x00,0x80,0x00,0x00,0x80,0x01,0x00,0x40,0x00,0x00,
	0xC8,0x00,0x00,0x01,0x00,0x00,0x1F,0xC2,0x01,0x8F,0x80,0x03,0x0F,0x80,0x03,0x8F,0x80,0x02,0x1F,0x60,
	0x00,0x1C,0x10,0x00,0x40,0x20,0x00,0x00,0x20,0x00,0x06,0x81,0x80,0x00,0x00,0x80,0x01,0x00,0x00,0x80,
	0x40,0x00,0x00,0x03,0x81,0x80,0x00,0x00,0x10,0x20,0x00,0x01,0x80,0x00,0x20,0x00,0x13,0x11,0x80,0x10,
	0x00,0x00,0x28,0x86,0x00,0x60,0x00,0x00,0x20,0x00,0x00,0x40,0x00,0x00,0x80,0x01,0x00,0x00,0x01,0x00,
	0x00,0x02,0x00,0x02,0x00,0x00,0x80,0x00,0x03,0x00,0x00,0x89,0x88,0x00,0x00,0x46,0x60,0x00,0x20,0x20,
	0x02,0x00,0x40,0x00,0x00,0x40,0x00,0x00,0x40,0x00,0x40,0x28,0x00,0x03,0x20,0x00,0x0F,0x20,0x00,0x00,
	0x20,0x00,0x07,0x80,0x00,0x03,0x00,0x00,0x80,0x80,0x00,0x00,0x00,0x84,0x00,0x20,0x00,0x00,0x40,0x00,
	0x00,0x40,0x00,0x00,0x40,0x00,0x40,0x08,0x00,0x00,0x80,0x00,0x20,0x00,0x14,0x80,0x00,0xE0,0x07,0x03,
	0x82,0x00,0x00,0x03,0x00,0x01,0x00,0x00,0x01,0x00,0x00,0x8A,0x00,0x06,0x00,0x00,0x08,0x00,0xA7,0xC4,
	0x00,0xBE,0x00,0x00,0x38,0x40,0x00,0x10,0x00,0x00,0x00,0x04,0x00,0x80,0x90,0x00,0x20,0x20,0x00,0x00,
	0x28,0x00,0x01,0x08,0x00,0x06,0x80,0x00,0x01,0x00,0x00,0x85,0x00,0x06,0x00,0x00,0x08,0x00,0x80,0x04,
	0x00,0x20,0x00,0x00,0x00,0x40,0x00,0x10,0x00,0x00,0x01,0x81,0x20,0x20,0x00,0x00,0x08,0x00,0x14,0x00,
	0x82,0x00,0xE0,0x03,0x00,0xC0,0x01,0x00,0x80,0x01,0x00,0x80,0x00,0x00,0x01,0x00,0x81,0x80,0x00,0x00,
	0x00,0x04,0x00,0x00,0x87,0x40,0x05,0x00,0xC0,0x40,0x03,0x01,0x04,0x00,0x20,0x00,0x04,0x00,0x00,0x04,
	0xE0,0x00,0x00,0xF0,0xC0,0x00,0x00,0x26,0x00,0x00,0x80,0x00,0x40,0x00,0x07,0x80,0x00,0x04,0x00,0x00,
	0x83,0x00,0x04,0x00,0x40,0x00,0x00,0x00,0x04,0x00,0x20,0x00,0x00,0x00,0x81,0x80,0x00,0x00,0x50,0x40,
	0x00,0x16,0x82,0x00,0xC0,0x00,0x00,0xE0,0x07,0x00,0xC0,0x01,0x00,0x81,0x00,0x00,0x07,0x00,0x00,0x02,
	0x00,0x8C,0x00,0x01,0x00,0x80,0x03,0x00,0x80,0xC2,0x00,0x80,0xCC,0x03,0x00,0x04,0x00,0x60,0x00,0x04,
	0x06,0x04,0x00,0xA0,0x00,0x00,0x10,0x00,0x02,0xA0,0x04,0x00,0x80,0x4C,0x00,0x40,0x60,0x00,0x0E,0x00,
	0x00,0x06,0x83,0x00,0x01,0x00,0x00,0x03,0x00,0x00,0x02,0x00,0x80,0x08,0x00,0x01,0x80,0x00,0x04,0x00,
	0x00,0x83,0x10,0x00,0x00,0x80,0x00,0x00,0x00,0x0C,0x00,0x00,0x20,0x00,0x12,0x80,0x00,0x20,0x00,0x00,
	0x93,0x00,0xC0,0x00,0x00,0xE0,0x03,0x00,0xC0,0x07,0x00,0x80,0x05,0x00,0x80,0x07,0x00,0x84,0x03,0x00,
	0x02,0x03,0x00,0x00,0x02,0x00,0x80,0x03,0x00,0x40,0x07,0x00,0x10,0x00,0x3F,0x21,0x00,0xBF,0x45,0x00,
	0x1E,0xC5,0x00,0x00,0x85,0x00,0xA1,0x00,0x02,0x07,0xC4,0x01,0x21,0x0E,0x00,0x03,0x18,0x00,0x01,0x40,
	0x00,0x0A,0x88,0x00,0x20,0x00,0x00,0x40,0x00,0x00,0xC0,0x00,0x00,0x80,0x00,0x01,0x00,0x00,0x07,0x00,
	0x00,0x21,0x0C,0x00,0x03,0x00,0x00,0x01,0x40,0x00,0x13,0x3B,0x02,0x90,0x00,0x80,0x03,0x00,0x80,0x03,
	0x00,0x80,0x04,0x00,0x82,0x00,0x00,0x00,0x01,0x00,0x80,0x01,0x3C,0x88,0x03,0x3F,0xB0,0x01,0x80,0x00,
	0x04,0x00,0x81,0x00,0x3C,0x00,0x03,0x1F,0x01,0x01,0x1E,0x81,0x05,0x18,0x05,0x00,0x1E,0x3C,0x00,0x1C,
	0x48,0x00,0x90,0x20,0x00,0x09,0x80,0x00,0x10,0x00,0x00,0x87,0x00,0x81,0x00,0x3C,0x01,0x03,0x1F,0x01,
	0x01,0x1E,0x80,0x01,0x18,0x00,0x00,0x1E,0x28,0x00,0x1C,0x40,0x00,0x00,0x20,0x00,0x10,0x80,0x00,0x20,
	0x00,0x00,0x80,0x00,0x20,0x00,0x03,0x8F,0x00,0x00,0x04,0x00,0x00,0x07,0x00,0x80,0x03,0x01,0x00,0x03,
	0x1F,0x00,0x02,0x03,0xC4,0x05,0x00,0xA0,0x05,0x00,0xC0,0x03,0x40,0x01,0x02,0x74,0x80,0x01,0x00,0x09,
	0x02,0x00,0x49,0x00,0x40,0x89,0x00,0x00,0x19,0x00,0x04,0x20,0x00,0x61,0x60,0x00,0x09,0x89,0x00,0x20,
	0x00,0x00,0xC0,0x03,0x40,0x00,0x03,0x34,0x00,0x00,0x00,0x08,0x02,0x00,0x09,0x00,0x40,0x89,0x00,0x00,
	0x18,0x00,0x04,0x20,0x00,0x01,0x20,0x00,0x11,0x81,0x00,0x20,0x00,0x00,0x20,0x00,0x03,0x80,0x00,0x02,
	0x00,0x00,0x8D,0x00,0x03,0x00,0x02,0x00,0x00,0x00,0xC0,0x03,0x00,0x31,0x06,0x00,0x09,0x00,0x80,0x81,
	0x01,0x70,0x00,0x01,0x08,0x80,0x01,0x01,0x00,0x00,0xCB,0x10,0x02,0x85,0x38,0x02,0x83,0x68,0x00,0x53,
	0x58,0x00,0x20,0x08,0x00,0x05,0x80,0x00,0x02,0x00,0x01,0x89,0x00,0x01,0x00,0x00,0x09,0x00,0x00,0x81,
	0x01,0x70,0x00,0x00,0x08,0x00,0x00,0x01,0x00,0x00,0x0B,0x10,0x02,0x85,0x10,0x00,0x03,0x40,0x00,0x13,
	0x00,0x00,0x11,0x80,0x00,0x20,0x00,0x01,0x04,0x8E,0x03,0x04,0x00,0x03,0x03,0x00,0x1C,0x00,0x04,0x00,
	0xC4,0x03,0x80,0x02,0x04,0x80,0x00,0x00,0x08,0x80,0x01,0x0F,0x00,0x00,0x0E,0x08,0x00,0x01,0x11,0x00,
	0x50,0xE8,0x01,0x2A,0xA1,0x05,0x0C,0x51,0x00,0x88,0x00,0x00,0x40,0x80,0x00,0x05,0x80,0x00,0x02,0x00,
	0x00,0x80,0x00,0x04,0x00,0x00,0x88,0x80,0x00,0x00,0x08,0x80,0x01,0x0F,0x00,0x00,0x0E,0x08,0x00,0x01,
	0x10,0x00,0x10,0x20,0x00,0x2A,0x21,0x01,0x0C,0x50,0x00,0x08,0x00,0x00,0x14,0x04,0x81,0x03,0x02,0x00,
	0x14,0x00,0x00,0x00,0x8B,0x00,0xC8,0x03,0x20,0x11,0x00,0x40,0x41,0x07,0x48,0x01,0x00,0x3F,0x00,0x00,
	0x4E,0x00,0x00,0x1F,0x00,0x00,0x04,0x41,0x01,0x10,0xA1,0x00,0x90,0xA0,0x00,0x00,0x10,0x00,0x10,0x10,
	0x00,0x08,0x88,0x00,0x11,0x00,0x00,0x41,0x03,0x48,0x00,0x00,0x3F,0x00,0x00,0x0E,0x00,0x00,0x1F,0x00,
	0x00,0x04,0xC1,0x00,0x10,0x60,0x00,0x10,0x20,0x00,0x15,0x3B,0x04,0x8C,0x08,0x02,0x00,0x0B,0x01,0x00,
	0x00,0x20,0x00,0x81,0x25,0x04,0x81,0x08,0x00,0xA0,0x00,0x03,0x40,0x01,0x00,0x40,0x01,0x00,0x20,0x01,
	0x00,0x00,0x01,0x00,0x00,0x29,0x01,0x00,0xC0,0x01,0x00,0x50,0x01,0x06,0x80,0x00,0x02,0x00,0x01,0x82,
	0x00,0x01,0x00,0x80,0x08,0x00,0x00,0x00,0x03,0x01,0x84,0x20,0x00,0x00,0x00,0x01,0x00,0x00,0x20,0x01,
	0x00,0xC0,0x01,0x00,0x50,0x00,0x15,0x04,0x8E,0x08,0x02,0x00,0x04,0x00,0x00,0x00,0xC0,0x02,0x01,0x01,
	0x00,0xC1,0x01,0x00,0xA0,0x08,0x00,0x00,0x81,0x01,0x00,0x01,0x00,0x20,0x09,0x02,0x30,0x00,0x00,0x00,
	0x41,0x02,0x40,0x00,0x01,0x00,0x80,0x02,0x20,0x40,0x00,0x80,0x80,0x00,0x04,0x80,0x00,0x02,0x00,0x01,
	0x80,0x00,0x01,0x00,0x00,0x86,0x40,0x08,0x00,0x00,0x81,0x01,0x20,0x01,0x00,0x00,0x09,0x00,0x10,0x00,
	0x00,0x00,0x40,0x02,0x40,0x00,0x00,0x16,0x03,0x8F,0x1C,0x00,0x00,0x0C,0x00,0x00,0x18,0x00,0x00,0x1F,
	0x20,0x00,0x9F,0x22,0x00,0x83,0x00,0x00,0x81,0x41,0x00,0x20,0x05,0x02,0x00,0x05,0x00,0x10,0x01,0x02,
	0x80,0x38,0x01,0x80,0x80,0x02,0x00,0x48,0x01,0xA0,0x40,0x01,0x50,0x00,0x00,0x06,0x10,0x00,0x07,0x80,
	0x80,0x00,0x00,0x00,0x81,0x00,0x40,0x00,0x20,0x00,0x02,0x00,0x85,0x10,0x00,0x00,0x00,0x38,0x01,0x80,
	0x80,0x00,0x00,0x40,0x00,0x00,0x40,0x00,0x40,0x00,0x00,0x14,0x03,0x8F,0x1C,0x00,0x00,0x0F,0x00,0x00,
	0x01,0x00,0x00,0x07,0xC0,0x01,0x0F,0x42,0x00,0x43,0x00,0x00,0x21,0x00,0x00,0x20,0x00,0x04,0x80,0x00,
	0x03,0x90,0x00,0x00,0x14,0x00,0x03,0x6F,0x28,0x00,0xDF,0x00,0x00,0x1F,0x08,0x00,0xAF,0x40,0x00,0x09,
	0x40,0x00,0x08,0x81,0x40,0x00,0x00,0x20,0x00,0x00,0x00,0x80,0x10,0x00,0x03,0x00,0x82,0x00,0x00,0x03,
	0x00,0x28,0x00,0x40,0x00,0x00,0x00,0x80,0x00,0x40,0x00,0x14,0x82,0x00,0x40,0x00,0x00,0x60,0x00,0x00,
	0x60,0x00,0x01,0x8E,0x02,0x02,0x02,0x01,0x80,0x03,0x07,0x80,0x00,0x0F,0x0C,0x00,0x1F,0xF0,0x00,0x9F,
	0x80,0x01,0x0F,0x00,0x00,0x07,0x80,0x04,0x0F,0x04,0x03,0x0B,0x60,0x05,0x10,0x10,0x04,0x20,0x80,0x01,
	0x20,0x40,0x00,0x00,0x28,0x00,0x20,0x40,0x00,0x04,0x80,0x00,0x02,0x00,0x02,0x80,0x00,0x10,0x00,0x01,
	0x84,0x00,0x80,0x00,0x08,0x00,0x03,0x08,0x60,0x01,0x10,0x10,0x00,0x20,0x80,0x01,0x01,0x80,0x00,0x40,
	0x00,0x13,0x3B,0x93,0x00,0x40,0x00,0x00,0x90,0x00,0x00,0x40,0x04,0x00,0x00,0x06,0x00,0x00,0x02,0x01,
	0x00,0x00,0x00,0x80,0x01,0x00,0x80,0x01,0x00,0x80,0x03,0x00,0x18,0x03,0x00,0x60,0x02,0x80,0xC0,0x03,
	0x80,0x04,0x02,0x88,0x04,0x00,0x88,0x04,0x00,0x18,0x00,0x02,0x00,0x78,0x03,0x00,0x00,0x01,0x20,0x50,
	0x00,0x00,0x28,0x00,0x08,0x85,0x00,0x08,0x00,0x00,0x20,0x00,0x00,0x40,0x00,0x80,0x04,0x00,0x80,0x04,
	0x00,0x80,0x00,0x00,0x00,0x80,0x10,0x78,0x01,0x00,0x80,0x20,0x10,0x00,0x14,0x82,0x00,0x00,0x03,0x00,
	0x70,0x03,0x00,0x20,0x07,0x01,0x82,0x00,0x03,0x00,0x00,0x00,0x02,0x00,0x00,0x02,0x00,0x8A,0x80,0x00,
	0x00,0xC0,0x24,0x00,0x90,0x00,0x02,0x00,0x00,0x02,0x00,0x80,0x00,0x04,0xC1,0x00,0x04,0x05,0x00,0x88,
	0x08,0x00,0x10,0xD0,0x00,0x40,0x00,0x02,0x20,0x10,0x00,0x04,0x80,0x00,0x02,0x00,0x02,0x82,0x80,0x00,
	0x00,0x80,0x00,0x00,0x90,0x00,0x00,0x00,0x86,0x00,0x80,0x00,0x00,0xC0,0x00,0x08,0x00,0x00,0x00,0x08,
	0x00,0x00,0x10,0x00,0x40,0x00,0x00,0x20,0x00,0x00,0x13,0x80,0x00,0x80,0x00,0x00,0x83,0x00,0x80,0x00,
	0x00,0x00,0x06,0x00,0x00,0x02,0x00,0x00,0x02,0x00,0x8C,0x80,0x00,0x00,0x80,0x04,0x00,0x00,0x0C,0x00,
	0x80,0x10,0x00,0x00,0x70,0x02,0x00,0x40,0x03,0x80,0x00,0x02,0x80,0x04,0x01,0x00,0x80,0x02,0x38,0x0C,
	0x04,0xB8,0x40,0x04,0x30,0xB0,0x01,0x10,0x48,0x00,0x07,0x80,0x80,0x00,0x00,0x00,0x82,0x00,0x10,0x00,
	0x00,0x20,0x00,0x00,0x40,0x00,0x00,0x85,0x00,0x04,0x00,0x00,0x80,0x00,0x08,0x08,0x00,0x30,0x40,0x00,
	0x20,0x30,0x00,0x00,0x08,0x00,0x13,0x82,0x00,0x80,0x03,0x00,0x80,0x03,0x00,0x80,0x03,0x03,0x80,0x00,
	0x01,0x00,0x00,0x8A,0x00,0x01,0x00,0x40,0x14,0x00,0x40,0x14,0x00,0x00,0x00,0x01,0x00,0x60,0x02,0x00,
	0x00,0x01,0x80,0x24,0x02,0xCC,0x20,0x01,0x00,0x44,0x04,0x10,0x40,0x02,0x60,0xA8,0x00,0x06,0x80,0x00,
	0x01,0x00,0x01,0x81,0x00,0x04,0x00,0x00,0x04,0x00,0x00,0x80,0x00,0x40,0x00,0x00,0x84,0x00,0x24,0x00,
	0x40,0x20,0x00,0x00,0x40,0x00,0x10,0x00,0x00,0x20,0x28,0x00,0x13,0x04,0x82,0x00,0x05,0x00,0x80,0x04,
	0x00,0x00,0x05,0x00,0x00,0x8A,0x00,0x06,0x00,0x00,0x08,0x00,0x80,0x30,0x00,0x00,0x20,0x00,0x08,0x20,
	0x00,0x00,0x40,0x00,0x30,0x40,0x00,0x00,0x84,0x00,0x94,0xC0,0x03,0x08,0x04,0x01,0x50,0x40,0x00,0x06,
	0x80,0x00,0x01,0x00,0x01,0x82,0x00,0x08,0x00,0x00,0x10,0x00,0x00,0x20,0x00,0x00,0x83,0x00,0x40,0x00,
	0x00,0x40,0x00,0x00,0x84,0x00,0x08,0x40,0x00,0x00,0x80,0x10,0x00,0x00,0x13,0x3B,0x04,0x81,0x00,0x02,
	0x00,0x00,0x01,0x00,0x00,0x8B,0x40,0x00,0x00,0x40,0x00,0x00,0x60,0x08,0x00,0x10,0x00,0x00,0xC0,0x40,
	0x00,0x00,0x22,0x00,0x04,0x02,0x00,0x30,0x00,0x00,0x30,0x40,0x00,0x40,0x4C,0x00,0x0C,0x90,0x00,0x48,
	0xD0,0x00,0x05,0x80,0x00,0x01,0x00,0x01,0x82,0x40,0x00,0x00,0x20,0x00,0x00,0x10,0x00,0x00,0x00,0x80,
	0x00,0x20,0x00,0x01,0x83,0x00,0x40,0x00,0x40,0x4C,0x00,0x08,0x10,0x00,0x00,0x10,0x00,0x13,0x05,0x80,
	0x00,0x01,0x00,0x00,0x80,0x80,0x02,0x00,0x00,0x89,0x00,0x04,0x00,0x40,0x10,0x00,0x08,0xA0,0x01,0x00,
	0x00,0x02,0x00,0x60,0x01,0x40,0x00,0x00,0x24,0x20,0x00,0x1C,0x60,0x00,0x28,0x50,0x00,0x18,0x34,0x00,
	0x05,0x80,0x00,0x01,0x00,0x00,0x80,0x80,0x02,0x00,0x00,0x81,0x00,0x04,0x00,0x40,0x00,0x00,0x01,0x80,
	0x00,0x20,0x00,0x00,0x83,0x04,0x20,0x00,0x04,0x20,0x00,0x20,0x10,0x00,0x18,0x10,0x00,0x13,0x83,0x00,
	0x00,0x04,0x00,0x00,0x04,0x00,0x00,0x04,0x00,0x00,0x04,0x00,0x80,0x00,0x02,0x00,0x01,0x80,0x00,0x02,
	0x00,0x00,0x80,0xC0,0x01,0x00,0x00,0x87,0x40,0x12,0x00,0x00,0x00,0x04,0x00,0x00,0x02,0x00,0x62,0x02,
	0x00,0xC8,0x00,0x40,0x00,0x00,0x0C,0x28,0x00,0x1C,0x18,0x00,0x07,0x80,0x00,0x02,0x00,0x00,0x80,0x40,
	0x00,0x00,0x00,0x80,0x40,0x10,0x00,0x01,0x84,0x00,0x20,0x00,0x00,0x08,0x00,0x40,0x00,0x00,0x04,0x08,
	0x00,0x18,0x18,0x00,0x13,0x84,0x00,0x00,0x02,0x00,0x00,0x02,0x00,0x00,0x02,0x00,0x00,0x02,0x00,0x00,
	0x06,0x00,0x82,0x00,0x02,0x00,0x40,0x00,0x00,0x80,0x00,0x00,0x01,0x81,0x40,0x02,0x00,0x28,0x00,0x00,
	0x00,0x85,0x00,0x02,0x00,0x40,0x00,0x00,0x10,0x00,0x00,0x08,0x20,0x00,0x40,0x00,0x00,0x38,0x18,0x00,
	0x07,0x80,0x80,0x00,0x00,0x04,0x80,0x00,0x02,0x00,0x03,0x80,0x38,0x08,0x00,0x13,0x84,0x00,0x80,0x01,
	0x00,0x80,0x01,0x00,0x80,0x01,0x00,0x00,0x01,0x00,0x00,0x06,0x00,0x80,0x00,0x01,0x00,0x02,0x89,0x20,
	0x03,0x00,0x00,0x08,0x00,0x00,0xE0,0x01,0x08,0x00,0x02,0x04,0x40,0x03,0x04,0x42,0x02,0x44,0xCA,0x00,
	0x26,0x32,0x00,0x04,0x12,0x00,0x0E,0x08,0x00,0x09,0x81,0x20,0x00,0x00,0x00,0x08,0x00,0x02,0x81,0x04,
	0x02,0x00,0x40,0x08,0x00,0x00,0x81,0x04,0x10,0x00,0x0C,0x08,0x00,0x13,0x3B,0x80,0x00,0x40,0x00,0x01,
	0x81,0x00,0x00,0x02,0x00,0x02,0x00,0x00,0x83,0xC0,0x00,0x00,0x00,0x02,0x00,0x40,0x00,0x00,0x20,0x00,
	0x00,0x00,0x88,0x30,0x02,0x00,0x48,0x02,0x00,0x0C,0x02,0x04,0x44,0x00,0x04,0x44,0x20,0x00,0x02,0x06,
	0x01,0x4C,0x00,0x00,0x0E,0x10,0x00,0x26,0x02,0x00,0x07,0x80,0x40,0x00,0x00,0x01,0x85,0x10,0x02,0x00,
	0x08,0x02,0x00,0x48,0x02,0x00,0x04,0x00,0x00,0x40,0x20,0x00,0x00,0x06,0x00,0x00,0x81,0x0C,0x10,0x00,
	0x24,0x00,0x00,0x0C,0x80,0x08,0x00,0x00,0x05,0x81,0x00,0x20,0x00,0x00,0x40,0x00,0x00,0x90,0x00,0x80,
	0x02,0x00,0x00,0x07,0x00,0x00,0x02,0x40,0x00,0x00,0x80,0x04,0x00,0x00,0x04,0x00,0x00,0x04,0x00,0x14,
	0x01,0x00,0x0B,0xC8,0x00,0x0F,0x10,0x00,0x07,0x00,0x04,0x47,0x02,0x04,0x43,0x02,0x00,0x41,0x24,0x00,
	0x39,0x0A,0x00,0x11,0x04,0x00,0x06,0x00,0x00,0x06,0x80,0x80,0x00,0x00,0x04,0x81,0x04,0x00,0x00,0x40,
	0x00,0x00,0x00,0x83,0x02,0x24,0x00,0x0A,0x02,0x00,0x12,0x04,0x00,0x04,0x00,0x00,0x13,0x00,0x85,0x00,
	0x20,0x00,0x00,0x40,0x00,0x00,0x80,0x03,0x00,0x40,0x07,0x00,0x00,0x02,0x00,0x04,0x00,0x02,0x89,0x04,
	0x00,0x00,0x23,0x04,0x03,0x20,0x00,0x06,0x44,0x10,0x04,0x44,0x03,0x04,0x06,0x01,0x04,0x30,0x00,0x02,
	0x35,0x08,0x00,0x01,0x18,0x00,0x23,0x10,0x00,0x0A,0x84,0x20,0x04,0x00,0x20,0x00,0x00,0x00,0x10,0x00,
	0x04,0x00,0x00,0x06,0x00,0x00,0x00,0x82,0x21,0x00,0x00,0x21,0x00,0x00,0x02,0x00,0x00,0x0D,0x81,0x04,
	0x00,0x00,0x04,0x00,0x00,0x03,0x82,0x00,0xE0,0x00,0x00,0xE0,0x00,0x00,0xC0,0x00,0x00,0x89,0x00,0xC0,
	0x06,0x00,0x00,0x03,0x00,0x80,0x03,0x00,0x82,0x07,0x00,0x01,0x00,0x20,0x01,0x00,0x10,0x40,0x04,0x08,
	0x00,0x04,0x03,0x2A,0x00,0x23,0x08,0x00,0x00,0x82,0x24,0x50,0x00,0x20,0x40,0x00,0x10,0x40,0x00,0x00,
	0x80,0x00,0x1E,0x00,0x07,0x81,0x00,0x01,0x00,0x00,0x01,0x00,0x01,0x80,0x00,0x08,0x00,0x01,0x82,0x04,
	0x40,0x00,0x20,0x40,0x00,0x10,0x00,0x00,0x00,0x80,0x00,0x14,0x00,0x0E,0x80,0x04,0x00,0x00,0x03,0x00,
	0x92,0x00,0x00,0x01,0x00,0x00,0x07,0x00,0x00,0x04,0x00,0x80,0x06,0x00,0x86,0x02,0x00,0x42,0x04,0x00,
	0x41,0x00,0xA0,0x00,0x01,0x60,0xC0,0x01,0x10,0x81,0x03,0x28,0x00,0x00,0x13,0x24,0x00,0x03,0x00,0x00,
	0x08,0x02,0x00,0x26,0x6C,0x00,0x27,0x6E,0x02,0x09,0x40,0x00,0x05,0x00,0x00,0x00,0x10,0x00,0x06,0x85,
	0x00,0x01,0x00,0x80,0x00,0x00,0x40,0x00,0x00,0x00,0x01,0x00,0x20,0x00,0x00,0x10,0x00,0x00,0x00,0x83,
	0x08,0x00,0x00,0x04,0x60,0x00,0x27,0x60,0x00,0x08,0x00,0x00,0x0D,0x80,0x10,0x00,0x00,0x00,0x82,0x08,
	0x00,0x00,0x04,0x00,0x00,0x06,0x00,0x00,0x02,0x3B,0x93,0x00,0x00,0x07,0x00,0x00,0x02,0x00,0x00,0x04,
	0x01,0x00,0x00,0x0F,0x02,0x00,0x1F,0x80,0x01,0x1F,0xC1,0x07,0x1F,0x40,0x06,0x1F,0x01,0x01,0x1F,0x04,
	0x06,0x2F,0x00,0x00,0x07,0x00,0x00,0x20,0xE0,0x00,0x00,0xC0,0x00,0x42,0x00,0x00,0x00,0x09,0x00,0x00,
	0x0E,0x00,0x00,0x12,0x00,0x28,0x02,0x00,0x05,0x0C,0x00,0x07,0x81,0x00,0x01,0x00,0x00,0x04,0x00,0x01,
	0x82,0x20,0xC0,0x00,0x00,0xC0,0x00,0x02,0x00,0x00,0x01,0x82,0x00,0x02,0x00,0x08,0x00,0x00,0x01,0x04,
	0x00,0x13,0x00,0x92,0x00,0x00,0x04,0x00,0x00,0x04,0x01,0x02,0x00,0x00,0x04,0x00,0x00,0x00,0x01,0x80,
	0xC0,0x07,0x20,0x41,0x06,0x00,0xC1,0x07,0x10,0x04,0x00,0x18,0x45,0x00,0x30,0xC6,0x03,0x20,0x0E,0x03,
	0x70,0x20,0x03,0x61,0xE5,0x01,0x49,0x40,0x00,0x40,0x44,0x02,0x18,0x52,0x00,0x08,0x28,0x00,0x08,0x00,
	0x00,0x06,0x8A,0x00,0x01,0x00,0x00,0x01,0x00,0x10,0x04,0x00,0x18,0x45,0x00,0x00,0xC6,0x03,0x00,0x08,
	0x03,0x10,0x00,0x03,0x61,0xC0,0x01,0x09,0x40,0x00,0x00,0x40,0x00,0x10,0x00,0x00,0x00,0x80,0x08,0x00,
	0x00,0x0C,0x82,0x10,0x00,0x00,0x20,0x00,0x00,0x08,0x00,0x00,0x03,0x00,0x85,0x07,0x00,0x00,0x3F,0x00,
	0x00,0x3F,0x00,0x00,0x30,0x80,0x07,0x00,0xC0,0x06,0xC0,0x01,0x00,0x00,0x8B,0x00,0x80,0x03,0x10,0xC9,
	0x07,0x18,0x80,0x07,0x00,0x0C,0x04,0x20,0x08,0x04,0x44,0x10,0x07,0x44,0x10,0x06,0x43,0x82,0x03,0x4B,
	0x02,0x00,0x43,0x00,0x00,0x01,0x0C,0x00,0x0A,0x18,0x00,0x05,0x80,0x80,0x01,0x00,0x00,0x8B,0x00,0x80,
	0x03,0x10,0xC1,0x07,0x18,0x80,0x07,0x00,0x00,0x04,0x00,0x00,0x04,0x40,0x10,0x04,0x04,0x00,0x06,0x41,
	0x80,0x03,0x4B,0x02,0x00,0x02,0x00,0x00,0x00,0x0C,0x00,0x00,0x08,0x00,0x0D,0x80,0x04,0x00,0x00,0x00,
	0x81,0x0A,0x00,0x00,0x02,0x00,0x00,0x01,0x00,0x80,0x78,0x00,0x00,0x00,0x80,0x00,0x00,0x02,0x00,0x8E,
	0x00,0x01,0x00,0x00,0x08,0x00,0x00,0x08,0x00,0x00,0x09,0x00,0x20,0x40,0x00,0x40,0x49,0x04,0x18,0x08,
	0x04,0x48,0x90,0x06,0x60,0x04,0x00,0x21,0x20,0x00,0x40,0x0A,0x00,0x10,0x46,0x04,0x23,0x28,0x00,0x11,
	0x10,0x00,0x27,0x10,0x00,0x07,0x8B,0x00,0x01,0x00,0x20,0x40,0x00,0x00,0x40,0x00,0x18,0x08,0x00,0x08,
	0x00,0x00,0x20,0x00,0x00,0x21,0x00,0x00,0x00,0x02,0x00,0x00,0x40,0x00,0x23,0x38,0x00,0x11,0x00,0x00,
	0x01,0x10,0x00,0x0A,0x83,0x10,0x00,0x00,0x08,0x00,0x00,0x20,0x00,0x00,0x20,0x00,0x00,0x01,0x80,0x02,
	0x00,0x00,0x01,0x80,0x0C,0x00,0x00,0x00,0x91,0x40,0x00,0x00,0x00,0xC2,0x05,0x00,0x40,0x00,0xA0,0x02,
	0x00,0x20,0x01,0x00,0x40,0x81,0x03,0x00,0x80,0x03,0x40,0x00,0x00,0xB0,0x80,0x04,0x00,0x4C,0x00,0x40,
	0xC0,0x04,0x00,0x58,0x01,0x02,0x42,0x06,0x00,0x7A,0x00,0x0A,0x08,0x02,0x52,0x24,0x00,0x42,0x10,0x00,
	0x02,0x38,0x00,0x05,0x8D,0x00,0x01,0x00,0x40,0x81,0x03,0x00,0x80,0x03,0x40,0x00,0x00,0x30,0x80,0x00,
	0x00,0x40,0x00,0x40,0x40,0x04,0x00,0x40,0x04,0x02,0x40,0x00,0x00,0x60,0x04,0x08,0x08,0x02,0x50,0x24,
	0x00,0x00,0x10,0x00,0x02,0x08,0x00,0x09,0x80,0x20,0x00,0x00,0x00,0x81,0x00,0x00,0x04,0x00,0x00,0x04,
	0x01,0x80,0x08,0x00,0x00,0x02,0x3B,0x80,0x10,0x00,0x00,0x00,0x91,0x40,0x00,0x04,0x00,0xC2,0x01,0x20,
	0x43,0x00,0xC0,0x49,0x00,0x00,0x40,0x00,0x00,0xC0,0x03,0x80,0x40,0x00,0x20,0xC2,0x07,0x10,0x0C,0x07,
	0x48,0x90,0x05,0x64,0x1C,0x02,0xB4,0x28,0x02,0x04,0xAA,0x06,0x00,0x84,0x05,0x14,0x1C,0x00,0x20,0x88,
	0x00,0x00,0x08,0x00,0x18,0x14,0x00,0x04,0x80,0x80,0x01,0x00,0x00,0x8C,0x00,0x80,0x03,0x80,0x00,0x00,
	0x00,0x80,0x07,0x00,0x08,0x07,0x00,0x80,0x01,0x04,0x10,0x04,0x30,0x00,0x04,0x04,0xA2,0x00,0x00,0x80,
	0x01,0x04,0x1C,0x00,0x20,0x08,0x00,0x00,0x08,0x00,0x10,0x00,0x00,0x0B,0x82,0x00,0x00,0x04,0x30,0x00,
	0x04,0x04,0x00,0x00,0x00,0x80,0x04,0x00,0x00,0x02,0x93,0x1C,0x00,0x00,0x7F,0x00,0x00,0x3F,0x00,0x04,
	0x3F,0x80,0x01,0x9F,0x00,0x00,0x3F,0x05,0x00,0x5F,0x07,0x00,0x03,0x01,0x00,0x07,0x00,0x00,0xC1,0x05,
	0x00,0x50,0x40,0x00,0x48,0x48,0x02,0x90,0xDA,0x01,0x00,0x88,0x00,0x80,0x0A,0x01,0x28,0x30,0x00,0x01,
	0x18,0x04,0x09,0x10,0x00,0x11,0x44,0x00,0x13,0x30,0x00,0x04,0x82,0x00,0x01,0x00,0x40,0x03,0x00,0x00,
	0x01,0x00,0x00,0x8A,0x00,0x04,0x00,0x10,0x00,0x00,0x48,0x00,0x02,0x10,0x82,0x01,0x00,0x80,0x00,0x00,
	0x00,0x01,0x08,0x20,0x00,0x00,0x18,0x04,0x00,0x10,0x00,0x10,0x00,0x00,0x10,0x00,0x00,0x09,0x82,0x10,
	0x00,0x00,0x08,0x00,0x00,0x10,0x00,0x00,0x01,0x80,0x08,0x00,0x00,0x03,0x01,0x91,0x00,0x00,0x06,0x00,
	0x04,0x00,0xC0,0x01,0x00,0x80,0x00,0x00,0x20,0x03,0x00,0xBC,0x00,0x00,0x78,0x02,0x04,0x0E,0x08,0x00,
	0x3F,0x10,0x00,0xD3,0x10,0x04,0x03,0x20,0x06,0x0B,0x62,0x07,0x09,0x14,0x06,0x15,0x34,0x06,0x20,0x04,
	0x06,0x00,0x0C,0x00,0x0A,0x10,0x00,0x00,0x08,0x00,0x03,0x8F,0x80,0x01,0x00,0x80,0x00,0x00,0x00,0x03,
	0x00,0x80,0x00,0x00,0x60,0x00,0x00,0x00,0x08,0x00,0x38,0x00,0x00,0x10,0x10,0x04,0x00,0x00,0x06,0x08,
	0x22,0x07,0x08,0x00,0x06,0x04,0x24,0x06,0x20,0x00,0x06,0x00,0x08,0x00,0x02,0x00,0x00,0x00,0x08,0x00,
	0x09,0x81,0x30,0x00,0x00,0x10,0x00,0x00,0x00,0x82,0x08,0x00,0x00,0x08,0x00,0x00,0x04,0x00,0x00,0x03,
	0x01,0x91,0x00,0x00,0x06,0x80,0x81,0x07,0x00,0x85,0x07,0x80,0x81,0x07,0x00,0x80,0x05,0x80,0x80,0x00,
	0x00,0x80,0x04,0x50,0x84,0x01,0x10,0x86,0x01,0x00,0x80,0x00,0x00,0x20,0x00,0x04,0x02,0x00,0x02,0x20,
	0x00,0x42,0x20,0x00,0x22,0x28,0x00,0x2A,0x38,0x00,0x0C,0xB8,0x00,0x28,0x10,0x00,0x03,0x81,0x00,0x01,
	0x00,0x80,0x01,0x00,0x00,0x80,0x80,0x00,0x00,0x00,0x81,0x10,0x00,0x00,0x10,0x00,0x00,0x00,0x82,0x00,
	0x20,0x00,0x04,0x00,0x00,0x02,0x00,0x00,0x00,0x83,0x20,0x28,0x00,0x28,0x38,0x00,0x08,0x08,0x00,0x08,
	0x00,0x00,0x09,0x80,0x10,0x00,0x00,0x01,0x80,0x04,0x00,0x00,0x05,0x03,0x8F,0x80,0x00,0x00,0x00,0x03,
	0x00,0x40,0x00,0x04,0x00,0x00,0x01,0x80,0x01,0x07,0x10,0x04,0x06,0x60,0x10,0x06,0x00,0x22,0x00,0x08,
	0x0A,0x00,0x00,0x60,0x00,0x28,0x04,0x00,0x80,0x44,0x00,0x00,0x00,0x04,0x04,0x08,0x00,0x04,0x40,0x00,
	0x00,0x10,0x00,0x03,0x82,0x80,0x00,0x00,0x00,0x03,0x00,0x40,0x00,0x00,0x02,0x80,0x40,0x10,0x00,0x00,
	0x80,0x08,0x00,0x00,0x00,0x81,0x08,0x04,0x00,0x00,0x40,0x00,0x00,0x82,0x00,0x08,0x00,0x04,0x00,0x00,
	0x00,0x10,0x00,0x0B,0x80,0x08,0x00,0x00,0x00,0x80,0x08,0x00,0x00,0x04,0x3B,0x03,0x80,0x00,0x08,0x00,
	0x00,0x84,0x00,0x00,0x05,0x80,0x00,0x04,0x00,0x08,0x00,0x10,0x10,0x00,0x60,0x08,0x00,0x00,0x87,0x88,
	0x20,0x00,0x80,0x04,0x00,0x20,0x00,0x00,0x20,0x00,0x00,0x88,0x50,0x04,0x80,0x40,0x01,0x90,0x00,0x00,
	0x56,0x00,0x00,0x06,0x81,0x80,0x00,0x00,0x00,0x08,0x00,0x00,0x80,0x40,0x08,0x00,0x00,0x81,0x88,0x00,
	0x00,0x80,0x00,0x00,0x01,0x81,0x00,0x50,0x00,0x00,0x40,0x00,0x00,0x80,0x04,0x00,0x00,0x0B,0x80,0x08,
	0x00,0x00,0x06,0x03,0x80,0x00,0x00,0x04,0x00,0x82,0x00,0x00,0x07,0x00,0x04,0x05,0xA0,0x00,0x06,0x00,
	0x89,0x50,0x28,0x00,0x10,0x24,0x01,0x00,0x54,0x00,0x04,0x18,0x00,0x80,0x28,0x00,0x80,0xD0,0x00,0x09,
	0x00,0x00,0x01,0x00,0x02,0x70,0x00,0x01,0xA0,0x00,0x00,0x07,0x80,0x20,0x00,0x00,0x00,0x81,0x50,0x08,
	0x00,0x10,0x24,0x00,0x00,0x82,0x04,0x00,0x00,0x80,0x00,0x00,0x80,0x90,0x00,0x01,0x80,0x60,0x00,0x00,
	0x0A,0x81,0x10,0x00,0x00,0x10,0x00,0x00,0x00,0x80,0x04,0x00,0x00,0x05,0x03,0x83,0x80,0x00,0x04,0x00,
	0x01,0x06,0x00,0x82,0x03,0x40,0x00,0x00,0x00,0x8A,0x10,0x14,0x06,0x08,0x04,0x06,0xCC,0x20,0x01,0x84,
	0x0C,0x00,0x88,0x44,0x00,0x82,0x44,0x00,0x54,0x20,0x00,0xA1,0x88,0x00,0x88,0x20,0x04,0x82,0x00,0x00,
	0x61,0x08,0x00,0x03,0x83,0x80,0x00,0x00,0x00,0x01,0x00,0x00,0x02,0x00,0x40,0x00,0x00,0x00,0x8A,0x10,
	0x14,0x00,0x08,0x04,0x00,0x88,0x00,0x00,0x04,0x04,0x00,0x08,0x44,0x00,0x02,0x40,0x00,0x04,0x00,0x00,
	0x80,0x88,0x00,0x88,0x20,0x00,0x82,0x00,0x00,0x60,0x00,0x00,0x0A,0x80,0x08,0x00,0x00,0x00,0x80,0x08,
	0x00,0x00,0x00,0x80,0x04,0x00,0x00,0x03,0x85,0x00,0x00,0x04,0x00,0x00,0x06,0x00,0x00,0x06,0x00,0x00,
	0x07,0x00,0x80,0x07,0x80,0x80,0x01,0x00,0x8C,0x00,0x80,0x04,0x40,0x07,0x04,0x50,0x88,0x07,0x08,0xA0,
	0x05,0xC8,0xC0,0x00,0x10,0x70,0x00,0x04,0x60,0x00,0x04,0x00,0x04,0x8A,0x90,0x00,0x00,0x40,0x00,0x0D,
	0x88,0x00,0x08,0x08,0x02,0x90,0x20,0x00,0x04,0x80,0x80,0x00,0x00,0x01,0x84,0x40,0x00,0x00,0x40,0x00,
	0x00,0x00,0x20,0x00,0xC0,0x00,0x00,0x10,0x40,0x00,0x00,0x81,0x04,0x00,0x00,0x08,0x10,0x00,0x00,0x82,
	0x00,0x80,0x00,0x08,0x00,0x00,0x80,0x00,0x00,0x0B,0x80,0x10,0x00,0x00,0x00,0x81,0x04,0x00,0x00,0x08,
	0x00,0x00,0x03,0x93,0x00,0x00,0x04,0x00,0x00,0x05,0x00,0x80,0x05,0x80,0x80,0x04,0x00,0x01,0x04,0x00,
	0x03,0x04,0x00,0x00,0x04,0x80,0x02,0x00,0x20,0x00,0x00,0x20,0x04,0x00,0x30,0x0C,0x02,0x00,0x10,0x04,
	0x00,0x58,0x00,0x04,0x80,0x00,0x02,0x00,0x04,0x02,0x00,0x01,0x42,0x00,0x01,0x12,0x00,0x00,0x00,0x20,
	0x00,0x08,0x10,0x00,0x03,0x81,0x00,0x01,0x00,0x00,0x03,0x00,0x00,0x80,0x80,0x02,0x00,0x01,0x81,0x20,
	0x00,0x00,0x00,0x10,0x00,0x00,0x80,0x04,0x80,0x00,0x00,0x84,0x02,0x00,0x01,0x00,0x00,0x01,0x10,0x00,
	0x00,0x04,0x00,0x00,0x08,0x10,0x00,0x09,0x80,0x20,0x00,0x00,0x08,0x0A,0x80,0x00,0x00,0x04,0x2F,0x00,
	0x82,0x00,0x00,0x03,0x00,0x82,0x03,0x00,0x83,0x02,0x01,0x8D,0x00,0x04,0x04,0x00,0x04,0x04,0x00,0x8A,
	0x05,0x20,0x00,0x06,0x30,0x00,0x06,0xC8,0x44,0x00,0x48,0x84,0x00,0x10,0x04,0x00,0x06,0xC0,0x00,0x04,
	0x48,0x00,0x96,0x78,0x00,0x00,0x10,0x01,0x1A,0x10,0x06,0x05,0x00,0x02,0x07,0x8B,0x00,0x0A,0x00,0x20,
	0x00,0x00,0x30,0x00,0x00,0x48,0x40,0x00,0x08,0x80,0x00,0x10,0x00,0x00,0x00,0x80,0x00,0x04,0x08,0x00,
	0x06,0x30,0x00,0x00,0x10,0x01,0x12,0x10,0x00,0x04,0x00,0x00,0x09,0x80,0x20,0x00,0x00,0x00,0x81,0x08,
	0x00,0x00,0x10,0x00,0x00,0x00,0x81,0x04,0x00,0x00,0x04,0x00,0x00,0x02,0x01,0x91,0x00,0x02,0x00,0x00,
	0x00,0x01,0xC0,0x80,0x03,0x80,0x80,0x03,0x00,0x81,0x07,0x00,0x80,0x01,0x40,0x80,0x01,0xE0,0x1B,0x03,
	0x70,0x08,0x00,0x48,0x10,0x00,0x44,0x00,0x00,0x08,0x98,0x00,0x05,0xC8,0x00,0x06,0x00,0x00,0x04,0x80,
	0x02,0x42,0x00,0x00,0x00,0x10,0x03,0x14,0x00,0x04,0x03,0x82,0x80,0x00,0x00,0x80,0x00,0x00,0x00,0x01,
	0x00,0x00,0x81,0x40,0x00,0x00,0x00,0x10,0x00,0x00,0x83,0x10,0x10,0x00,0xC8,0x00,0x00,0x08,0x00,0x00,
	0x04,0x00,0x00,0x00,0x83,0x04,0x00,0x02,0x02,0x00,0x00,0x00,0x10,0x01,0x10,0x00,0x00,0x0A,0x80,0x10,
	0x00,0x00,0x00,0x80,0x08,0x00,0x00,0x01,0x80,0x04,0x00,0x00,0x02,0x03,0x8F,0x80,0x01,0x00,0x00,0x01,
	0x00,0x80,0x03,0x00,0x00,0x00,0x01,0x00,0x04,0x00,0x40,0x80,0x02,0x20,0x80,0x00,0x10,0x40,0x00,0x56,
	0x40,0x00,0xCA,0x40,0x01,0x08,0x20,0x01,0x0F,0x88,0x00,0x05,0xA0,0x01,0x31,0x00,0x02,0x01,0xC0,0x00,
	0x06,0x41,0x00,0x03,0x82,0x00,0x01,0x00,0x00,0x01,0x00,0x80,0x03,0x00,0x02,0x88,0x20,0x00,0x00,0x10,
	0x00,0x00,0x50,0x00,0x00,0x00,0x00,0x01,0x08,0x00,0x01,0x0C,0x08,0x00,0x00,0x20,0x00,0x00,0x00,0x02,
	0x00,0x80,0x00,0x0C,0x80,0x10,0x00,0x00,0x00,0x81,0x08,0x00,0x00,0x08,0x00,0x00,0x03,0x03,0x81,0x00,
	0x01,0x00,0x40,0x02,0x00,0x00,0x8C,0x00,0x00,0x05,0x00,0x02,0x00,0xC0,0x16,0x00,0xA0,0x21,0x00,0x10,
	0x48,0x00,0xCE,0xC8,0x00,0xDE,0x18,0x01,0x0F,0x80,0x03,0x0F,0x00,0x01,0x07,0x00,0x02,0x83,0x00,0x04,
	0x07,0x00,0x02,0x04,0x00,0x01,0x04,0x80,0x00,0x02,0x00,0x01,0x86,0x00,0x02,0x00,0xC0,0x02,0x00,0x00,
	0x20,0x00,0x20,0x08,0x00,0x10,0x08,0x00,0xD8,0x08,0x00,0x00,0x00,0x02,0x00,0x83,0x04,0x00,0x00,0x04,
	0x00,0x04,0x00,0x00,0x02,0x04,0x00,0x00,0x0C,0x80,0x10,0x00,0x00,0x05,0x03,0x8F,0x00,0x04,0x00,0x80,
	0x00,0x00,0x40,0x01,0x00,0x40,0x05,0x01,0x80,0x04,0x05,0xC0,0x08,0x01,0x00,0x0A,0x00,0x80,0x10,0x00,
	0x90,0x00,0x00,0x18,0x80,0x00,0x08,0x10,0x00,0x08,0x19,0x02,0x08,0x01,0x03,0x00,0x31,0x00,0x14,0x21,
	0x04,0x14,0x20,0x02,0x04,0x85,0x80,0x00,0x00,0x00,0x01,0x00,0x00,0x05,0x00,0x80,0x04,0x00,0x80,0x08,
	0x00,0x40,0x08,0x00,0x02,0x81,0x08,0x00,0x00,0x08,0x08,0x02,0x00,0x82,0x00,0x30,0x00,0x04,0x20,0x04,
	0x00,0x20,0x02,0x13,0x3B,0x03,0x8F,0x00,0x02,0x00,0x00,0x07,0x00,0x80,0x00,0x00,0x80,0x02,0x03,0x00,
	0x00,0x03,0x00,0x06,0x07,0x80,0x00,0x00,0x60,0x28,0x00,0x00,0x08,0x00,0xD0,0x00,0x00,0xD8,0x29,0x01,
	0x08,0x00,0x01,0x0C,0x01,0x02,0x04,0x81,0x00,0xCC,0x50,0x00,0x10,0x10,0x01,0x04,0x82,0x00,0x03,0x00,
	0x80,0x00,0x00,0x80,0x02,0x00,0x00,0x81,0x00,0x06,0x00,0x80,0x00,0x00,0x00,0x82,0x20,0x00,0x00,0xD0,
	0x00,0x00,0x00,0x08,0x00,0x00,0x83,0x08,0x01,0x00,0x08,0x81,0x00,0x00,0x40,0x00,0x00,0x00,0x01,0x13,
	0x04,0x80,0x80,0x00,0x00,0x00,0x81,0x00,0x01,0x00,0xC0,0x01,0x00,0x00,0x89,0x40,0x0C,0x00,0xC0,0x00,
	0x00,0x80,0x00,0x01,0x70,0x28,0x02,0x10,0x50,0x02,0x10,0x59,0x04,0x18,0x01,0x00,0x08,0x80,0x00,0x28,
	0x01,0x00,0x08,0xC1,0x04,0x06,0x81,0x00,0x01,0x00,0x80,0x01,0x00,0x01,0x84,0xC0,0x00,0x00,0x80,0x00,
	0x01,0x00,0x20,0x02,0x10,0x00,0x00,0x00,0x01,0x04,0x00,0x82,0x00,0x80,0x00,0x08,0x01,0x00,0x08,0x41,
	0x04,0x13,0x04,0x83,0x00,0x01,0x00,0x80,0x00,0x00,0x00,0x04,0x00,0x00,0x08,0x00,0x00,0x89,0x80,0x20,
	0x03,0xC0,0x10,0x01,0xA0,0x80,0x01,0xA0,0x00,0x02,0x90,0x48,0x02,0x10,0x40,0x00,0x10,0x00,0x06,0x00,
	0x00,0x04,0x18,0x00,0x00,0x08,0x00,0x01,0x05,0x82,0x80,0x00,0x00,0x00,0x04,0x00,0x00,0x08,0x00,0x00,
	0x80,0x80,0x00,0x00,0x00,0x85,0x40,0x00,0x01,0x20,0x00,0x02,0x80,0x00,0x00,0x10,0x00,0x00,0x10,0x00,
	0x04,0x10,0x00,0x04,0x00,0x80,0x00,0x00,0x01,0x13,0x00,0x80,0x00,0x80,0x00,0x01,0x80,0x00,0x0C,0x00,
	0x00,0x80,0x80,0x02,0x00,0x00,0x8B,0x00,0x04,0x00,0x00,0x04,0x00,0x00,0x00,0x04,0x80,0x03,0x00,0x00,
	0x50,0x00,0x60,0x30,0x01,0x40,0x10,0x04,0x30,0x00,0x00,0x10,0x00,0x00,0x10,0x00,0x04,0x10,0x00,0x01,
	0x10,0xA0,0x00,0x05,0x80,0x00,0x02,0x00,0x00,0x81,0x00,0x04,0x00,0x00,0x04,0x00,0x01,0x82,0x00,0x10,
	0x00,0x00,0x30,0x00,0x20,0x10,0x04,0x01,0x82,0x00,0x00,0x04,0x10,0x00,0x01,0x10,0xA0,0x00,0x13,0x87,
	0x00,0xC0,0x01,0x00,0x40,0x01,0x00,0xC0,0x03,0x00,0x80,0x03,0x00,0x80,0x03,0x00,0x0A,0x00,0x00,0x04,
	0x00,0x80,0x00,0x00,0x00,0x86,0x80,0x08,0x00,0x80,0x18,0x00,0x80,0x51,0x01,0x40,0x01,0x00,0x40,0x01,
	0x02,0x60,0x00,0x00,0x20,0x00,0x00,0x00,0x82,0x20,0x10,0x00,0x30,0x00,0x01,0x10,0x00,0x01,0x05,0x80,
	0x00,0x04,0x00,0x01,0x82,0x00,0x08,0x00,0x00,0x10,0x00,0x80,0x51,0x00,0x00,0x80,0x40,0x00,0x02,0x00,
	0x81,0x20,0x00,0x00,0x20,0x00,0x00,0x00,0x81,0x00,0x00,0x01,0x00,0x00,0x01,0x13,0x3B,0x88,0x00,0x20,
	0x06,0x00,0x00,0x06,0x00,0x40,0x04,0x00,0x00,0x04,0x00,0x00,0x04,0x00,0x80,0x07,0x00,0x01,0x01,0x00,
	0x08,0x00,0x80,0x01,0x00,0x00,0x89,0x00,0x20,0x00,0x00,0x50,0x04,0x80,0x11,0x01,0x00,0x11,0x00,0x80,
	0x01,0x04,0x20,0x11,0x00,0x00,0x10,0x00,0x20,0x00,0x00,0x20,0x20,0x00,0x20,0x00,0x00,0x05,0x82,0x00,
	0x01,0x00,0x00,0x08,0x00,0x00,0x01,0x00,0x01,0x88,0x00,0x40,0x00,0x00,0x01,0x01,0x00,0x01,0x00,0x80,
	0x01,0x04,0x00,0x10,0x00,0x00,0x10,0x00,0x20,0x00,0x00,0x20,0x20,0x00,0x20,0x00,0x00,0x13,0x93,0x00,
	0x10,0x00,0x00,0x20,0x02,0x00,0x40,0x00,0x00,0x04,0x00,0x00,0x08,0x00,0x00,0x0A,0x00,0x00,0x0C,0x06,
	0x00,0x18,0x02,0x00,0x12,0x00,0x00,0x10,0x00,0x00,0x70,0x00,0x00,0x83,0x04,0x00,0x81,0x00,0x00,0x40,
	0x00,0x40,0x00,0x04,0x40,0x02,0x00,0x20,0x12,0x00,0x20,0x01,0x00,0x4C,0x00,0x01,0x10,0x20,0x00,0x00,
	0x80,0x00,0x00,0x02,0x03,0x82,0x00,0x0C,0x00,0x00,0x08,0x00,0x00,0x02,0x00,0x00,0x81,0x00,0x20,0x00,
	0x00,0x80,0x00,0x00,0x81,0x00,0x40,0x00,0x40,0x00,0x04,0x02,0x80,0x00,0x00,0x01,0x14,0x81,0x00,0x70,
	0x00,0x00,0x20,0x02,0x00,0x80,0x00,0x40,0x00,0x00,0x8E,0x00,0x04,0x04,0x00,0x9A,0x00,0x00,0x90,0x05,
	0x00,0x8A,0x07,0x00,0x81,0x07,0x00,0x4C,0x07,0x00,0x80,0x01,0x60,0x00,0x06,0xAC,0x00,0x04,0xFF,0x03,
	0x00,0x3F,0x10,0x00,0x7F,0x00,0x00,0x7F,0x22,0x00,0x92,0x20,0x00,0x2B,0x00,0x00,0x00,0x80,0x00,0x00,
	0x02,0x02,0x89,0x00,0x04,0x04,0x00,0x0A,0x00,0x00,0x10,0x00,0x00,0x0A,0x00,0x00,0x20,0x00,0x00,0xC0,
	0x00,0x00,0x00,0x01,0x00,0x00,0x06,0x00,0x00,0x04,0x40,0x00,0x00,0x01,0x80,0x00,0x20,0x00,0x15,0x8E,
	0x00,0x80,0x07,0x00,0xC0,0x07,0x00,0xC0,0x07,0x00,0xC0,0x00,0x00,0x84,0x00,0x00,0x12,0x04,0x00,0x01,
	0x04,0x00,0x02,0x04,0x00,0x20,0x06,0x00,0x58,0x06,0x00,0xC1,0x07,0x7E,0x02,0x06,0x1F,0xC2,0x04,0x93,
	0x52,0x00,0x00,0x12,0x00,0x00,0x83,0x00,0x22,0x00,0x00,0x22,0x02,0x01,0x03,0x00,0x64,0x02,0x00,0x04,
	0x8C,0x00,0x02,0x04,0x00,0x00,0x04,0x00,0x02,0x04,0x00,0x00,0x06,0x00,0x08,0x06,0x00,0x01,0x07,0x00,
	0x00,0x06,0x00,0x40,0x00,0x00,0x40,0x00,0x00,0x02,0x00,0x00,0x02,0x00,0x00,0x22,0x00,0x00,0x02,0x02,
	0x00,0x80,0x40,0x00,0x00,0x13,0x02,0x8B,0x00,0x00,0x07,0x00,0x1E,0x07,0x00,0x86,0x00,0x00,0x10,0x04,
	0x00,0x02,0x04,0x00,0x41,0x00,0x00,0x8B,0x01,0x18,0x40,0x00,0x00,0x00,0x04,0x00,0x43,0x04,0x00,0xA1,
	0x00,0x00,0x26,0x00,0x00,0x83,0x00,0x22,0x00,0x40,0x02,0x02,0xC0,0x22,0x01,0xC0,0x62,0x00,0x03,0x83,
	0x00,0x0C,0x00,0x00,0x06,0x00,0x00,0x10,0x04,0x00,0x02,0x04,0x00,0x80,0x00,0xC2,0x01,0x01,0x81,0x00,
	0x42,0x00,0x00,0x02,0x00,0x02,0x82,0x00,0x00,0x02,0x40,0x02,0x01,0x40,0x42,0x00,0x13,0x3B,0x02,0x8A,
	0x00,0x1C,0x00,0x00,0x0A,0x00,0x00,0x10,0x03,0x00,0x03,0x00,0x00,0x70,0x00,0x10,0x70,0x06,0x1F,0x80,
	0x00,0x27,0x01,0x00,0x01,0x42,0x04,0x80,0xB0,0x00,0x40,0x14,0x00,0x00,0x84,0x00,0x20,0x00,0x40,0x00,
	0x00,0x10,0x22,0x00,0x04,0x00,0x00,0x00,0x1A,0x00,0x03,0x84,0x00,0x0A,0x00,0x00,0x10,0x00,0x00,0x02,
	0x00,0x00,0x10,0x00,0x00,0x60,0x06,0x01,0x80,0x00,0x42,0x00,0x00,0x80,0x40,0x00,0x00,0x00,0x80,0x00,
	0x20,0x00,0x00,0x82,0x10,0x00,0x00,0x04,0x00,0x00,0x00,0x02,0x00,0x13,0x01,0x91,0x00,0x08,0x04,0x00,
	0x8E,0x07,0x00,0xC6,0x07,0x10,0xC0,0x03,0x18,0x42,0x00,0x1F,0x01,0x04,0x0C,0x8B,0x07,0x00,0x47,0x00,
	0x80,0x00,0x01,0x00,0x53,0x00,0x00,0x03,0x00,0x00,0x14,0x00,0x58,0x24,0x00,0x76,0x00,0x00,0x2A,0x20,
	0x00,0x4B,0x20,0x00,0x40,0x12,0x00,0xC0,0x00,0x00,0x02,0x81,0x00,0x0C,0x00,0x00,0x06,0x00,0x00,0x83,
	0x00,0x02,0x00,0x00,0x00,0x04,0x00,0x82,0x07,0x00,0x03,0x00,0x00,0x80,0x80,0x42,0x00,0x01,0x84,0x18,
	0x00,0x00,0x36,0x00,0x00,0x2A,0x00,0x00,0x0B,0x20,0x00,0x40,0x02,0x00,0x14,0x00,0x92,0x00,0x10,0x00,
	0x00,0x16,0x04,0x00,0x88,0x07,0x00,0x10,0x00,0x08,0x00,0x00,0x07,0x01,0x00,0x00,0x31,0x03,0x03,0x63,
	0x00,0x80,0x21,0x01,0x00,0x10,0x00,0x00,0x30,0x00,0x00,0x12,0x00,0x40,0x00,0x00,0x30,0x02,0x00,0x06,
	0x22,0x00,0x02,0x20,0x00,0x5A,0x02,0x00,0x40,0x49,0x00,0x20,0x02,0x00,0x02,0x81,0x00,0x08,0x00,0x00,
	0x10,0x00,0x01,0x81,0x00,0x20,0x03,0x00,0x03,0x00,0x00,0x82,0x80,0x00,0x00,0x00,0x10,0x00,0x40,0x10,
	0x00,0x00,0x85,0x30,0x00,0x00,0x06,0x20,0x00,0x02,0x22,0x00,0x1A,0x02,0x00,0x00,0x40,0x00,0x20,0x00,
	0x00,0x13,0x00,0x8E,0x00,0x20,0x00,0x00,0xEC,0x01,0x00,0xF4,0x03,0x00,0x20,0x00,0x08,0x00,0x00,0x00,
	0x38,0x00,0x00,0xE8,0x00,0x80,0x87,0x00,0x00,0x12,0x00,0xC0,0x03,0x00,0x00,0x41,0x00,0x10,0x62,0x00,
	0x64,0x30,0x00,0x33,0x92,0x00,0x20,0x02,0x00,0x00,0x82,0x39,0x03,0x00,0x20,0x0A,0x00,0x40,0x00,0x02,
	0x01,0x81,0x00,0x0C,0x00,0x00,0x14,0x00,0x01,0x81,0x00,0x18,0x00,0x00,0xC0,0x00,0x00,0x80,0x80,0x00,
	0x00,0x00,0x84,0x40,0x00,0x00,0x10,0x02,0x00,0x64,0x12,0x00,0x13,0x02,0x00,0x00,0x02,0x00,0x00,0x81,
	0x39,0x00,0x00,0x20,0x00,0x00,0x0D,0x80,0x40,0x00,0x00,0x05,0x01,0x90,0x00,0xF0,0x01,0x00,0xC0,0x03,
	0x01,0xC2,0x07,0x10,0x80,0x07,0x1C,0x00,0x00,0x10,0x81,0x07,0x80,0x80,0x04,0x40,0x01,0x00,0x40,0x00,
	0x01,0x20,0x12,0x00,0x30,0x92,0x00,0x24,0xD2,0x00,0x20,0x92,0x00,0x07,0x12,0x00,0x31,0x12,0x00,0x31,
	0x30,0x00,0x22,0x00,0x00,0x02,0x80,0x00,0x10,0x00,0x00,0x80,0x00,0x02,0x00,0x01,0x81,0x00,0x81,0x07,
	0x80,0x00,0x04,0x00,0x88,0x40,0x00,0x00,0x20,0x00,0x00,0x30,0x00,0x00,0x04,0x00,0x00,0x20,0x10,0x00,
	0x07,0x00,0x00,0x11,0x00,0x00,0x11,0x20,0x00,0x02,0x00,0x00,0x0E,0x80,0x20,0x00,0x00,0x04,0x09,0x80,
	0x00,0x00,0x01,0x30,0x00,0x81,0x00,0x20,0x00,0x00,0x10,0x00,0x00,0x8F,0x01,0x00,0x00,0x00,0x80,0x01,
	0x03,0x20,0x00,0x8F,0x60,0x00,0x87,0x11,0x04,0x41,0x01,0x00,0xC0,0x01,0x01,0x20,0x89,0x00,0x20,0x09,
	0x00,0x70,0x08,0x00,0x13,0x00,0x00,0x1F,0x10,0x00,0x05,0x11,0x00,0x16,0x30,0x00,0x90,0x40,0x00,0x8C,
	0x01,0x01,0x01,0x80,0x00,0x10,0x00,0x03,0x83,0x00,0x40,0x00,0x00,0x00,0x04,0x40,0x01,0x00,0x80,0x01,
	0x00,0x01,0x86,0x70,0x01,0x00,0x03,0x01,0x00,0x0F,0x11,0x00,0x05,0x10,0x00,0x16,0x30,0x00,0x10,0x40,
	0x00,0x8C,0x01,0x00,0x0C,0x80,0x60,0x00,0x00,0x05,0x01,0x80,0x00,0x20,0x00,0x01,0x8E,0x1E,0x03,0x06,
	0x1F,0x00,0x00,0x1F,0x18,0x00,0x47,0x41,0x04,0x01,0x40,0x05,0x80,0x10,0x01,0x60,0xB1,0x00,0x30,0x21,
	0x00,0x10,0x08,0x00,0x17,0x58,0x00,0x1F,0x00,0x00,0x13,0x01,0x01,0x10,0x01,0x00,0x11,0x39,0x00,0x28,
	0x00,0x05,0x04,0x80,0x00,0x02,0x00,0x01,0x8B,0x00,0x01,0x04,0x00,0x00,0x04,0x80,0x10,0x00,0x60,0x01,
	0x00,0x30,0x01,0x00,0x00,0x08,0x00,0x17,0x00,0x00,0x17,0x00,0x00,0x03,0x01,0x01,0x00,0x01,0x00,0x01,
	0x31,0x00,0x08,0x00,0x00,0x0A,0x81,0x60,0x00,0x00,0x20,0x00,0x00,0x00,0x81,0x10,0x00,0x00,0x10,0x00,
	0x00,0x03,0x00,0x92,0x03,0x00,0x00,0x1F,0x0C,0x00,0x1F,0xC4,0x07,0x1F,0xC6,0x07,0x01,0x20,0x00,0x00,
	0x01,0x00,0x00,0x28,0x00,0x00,0xE6,0x03,0x00,0x11,0x03,0xA0,0x51,0x07,0x50,0x81,0x01,0x10,0x09,0x02,
	0x10,0x21,0x00,0x0F,0x31,0x00,0x1F,0x61,0x00,0x0F,0x09,0x01,0x0F,0x09,0x00,0x0F,0x09,0x00,0x84,0x61,
	0x02,0x01,0x82,0x00,0x0C,0x00,0x00,0x04,0x00,0x00,0x06,0x00,0x01,0x8C,0x00,0x28,0x00,0x00,0xC0,0x03,
	0x00,0x90,0x03,0x20,0x00,0x06,0x50,0x00,0x00,0x00,0x08,0x00,0x10,0x00,0x00,0x07,0x08,0x00,0x1F,0x08,
	0x00,0x07,0x00,0x01,0x07,0x00,0x00,0x0F,0x08,0x00,0x94,0x60,0x00,0x0A,0x80,0x40,0x00,0x00,0x00,0x80,
	0x10,0x00,0x00,0x00,0x80,0x18,0x00,0x00,0x03,0x85,0x1F,0x00,0x00,0x1C,0x00,0x00,0x00,0xC0,0x01,0x00,
	0x0A,0x00,0x00,0x05,0x00,0x00,0x29,0x00,0x00,0x8C,0x00,0x30,0x00,0x00,0x30,0x00,0xE0,0x30,0x00,0x00,
	0xA0,0x01,0x40,0x80,0x01,0x90,0x38,0x03,0xA8,0x4C,0x02,0x20,0x44,0x00,0x04,0x4C,0x00,0x84,0x00,0x04,
	0x80,0x88,0x00,0x48,0x00,0x00,0x00,0x18,0x00,0x02,0x82,0x00,0x0A,0x00,0x00,0x04,0x00,0x00,0x09,0x00,
	0x01,0x89,0x00,0x30,0x00,0x00,0x40,0x00,0x80,0x00,0x01,0x80,0x00,0x00,0x10,0x08,0x00,0x28,0x00,0x00,
	0xA0,0x00,0x00,0x84,0x00,0x00,0x04,0x08,0x00,0x00,0x88,0x00,0x00,0x80,0x08,0x18,0x00,0x0B,0x82,0x10,
	0x00,0x00,0x20,0x00,0x00,0x20,0x00,0x00,0x04,0x93,0x60,0x00,0x00,0x20,0x10,0x04,0x00,0xEE,0x07,0x00,
	0xF1,0x01,0x10,0xF0,0x01,0x10,0x14,0x03,0x90,0x01,0x00,0x00,0x27,0x00,0x00,0x18,0x00,0x80,0x02,0x06,
	0x20,0x88,0x00,0xB0,0x18,0x07,0x88,0xC0,0x07,0x88,0x00,0x05,0x0C,0x04,0x04,0x14,0x24,0x04,0x84,0x0C,
	0x00,0x84,0x84,0x04,0x84,0x40,0x04,0xA0,0x04,0x06,0x02,0x90,0x00,0x10,0x00,0x00,0x10,0x00,0x00,0x14,
	0x00,0x00,0x01,0x00,0x00,0x07,0x00,0x00,0x10,0x00,0x80,0x00,0x00,0x00,0x80,0x00,0x20,0x08,0x07,0x88,
	0x00,0x06,0x80,0x00,0x06,0x0C,0x04,0x04,0x10,0x04,0x04,0x80,0x00,0x04,0x84,0x80,0x04,0x84,0x40,0x04,
	0x80,0x00,0x04,0x0A,0x80,0x20,0x00,0x00,0x01,0x81,0x08,0x00,0x00,0x10,0x00,0x00,0x03,0x3B,0x93,0x7F,
	0x00,0x00,0x3C,0x00,0x04,0x14,0x00,0x06,0x00,0x0C,0x06,0x00,0x18,0x06,0x01,0xD4,0x04,0x01,0xD0,0x07,
	0x00,0xEF,0x07,0x81,0xF4,0x07,0x00,0x99,0x01,0x80,0x20,0x06,0x00,0x20,0x00,0xA0,0x88,0x01,0x80,0x90,
	0x01,0x80,0x30,0x03,0x80,0x0C,0x00,0x84,0x04,0x00,0x84,0x00,0x04,0xC4,0x04,0x06,0x80,0x00,0x01,0x02,
	0x82,0x00,0x0C,0x00,0x00,0x08,0x00,0x00,0x04,0x00,0x00,0x85,0x00,0x0F,0x00,0x00,0x04,0x00,0x00,0x20,
	0x00,0x00,0x40,0x00,0x00,0x80,0x00,0x20,0x08,0x01,0x00,0x80,0x00,0x00,0x02,0x00,0x80,0x04,0x04,0x00,
	0x00,0x81,0x00,0x00,0x02,0x04,0x00,0x02,0x0B,0x80,0x20,0x00,0x00,0x02,0x80,0x04,0x00,0x00,0x02,0x00,
	0x92,0x02,0x00,0x00,0x0B,0x10,0x00,0x1B,0x12,0x00,0x0F,0x0F,0x00,0x0E,0x0B,0x00,0x8E,0x00,0x00,0x1F,
	0x00,0x00,0x1E,0x08,0x00,0x13,0x14,0x01,0x30,0x70,0x02,0x10,0x50,0x00,0x60,0xE0,0x00,0x08,0xA8,0x01,
	0x10,0x08,0x01,0x10,0x00,0x02,0x00,0x04,0x02,0x46,0x04,0x00,0x42,0x40,0x02,0x00,0x20,0x03,0x02,0x83,
	0x00,0x02,0x00,0x00,0x0F,0x00,0x00,0x0B,0x00,0x80,0x00,0x00,0x01,0x81,0x00,0x10,0x00,0x00,0x20,0x00,
	0x00,0x87,0x00,0x80,0x00,0x08,0x00,0x01,0x10,0x00,0x00,0x10,0x00,0x02,0x00,0x00,0x02,0x06,0x04,0x02,
	0x02,0x40,0x00,0x00,0x20,0x00,0x0C,0x82,0x08,0x00,0x00,0x10,0x00,0x00,0x10,0x00,0x00,0x00,0x80,0x04,
	0x00,0x00,0x01,0x00,0x80,0x01,0x00,0x00,0x00,0x90,0x04,0x0F,0x00,0x00,0x04,0x00,0x80,0x00,0x00,0x80,
	0x0A,0x00,0xC0,0x00,0x00,0xC0,0x00,0x00,0xEC,0x50,0x01,0x0F,0xB9,0x03,0x1F,0x60,0x00,0x17,0x40,0x00,
	0x53,0x00,0x00,0x08,0x14,0x01,0x08,0x04,0x01,0x04,0x00,0x04,0x04,0x00,0x00,0x00,0x04,0x00,0x53,0x08,
	0x01,0x03,0x80,0x00,0x04,0x00,0x00,0x8D,0x80,0x0A,0x00,0x80,0x00,0x00,0x80,0x00,0x00,0x80,0x00,0x00,
	0x00,0x18,0x00,0x10,0x40,0x00,0x10,0x00,0x00,0x10,0x00,0x00,0x08,0x04,0x01,0x08,0x00,0x01,0x04,0x00,
	0x00,0x04,0x00,0x00,0x00,0x04,0x00,0x42,0x08,0x01,0x0B,0x85,0x10,0x00,0x00,0x10,0x00,0x00,0x08,0x00,
	0x00,0x08,0x00,0x00,0x04,0x00,0x00,0x04,0x00,0x00,0x01,0x03,0x8F,0x00,0x0B,0x00,0x00,0x0F,0x00,0x00,
	0x03,0x00,0x00,0x04,0x00,0x40,0x00,0x00,0x00,0x08,0x00,0xE0,0x12,0x00,0x40,0xE0,0x01,0x68,0x40,0x00,
	0x68,0xA0,0x00,0x03,0x00,0x00,0x01,0x00,0x00,0x01,0x00,0x01,0x03,0x00,0x01,0x42,0x00,0x00,0x01,0x04,
	0x00,0x03,0x83,0x00,0x03,0x00,0x00,0x07,0x00,0x00,0x03,0x00,0x00,0x04,0x00,0x01,0x83,0x20,0x00,0x00,
	0x40,0x20,0x00,0x48,0x40,0x00,0x48,0x80,0x00,0x01,0x83,0x00,0x00,0x01,0x00,0x00,0x01,0x40,0x00,0x00,
	0x00,0x04,0x00,0x0C,0x80,0x08,0x00,0x00,0x05,0x03,0x8A,0x00,0x07,0x00,0x80,0x04,0x00,0x00,0x08,0x00,
	0x00,0x0D,0x00,0x80,0x04,0x00,0xC0,0x00,0x00,0x00,0x08,0x00,0x10,0x11,0x01,0x40,0x24,0x00,0x04,0x08,
	0x00,0x60,0x00,0x00,0x00,0x80,0x02,0x02,0x04,0x01,0x80,0x0B,0x00,0x00,0x04,0x80,0x80,0x04,0x00,0x00,
	0x84,0x00,0x05,0x00,0x80,0x04,0x00,0xC0,0x00,0x00,0x00,0x08,0x00,0x00,0x10,0x00,0x03,0x80,0x02,0x00,
	0x00,0x01,0x80,0x01,0x00,0x00,0x13,0x3B,0x04,0x86,0x00,0x02,0x00,0x40,0x80,0x00,0x00,0xC1,0x07,0x40,
	0x80,0x07,0x00,0x80,0x03,0x00,0xCA,0x07,0x80,0xE4,0x00,0x00,0x81,0x64,0x20,0x00,0x64,0x00,0x00,0x00,
	0x83,0x02,0x00,0x04,0x00,0x02,0x00,0x40,0x00,0x00,0x25,0x00,0x00,0x04,0x80,0x00,0x02,0x00,0x00,0x81,
	0x00,0x01,0x00,0x40,0x00,0x00,0x00,0x80,0x00,0x02,0x00,0x02,0x80,0x60,0x00,0x00,0x01,0x81,0x01,0x00,
	0x00,0x41,0x00,0x00,0x14,0x00,0x92,0x00,0x00,0x03,0x00,0x00,0x03,0x00,0x00,0x07,0x00,0xC0,0x07,0x00,
	0xC0,0x03,0x00,0x01,0x03,0x80,0x41,0x04,0x20,0x80,0x04,0x00,0x84,0x03,0x00,0xC2,0x07,0x50,0xD8,0x04,
	0x00,0x24,0x00,0x20,0x6C,0x00,0x12,0x84,0x00,0x40,0x02,0x00,0x41,0x00,0x00,0x01,0x04,0x00,0x40,0x02,
	0x01,0x18,0x08,0x00,0x05,0x81,0x00,0x01,0x00,0x80,0x01,0x00,0x01,0x85,0x00,0x02,0x00,0x00,0x08,0x00,
	0x00,0x24,0x00,0x00,0x44,0x00,0x00,0x84,0x00,0x02,0x00,0x00,0x01,0x81,0x40,0x00,0x01,0x00,0x08,0x00,
	0x13,0x00,0x87,0x00,0x00,0x03,0x00,0x00,0x03,0x00,0x00,0x07,0x00,0xC0,0x07,0x40,0xC5,0x03,0x00,0x80,
	0x03,0x00,0x00,0x02,0x80,0x00,0x03,0x00,0x89,0x20,0x00,0x02,0x60,0x04,0x05,0x08,0x10,0x00,0x22,0x30,
	0x00,0x60,0x02,0x00,0x41,0x88,0x04,0x40,0x06,0x02,0x40,0x06,0x01,0x40,0x02,0x00,0x6A,0x22,0x00,0x04,
	0x80,0x00,0x01,0x00,0x01,0x80,0x80,0x00,0x00,0x00,0x89,0x20,0x00,0x00,0x00,0x04,0x00,0x28,0x10,0x00,
	0x24,0x00,0x00,0x22,0x00,0x00,0x40,0x88,0x00,0x41,0x02,0x00,0x40,0x02,0x00,0x00,0x02,0x00,0x00,0x20,
	0x00,0x13,0x04,0x8E,0x80,0x00,0x00,0x80,0x06,0x00,0x20,0x80,0x01,0x00,0x06,0x00,0x20,0x00,0x00,0x50,
	0x00,0x02,0x30,0x0C,0x06,0x2C,0x00,0x04,0x20,0x22,0x00,0x31,0x50,0x00,0x40,0x00,0x00,0x40,0x80,0x00,
	0x40,0x00,0x00,0x20,0x00,0x01,0x04,0x42,0x01,0x04,0x81,0x80,0x00,0x00,0x80,0x02,0x00,0x00,0x80,0x00,
	0x02,0x00,0x00,0x81,0x40,0x00,0x00,0x30,0x04,0x00,0x00,0x83,0x00,0x20,0x00,0x30,0x40,0x00,0x01,0x00,
	0x00,0x00,0x80,0x00,0x01,0x80,0x00,0x42,0x00,0x13,0x04,0x83,0x00,0x01,0x00,0x00,0x02,0x00,0x00,0x04,
	0x00,0x00,0x02,0x00,0x01,0x88,0x10,0x00,0x00,0x00,0xFA,0x03,0x12,0x10,0x04,0x3B,0x04,0x04,0x20,0x4A,
	0x00,0x20,0x00,0x00,0x00,0x80,0x00,0x20,0x80,0x00,0x10,0xC0,0x00,0x05,0x80,0x00,0x02,0x00,0x00,0x80,
	0x00,0x02,0x00,0x02,0x83,0x00,0x08,0x00,0x02,0x00,0x00,0x13,0x00,0x00,0x00,0x4A,0x00,0x00,0x82,0x20,
	0x80,0x00,0x20,0x80,0x00,0x20,0xC0,0x00,0x0D,0x80,0x02,0x00,0x00,0x04,0x3B,0x81,0x00,0x80,0x01,0x00,
	0x00,0x01,0x02,0x82,0x40,0x02,0x00,0x40,0x80,0x00,0x00,0x00,0x02,0x00,0x80,0x40,0x00,0x00,0x00,0x88,
	0x00,0x04,0x00,0xD0,0x0C,0x00,0x10,0x20,0x03,0x02,0x36,0x03,0x00,0xD0,0x00,0x00,0x41,0x00,0x20,0x83,
	0x00,0x20,0x81,0x00,0x02,0x80,0x00,0x05,0x80,0x40,0x00,0x00,0x01,0x80,0x40,0x00,0x00,0x01,0x84,0x00,
	0x04,0x00,0x10,0x10,0x00,0x02,0x22,0x00,0x20,0x00,0x00,0x20,0x40,0x00,0x10,0x80,0x02,0x00,0x00,0x04,
	0x88,0x00,0x60,0x06,0x00,0xC0,0x06,0x00,0x80,0x07,0x00,0x80,0x07,0x00,0x80,0x07,0x80,0x00,0x03,0x00,
	0x80,0x02,0x00,0x00,0x02,0x80,0x00,0x00,0x01,0x84,0x08,0x02,0x00,0x10,0x00,0x00,0x02,0x0A,0x00,0x10,
	0xD8,0x00,0x11,0x20,0x02,0x00,0x82,0x00,0x42,0x00,0x10,0x60,0x00,0x0C,0x41,0x00,0x07,0x80,0x80,0x00,
	0x00,0x02,0x83,0x10,0x00,0x00,0x02,0x0A,0x00,0x10,0x10,0x00,0x01,0x20,0x00,0x00,0x82,0x00,0x40,0x00,
	0x00,0x40,0x00,0x00,0x40,0x00,0x0E,0x80,0x01,0x00,0x00,0x03,0x86,0x00,0xE0,0x00,0x00,0xC0,0x00,0x00,
	0x80,0x01,0x00,0x80,0x00,0x00,0x82,0x01,0x00,0x00,0x07,0x00,0x00,0x02,0x00,0x80,0x10,0x00,0x00,0x01,
	0x81,0x10,0x00,0x00,0x00,0x04,0x00,0x01,0x84,0x09,0x10,0x00,0x00,0x20,0x00,0x00,0x40,0x00,0x00,0x60,
	0x00,0x00,0x41,0x00,0x0E,0x81,0x01,0x00,0x00,0x00,0x20,0x00,0x11,0x80,0x01,0x00,0x00,0x03,0x86,0x00,
	0x00,0x01,0x00,0x00,0x01,0x00,0x00,0x02,0x00,0x00,0x03,0x00,0x00,0x02,0x40,0x01,0x04,0x20,0x00,0x00,
	0x00,0x80,0x20,0x00,0x00,0x02,0x86,0x80,0x06,0x01,0x12,0x00,0x07,0x00,0xC0,0x07,0x18,0xC0,0x02,0x00,
	0x20,0x02,0x00,0x40,0x00,0x10,0x00,0x00,0x08,0x80,0x20,0x00,0x00,0x02,0x81,0x00,0x02,0x00,0x02,0x00,
	0x00,0x01,0x80,0x00,0x20,0x00,0x16,0x02,0x8C,0x00,0x01,0x04,0x00,0x00,0x04,0xA0,0x02,0x00,0x20,0x00,
	0x00,0x20,0x00,0x00,0x80,0x00,0x00,0x50,0x01,0x00,0x30,0x00,0x00,0x18,0x01,0x00,0x54,0x04,0x02,0x10,
	0x08,0x00,0x00,0x78,0x00,0x01,0x00,0x04,0x00,0x82,0x00,0x50,0x00,0x00,0x01,0x00,0x00,0x02,0x00,0x05,
	0x89,0x20,0x00,0x00,0x20,0x00,0x00,0x80,0x00,0x00,0x40,0x01,0x00,0x30,0x00,0x00,0x18,0x00,0x00,0x04,
	0x04,0x00,0x00,0x08,0x00,0x00,0x10,0x00,0x01,0x00,0x00,0x02,0x80,0x00,0x02,0x00,0x0E,0x80,0x01,0x00,
	0x00,0x03,0x3B,0x01,0x80,0x00,0x00,0x04,0x00,0x8D,0x00,0x01,0x00,0xE0,0x00,0x00,0xC0,0x01,0x00,0xD0,
	0x00,0x00,0x10,0x01,0x00,0x00,0x01,0x00,0x08,0x00,0x00,0x88,0x06,0x00,0x06,0x08,0x05,0x03,0x58,0x00,
	0x11,0xA5,0x00,0x20,0xC1,0x00,0x20,0x10,0x02,0x00,0x11,0x00,0x00,0x80,0x00,0x08,0x00,0x04,0x84,0xE0,
	0x00,0x00,0xC0,0x01,0x00,0xC0,0x00,0x00,0x10,0x01,0x00,0x00,0x01,0x00,0x00,0x80,0x00,0x02,0x00,0x01,
	0x80,0x10,0x04,0x00,0x03,0x80,0x00,0x08,0x00,0x13,0x82,0x00,0x00,0x01,0x00,0x00,0x01,0x00,0x01,0x04,
	0x00,0x8D,0xE0,0x00,0x00,0x10,0x00,0x00,0x30,0x00,0x00,0x80,0x01,0x00,0x50,0x01,0x00,0x10,0x00,0x00,
	0x18,0x01,0x00,0x64,0x0C,0x00,0x12,0x00,0x00,0x10,0x59,0x01,0x30,0x14,0x01,0x00,0x32,0x00,0x00,0x90,
	0x01,0x20,0x00,0x00,0x00,0x80,0x0C,0x20,0x00,0x05,0x89,0x20,0x00,0x00,0x80,0x01,0x00,0x50,0x01,0x00,
	0x10,0x00,0x00,0x18,0x00,0x00,0x00,0x04,0x00,0x02,0x08,0x00,0x10,0x10,0x00,0x00,0x04,0x00,0x00,0x20,
	0x00,0x02,0x80,0x00,0x20,0x00,0x13,0x00,0x90,0x00,0x00,0x01,0x00,0x00,0x04,0xC0,0x02,0x00,0xF0,0x00,
	0x00,0xE0,0x00,0x00,0xE0,0x01,0x00,0x10,0x01,0x00,0x20,0x00,0x00,0x08,0x01,0x00,0xAC,0x06,0x00,0x02,
	0x08,0x06,0x03,0x88,0x01,0x2A,0x30,0x01,0x29,0xA0,0x01,0x20,0xD0,0x00,0x00,0xA1,0x03,0x00,0x40,0x00,
	0x00,0x80,0x03,0x2E,0x00,0x03,0x84,0xE0,0x00,0x00,0xE0,0x00,0x00,0xE0,0x01,0x00,0x10,0x01,0x00,0x20,
	0x00,0x00,0x00,0x85,0x00,0x02,0x00,0x04,0x08,0x00,0x00,0x10,0x00,0x03,0x00,0x00,0x21,0x20,0x00,0x20,
	0x00,0x00,0x02,0x80,0x00,0x2E,0x00,0x0C,0x81,0x02,0x00,0x00,0x01,0x00,0x00,0x04,0x93,0x00,0x00,0x01,
	0x00,0x00,0x02,0x80,0x01,0x00,0xD0,0x00,0x00,0x80,0x00,0x00,0x60,0x00,0x00,0x98,0x05,0x00,0x50,0x04,
	0x00,0x18,0x04,0x00,0x18,0x06,0x00,0x42,0x0C,0x04,0x05,0x18,0x00,0x32,0x71,0x00,0x1B,0x20,0x00,0x00,
	0x53,0x00,0x01,0x01,0x00,0x00,0x20,0x00,0x00,0x40,0x00,0x18,0x40,0x00,0x00,0x04,0x00,0x02,0x8A,0xE0,
	0x00,0x00,0x80,0x00,0x00,0x60,0x00,0x00,0x90,0x01,0x00,0x50,0x00,0x00,0x10,0x00,0x00,0x18,0x02,0x00,
	0x04,0x04,0x00,0x06,0x00,0x00,0x13,0x00,0x00,0x23,0x20,0x00,0x00,0x80,0x01,0x00,0x00,0x02,0x80,0x00,
	0x04,0x00,0x0A,0x82,0x04,0x00,0x00,0x02,0x00,0x00,0x03,0x00,0x00,0x00,0x80,0x01,0x00,0x00,0x03,0x93,
	0x00,0x00,0x06,0x00,0x00,0x04,0x00,0x01,0x00,0x80,0x00,0x00,0x20,0x00,0x00,0x48,0x04,0x00,0x58,0x00,
	0x00,0xB8,0x00,0x00,0x18,0x01,0x00,0xE8,0x0C,0x00,0x00,0x10,0x02,0x06,0x1D,0x01,0x33,0x20,0x00,0x20,
	0x03,0x00,0x01,0x02,0x00,0x20,0x02,0x00,0x00,0x90,0x00,0x18,0x54,0x00,0x03,0x00,0x00,0x01,0x0E,0x00,
	0x01,0x8A,0x60,0x00,0x00,0x80,0x00,0x00,0x20,0x00,0x00,0x40,0x00,0x00,0x50,0x00,0x00,0xB0,0x00,0x00,
	0x18,0x00,0x00,0x04,0x04,0x00,0x02,0x08,0x00,0x07,0x14,0x00,0x23,0x20,0x00,0x00,0x81,0x01,0x00,0x00,
	0x20,0x00,0x00,0x00,0x80,0x00,0x04,0x00,0x00,0x80,0x00,0x0E,0x00,0x0A,0x81,0x06,0x00,0x00,0x03,0x00,
	0x00,0x00,0x80,0x01,0x00,0x00,0x04,0x04,0x80,0x00,0x04,0x00,0x35,0x00,0x92,0xE0,0x00,0x00,0x90,0x00,
	0x00,0x60,0x00,0x00,0xA0,0x00,0x00,0x90,0x04,0x00,0x20,0x00,0x00,0x00,0x01,0x00,0xF8,0x02,0x00,0x16,
	0x08,0x00,0x01,0x18,0x02,0x3B,0x07,0x01,0x00,0x81,0x00,0x01,0x52,0x00,0x20,0xC0,0x00,0x00,0xC8,0x00,
	0x00,0xC2,0x02,0x21,0x50,0x00,0x02,0x06,0x00,0x03,0x00,0x00,0x01,0x84,0x80,0x00,0x00,0x60,0x00,0x00,
	0xA0,0x00,0x00,0x90,0x00,0x00,0x20,0x00,0x00,0x00,0x83,0x00,0x02,0x00,0x00,0x08,0x00,0x00,0x10,0x00,
	0x13,0x26,0x00,0x00,0x85,0x01,0x40,0x00,0x20,0x40,0x00,0x00,0x48,0x00,0x00,0x42,0x00,0x00,0x40,0x00,
	0x00,0x06,0x00,0x0B,0x80,0x03,0x00,0x00,0x00,0x80,0x01,0x00,0x00,0x05,0x00,0x81,0x10,0x00,0x00,0x10,
	0x00,0x00,0x00,0x8F,0x50,0x00,0x00,0x18,0x02,0x00,0xA0,0x01,0x00,0x98,0x00,0x00,0x04,0x04,0x00,0x02,
	0x18,0x00,0x09,0x24,0x00,0x18,0x40,0x00,0x00,0x40,0x00,0x20,0x00,0x00,0x00,0x80,0x00,0x00,0x8A,0x00,
	0x18,0x00,0x06,0x03,0x00,0x00,0x01,0x08,0x00,0x03,0x00,0x00,0x01,0x80,0x10,0x00,0x00,0x00,0x86,0x50,
	0x00,0x00,0x10,0x00,0x00,0xA0,0x00,0x00,0x98,0x00,0x00,0x00,0x04,0x00,0x02,0x00,0x00,0x01,0x04,0x00,
	0x00,0x81,0x00,0x40,0x00,0x20,0x00,0x00,0x00,0x80,0x00,0x0A,0x00,0x00,0x82,0x01,0x00,0x00,0x01,0x08,
	0x00,0x00,0x10,0x00,0x13,0x04,0x80,0x38,0x00,0x00,0x01,0x84,0x00,0x08,0x00,0x02,0x10,0x00,0x00,0x20,
	0x04,0x00,0x20,0x06,0x01,0x90,0x00,0x01,0x84,0x00,0x80,0x00,0x10,0xB2,0x00,0x02,0x8A,0x00,0x00,0x50,
	0x00,0x02,0x40,0x00,0x04,0x80,0x30,0x00,0x00,0x02,0x81,0x02,0x10,0x00,0x00,0x20,0x00,0x00,0x80,0x01,
	0x00,0x00,0x01,0x83,0x00,0x80,0x00,0x00,0x80,0x00,0x00,0x0A,0x00,0x00,0x50,0x00,0x0C,0x80,0x01,0x00,
	0x00,0x06,0x00,0x80,0x10,0x00,0x00,0x01,0x8A,0x00,0x02,0x00,0x20,0x00,0x00,0x20,0x00,0x00,0x98,0x00,
	0x00,0x34,0x08,0x00,0x16,0x00,0x00,0x09,0x04,0x00,0x19,0x60,0x00,0x01,0x20,0x00,0x20,0x80,0x00,0x20,
	0x80,0x00,0x00,0x83,0x00,0x08,0x00,0x20,0x86,0x00,0x00,0x82,0x00,0x00,0x72,0x00,0x04,0x82,0x20,0x00,
	0x00,0x20,0x00,0x00,0x98,0x00,0x00,0x01,0x84,0x01,0x04,0x00,0x01,0x40,0x00,0x01,0x00,0x00,0x20,0x80,
	0x00,0x20,0x80,0x00,0x00,0x81,0x00,0x08,0x00,0x00,0x84,0x00,0x00,0x80,0x00,0x60,0x00,0x0A,0x81,0x01,
	0x00,0x00,0x01,0x00,0x00,0x06,0x00,0x81,0x20,0x00,0x00,0x10,0x00,0x00,0x00,0x8F,0xC0,0x04,0x00,0x08,
	0x00,0x00,0x00,0x01,0x00,0x08,0x01,0x00,0x88,0x00,0x00,0x04,0x18,0x00,0x03,0x00,0x00,0x31,0x4C,0x00,
	0x01,0x02,0x00,0x00,0x20,0x00,0x20,0x20,0x00,0x20,0x08,0x00,0x28,0x20,0x05,0x30,0x00,0x00,0x31,0x94,
	0x01,0x21,0x00,0x00,0x01,0x80,0x10,0x00,0x00,0x00,0x80,0xC0,0x00,0x00,0x03,0x80,0x04,0x10,0x00,0x00,
	0x81,0x10,0x4C,0x00,0x01,0x02,0x00,0x01,0x84,0x20,0x08,0x00,0x20,0x00,0x01,0x21,0x00,0x01,0x01,0x94,
	0x00,0x00,0x80,0x00,0x0B,0x80,0x01,0x00,0x00,0x06,0x3B,0x00,0x8E,0xC0,0x00,0x00,0xA0,0x01,0x00,0x20,
	0x00,0x00,0x70,0x00,0x00,0x10,0x00,0x00,0x20,0x02,0x00,0x10,0x00,0x00,0x58,0x04,0x00,0x0C,0x10,0x00,
	0x02,0x20,0x00,0x18,0x00,0x00,0x18,0x20,0x00,0x20,0x00,0x00,0x00,0x02,0x00,0x20,0x00,0x01,0x00,0x82,
	0x08,0x00,0x00,0x33,0x00,0x01,0x26,0x20,0x01,0x01,0x86,0xA0,0x00,0x00,0x20,0x00,0x00,0x70,0x00,0x00,
	0x10,0x00,0x00,0x20,0x00,0x00,0x10,0x00,0x00,0x18,0x04,0x00,0x00,0x81,0x02,0x20,0x00,0x11,0x00,0x00,
	0x01,0x81,0x00,0x02,0x00,0x00,0x00,0x01,0x01,0x81,0x20,0x00,0x01,0x20,0x20,0x00,0x13,0x01,0x81,0x70,
	0x00,0x00,0xC0,0x00,0x00,0x00,0x80,0x40,0x00,0x00,0x00,0x89,0x80,0x00,0x00,0x08,0x01,0x00,0x00,0x08,
	0x00,0x02,0x20,0x00,0x02,0x0C,0x00,0x10,0x00,0x01,0x00,0xA2,0x00,0x00,0x20,0x00,0x00,0x20,0x01,0x20,
	0x00,0x04,0x00,0x81,0x02,0x04,0x02,0x00,0x04,0x01,0x01,0x81,0x40,0x00,0x00,0xC0,0x00,0x00,0x00,0x80,
	0x40,0x00,0x00,0x00,0x80,0x80,0x00,0x00,0x00,0x84,0x00,0x08,0x00,0x04,0x00,0x00,0x00,0x0C,0x00,0x11,
	0x00,0x00,0x00,0x82,0x00,0x00,0x80,0x00,0x00,0x01,0x01,0x81,0x00,0x04,0x00,0x00,0x04,0x01,0x13,0x01,
	0x91,0xC0,0x00,0x00,0xF0,0x00,0x00,0x60,0x00,0x00,0xE0,0x00,0x00,0x80,0x01,0x00,0x00,0x02,0x00,0x00,
	0x02,0x00,0x78,0x08,0x00,0x1C,0x10,0x00,0x00,0x70,0x04,0x2B,0xCC,0x00,0x10,0x00,0x00,0x00,0x80,0x00,
	0x40,0x08,0x00,0x00,0x00,0x01,0x20,0x00,0x01,0x00,0x00,0x02,0x00,0x04,0x00,0x02,0x83,0xE0,0x00,0x00,
	0x60,0x00,0x00,0xE0,0x00,0x00,0x80,0x01,0x00,0x00,0x89,0x00,0x02,0x00,0x18,0x00,0x00,0x10,0x10,0x00,
	0x02,0x20,0x00,0x20,0x4C,0x00,0x01,0x00,0x00,0x00,0x80,0x00,0x00,0x08,0x00,0x00,0x00,0x01,0x00,0x00,
	0x01,0x00,0x80,0x00,0x04,0x00,0x13,0x01,0x82,0x00,0x01,0x00,0x60,0x03,0x00,0x90,0x00,0x00,0x00,0x87,
	0xE0,0x00,0x00,0x60,0x01,0x00,0x10,0x02,0x00,0x88,0x03,0x00,0x08,0x12,0x00,0x00,0x30,0x00,0x32,0x0C,
	0x01,0x3B,0x40,0x00,0x00,0x84,0x00,0x80,0x00,0x41,0x2A,0x00,0x40,0x08,0x00,0x60,0x00,0x01,0x43,0x00,
	0x01,0x03,0x80,0x80,0x00,0x00,0x00,0x8D,0xE0,0x00,0x00,0x60,0x01,0x00,0x10,0x00,0x00,0x00,0x02,0x00,
	0x08,0x02,0x00,0x04,0x00,0x00,0x12,0x0C,0x00,0x10,0x40,0x00,0x01,0x00,0x00,0x01,0x80,0x00,0x00,0x08,
	0x00,0x00,0x08,0x00,0x00,0x00,0x01,0x00,0x00,0x01,0x13,0x01,0x8D,0x00,0x01,0x00,0x80,0x00,0x00,0xC0,
	0x00,0x00,0x70,0x00,0x00,0xD0,0x03,0x00,0x00,0x02,0x00,0x50,0x03,0x00,0x10,0x06,0x00,0x50,0x08,0x00,
	0x1C,0x00,0x00,0x16,0x50,0x00,0x02,0x00,0x00,0x03,0x00,0x00,0x01,0x20,0x00,0x01,0x81,0x09,0x0C,0x00,
	0x04,0x00,0x00,0x03,0x82,0xE0,0x00,0x00,0x60,0x00,0x00,0xC0,0x01,0x00,0x00,0x82,0x40,0x01,0x00,0x10,
	0x04,0x00,0x00,0x08,0x00,0x01,0x80,0x02,0x00,0x00,0x01,0x82,0x01,0x00,0x00,0x01,0x00,0x00,0x00,0x0C,
	0x00,0x14,0x3B,0x80,0x00,0x60,0x00,0x01,0x82,0x00,0x01,0x00,0xC0,0x00,0x00,0xA0,0x01,0x00,0x00,0x80,
	0xF0,0x01,0x00,0x00,0x8A,0x10,0x02,0x00,0xB8,0x03,0x00,0x08,0x02,0x04,0x28,0x92,0x00,0x2E,0x48,0x00,
	0x40,0x00,0x00,0x00,0x00,0x01,0x40,0x22,0x00,0x43,0x00,0x00,0x40,0x44,0x00,0x40,0x4C,0x00,0x04,0x80,
	0xA0,0x01,0x00,0x00,0x80,0xE0,0x01,0x00,0x02,0x88,0x08,0x00,0x00,0x04,0x00,0x00,0x20,0x48,0x00,0x02,
	0x00,0x00,0x02,0x00,0x00,0x42,0x00,0x00,0x40,0x00,0x00,0x41,0x44,0x00,0x41,0x48,0x00,0x13,0x81,0x00,
	0x60,0x07,0x00,0x00,0x06,0x00,0x80,0x00,0x03,0x00,0x00,0x80,0xE0,0x02,0x00,0x00,0x81,0x00,0x02,0x00,
	0x40,0x01,0x00,0x00,0x89,0x20,0x04,0x00,0x18,0x00,0x00,0x28,0xC0,0x03,0x10,0x0E,0x00,0x44,0x02,0x04,
	0x42,0x82,0x00,0x40,0x00,0x00,0x02,0x04,0x00,0x22,0x04,0x01,0x01,0x08,0x01,0x04,0x80,0xC0,0x00,0x00,
	0x00,0x81,0x00,0x02,0x00,0x40,0x01,0x00,0x00,0x85,0x30,0x04,0x00,0x20,0x00,0x00,0x28,0x00,0x00,0x14,
	0x0C,0x00,0x40,0x00,0x00,0x40,0x80,0x00,0x00,0x82,0x02,0x04,0x00,0x00,0x00,0x01,0x00,0x08,0x01,0x13,
	0xAF,0x10,0x80,0x00,0x10,0xE0,0x07,0x10,0xE0,0x03,0x10,0xEA,0x07,0x10,0x5D,0x06,0xD3,0x4E,0x02,0xF1,
	0xF4,0x06,0x71,0x00,0x07,0xF3,0x36,0x05,0xF1,0x04,0x07,0xD3,0x0B,0x07,0x11,0x0D,0x07,0x09,0x47,0x05,
	0x79,0xA0,0x04,0x61,0xFE,0x05,0xEC,0x03,0x06,0x6D,0x0C,0x07,0x11,0x8C,0x05,0xA3,0x47,0x04,0x29,0x57,
	0x00,0xEF,0x1F,0x00,0xEF,0x3F,0x06,0xEF,0x3F,0x04,0xEF,0x2F,0x00,0xEF,0x0F,0x00,0xEC,0x0E,0x00,0xEE,
	0xFC,0x00,0x6E,0xFA,0x03,0xEC,0xFC,0x07,0xEE,0xFC,0x07,0xCC,0xF9,0x07,0xDE,0xE3,0x07,0xDE,0xC1,0x07,
	0xB6,0x85,0x07,0xDA,0x9B,0x07,0x53,0x00,0x07,0x90,0x0F,0x07,0xBC,0x0F,0x07,0xBE,0x46,0x06,0xBE,0x56,
	0x06,0x00,0xE0,0x07,0x00,0xC0,0x07,0x00,0xC0,0x07,0x00,0xD0,0x07,0x00,0xF0,0x07,0x00,0xF0,0x07,0x00,
	0x00,0x07,0x00,0x00,0x04,0x03,0x81,0x00,0x02,0x00,0x00,0x02,0x00,0x05,0x93,0x00,0x10,0x00,0x00,0x00,
	0x06,0x08,0x10,0x00,0x08,0xB0,0x00,0x09,0x98,0x04,0x08,0x80,0x01,0x09,0x00,0x00,0x09,0x04,0x00,0x8A,
	0x20,0x01,0x08,0x00,0x00,0x0A,0x00,0x00,0x09,0x00,0x00,0x08,0x08,0x00,0x41,0x20,0x02,0x09,0x08,0x00,
	0x08,0x03,0x00,0x08,0x03,0x00,0x30,0x04,0x00,0x00,0x02,0x00,0x00,0x04,0x00,0x00,0x90,0x00,0x00,0x06,
	0x08,0x00,0x00,0x08,0x30,0x00,0x09,0x88,0x00,0x08,0x80,0x00,0x09,0x00,0x00,0x09,0x04,0x00,0x8A,0x00,
	0x00,0x08,0x00,0x00,0x0A,0x00,0x00,0x09,0x00,0x00,0x08,0x00,0x00,0x41,0x00,0x00,0x09,0x08,0x00,0x08,
	0x03,0x00,0x08,0x03,0x00,0x20,0x04,0x00,0x00,0x80,0x00,0x04,0x00,0x02,0x82,0x00,0x30,0x00,0x00,0x88,
	0x00,0x00,0x80,0x00,0x0C,0x80,0x00,0x04,0x00,0x81,0x08,0x00,0x00,0x08,0x00,0x00,0x05,0x8D,0x00,0x08,
	0x00,0x01,0x00,0x00,0x00,0x81,0x04,0x01,0x00,0x00,0x01,0x01,0x01,0x08,0x0C,0x00,0x10,0x10,0x00,0xA0,
	0x06,0x00,0x02,0x00,0x00,0x80,0x06,0x00,0x50,0x05,0x00,0x90,0x0A,0x00,0x08,0x00,0x00,0x08,0x00,0x00,
	0x06,0x8A,0x01,0x00,0x00,0x00,0x01,0x04,0x01,0x00,0x00,0x01,0x01,0x00,0x08,0x00,0x00,0x10,0x10,0x00,
	0xA0,0x02,0x00,0x02,0x00,0x00,0x80,0x04,0x00,0x40,0x01,0x00,0x00,0x08,0x00,0x09,0x80,0x00,0x00,0x04,
	0x00,0x80,0x00,0x01,0x00,0x06,0x01,0x80,0x00,0x00,0x04,0x12,0x80,0x00,0x00,0x04,0x24,0xA1,0x10,0x70,
	0x00,0x10,0x20,0x00,0x10,0x20,0x00,0x10,0x20,0x00,0x11,0x04,0x01,0x12,0x08,0x02,0x90,0x08,0x04,0x10,
	0x00,0x00,0x11,0x00,0x00,0x10,0x00,0x01,0x10,0x00,0x04,0x11,0x00,0x00,0x10,0x00,0x00,0x10,0x00,0x00,
	0x00,0x0C,0x00,0x8C,0x02,0x00,0x11,0x00,0x00,0x14,0x03,0x00,0xC8,0x00,0x00,0x48,0x19,0x00,0x10,0x30,
	0x00,0x10,0x20,0x00,0x10,0x20,0x00,0x10,0x00,0x00,0x11,0x00,0x00,0x12,0x08,0x00,0x90,0x00,0x00,0x10,
	0x00,0x00,0x11,0x00,0x00,0x10,0x00,0x00,0x10,0x00,0x04,0x11,0x00,0x00,0x10,0x00,0x00,0x10,0x00,0x00,
	0x00,0x87,0x8C,0x02,0x00,0x11,0x00,0x00,0x14,0x01,0x00,0x40,0x00,0x00,0x40,0x11,0x00,0x00,0x30,0x00,
	0x00,0x20,0x00,0x00,0x20,0x00,0x01,0x80,0x00,0x08,0x00,0x03,0x80,0x00,0x00,0x04,0x08,0x80,0x00,0x28,
	0x00,0x00,0x80,0x00,0x08,0x00,0x01,0x83,0x01,0x04,0x00,0x00,0x10,0x00,0x00,0x81,0x02,0x00,0x00,0x04,
	0x00,0x8A,0x01,0x04,0x00,0x00,0x87,0x04,0x00,0x24,0x04,0x00,0x13,0x00,0x08,0x40,0x07,0x80,0x08,0x00,
	0x08,0x02,0x00,0x0A,0x00,0x00,0x80,0x80,0x00,0x80,0x14,0x04,0x00,0x20,0x00,0x03,0x80,0x01,0x00,0x00,
	0x00,0x81,0x00,0x00,0x02,0x00,0x00,0x04,0x00,0x82,0x01,0x04,0x00,0x00,0x02,0x04,0x00,0x04,0x00,0x00,
	0x86,0x08,0x00,0x00,0x80,0x00,0x00,0x00,0x02,0x00,0x02,0x00,0x00,0x80,0x00,0x00,0x00,0x14,0x00,0x00,
	0x20,0x00,0x05,0x81,0x00,0x00,0x02,0x00,0x00,0x04,0x01,0x81,0x00,0x00,0x04,0x00,0x04,0x00,0x05,0x80,
	0x00,0x04,0x00,0xA7,0x04,0x00,0x00,0x04,0x30,0x00,0x04,0x20,0x04,0x04,0x94,0x00,0x04,0x68,0x00,0x04,
	0xE0,0x00,0x04,0x10,0x02,0x84,0x00,0x00,0x04,0x10,0x02,0x84,0x00,0x00,0x04,0x00,0x00,0x04,0x0C,0x00,
	0x04,0x02,0x00,0x04,0x20,0x01,0x04,0x00,0x00,0x0C,0x14,0x00,0x4C,0x0A,0x00,0x8C,0x84,0x06,0x28,0x80,
	0x01,0x08,0x02,0x00,0x04,0x00,0x00,0x04,0x00,0x00,0x04,0x00,0x04,0x04,0x10,0x00,0x04,0x00,0x00,0x04,
	0x80,0x00,0x04,0x00,0x00,0x84,0x00,0x00,0x04,0x00,0x00,0x84,0x00,0x00,0x04,0x00,0x00,0x04,0x04,0x00,
	0x04,0x00,0x00,0x04,0x00,0x00,0x04,0x00,0x00,0x04,0x10,0x00,0x44,0x0E,0x00,0x84,0x04,0x00,0x20,0x00,
	0x00,0x00,0x02,0x00,0x02,0x80,0x00,0x10,0x00,0x00,0x80,0x00,0x80,0x00,0x0D,0x8A,0x08,0x00,0x04,0x08,
	0x00,0x00,0x08,0x00,0x00,0x08,0x40,0x00,0x08,0xCC,0x00,0x08,0xC4,0x04,0x08,0x82,0x00,0x08,0x00,0x02,
	0x08,0x01,0x00,0x08,0x00,0x00,0x08,0x00,0x00,0x00,0x92,0x00,0x01,0x00,0x40,0x02,0x00,0x88,0x10,0x00,
	0x0C,0x00,0x00,0xA0,0x00,0x00,0x81,0x52,0x00,0x10,0x0C,0x02,0x44,0x0C,0x00,0x08,0x00,0x00,0x08,0x00,
	0x00,0x08,0x00,0x00,0x08,0x00,0x00,0x08,0xC4,0x00,0x08,0x44,0x04,0x08,0x82,0x00,0x08,0x00,0x00,0x08,
	0x00,0x00,0x08,0x00,0x00,0x08,0x00,0x00,0x00,0x87,0x00,0x01,0x00,0x40,0x00,0x00,0x88,0x00,0x00,0x04,
	0x00,0x00,0xA0,0x00,0x00,0x81,0x12,0x00,0x10,0x0C,0x00,0x40,0x00,0x00,0x03,0x82,0x00,0xC4,0x00,0x00,
	0x44,0x04,0x00,0x80,0x00,0x04,0x80,0x00,0x01,0x00,0x06,0x89,0x02,0x28,0x00,0x02,0x00,0x00,0x02,0x11,
	0x00,0x02,0x10,0x00,0x02,0x80,0x00,0x02,0x00,0x00,0x00,0x04,0x00,0x00,0x00,0x04,0x00,0x04,0x03,0x00,
	0x80,0x01,0x00,0x8E,0x08,0x01,0x00,0x0C,0x02,0x00,0x0C,0x84,0x00,0x00,0x24,0x01,0x08,0x44,0x00,0x0C,
	0x1C,0x00,0x0C,0x00,0x00,0x0C,0x00,0x00,0x00,0x01,0x00,0x02,0x08,0x00,0x02,0x00,0x00,0x02,0x10,0x00,
	0x02,0x00,0x00,0x02,0x00,0x00,0x02,0x00,0x00,0x01,0x80,0x00,0x00,0x02,0x01,0x89,0x08,0x01,0x00,0x08,
	0x02,0x00,0x08,0x00,0x00,0x00,0x04,0x00,0x08,0x04,0x00,0x08,0x10,0x00,0x08,0x00,0x00,0x08,0x00,0x00,
	0x00,0x01,0x00,0x00,0x08,0x00,0x00,0x80,0x00,0x10,0x00,0x04,0x80,0x00,0x00,0x02,0x02,0x80,0x00,0x02,
	0x00,0x06,0x3B,0x96,0x04,0x00,0x04,0x84,0x10,0x00,0x04,0x11,0x02,0x00,0x02,0x00,0x00,0x12,0x04,0x00,
	0x22,0x00,0x02,0x08,0x04,0x02,0x00,0x01,0x02,0x0A,0x00,0x02,0x00,0x00,0x02,0x40,0x00,0x02,0x00,0x00,
	0x46,0xBC,0x00,0x06,0x09,0x00,0x92,0x10,0x00,0x0A,0x00,0x00,0x06,0x08,0x00,0x06,0x00,0x00,0x05,0x40,
	0x01,0x44,0x00,0x00,0x04,0x00,0x04,0x04,0x10,0x00,0x04,0x00,0x02,0x02,0x8C,0x02,0x00,0x04,0x02,0x00,
	0x01,0x02,0x00,0x00,0x02,0x00,0x00,0x02,0x00,0x00,0x02,0x00,0x00,0x42,0x04,0x00,0x02,0x00,0x00,0x92,
	0x00,0x00,0x0A,0x00,0x00,0x02,0x00,0x00,0x02,0x00,0x00,0x01,0x00,0x00,0x00,0x81,0x00,0x00,0x04,0x00,
	0x10,0x00,0x03,0x81,0x00,0x00,0x04,0x00,0x00,0x01,0x03,0x80,0x00,0x04,0x00,0x06,0x93,0x00,0x04,0x00,
	0x00,0x18,0x00,0x80,0x00,0x04,0x04,0x68,0x00,0x04,0x60,0x02,0x04,0x74,0x01,0xC4,0x03,0x00,0x84,0x42,
	0x00,0x06,0x05,0x04,0x06,0x40,0x00,0x06,0x04,0x00,0x06,0x40,0x04,0x06,0x80,0x00,0x06,0xB0,0x00,0x26,
	0x8E,0x00,0x06,0x10,0x00,0x26,0x00,0x00,0x42,0x10,0x02,0x42,0x02,0x04,0x22,0x00,0x06,0x01,0x91,0x00,
	0x00,0x04,0x04,0x08,0x00,0x04,0x40,0x00,0x04,0x64,0x00,0x44,0x02,0x00,0x84,0x00,0x00,0x04,0x00,0x04,
	0x04,0x00,0x00,0x04,0x04,0x00,0x04,0x00,0x04,0x04,0x00,0x00,0x04,0x00,0x00,0x24,0x04,0x00,0x04,0x10,
	0x00,0x24,0x00,0x00,0x40,0x10,0x00,0x40,0x02,0x00,0x20,0x00,0x00,0x02,0x82,0x00,0x08,0x00,0x00,0x40,
	0x00,0x00,0x64,0x00,0x01,0x80,0x00,0x00,0x04,0x01,0x80,0x00,0x00,0x04,0x07,0xAA,0x01,0x18,0x04,0x41,
	0x08,0x00,0x01,0x0C,0x00,0x01,0x08,0x00,0x01,0x20,0x00,0x81,0x50,0x00,0x01,0x64,0x00,0x81,0x00,0x05,
	0x03,0x82,0x00,0x03,0xC0,0x01,0x03,0x00,0x00,0x03,0x09,0x02,0x03,0x18,0x04,0x03,0x0A,0x00,0x13,0x28,
	0x00,0x81,0x66,0x00,0x01,0x08,0x00,0x05,0xE0,0x00,0x05,0x81,0x01,0x10,0x00,0x00,0x01,0x08,0x04,0x01,
	0x08,0x00,0x01,0x08,0x00,0x01,0x00,0x00,0x01,0x20,0x00,0x81,0x00,0x00,0x01,0x40,0x00,0x81,0x00,0x04,
	0x01,0x02,0x00,0x01,0x00,0x00,0x01,0x00,0x00,0x01,0x09,0x02,0x01,0x08,0x00,0x01,0x0A,0x00,0x11,0x28,
	0x00,0x81,0x26,0x00,0x01,0x08,0x00,0x05,0x00,0x00,0x05,0x01,0x00,0x10,0x00,0x00,0x00,0x08,0x04,0x00,
	0x08,0x00,0x00,0x08,0x00,0x00,0x80,0x00,0x20,0x00,0x00,0x81,0x00,0x40,0x00,0x00,0x00,0x04,0x02,0x80,
	0x00,0x00,0x02,0x00,0x80,0x00,0x02,0x00,0x05,0x87,0x02,0x08,0x00,0x02,0x08,0x04,0x82,0x08,0x02,0x02,
	0x24,0x00,0x00,0x45,0x00,0x40,0x01,0x02,0x80,0x48,0x00,0x40,0x00,0x00,0x00,0x92,0x00,0x40,0x00,0x00,
	0x08,0x00,0x40,0x10,0x00,0x80,0x11,0x00,0x20,0x14,0x00,0x80,0x06,0x00,0x12,0x30,0x00,0x02,0x14,0x00,
	0x02,0x80,0x00,0x02,0x40,0x00,0x4A,0x06,0x00,0x02,0x08,0x00,0x02,0x00,0x00,0x02,0x00,0x02,0x02,0x24,
	0x00,0x00,0x04,0x00,0x40,0x01,0x02,0x00,0x40,0x00,0x40,0x00,0x00,0x01,0x86,0x00,0x08,0x00,0x40,0x10,
	0x00,0x80,0x10,0x00,0x20,0x10,0x00,0x80,0x06,0x00,0x10,0x38,0x00,0x00,0x14,0x00,0x01,0x81,0x08,0x02,
	0x00,0x00,0x08,0x00,0x01,0x83,0x00,0x24,0x00,0x00,0x04,0x00,0x00,0x00,0x02,0x00,0x40,0x00,0x0C,0x93,
	0x40,0x08,0x02,0x80,0x04,0x04,0x00,0x06,0x00,0x00,0x30,0x00,0x02,0x14,0x00,0xC2,0x90,0x00,0x42,0xA0,
	0x02,0x03,0x81,0x02,0x03,0x00,0x02,0x03,0x04,0x00,0x03,0x00,0x00,0x03,0x00,0x06,0x23,0x04,0x00,0x83,
	0x26,0x00,0x03,0x94,0x00,0x03,0x04,0x00,0x03,0x00,0x00,0x03,0x00,0x01,0x03,0x28,0x00,0x05,0x02,0x00,
	0x00,0x92,0x00,0x00,0x04,0x00,0x04,0x00,0x00,0x20,0x00,0x02,0x04,0x00,0x02,0x10,0x00,0x42,0x00,0x02,
	0x02,0x80,0x00,0x02,0x00,0x02,0x02,0x04,0x00,0x02,0x00,0x00,0x02,0x00,0x02,0x22,0x00,0x00,0x82,0x24,
	0x00,0x02,0x14,0x00,0x02,0x04,0x00,0x02,0x00,0x00,0x02,0x00,0x00,0x02,0x08,0x00,0x04,0x02,0x00,0x00,
	0x87,0x00,0x00,0x04,0x00,0x04,0x00,0x00,0x20,0x00,0x00,0x04,0x00,0x00,0x10,0x00,0x00,0x00,0x02,0x00,
	0x80,0x00,0x00,0x00,0x02,0x01,0x80,0x00,0x00,0x02,0x07,0x3B,0x81,0x40,0x00,0x00,0x20,0x04,0x00,0x00,
	0x90,0x00,0x11,0x00,0xC0,0x31,0x01,0x00,0x23,0x00,0x40,0x40,0x00,0x41,0x20,0x00,0x01,0x02,0x01,0x81,
	0x48,0x00,0x01,0xF0,0x00,0x81,0x02,0x00,0x01,0x26,0x00,0x01,0x01,0x00,0x01,0x02,0x00,0x01,0x11,0x00,
	0x01,0x00,0x00,0x01,0x00,0x00,0x01,0x80,0x02,0x03,0x00,0x02,0x00,0x80,0x00,0x04,0x00,0x00,0x8C,0x00,
	0x10,0x00,0xC0,0x30,0x00,0x00,0x20,0x00,0x40,0x40,0x00,0x40,0x00,0x00,0x00,0x02,0x01,0x80,0x08,0x00,
	0x00,0x10,0x00,0x80,0x02,0x00,0x00,0x24,0x00,0x00,0x01,0x00,0x00,0x02,0x00,0x00,0x11,0x00,0x02,0x80,
	0x02,0x00,0x00,0x00,0x80,0x00,0x04,0x00,0x00,0x83,0x00,0x10,0x00,0x00,0x30,0x00,0x00,0x20,0x00,0x00,
	0x40,0x00,0x00,0x80,0x00,0x00,0x01,0x0A,0x8B,0x21,0x06,0x06,0x41,0x00,0x04,0x01,0x01,0x00,0x01,0x04,
	0x00,0x81,0x29,0x02,0xC1,0x20,0x05,0x01,0xB8,0x00,0x01,0x80,0x02,0x01,0x04,0x00,0x01,0x00,0x01,0x40,
	0x21,0x00,0x20,0xA6,0x00,0x00,0x82,0x00,0x04,0x00,0x00,0x26,0x00,0x20,0x00,0x00,0x00,0x8E,0x00,0x60,
	0x01,0x00,0x60,0x00,0x40,0x04,0x01,0x01,0x04,0x04,0x01,0x00,0x00,0x01,0x00,0x00,0x01,0x00,0x00,0x01,
	0x01,0x00,0x01,0x00,0x05,0x01,0x28,0x00,0x01,0x00,0x02,0x01,0x04,0x00,0x01,0x00,0x00,0x40,0x01,0x00,
	0x20,0x24,0x00,0x00,0x82,0x00,0x04,0x00,0x00,0x26,0x00,0x20,0x00,0x00,0x02,0x81,0x40,0x00,0x00,0x00,
	0x04,0x04,0x03,0x82,0x00,0x00,0x05,0x00,0x28,0x00,0x00,0x00,0x02,0x0B,0x87,0x00,0x04,0x06,0x00,0x04,
	0x02,0x00,0x06,0x04,0x00,0x2A,0x00,0x40,0x09,0x00,0x00,0x04,0x00,0x00,0x1D,0x00,0x00,0x00,0x01,0x00,
	0x8A,0x00,0x10,0x00,0x01,0x80,0x00,0x01,0x40,0x00,0x01,0x05,0x00,0x01,0x0C,0x00,0x01,0x02,0x00,0x01,
	0x00,0x00,0x01,0x00,0x00,0x01,0xC0,0x00,0x01,0x80,0x00,0x01,0x04,0x00,0x01,0x81,0x00,0x02,0x00,0x00,
	0x02,0x00,0x00,0x81,0x00,0x04,0x00,0x00,0x08,0x00,0x01,0x8A,0x00,0x10,0x00,0x01,0x00,0x00,0x01,0x00,
	0x00,0x01,0x05,0x00,0x01,0x0C,0x00,0x01,0x02,0x00,0x01,0x00,0x00,0x01,0x00,0x00,0x01,0x00,0x00,0x01,
	0x00,0x00,0x01,0x04,0x00,0x01,0x81,0x00,0x02,0x00,0x00,0x02,0x00,0x00,0x81,0x00,0x04,0x00,0x00,0x08,
	0x00,0x0C,0x88,0x30,0x00,0x00,0x30,0x02,0x02,0x80,0x00,0x04,0x80,0x18,0x00,0x00,0x1A,0x00,0x00,0x5A,
	0x06,0x00,0x10,0x01,0x00,0x50,0x00,0x00,0x00,0x01,0x00,0x83,0x80,0x67,0x00,0x00,0x80,0x02,0x00,0x48,
	0x00,0x00,0x02,0x00,0x00,0x84,0x60,0x00,0x00,0x80,0x10,0x00,0x40,0x10,0x00,0x40,0x58,0x00,0xC0,0x00,
	0x01,0x00,0x87,0x00,0x00,0x02,0x00,0x00,0x04,0x80,0x18,0x00,0x00,0x18,0x00,0x00,0x1A,0x02,0x00,0x10,
	0x01,0x00,0x40,0x00,0x00,0x00,0x01,0x00,0x80,0x80,0x26,0x00,0x00,0x81,0x00,0x48,0x00,0x00,0x02,0x00,
	0x00,0x84,0x60,0x00,0x00,0x00,0x10,0x00,0x40,0x10,0x00,0x40,0x18,0x00,0xC0,0x00,0x00,0x00,0x87,0x00,
	0x00,0x02,0x00,0x00,0x04,0x00,0x18,0x00,0x00,0x18,0x00,0x00,0x18,0x02,0x00,0x10,0x01,0x00,0x40,0x00,
	0x00,0x00,0x01,0x0A,0x90,0x00,0x02,0x02,0x00,0x02,0x02,0x00,0x08,0x04,0x00,0x05,0x04,0x00,0x94,0x01,
	0x80,0x10,0x00,0x00,0x08,0x04,0x00,0x00,0x01,0x80,0xC0,0x00,0x00,0x80,0x00,0x00,0x4B,0x00,0x00,0x04,
	0x00,0x00,0x08,0x00,0x00,0x08,0x00,0x00,0x01,0x00,0x00,0x02,0x00,0xC0,0x00,0x00,0x00,0x83,0x00,0x00,
	0x01,0x00,0x08,0x00,0x00,0x02,0x02,0x00,0x02,0x00,0x03,0x82,0x00,0x00,0x04,0x00,0x00,0x01,0x80,0x80,
	0x00,0x00,0x80,0x00,0x08,0x00,0x00,0x84,0x00,0x08,0x00,0x00,0x08,0x00,0x00,0x01,0x00,0x00,0x02,0x00,
	0x40,0x00,0x00,0x01,0x82,0x00,0x08,0x00,0x00,0x02,0x02,0x00,0x02,0x00,0x03,0x82,0x00,0x00,0x04,0x00,
	0x00,0x01,0x00,0x80,0x00,0x0A,0x3B,0x87,0x18,0x03,0x03,0x00,0x00,0x01,0x00,0x0B,0x00,0x80,0x00,0x00,
	0x00,0x04,0x00,0xC0,0x80,0x02,0x00,0x28,0x04,0x40,0x48,0x04,0x01,0x81,0x00,0xC4,0x02,0x00,0x48,0x01,
	0x00,0x80,0x00,0x54,0x00,0x00,0x84,0x40,0x10,0x00,0x80,0x00,0x04,0x00,0xC0,0x00,0x00,0x40,0x00,0x00,
	0x30,0x00,0x01,0x81,0x00,0x01,0x02,0x80,0x00,0x00,0x00,0x80,0x40,0x80,0x00,0x00,0x80,0x00,0x00,0x04,
	0x01,0x81,0x00,0x00,0x02,0x00,0x48,0x00,0x00,0x80,0x00,0x54,0x00,0x00,0x81,0x40,0x10,0x00,0x80,0x00,
	0x00,0x01,0x80,0x00,0x30,0x00,0x01,0x80,0x00,0x01,0x02,0x01,0x80,0x00,0x80,0x00,0x00,0x80,0x00,0x00,
	0x04,0x01,0x80,0x00,0x00,0x02,0x08,0x92,0x00,0x00,0x01,0x10,0x03,0x05,0x00,0x00,0x02,0x00,0x1C,0x06,
	0x60,0x0E,0x00,0x00,0x2E,0x01,0x00,0x88,0x00,0x40,0xA0,0x04,0x00,0x80,0x04,0x00,0x40,0x00,0x40,0x42,
	0x00,0x20,0x09,0x00,0x00,0x08,0x00,0x00,0xB0,0x00,0x00,0x66,0x00,0x00,0x04,0x00,0x40,0x00,0x00,0x80,
	0x00,0x00,0x00,0x20,0x00,0x00,0x81,0x00,0x00,0x01,0x00,0x00,0x01,0x00,0x85,0x00,0x0C,0x04,0x00,0x0E,
	0x00,0x00,0x0C,0x01,0x00,0x88,0x00,0x00,0x20,0x00,0x00,0x80,0x04,0x00,0x88,0x40,0x00,0x00,0x20,0x01,
	0x00,0x00,0x08,0x00,0x00,0xB0,0x00,0x00,0x66,0x00,0x00,0x04,0x00,0x40,0x00,0x00,0x80,0x00,0x00,0x00,
	0x20,0x00,0x00,0x81,0x00,0x00,0x01,0x00,0x00,0x01,0x00,0x85,0x00,0x0C,0x04,0x00,0x0C,0x00,0x00,0x0C,
	0x01,0x00,0x88,0x00,0x00,0x20,0x00,0x00,0x80,0x04,0x0A,0x92,0x08,0x81,0x01,0x08,0x80,0x05,0x40,0x00,
	0x05,0xE0,0x01,0x00,0x40,0xC8,0x00,0xA0,0x0D,0x00,0xC0,0x34,0x02,0x20,0x80,0x00,0x00,0x60,0x00,0x00,
	0x10,0x00,0x00,0x9C,0x04,0x00,0x90,0x02,0x20,0x98,0x00,0x00,0x40,0x00,0x00,0x20,0x00,0x00,0x02,0x00,
	0xA0,0x00,0x00,0x00,0x61,0x00,0x80,0x81,0x00,0x00,0x80,0x00,0x01,0x00,0x02,0x8E,0x40,0x00,0x00,0x80,
	0x00,0x00,0x40,0x00,0x02,0x00,0x80,0x00,0x00,0x40,0x00,0x00,0x10,0x00,0x00,0x10,0x00,0x00,0x10,0x00,
	0x20,0x90,0x00,0x00,0x40,0x00,0x00,0x20,0x00,0x00,0x02,0x00,0xA0,0x00,0x00,0x00,0x21,0x00,0x80,0x01,
	0x00,0x00,0x80,0x00,0x01,0x00,0x04,0x82,0x00,0x00,0x02,0x00,0x80,0x00,0x00,0x40,0x00,0x0A,0x93,0x84,
	0x40,0x00,0x0C,0x81,0x02,0xC0,0x01,0x00,0x00,0x01,0x06,0x50,0x00,0x00,0xA0,0x40,0x05,0xC0,0x49,0x06,
	0x00,0x60,0x06,0x00,0x00,0x02,0x00,0x00,0x04,0x80,0x03,0x03,0x40,0x32,0x00,0x00,0x12,0x04,0x20,0x6C,
	0x00,0x00,0xE0,0x00,0x80,0x20,0x00,0x20,0x24,0x06,0xC0,0x01,0x00,0x00,0x41,0x00,0x82,0x01,0x00,0x00,
	0x82,0x00,0x81,0x00,0x80,0x00,0x01,0x00,0x01,0x06,0x00,0x83,0xA0,0x40,0x00,0x00,0x40,0x00,0x00,0x00,
	0x02,0x00,0x00,0x02,0x00,0x87,0x80,0x03,0x03,0x40,0x20,0x00,0x00,0x02,0x00,0x20,0x2C,0x00,0x00,0xE0,
	0x00,0x00,0x20,0x00,0x20,0x24,0x00,0xC0,0x01,0x00,0x00,0x80,0x82,0x01,0x00,0x00,0x82,0x00,0x81,0x00,
	0x80,0x00,0x01,0x00,0x01,0x06,0x00,0x83,0x20,0x40,0x00,0x00,0x40,0x00,0x00,0x00,0x02,0x00,0x00,0x02,
	0x00,0x80,0x00,0x00,0x03,0x08,0x90,0x44,0x81,0x00,0x80,0x81,0x02,0x40,0x80,0x04,0x80,0x0F,0x04,0x80,
	0x41,0x00,0x90,0x90,0x04,0x20,0x14,0x01,0x30,0x14,0x06,0x00,0x30,0x00,0x00,0x21,0x00,0x00,0x3C,0x00,
	0x00,0x02,0x03,0x40,0xE0,0x00,0x00,0xD4,0x01,0x20,0xA4,0x00,0xA0,0x8C,0x00,0x00,0x08,0x00,0x00,0x82,
	0x80,0x00,0x00,0x00,0x02,0x00,0x00,0x80,0x00,0x01,0x80,0x80,0x06,0x05,0x00,0x8B,0x00,0x80,0x04,0x00,
	0x04,0x05,0x00,0x14,0x04,0x00,0x20,0x00,0x00,0x01,0x00,0x00,0x24,0x00,0x00,0x02,0x00,0x40,0xE0,0x00,
	0x00,0x94,0x01,0x20,0xA4,0x00,0x20,0x8C,0x00,0x00,0x08,0x00,0x00,0x82,0x80,0x01,0x00,0x00,0x02,0x00,
	0x00,0x80,0x00,0x01,0x80,0x80,0x06,0x05,0x00,0x83,0x00,0x80,0x04,0x00,0x00,0x05,0x00,0x10,0x04,0x00,
	0x20,0x00,0x0A,0x3B,0x96,0x82,0xE0,0x01,0x86,0x40,0x00,0x80,0x00,0x00,0x90,0x84,0x05,0x00,0x05,0x04,
	0xD0,0xE4,0x02,0x50,0x2D,0x03,0x00,0x71,0x07,0x10,0x40,0x05,0x00,0x00,0x04,0x00,0x01,0x03,0x88,0x34,
	0x04,0x00,0x20,0x00,0x40,0xF4,0x04,0x40,0xA8,0x00,0x00,0x00,0x01,0x40,0x05,0x00,0x40,0x00,0x00,0x00,
	0x40,0x00,0x02,0x43,0x00,0x80,0x40,0x00,0x80,0x00,0x00,0x00,0x80,0x00,0x00,0x84,0x80,0x05,0x00,0x10,
	0x64,0x00,0x00,0x20,0x00,0x00,0x40,0x01,0x00,0x40,0x05,0x00,0x81,0x00,0x01,0x01,0x80,0x10,0x00,0x00,
	0x89,0x40,0x64,0x00,0x40,0x28,0x00,0x00,0x00,0x01,0x40,0x04,0x00,0x40,0x00,0x00,0x00,0x40,0x00,0x02,
	0x43,0x00,0x80,0x40,0x00,0x80,0x00,0x00,0x00,0x80,0x00,0x00,0x84,0x00,0x04,0x00,0x10,0x60,0x00,0x00,
	0x20,0x00,0x00,0x40,0x01,0x00,0x40,0x05,0x00,0x81,0x00,0x00,0x01,0x00,0x10,0x00,0x07,0x91,0xC2,0x20,
	0x01,0xC0,0x40,0x00,0x40,0x00,0x00,0x40,0x83,0x02,0x80,0x13,0x02,0xE8,0x4D,0x04,0x80,0x98,0x00,0x98,
	0x08,0x03,0x10,0x10,0x04,0x00,0x40,0x00,0x00,0x38,0x04,0x88,0x4D,0x01,0x80,0x10,0x02,0x00,0x20,0x01,
	0x00,0xB0,0x00,0x40,0x90,0x00,0x00,0x10,0x02,0x00,0x40,0x00,0x00,0x89,0x00,0x20,0x00,0x40,0x20,0x00,
	0x00,0x40,0x00,0x40,0x40,0x00,0x40,0x82,0x00,0x80,0x02,0x04,0xE0,0x00,0x04,0x80,0x98,0x02,0x80,0x00,
	0x02,0x00,0x10,0x00,0x00,0x87,0x00,0x08,0x00,0x00,0x45,0x00,0x80,0x10,0x00,0x00,0x00,0x01,0x00,0xB0,
	0x00,0x40,0x90,0x00,0x00,0x10,0x00,0x00,0x40,0x00,0x00,0x89,0x00,0x20,0x00,0x40,0x20,0x00,0x00,0x40,
	0x00,0x40,0x40,0x00,0x40,0x82,0x00,0x80,0x00,0x04,0x60,0x00,0x04,0x00,0x98,0x02,0x00,0x00,0x02,0x00,
	0x10,0x00,0x02,0x80,0x00,0x10,0x00,0x00,0x80,0x00,0x80,0x00,0x04,0x93,0x21,0xD0,0x00,0x03,0x40,0x00,
	0x20,0x40,0x00,0x48,0xC2,0x01,0x88,0x00,0x03,0x28,0x29,0x05,0xF8,0xC2,0x05,0x80,0xBB,0x03,0x08,0x28,
	0x02,0x00,0x20,0x04,0x00,0x40,0x00,0xC4,0x70,0x06,0x00,0x44,0x01,0x80,0xC0,0x04,0x80,0x80,0x05,0x00,
	0x80,0x00,0x00,0x41,0x00,0x80,0x10,0x00,0x80,0x40,0x00,0x00,0x40,0x00,0x00,0x80,0x40,0x00,0x00,0x01,
	0x84,0x00,0x02,0x02,0xA8,0x28,0x00,0x10,0x4A,0x00,0x00,0xA8,0x00,0x00,0x28,0x02,0x01,0x83,0x00,0x30,
	0x04,0x00,0x04,0x00,0x80,0x40,0x04,0x80,0x80,0x00,0x00,0x83,0x00,0x40,0x00,0x80,0x10,0x00,0x80,0x40,
	0x00,0x00,0x40,0x00,0x00,0x80,0x40,0x00,0x00,0x01,0x84,0x00,0x02,0x02,0xA8,0x28,0x00,0x10,0x40,0x00,
	0x00,0xA0,0x00,0x00,0x20,0x02,0x01,0x80,0x00,0x30,0x04,0x00,0x81,0x00,0x00,0x04,0x00,0x80,0x00,0x04,
	0x9C,0x61,0x90,0x00,0x20,0x00,0x02,0x40,0x00,0x00,0x30,0xC0,0x07,0xC0,0x8A,0x02,0x44,0x3F,0x04,0xD0,
	0x4E,0x00,0x18,0x93,0x00,0x00,0xB0,0x02,0x00,0x40,0x00,0x00,0x02,0x07,0x24,0x48,0x04,0x00,0x69,0x00,
	0x00,0x60,0x01,0x00,0x80,0x05,0x80,0xA8,0x03,0x80,0x20,0x00,0x00,0x20,0x00,0x00,0x40,0x00,0x00,0x80,
	0x00,0x20,0x10,0x00,0x00,0x20,0x02,0x00,0x20,0x00,0x30,0x40,0x00,0x40,0x00,0x00,0x00,0x11,0x00,0xD0,
	0x02,0x01,0x00,0x11,0x01,0x00,0x90,0x00,0x00,0x92,0x00,0x02,0x00,0x00,0x48,0x04,0x00,0x61,0x00,0x00,
	0x20,0x00,0x00,0x00,0x05,0x80,0xA8,0x03,0x80,0x20,0x00,0x00,0x20,0x00,0x00,0x40,0x00,0x00,0x80,0x00,
	0x20,0x10,0x00,0x00,0x20,0x00,0x00,0x20,0x00,0x30,0x40,0x00,0x40,0x00,0x00,0x00,0x10,0x00,0xD0,0x00,
	0x01,0x00,0x10,0x01,0x00,0x90,0x00,0x01,0x84,0x00,0x40,0x04,0x00,0x60,0x00,0x00,0x20,0x00,0x00,0x00,
	0x05,0x00,0x80,0x00,0x03,0x91,0x10,0x28,0x00,0x01,0x20,0x02,0x30,0x30,0x00,0xB4,0x61,0x04,0xC4,0x55,
	0x00,0x84,0x98,0x00,0xBC,0x31,0x06,0x54,0xC1,0x00,0x08,0x71,0x01,0x00,0x10,0x02,0x00,0x40,0x03,0x02,
	0x83,0x06,0x00,0x10,0x05,0x00,0x08,0x05,0x00,0xE8,0x02,0x00,0x80,0x04,0x00,0x0A,0x00,0x00,0x80,0x04,
	0x00,0x80,0x00,0x80,0x00,0x00,0x90,0x20,0x00,0x02,0x20,0x00,0x00,0x10,0x00,0x00,0x80,0x01,0x01,0x84,
	0x19,0x04,0x88,0xA1,0x00,0x00,0x50,0x00,0x00,0x41,0x01,0x00,0x10,0x00,0x00,0x40,0x00,0x00,0x02,0x02,
	0x00,0x10,0x04,0x00,0x08,0x04,0x00,0x88,0x00,0x00,0x80,0x00,0x00,0x08,0x00,0x00,0x80,0x00,0x00,0x80,
	0x00,0x80,0x00,0x00,0x87,0x20,0x00,0x00,0x20,0x00,0x00,0x10,0x00,0x00,0x80,0x01,0x01,0x84,0x11,0x04,
	0x88,0xA0,0x00,0x00,0x40,0x00,0x00,0x40,0x01,0x00,0x83,0x00,0x40,0x00,0x00,0x00,0x02,0x00,0x10,0x04,
	0x00,0x00,0x04,0x00,0x80,0x00,0x80,0x00,0x03,0x3B,0x91,0x30,0x08,0x00,0x18,0x00,0x01,0x30,0x00,0x00,
	0x52,0xC0,0x00,0x60,0xA9,0x00,0xEA,0x01,0x02,0xAC,0xD2,0x01,0x0C,0x03,0x00,0x00,0x09,0x01,0x00,0x02,
	0x01,0x00,0x32,0x00,0x42,0x00,0x02,0x00,0x01,0x04,0x00,0x31,0x04,0x00,0xA0,0x05,0x00,0x00,0x04,0x00,
	0x42,0x02,0x00,0x40,0x04,0x00,0x8F,0x00,0x22,0x00,0x10,0x08,0x00,0x00,0x10,0x01,0x10,0x10,0x00,0x10,
	0x20,0x00,0x20,0x80,0x00,0x88,0x02,0x02,0xAC,0x11,0x00,0x00,0x83,0x00,0x00,0x08,0x00,0x00,0x02,0x00,
	0x00,0x10,0x00,0x00,0x00,0x02,0x00,0x00,0x04,0x00,0x21,0x00,0x00,0x80,0x05,0x00,0x81,0x00,0x40,0x00,
	0x00,0x40,0x00,0x00,0x88,0x00,0x22,0x00,0x10,0x08,0x00,0x00,0x10,0x00,0x10,0x10,0x00,0x10,0x20,0x00,
	0x20,0x80,0x00,0x88,0x00,0x02,0xAC,0x01,0x00,0x00,0x81,0x00,0x02,0x83,0x00,0x00,0x02,0x00,0x00,0x04,
	0x00,0x20,0x00,0x00,0x00,0x05,0x04,0x93,0x08,0x14,0x00,0x18,0x98,0x05,0x08,0x00,0x04,0x90,0x40,0x03,
	0x62,0xD0,0x00,0xC6,0x4E,0x03,0xFA,0x23,0x02,0xA8,0x32,0x00,0x80,0x14,0x00,0x00,0x08,0x00,0x00,0x44,
	0x01,0xB0,0x12,0x05,0x80,0x8A,0x00,0x00,0x00,0x02,0x00,0x01,0x02,0x00,0x00,0x01,0x00,0x80,0x02,0x00,
	0x00,0x04,0x00,0x04,0x04,0x00,0x64,0x00,0x00,0x89,0x10,0x80,0x05,0x00,0x08,0x04,0x00,0x10,0x00,0xC0,
	0x40,0x00,0x46,0x0E,0x01,0x40,0x40,0x00,0x80,0x60,0x00,0x00,0x90,0x00,0x00,0x08,0x00,0x00,0x44,0x00,
	0x00,0x80,0x00,0x0A,0x00,0x00,0x80,0x00,0x01,0x02,0x02,0x81,0x00,0x04,0x00,0x00,0x24,0x00,0x00,0x87,
	0x10,0x00,0x00,0x00,0x08,0x00,0x00,0x10,0x00,0xC0,0x40,0x00,0x46,0x02,0x01,0x40,0x40,0x00,0x80,0x60,
	0x00,0x00,0x80,0x00,0x00,0x80,0x00,0x40,0x00,0x02,0x80,0x00,0x00,0x02,0x04,0x8A,0x18,0x0E,0x02,0x18,
	0x94,0x02,0x18,0x1E,0x02,0x69,0xB0,0x01,0x70,0x70,0x00,0x79,0xAE,0x01,0x56,0x96,0x05,0x61,0x05,0x00,
	0x40,0x48,0x00,0x00,0xA2,0x00,0x00,0x01,0x00,0x00,0x81,0x00,0x00,0x04,0x00,0x40,0x00,0x00,0x83,0x00,
	0x80,0x00,0x00,0x20,0x00,0x00,0x20,0x04,0x00,0x02,0x06,0x00,0x88,0x08,0x04,0x00,0x00,0x88,0x02,0x08,
	0x02,0x02,0x08,0x08,0x00,0x50,0x30,0x00,0x48,0x80,0x00,0x76,0x22,0x00,0x40,0x24,0x00,0x00,0x4A,0x00,
	0x02,0x81,0x00,0x00,0x04,0x00,0x40,0x00,0x03,0x80,0x00,0x02,0x00,0x00,0x88,0x08,0x04,0x00,0x00,0x08,
	0x00,0x08,0x00,0x00,0x08,0x08,0x00,0x50,0x30,0x00,0x48,0x80,0x00,0x76,0x20,0x00,0x40,0x20,0x00,0x00,
	0x40,0x00,0x02,0x81,0x00,0x00,0x04,0x00,0x40,0x00,0x05,0x93,0x0C,0x00,0x02,0x28,0x5C,0x01,0x04,0x13,
	0x01,0x08,0xBD,0x00,0x79,0x38,0x04,0x67,0xC6,0x00,0x4D,0xE2,0x06,0x31,0x28,0x00,0x00,0x66,0x00,0x00,
	0x41,0x00,0x80,0x00,0x00,0x58,0x00,0x00,0x40,0x01,0x02,0x00,0x10,0x04,0x80,0x01,0x07,0x00,0x00,0x06,
	0x00,0x40,0x00,0x00,0x60,0x00,0x80,0x8A,0x02,0x00,0x02,0x00,0x00,0x84,0x28,0x44,0x01,0x00,0x07,0x01,
	0x00,0x01,0x00,0x28,0x10,0x04,0x27,0x44,0x00,0x00,0x81,0x00,0x28,0x00,0x00,0x03,0x00,0x02,0x80,0x00,
	0x00,0x02,0x00,0x81,0x00,0x01,0x07,0x00,0x00,0x02,0x00,0x81,0x00,0x40,0x00,0x00,0x80,0x00,0x01,0x81,
	0x08,0x04,0x00,0x00,0x04,0x00,0x00,0x81,0x28,0x10,0x00,0x27,0x44,0x00,0x01,0x80,0x00,0x03,0x00,0x02,
	0x80,0x00,0x00,0x02,0x00,0x80,0x00,0x00,0x07,0x04,0x8F,0x04,0x07,0x04,0x3C,0x6C,0x06,0xEF,0x01,0x00,
	0x24,0x91,0x06,0x0A,0x0C,0x02,0x08,0x72,0x00,0x1D,0x65,0x02,0xB8,0x01,0x00,0xA0,0x02,0x00,0x80,0x30,
	0x00,0x00,0x80,0x00,0x20,0x12,0x04,0x80,0x98,0x05,0x00,0x68,0x01,0x80,0x28,0x04,0x00,0x00,0x07,0x01,
	0x8B,0xC0,0x4E,0x00,0x00,0x26,0x03,0x04,0x02,0x04,0x30,0x62,0x06,0xE4,0x03,0x00,0x14,0x85,0x06,0x32,
	0x18,0x02,0x30,0x30,0x00,0x3B,0x00,0x00,0x20,0x00,0x00,0x80,0x02,0x00,0x00,0x10,0x00,0x00,0x85,0x00,
	0x10,0x04,0x00,0x18,0x00,0x00,0x68,0x04,0x00,0x08,0x00,0x00,0x00,0x04,0x00,0x00,0x04,0x00,0x8A,0x00,
	0x44,0x00,0x00,0x04,0x02,0x04,0x02,0x00,0x00,0x02,0x00,0x04,0x02,0x00,0x14,0x04,0x00,0x32,0x18,0x00,
	0x30,0x30,0x00,0x3B,0x00,0x00,0x20,0x00,0x00,0x80,0x02,0x00,0x01,0x82,0x00,0x00,0x04,0x00,0x10,0x00,
	0x00,0x60,0x04,0x00,0x81,0x00,0x00,0x04,0x00,0x00,0x04,0x02,0x3B,0x9D,0x86,0x03,0x02,0x60,0xA7,0x01,
	0x17,0x83,0x04,0x1E,0xC0,0x05,0x0F,0x08,0x05,0x0D,0x20,0x00,0x1D,0x35,0x04,0x68,0x3E,0x00,0xC0,0x01,
	0x00,0x40,0x06,0x00,0x40,0x00,0x00,0x0C,0x51,0x02,0x20,0x82,0x07,0x00,0x01,0x02,0x00,0x80,0x07,0x00,
	0xB8,0x04,0x00,0x98,0x02,0x00,0xB2,0x00,0x00,0x22,0x00,0x00,0xF1,0x00,0x00,0x01,0x02,0x64,0xA0,0x01,
	0x12,0x80,0x04,0x12,0xC2,0x05,0x17,0x00,0x05,0x11,0x00,0x00,0x1D,0x01,0x00,0x30,0x2C,0x00,0x40,0x00,
	0x00,0x00,0x04,0x00,0x00,0x91,0x00,0x50,0x06,0x00,0x02,0x05,0x00,0x01,0x06,0x00,0x00,0x03,0x00,0x08,
	0x04,0x00,0x08,0x04,0x00,0xB2,0x00,0x00,0x20,0x00,0x00,0x11,0x01,0x00,0x01,0x00,0x04,0x00,0x00,0x02,
	0x00,0x00,0x12,0x02,0x00,0x17,0x00,0x00,0x11,0x00,0x00,0x1D,0x01,0x00,0x30,0x00,0x00,0x40,0x00,0x00,
	0x01,0x85,0x00,0x40,0x06,0x00,0x00,0x05,0x00,0x00,0x06,0x00,0x00,0x03,0x00,0x00,0x04,0x00,0x00,0x04,
	0x02,0x9D,0x83,0x11,0x01,0xC8,0xC6,0x04,0x83,0x42,0x00,0x1E,0xE6,0x02,0x26,0x86,0x02,0x06,0x14,0x00,
	0x93,0x0D,0x04,0xB8,0x03,0x00,0x50,0x09,0x00,0xA0,0x12,0x00,0x20,0x02,0x00,0x34,0x98,0x01,0x50,0xC8,
	0x03,0x00,0x80,0x06,0x00,0x90,0x03,0x00,0xC2,0x07,0x40,0x60,0x03,0x00,0x04,0x00,0x20,0xF2,0x04,0x00,
	0x4C,0x06,0x82,0x10,0x01,0x4A,0xC1,0x04,0x80,0x41,0x02,0x08,0xE1,0x02,0x22,0x84,0x02,0x02,0x0C,0x00,
	0x00,0x01,0x00,0x30,0x01,0x00,0x00,0x09,0x00,0x80,0x10,0x00,0x00,0x83,0x00,0x88,0x03,0x00,0xC0,0x02,
	0x00,0x00,0x02,0x00,0x80,0x07,0x02,0x8B,0x00,0xD0,0x04,0x00,0x0C,0x06,0x82,0x00,0x00,0x02,0x01,0x00,
	0x00,0x01,0x00,0x08,0x01,0x00,0x02,0x04,0x00,0x02,0x04,0x00,0x00,0x01,0x00,0x30,0x01,0x00,0x00,0x01,
	0x00,0x80,0x00,0x00,0x00,0x83,0x00,0x80,0x03,0x00,0xC0,0x02,0x00,0x00,0x02,0x00,0x80,0x07,0x04,0xB1,
	0x43,0x98,0x00,0x86,0x43,0x02,0xCA,0x22,0x06,0x85,0x75,0x01,0x3B,0x07,0x05,0x0F,0x02,0x04,0x06,0x03,
	0x04,0xE8,0x01,0x04,0xA0,0x0A,0x04,0xD0,0x22,0x04,0x10,0x21,0x04,0xA8,0x2E,0x04,0x20,0x0D,0x05,0x10,
	0x1C,0x06,0x00,0x44,0x07,0x20,0xC8,0x05,0x00,0xA8,0x05,0x40,0x6E,0x04,0x30,0x6B,0x02,0x00,0xE4,0x03,
	0x01,0x98,0x00,0x85,0x40,0x02,0xCB,0x20,0x05,0x0D,0x70,0x01,0x35,0x02,0x05,0x05,0x04,0x04,0x0E,0x00,
	0x04,0x88,0x01,0x04,0x20,0x0A,0x04,0xC0,0x02,0x04,0x00,0x00,0x04,0x00,0x26,0x05,0x00,0x0D,0x05,0x00,
	0x14,0x04,0x00,0x44,0x05,0x00,0x00,0x04,0x00,0x38,0x04,0x00,0x7A,0x04,0x00,0x4B,0x02,0x00,0x40,0x03,
	0x01,0x00,0x00,0x81,0x00,0x00,0x81,0x00,0x00,0x0D,0x00,0x00,0x05,0x02,0x00,0x05,0x00,0x00,0x0E,0x00,
	0x00,0x88,0x01,0x00,0x20,0x02,0x00,0xC0,0x02,0x00,0x00,0x83,0x00,0x20,0x01,0x00,0x08,0x01,0x00,0x10,
	0x00,0x00,0x40,0x01,0x03,0x80,0x00,0x40,0x00,0xB0,0xE1,0x48,0x00,0xA3,0x81,0x01,0x02,0x90,0x03,0x05,
	0xB9,0x06,0x99,0xC2,0x02,0x01,0x04,0x02,0xC3,0x1B,0x02,0x98,0x10,0x02,0xF8,0x13,0x02,0x08,0x1C,0x06,
	0x98,0x10,0x06,0x40,0x1D,0x06,0x18,0x64,0x06,0x10,0xB0,0x07,0x00,0x88,0x07,0x20,0xF6,0x06,0x60,0xF0,
	0x02,0x20,0x00,0x02,0x20,0x06,0x01,0x80,0x60,0x00,0x40,0x48,0x00,0x62,0x80,0x01,0x42,0x90,0x02,0x86,
	0xB8,0x06,0x1F,0xC0,0x02,0x06,0x02,0x02,0x06,0x1A,0x02,0x9C,0x12,0x02,0x90,0x13,0x02,0x00,0x1C,0x06,
	0x10,0x10,0x06,0x00,0x99,0x06,0x00,0xE0,0x06,0x00,0x30,0x06,0x00,0xC0,0x06,0x00,0x04,0x06,0x00,0x30,
	0x02,0x00,0x00,0x02,0x00,0x26,0x01,0x80,0x60,0x00,0x40,0x00,0x00,0x40,0x00,0x00,0x40,0x00,0x00,0x86,
	0x00,0x00,0x07,0x00,0x00,0x06,0x02,0x00,0x06,0x00,0x00,0x9C,0x00,0x00,0x90,0x03,0x00,0x00,0x84,0x10,
	0x00,0x00,0x00,0x98,0x00,0x00,0xE0,0x00,0x00,0x30,0x00,0x00,0xC0,0x00,0x02,0x81,0x00,0x20,0x00,0x00,
	0x60,0x00,0xA8,0x70,0x20,0x00,0x71,0x40,0x00,0x44,0xE8,0x01,0x45,0x55,0x01,0x02,0x60,0x01,0x03,0x03,
	0x01,0xC2,0x04,0x01,0x7E,0x00,0x01,0x54,0x02,0x01,0x64,0x21,0x05,0x5C,0x58,0x07,0x04,0x56,0x03,0x84,
	0x06,0x03,0x80,0x80,0x07,0xC0,0xF0,0x07,0x80,0x64,0x07,0xE0,0x74,0x01,0x00,0x24,0x01,0x08,0xA2,0x00,
	0x80,0x74,0x01,0x20,0x20,0x00,0x11,0x40,0x00,0x24,0xE8,0x01,0x40,0x54,0x01,0x02,0x61,0x01,0x02,0x02,
	0x01,0x02,0x05,0x01,0x4C,0x01,0x01,0x40,0x00,0x01,0x60,0x13,0x05,0x18,0x08,0x07,0x00,0x16,0x03,0x80,
	0x46,0x03,0x80,0x80,0x03,0x80,0x00,0x07,0x80,0x0C,0x07,0x80,0x0C,0x01,0x00,0x04,0x01,0x00,0xB0,0x00,
	0x80,0x22,0x01,0x20,0x00,0x00,0x01,0x89,0x40,0x00,0x00,0x02,0x01,0x00,0x02,0x00,0x00,0x02,0x01,0x00,
	0x4C,0x01,0x00,0x40,0x00,0x00,0x60,0x13,0x00,0x18,0x00,0x00,0x00,0x14,0x00,0x00,0x44,0x00,0x04,0x81,
	0x00,0x30,0x00,0x00,0x22,0x00,0x02,0x80,0x40,0x00,0x00,0x37,0xB4,0x10,0x10,0x00,0x40,0x21,0x00,0x13,
	0x44,0x00,0x41,0xA0,0x00,0xCF,0xB0,0x00,0x83,0xAF,0x00,0x22,0x04,0x00,0xFA,0x88,0x00,0xA0,0x8B,0x00,
	0xB2,0x89,0x00,0x0A,0x90,0x07,0xA2,0x88,0x01,0x08,0x98,0x01,0x00,0x56,0x07,0x40,0xF8,0x03,0x08,0xB8,
	0x03,0xB0,0xB4,0x00,0x10,0xF9,0x00,0x8C,0x2D,0x00,0x40,0xBA,0x00,0x10,0x10,0x00,0x20,0x21,0x00,0x32,
	0x44,0x00,0x23,0xA0,0x00,0x8D,0xB0,0x00,0x01,0xA9,0x00,0x80,0x04,0x00,0xE2,0x88,0x00,0x88,0x8B,0x00,
	0xB0,0x89,0x00,0x08,0x90,0x07,0x80,0x88,0x01,0x00,0x98,0x01,0x00,0x02,0x01,0x00,0x80,0x03,0x00,0x88,
	0x03,0x80,0x90,0x00,0x00,0xD1,0x00,0x00,0x04,0x00,0x40,0x92,0x00,0x10,0x00,0x00,0x20,0x00,0x00,0x20,
	0x00,0x00,0x23,0x00,0x00,0x81,0x00,0x00,0x01,0x01,0x00,0x80,0x00,0x00,0xE2,0x00,0x00,0x88,0x01,0x00,
	0xB0,0x01,0x00,0x08,0x10,0x00,0x00,0x08,0x00,0x00,0x18,0x00,0x02,0x81,0x00,0x10,0x00,0x00,0x10,0x00,
	0x00,0x80,0x00,0x12,0x00,0xA7,0x28,0x08,0x00,0x4C,0x10,0x00,0x0D,0x32,0x00,0x31,0x52,0x00,0xE4,0x1A,
	0x00,0x40,0x66,0x00,0xB1,0x99,0x00,0xE7,0x41,0x00,0xE6,0x41,0x00,0x80,0x58,0x00,0xB0,0xEA,0x07,0x1C,
	0xF6,0x04,0x46,0xE2,0x04,0x40,0xE8,0x02,0x60,0xE4,0x01,0x28,0x5A,0x01,0x80,0x5F,0x00,0x88,0x09,0x00,
	0xBC,0x5F,0x00,0x20,0x52,0x01,0x00,0x08,0x00,0x1C,0x10,0x00,0x1C,0x32,0x00,0x01,0x52,0x00,0x45,0x1A,
	0x00,0x01,0x65,0x00,0x41,0x89,0x00,0x66,0x41,0x00,0xE4,0x40,0x00,0x80,0x50,0x00,0x80,0xC0,0x07,0x00,
	0xD4,0x04,0x40,0xC0,0x04,0x40,0xC0,0x00,0x40,0xC4,0x01,0x00,0x46,0x01,0x80,0x5B,0x00,0x80,0x18,0x00,
	0x00,0x5C,0x00,0x20,0x50,0x00,0x00,0x88,0x10,0x00,0x00,0x10,0x00,0x00,0x01,0x00,0x00,0x41,0x00,0x00,
	0x01,0x00,0x00,0x41,0x00,0x00,0x66,0x00,0x00,0xE4,0x00,0x00,0x80,0x10,0x00,0x00,0x80,0x00,0x14,0x00,
	0x03,0x83,0x00,0x18,0x00,0x00,0x18,0x00,0x00,0x18,0x00,0x00,0x10,0x00,0xB4,0x59,0xBB,0x01,0xB1,0x71,
	0x04,0x1F,0xEE,0x06,0x1C,0xDE,0x01,0xCB,0xBE,0x02,0x5A,0xF3,0x00,0x8F,0x87,0x01,0xC8,0xC7,0x03,0xF9,
	0xC2,0x00,0x29,0xA7,0x00,0xB9,0xB7,0x03,0xEF,0x37,0x03,0xAB,0x37,0x03,0x41,0xBC,0x05,0x07,0x2E,0x01,
	0x67,0xB2,0x04,0xEF,0x2C,0x07,0x04,0x3A,0x07,0x90,0x29,0x03,0x80,0xAB,0x00,0xC1,0x87,0x07,0xE0,0x0E,
	0x07,0xED,0x11,0x07,0xEF,0x31,0x07,0xCF,0x7E,0x06,0x9E,0x33,0x06,0x5E,0x77,0x07,0xFF,0x38,0x07,0x9F,
	0x39,0x06,0xD7,0x3F,0x06,0x87,0xAD,0x05,0x8D,0x29,0x04,0xC9,0x39,0x04,0x41,0xB8,0x00,0x47,0xBE,0x07,
	0x07,0x3E,0x04,0x9F,0x34,0x00,0xBC,0x32,0x00,0x18,0x30,0x00,0x60,0x30,0x00,0x0F,0x00,0x00,0x0F,0x00,
	0x00,0x0F,0x00,0x00,0x1F,0x00,0x00,0x3F,0x00,0x00,0xFF,0x00,0x00,0x3F,0x00,0x00,0x3C,0x00,0x00,0x5C,
	0x00,0x00,0x10,0x00,0x00,0x00,0x10,0x00,0x00,0x10,0x00,0x00,0x04,0x00,0x02,0x82,0x00,0x08,0x00,0x00,
	0x08,0x00,0x00,0x08,0x00,0x00,0x89,0x09,0xC1,0x02,0x29,0x80,0x01,0x21,0x00,0x05,0x01,0x02,0x01,0x02,
	0x04,0x01,0x45,0x00,0x02,0x60,0x00,0x05,0xD2,0x00,0x01,0x22,0x08,0x02,0x54,0x80,0x01,0x00,0x81,0x5B,
	0x80,0x00,0xC9,0x00,0x02,0x00,0x87,0x40,0x00,0x01,0x60,0x00,0x00,0x10,0x00,0x01,0x60,0x00,0x00,0x24,
	0x00,0x00,0x11,0x00,0x01,0x09,0x80,0x00,0x28,0x00,0x00,0x00,0x86,0x00,0x00,0x01,0x00,0x04,0x00,0x01,
	0x00,0x00,0x20,0x00,0x01,0x02,0x00,0x01,0x02,0x00,0x00,0x44,0x00,0x00,0x00,0x81,0x0B,0x80,0x00,0x89,
	0x00,0x00,0x02,0x83,0x10,0x00,0x00,0x20,0x00,0x00,0x04,0x00,0x00,0x01,0x00,0x00,0x13,0x93,0x00,0x80,
	0x00,0x82,0x00,0x01,0x02,0x00,0x01,0x0A,0x20,0x03,0x24,0x10,0x00,0x80,0x50,0x05,0x83,0x00,0x04,0x11,
	0x00,0x00,0x24,0x04,0x00,0x48,0x0C,0x02,0x4C,0x00,0x01,0xC0,0x00,0x00,0x54,0x80,0x01,0x41,0x01,0x03,
	0x54,0x03,0x00,0x64,0x02,0x06,0x40,0x00,0x04,0x03,0x00,0x00,0x00,0x08,0x00,0x05,0x00,0x00,0x00,0x86,
	0x02,0x00,0x01,0x00,0x00,0x01,0x08,0x00,0x00,0x00,0x10,0x00,0x80,0x10,0x00,0x81,0x00,0x00,0x01,0x00,
	0x00,0x00,0x8A,0x40,0x0C,0x00,0x44,0x00,0x01,0xC0,0x00,0x00,0x44,0x80,0x00,0x41,0x01,0x00,0x44,0x03,
	0x00,0x44,0x02,0x02,0x40,0x00,0x00,0x03,0x00,0x00,0x00,0x08,0x00,0x05,0x00,0x00,0x13,0x3B,0x84,0x34,
	0x00,0x01,0x21,0x00,0x00,0x1D,0x00,0x00,0x01,0x0D,0x00,0x02,0x40,0x00,0x00,0x90,0x30,0x07,0x03,0x30,
	0x00,0x01,0x3D,0x08,0x02,0x26,0x01,0x00,0x00,0x00,0x05,0x05,0x01,0x02,0x87,0x08,0x02,0xA2,0x00,0x01,
	0x80,0x00,0x00,0xA0,0x01,0x04,0x20,0x04,0x00,0x50,0x00,0x00,0x12,0x00,0x00,0x02,0x00,0x00,0x34,0x00,
	0x01,0x21,0x00,0x00,0x1C,0x00,0x00,0x02,0x8D,0x20,0x07,0x00,0x20,0x00,0x00,0x21,0x08,0x02,0x22,0x00,
	0x00,0x20,0x00,0x01,0x25,0x01,0x00,0xA7,0x00,0x00,0xA2,0x00,0x00,0xA0,0x00,0x00,0xA0,0x01,0x00,0x20,
	0x04,0x00,0x10,0x00,0x00,0x12,0x00,0x00,0x02,0x00,0x00,0x13,0x91,0x00,0x00,0x04,0x14,0x00,0x02,0x03,
	0x00,0x05,0x06,0x00,0x02,0x08,0x00,0x00,0x10,0x00,0x00,0x5B,0x10,0x07,0x10,0x08,0x00,0x94,0x04,0x02,
	0x11,0x0C,0x00,0x16,0x10,0x00,0x9A,0x00,0x03,0x1A,0x00,0x00,0x81,0x02,0x02,0x98,0x00,0x05,0x80,0x00,
	0x00,0x88,0x00,0x01,0x10,0x00,0x00,0x00,0x80,0x01,0x42,0x00,0x00,0x84,0x14,0x00,0x00,0x03,0x00,0x00,
	0x06,0x00,0x00,0x08,0x00,0x00,0x10,0x00,0x00,0x01,0x85,0x00,0x00,0x02,0x01,0x0C,0x00,0x02,0x00,0x00,
	0x82,0x00,0x00,0x02,0x00,0x00,0x01,0x02,0x00,0x01,0x81,0x08,0x00,0x00,0x10,0x00,0x00,0x00,0x80,0x01,
	0x00,0x00,0x13,0x90,0x0A,0x03,0x00,0x0A,0x00,0x04,0x00,0x00,0x01,0x01,0x12,0x00,0x05,0x00,0x00,0x00,
	0x50,0x04,0x59,0x0A,0x02,0x52,0x00,0x00,0x58,0x98,0x01,0x5A,0x04,0x01,0x5F,0x04,0x00,0x5C,0x14,0x01,
	0x5C,0x83,0x00,0x12,0x04,0x00,0x5E,0x01,0x01,0x52,0x00,0x06,0x54,0x40,0x00,0x00,0x83,0x11,0x80,0x00,
	0x00,0x08,0x00,0x0A,0x00,0x00,0x0A,0x00,0x00,0x00,0x8D,0x01,0x12,0x00,0x05,0x00,0x00,0x00,0x10,0x00,
	0x10,0x00,0x00,0x50,0x00,0x00,0x50,0x08,0x00,0x50,0x04,0x00,0x51,0x04,0x00,0x50,0x04,0x00,0x50,0x83,
	0x00,0x52,0x04,0x00,0x52,0x01,0x00,0x52,0x00,0x02,0x54,0x00,0x00,0x00,0x81,0x01,0x00,0x00,0x00,0x08,
	0x00,0x13,0x95,0x26,0x01,0x05,0x04,0x00,0x04,0x20,0x10,0x00,0x80,0x0D,0x07,0x82,0x50,0x06,0x89,0x08,
	0x01,0xE8,0x05,0x00,0x6B,0x04,0x02,0x6A,0x46,0x03,0x28,0x02,0x00,0x69,0x11,0x07,0x2F,0x8E,0x00,0x2D,
	0x18,0x00,0xA8,0x01,0x02,0xE8,0x04,0x03,0xA8,0x42,0x05,0x68,0x04,0x04,0x20,0x10,0x00,0x08,0x02,0x02,
	0x0C,0x00,0x00,0x26,0x00,0x05,0x04,0x00,0x00,0x00,0x8D,0x00,0x0D,0x00,0x82,0x10,0x00,0x89,0x08,0x00,
	0x28,0x00,0x00,0x68,0x00,0x00,0x68,0x04,0x00,0x28,0x02,0x00,0x28,0x01,0x00,0x29,0x82,0x00,0x29,0x00,
	0x00,0x28,0x01,0x00,0x28,0x04,0x00,0x28,0x02,0x00,0x28,0x04,0x00,0x00,0x81,0x08,0x00,0x00,0x04,0x00,
	0x00,0x13,0x97,0x50,0x00,0x00,0x12,0x00,0x05,0x00,0x0B,0x05,0x80,0x10,0x00,0x00,0x00,0x03,0xC5,0x37,
	0x04,0x54,0x00,0x05,0x35,0x04,0x05,0x31,0xA1,0x04,0x31,0x01,0x01,0xF6,0x84,0x00,0x75,0x90,0x01,0x36,
	0x00,0x00,0x75,0x00,0x05,0x73,0x40,0x04,0x15,0x80,0x06,0x16,0x40,0x00,0x10,0x80,0x04,0x00,0x4A,0x01,
	0x80,0x81,0x00,0x10,0x00,0x00,0x12,0x00,0x05,0x00,0x00,0x05,0x80,0x10,0x00,0x00,0x8D,0x85,0x07,0x00,
	0x14,0x00,0x05,0x14,0x04,0x00,0x14,0x00,0x00,0x14,0x01,0x01,0x94,0x84,0x00,0x14,0x00,0x00,0x14,0x00,
	0x00,0x15,0x00,0x00,0x15,0x00,0x00,0x15,0x00,0x04,0x16,0x00,0x00,0x10,0x00,0x00,0x00,0x08,0x00,0x14,
	0x3B,0xA4,0x28,0x80,0x02,0x28,0x80,0x06,0x80,0x0C,0x06,0x50,0x00,0x01,0x70,0x00,0x01,0x12,0x08,0x07,
	0x0A,0x04,0x02,0x3A,0xC2,0x06,0x38,0x04,0x05,0x18,0x88,0x01,0x9A,0x82,0x01,0x18,0x8D,0x01,0x39,0x00,
	0x05,0x3A,0x40,0x02,0x29,0x80,0x01,0x9A,0x00,0x00,0x2B,0x80,0x00,0x00,0x11,0x04,0x08,0x00,0x00,0x00,
	0x08,0x00,0x28,0x00,0x02,0x08,0x00,0x06,0x00,0x08,0x06,0x10,0x00,0x01,0x10,0x00,0x01,0x12,0x00,0x07,
	0x0A,0x00,0x02,0x0A,0x00,0x04,0x0A,0x04,0x05,0x0A,0x80,0x00,0x8A,0x02,0x00,0x0A,0x01,0x00,0x0A,0x00,
	0x00,0x0A,0x00,0x00,0x0A,0x00,0x01,0x0A,0x00,0x00,0x0B,0x00,0x00,0x01,0x80,0x00,0x08,0x00,0x13,0xA7,
	0x28,0x00,0x05,0x14,0x00,0x03,0xDC,0x85,0x04,0x18,0x88,0x00,0x4C,0xA8,0x00,0xAD,0x87,0x01,0x25,0x86,
	0x01,0x1D,0x06,0x03,0x0C,0x81,0x07,0x8C,0x08,0x00,0x0C,0x40,0x02,0x0C,0x40,0x02,0x1C,0x81,0x00,0x95,
	0x80,0x00,0x44,0x00,0x00,0x9D,0xE0,0x00,0x05,0x10,0x04,0x18,0x44,0x06,0x04,0xA0,0x00,0x46,0x40,0x06,
	0x00,0x00,0x05,0x14,0x00,0x03,0x8C,0x05,0x02,0x18,0x08,0x00,0x4C,0x08,0x00,0x0D,0x00,0x01,0x25,0x00,
	0x01,0x05,0x06,0x03,0x05,0x01,0x04,0x85,0x00,0x00,0x05,0x40,0x00,0x05,0x40,0x00,0x05,0x01,0x00,0x85,
	0x80,0x00,0x45,0x00,0x00,0x05,0x00,0x00,0x05,0x00,0x00,0x08,0x04,0x00,0x04,0x00,0x00,0x02,0x00,0x06,
	0x13,0xA7,0x12,0x00,0x03,0x12,0x0C,0x03,0x02,0x0A,0x04,0x44,0x20,0x00,0x30,0x1C,0x07,0x42,0x00,0x00,
	0x06,0x02,0x00,0xA6,0x71,0x04,0x86,0x81,0x01,0x66,0xC2,0x03,0x06,0xC7,0x01,0x96,0x40,0x07,0x5E,0x40,
	0x02,0x02,0x60,0x00,0x66,0x60,0x04,0x4E,0x21,0x00,0x82,0x5A,0x00,0x0C,0x20,0x03,0x06,0x44,0x06,0x02,
	0x00,0x01,0x16,0x00,0x03,0x02,0x00,0x01,0x02,0x0A,0x00,0x44,0x00,0x00,0x10,0x04,0x07,0x02,0x00,0x00,
	0x02,0x02,0x00,0x22,0x00,0x04,0x82,0x81,0x00,0x42,0x42,0x00,0x02,0x01,0x00,0x82,0x00,0x00,0x02,0x40,
	0x00,0x02,0x00,0x00,0x62,0x00,0x00,0x02,0x01,0x00,0x02,0x02,0x00,0x04,0x00,0x00,0x02,0x04,0x06,0x00,
	0x00,0x01,0x13,0xA7,0x19,0xC0,0x04,0xC9,0xC7,0x05,0x6D,0x80,0x06,0x32,0x00,0x07,0xC3,0x07,0x00,0x11,
	0x00,0x00,0x23,0x23,0x06,0x03,0x82,0x02,0x03,0x80,0x01,0x03,0x01,0x03,0x03,0x06,0x03,0x1B,0x61,0x07,
	0xFF,0x03,0x06,0x01,0x00,0x06,0x27,0xC0,0x06,0x25,0x41,0x02,0x19,0x2C,0x02,0x06,0x90,0x06,0x03,0x24,
	0x01,0x01,0x80,0x00,0x01,0x80,0x04,0x09,0x84,0x04,0x49,0x80,0x04,0x02,0x00,0x07,0xC3,0x03,0x00,0x11,
	0x00,0x00,0x01,0x02,0x06,0x01,0x82,0x02,0x01,0x00,0x00,0x01,0x01,0x04,0x01,0x00,0x04,0x01,0x21,0x04,
	0x81,0x03,0x06,0x01,0x00,0x06,0x21,0x00,0x06,0x01,0x01,0x00,0x01,0x00,0x00,0x02,0x00,0x04,0x01,0x04,
	0x01,0x01,0x80,0x00,0x13,0x97,0x0A,0x40,0x02,0xED,0x02,0x01,0x06,0x44,0x03,0x23,0x54,0x00,0xF0,0x43,
	0x00,0x09,0x41,0x07,0x01,0xD5,0x01,0x81,0x40,0x07,0x51,0x41,0x07,0x81,0x60,0x03,0x01,0x60,0x03,0x49,
	0x01,0x02,0x5D,0x42,0x00,0x01,0x30,0x01,0x2B,0x30,0x00,0x50,0x2C,0x04,0x04,0x06,0x04,0x03,0x42,0x06,
	0x01,0x81,0x01,0x01,0x50,0x00,0x08,0x40,0x02,0xC0,0x02,0x02,0x00,0x04,0x03,0x21,0x04,0x00,0x00,0x8E,
	0x00,0x00,0x07,0x00,0x81,0x01,0x80,0x00,0x06,0x40,0x41,0x06,0x80,0x20,0x02,0x00,0x20,0x03,0x00,0x01,
	0x03,0x40,0x02,0x01,0x00,0x00,0x01,0x08,0x00,0x00,0x00,0x00,0x04,0x00,0x02,0x04,0x01,0x02,0x02,0x00,
	0x80,0x00,0x00,0x50,0x00,0x13,0x3B,
};
