2026-03-09 13:11:00,705 [INFO] Activator:176 - 


2026-03-09 13:11:00,707 [INFO] Activator:177 - !SESSION log4j initialized
2026-03-09 13:11:02,460 [INFO] LogOutputStream:77 - [STDOUT_REDIRECT] 
2026-03-09 13:11:03,724 [INFO] ApplicationProperties:184 - Using Application install path: /opt/st/stm32cubeide_1.18.0/plugins/com.st.stm32cube.common.mx_6.14.0.202502271554
2026-03-09 13:11:03,737 [INFO] DbMcusXml:78 - Set database path to: /opt/st/stm32cubeide_1.18.0/plugins/com.st.stm32cube.common.mx_6.14.0.202502271554//db//mcu/
2026-03-09 13:11:03,738 [INFO] ApiDb:274 - Set plugin database path to: /opt/st/stm32cubeide_1.18.0/plugins/com.st.stm32cube.common.mx_6.14.0.202502271554//db//plugins/boardmanager/
2026-03-09 13:11:03,738 [WARN] ApiDb:259 - Overriding images path with different value:  => /opt/st/stm32cubeide_1.18.0/plugins/com.st.stm32cube.common.mx_6.14.0.202502271554//db//plugins/mcufinder/images/
2026-03-09 13:11:03,743 [INFO] ApiDb:250 - Set database path to: /home/stratobotic/.stmcufinder/plugins/mcufinder//mcu/
2026-03-09 13:11:03,744 [INFO] DbMcusAds:125 - Set database path to: /home/stratobotic/.stmcufinder/plugins/mcufinder//mcu/
2026-03-09 13:11:03,746 [INFO] CrossReferenceDbSqlite:203 - Set database path to: /home/stratobotic/.stmcufinder/plugins/mcufinder//mcu/cs/
2026-03-09 13:11:03,811 [INFO] RulesReader:64 - Compatibility file has been processed (301 Rules)
2026-03-09 13:11:03,847 [INFO] DbMcusXml:78 - Set database path to: /opt/st/stm32cubeide_1.18.0/plugins/com.st.stm32cube.common.mx_6.14.0.202502271554//db//mcu/
2026-03-09 13:11:03,847 [INFO] ApiDb:274 - Set plugin database path to: /opt/st/stm32cubeide_1.18.0/plugins/com.st.stm32cube.common.mx_6.14.0.202502271554//db//plugins/boardmanager/
2026-03-09 13:11:03,848 [INFO] ApiDb:261 - Set plugin images path to: /opt/st/stm32cubeide_1.18.0/plugins/com.st.stm32cube.common.mx_6.14.0.202502271554//db//plugins/mcufinder/images/
2026-03-09 13:11:03,848 [WARN] DbFile:41 - Overriding database path with different value: /home/stratobotic/.stmcufinder/plugins/mcufinder/ => /home/stratobotic/.stmcufinder/plugins/mcufinder
2026-03-09 13:11:03,848 [INFO] ApiDb:250 - Set database path to: /home/stratobotic/.stmcufinder/plugins/mcufinder//mcu/
2026-03-09 13:11:03,848 [WARN] DbFile:41 - Overriding database path with different value: /home/stratobotic/.stmcufinder/plugins/mcufinder/ => /home/stratobotic/.stmcufinder/plugins/mcufinder
2026-03-09 13:11:03,848 [INFO] DbMcusAds:125 - Set database path to: /home/stratobotic/.stmcufinder/plugins/mcufinder//mcu/
2026-03-09 13:11:03,848 [WARN] DbFile:41 - Overriding database path with different value: /home/stratobotic/.stmcufinder/plugins/mcufinder/ => /home/stratobotic/.stmcufinder/plugins/mcufinder
2026-03-09 13:11:03,848 [WARN] DbFile:41 - Overriding database path with different value: /home/stratobotic/.stmcufinder/plugins/mcufinder/ => /home/stratobotic/.stmcufinder/plugins/mcufinder
2026-03-09 13:11:03,848 [INFO] CrossReferenceDbSqlite:203 - Set database path to: /home/stratobotic/.stmcufinder/plugins/mcufinder//mcu/cs/
2026-03-09 13:11:03,893 [INFO] MainPanel:272 - HeapMemory: 268435456
2026-03-09 13:11:03,976 [INFO] DbMcusXml:78 - Set database path to: /opt/st/stm32cubeide_1.18.0/plugins/com.st.stm32cube.common.mx_6.14.0.202502271554//db//mcu/
2026-03-09 13:11:03,977 [INFO] ApiDb:274 - Set plugin database path to: /opt/st/stm32cubeide_1.18.0/plugins/com.st.stm32cube.common.mx_6.14.0.202502271554//db//plugins/boardmanager/
2026-03-09 13:11:03,977 [INFO] ApiDb:261 - Set plugin images path to: /opt/st/stm32cubeide_1.18.0/plugins/com.st.stm32cube.common.mx_6.14.0.202502271554//db//plugins/mcufinder/images/
2026-03-09 13:11:03,977 [WARN] DbFile:41 - Overriding database path with different value: /home/stratobotic/.stmcufinder/plugins/mcufinder/ => /home/stratobotic/.stmcufinder/plugins/mcufinder
2026-03-09 13:11:03,977 [INFO] ApiDb:250 - Set database path to: /home/stratobotic/.stmcufinder/plugins/mcufinder//mcu/
2026-03-09 13:11:03,977 [WARN] DbFile:41 - Overriding database path with different value: /home/stratobotic/.stmcufinder/plugins/mcufinder/ => /home/stratobotic/.stmcufinder/plugins/mcufinder
2026-03-09 13:11:03,977 [INFO] DbMcusAds:125 - Set database path to: /home/stratobotic/.stmcufinder/plugins/mcufinder//mcu/
2026-03-09 13:11:03,977 [WARN] DbFile:41 - Overriding database path with different value: /home/stratobotic/.stmcufinder/plugins/mcufinder/ => /home/stratobotic/.stmcufinder/plugins/mcufinder
2026-03-09 13:11:03,977 [WARN] DbFile:41 - Overriding database path with different value: /home/stratobotic/.stmcufinder/plugins/mcufinder/ => /home/stratobotic/.stmcufinder/plugins/mcufinder
2026-03-09 13:11:03,977 [INFO] CrossReferenceDbSqlite:203 - Set database path to: /home/stratobotic/.stmcufinder/plugins/mcufinder//mcu/cs/
2026-03-09 13:11:03,986 [INFO] ApplicationProperties:184 - Using Application install path: /opt/st/stm32cubeide_1.18.0/plugins/com.st.stm32cube.common.mx_6.14.0.202502271554
2026-03-09 13:11:03,987 [INFO] PluginManage:196 - Search for loadable plugins [exclusion list=, ]
2026-03-09 13:11:03,988 [INFO] PluginManage:310 - Check plugin analytics
2026-03-09 13:11:04,075 [INFO] AnalyticsPlugin:253 - Accepted Software Licenses: 
2026-03-09 13:11:04,075 [INFO] AnalyticsPlugin:255 - Accepted CMSIS Pack Licenses: 
2026-03-09 13:11:04,075 [INFO] AnalyticsPlugin:257 - Accepted Firmware Licenses: FW.F4.1.28.0
2026-03-09 13:11:04,077 [INFO] PluginManage:359 - Loaded plugin analytics (category:tool,tabindex:-1)
2026-03-09 13:11:04,077 [INFO] PluginManage:310 - Check plugin cadmodel
2026-03-09 13:11:04,081 [INFO] CADModel:105 - Init CAD model plugin
2026-03-09 13:11:04,082 [INFO] PluginManage:359 - Loaded plugin cadmodel (category:power,tabindex:5)
2026-03-09 13:11:04,082 [INFO] PluginManage:310 - Check plugin clock
2026-03-09 13:11:04,088 [INFO] PluginManage:359 - Loaded plugin clock (category:base,tabindex:2)
2026-03-09 13:11:04,088 [INFO] PluginManage:310 - Check plugin ddr
2026-03-09 13:11:04,090 [INFO] PluginManage:359 - Loaded plugin ddr (category:tool,tabindex:6)
2026-03-09 13:11:04,090 [INFO] PluginManage:310 - Check plugin filemanager
2026-03-09 13:11:04,175 [INFO] PluginManage:359 - Loaded plugin filemanager (category:base,tabindex:10)
2026-03-09 13:11:04,175 [INFO] PluginManage:310 - Check plugin ipmanager
2026-03-09 13:11:04,178 [INFO] PluginManage:359 - Loaded plugin ipmanager (category:base,tabindex:5)
2026-03-09 13:11:04,178 [INFO] PluginManage:310 - Check plugin lpbam
2026-03-09 13:11:04,184 [INFO] PluginManage:359 - Loaded plugin lpbam (category:base,tabindex:0)
2026-03-09 13:11:04,184 [INFO] PluginManage:310 - Check plugin memorymap
2026-03-09 13:11:04,191 [INFO] PluginManage:359 - Loaded plugin memorymap (category:base,tabindex:4)
2026-03-09 13:11:04,191 [INFO] PluginManage:310 - Check plugin pinoutandconfiguration
2026-03-09 13:11:04,196 [INFO] PluginManage:359 - Loaded plugin pinoutandconfiguration (category:base,tabindex:1)
2026-03-09 13:11:04,196 [INFO] PluginManage:310 - Check plugin pinoutconfig
2026-03-09 13:11:04,280 [WARN] SupportedApi:132 - Cannot load RTOS API schema: s4s-elt-must-match.1: The content of 'definitions' must match (annotation?, (simpleType | complexType)?, (unique | key | keyref)*)). A problem was found starting at: attribute.
2026-03-09 13:11:04,354 [INFO] PluginManage:359 - Loaded plugin pinoutconfig (category:base,tabindex:0)
2026-03-09 13:11:04,354 [INFO] PluginManage:310 - Check plugin power
2026-03-09 13:11:04,360 [INFO] PluginManage:359 - Loaded plugin power (category:power,tabindex:4)
2026-03-09 13:11:04,360 [INFO] PluginManage:310 - Check plugin projectmanager
2026-03-09 13:11:04,369 [INFO] PluginManage:359 - Loaded plugin projectmanager (category:projectmanager,tabindex:4)
2026-03-09 13:11:04,369 [INFO] PluginManage:310 - Check plugin rif
2026-03-09 13:11:04,373 [INFO] PluginManage:359 - Loaded plugin rif (category:base,tabindex:3)
2026-03-09 13:11:04,373 [INFO] PluginManage:310 - Check plugin thirdparty
2026-03-09 13:11:04,444 [INFO] PluginManage:359 - Loaded plugin thirdparty (category:base,tabindex:-1)
2026-03-09 13:11:04,444 [WARN] IntegrityCheckThread:84 - waiting for thirdparty lock release [integrity check]
2026-03-09 13:11:04,444 [INFO] IntegrityCheckThread:86 - entering critical section [integrity check]
2026-03-09 13:11:04,444 [INFO] PluginManage:310 - Check plugin tools
2026-03-09 13:11:04,444 [INFO] ThirdPartyUpdaterWithRetryManager:70 - Updater plugin not ready yet. [1/15]
2026-03-09 13:11:04,446 [INFO] PluginManage:359 - Loaded plugin tools (category:base,tabindex:7)
2026-03-09 13:11:04,446 [INFO] PluginManage:310 - Check plugin tutovideos
2026-03-09 13:11:04,540 [INFO] PluginManage:359 - Loaded plugin tutovideos (category:base,tabindex:-1)
2026-03-09 13:11:04,540 [INFO] PluginManage:310 - Check plugin updater
2026-03-09 13:11:04,555 [INFO] PluginManage:359 - Loaded plugin updater (category:base,tabindex:12)
2026-03-09 13:11:04,556 [INFO] PluginManage:310 - Check plugin userauth
2026-03-09 13:11:04,559 [INFO] UserAuth:118 - Init User Auth plugin
2026-03-09 13:11:04,559 [INFO] PluginManage:359 - Loaded plugin userauth (category:base,tabindex:14)
2026-03-09 13:11:04,559 [INFO] PluginManage:283 - PluginManage : Loaded plugins [18]
2026-03-09 13:11:04,677 [INFO] PinOutPanel:1589 - setPackage(No Configuration,No Configuration)
2026-03-09 13:11:04,716 [INFO] CADModel:165 - CPN selected for project level
2026-03-09 13:11:04,716 [INFO] CADModel:114 - Register for checkConnection events
2026-03-09 13:11:04,724 [INFO] IPUIPlugin:80 - create IPUIPlugin
2026-03-09 13:11:04,724 [INFO] PluginManager:220 - loadIPPluginJar : add usbx
2026-03-09 13:11:04,725 [INFO] IPUIPlugin:80 - create IPUIPlugin
2026-03-09 13:11:04,725 [INFO] PluginManager:220 - loadIPPluginJar : add hash
2026-03-09 13:11:04,726 [INFO] IPUIPlugin:80 - create IPUIPlugin
2026-03-09 13:11:04,726 [INFO] PluginManager:220 - loadIPPluginJar : add cryp
2026-03-09 13:11:04,731 [INFO] IPUIPlugin:80 - create IPUIPlugin
2026-03-09 13:11:04,731 [INFO] PluginManager:220 - loadIPPluginJar : add adc
2026-03-09 13:11:04,733 [INFO] IPUIPlugin:80 - create IPUIPlugin
2026-03-09 13:11:04,733 [INFO] PluginManager:220 - loadIPPluginJar : add sai
2026-03-09 13:11:04,733 [INFO] IPUIPlugin:80 - create IPUIPlugin
2026-03-09 13:11:04,733 [INFO] PluginManager:220 - loadIPPluginJar : add genericplugin
2026-03-09 13:11:04,735 [INFO] IPUIPlugin:80 - create IPUIPlugin
2026-03-09 13:11:04,735 [INFO] PluginManager:220 - loadIPPluginJar : add ddr_ctrl_phy
2026-03-09 13:11:04,736 [INFO] IPUIPlugin:80 - create IPUIPlugin
2026-03-09 13:11:04,737 [INFO] PluginManager:220 - loadIPPluginJar : add dma3
2026-03-09 13:11:04,738 [INFO] IPUIPlugin:80 - create IPUIPlugin
2026-03-09 13:11:04,738 [INFO] PluginManager:220 - loadIPPluginJar : add lorawan
2026-03-09 13:11:04,739 [INFO] IPUIPlugin:80 - create IPUIPlugin
2026-03-09 13:11:04,739 [INFO] PluginManager:220 - loadIPPluginJar : add ts
2026-03-09 13:11:04,741 [INFO] IPUIPlugin:80 - create IPUIPlugin
2026-03-09 13:11:04,742 [INFO] PluginManager:220 - loadIPPluginJar : add dma
2026-03-09 13:11:04,744 [INFO] IPUIPlugin:80 - create IPUIPlugin
2026-03-09 13:11:04,744 [INFO] PluginManager:220 - loadIPPluginJar : add gic
2026-03-09 13:11:04,745 [INFO] IPUIPlugin:80 - create IPUIPlugin
2026-03-09 13:11:04,745 [INFO] PluginManager:220 - loadIPPluginJar : add gfxmmu
2026-03-09 13:11:04,747 [INFO] IPUIPlugin:80 - create IPUIPlugin
2026-03-09 13:11:04,747 [INFO] PluginManager:220 - loadIPPluginJar : add gtzc
2026-03-09 13:11:04,748 [INFO] IPUIPlugin:80 - create IPUIPlugin
2026-03-09 13:11:04,748 [INFO] PluginManager:220 - loadIPPluginJar : add i3c
2026-03-09 13:11:04,749 [INFO] IPUIPlugin:80 - create IPUIPlugin
2026-03-09 13:11:04,749 [INFO] PluginManager:220 - loadIPPluginJar : add i2c
2026-03-09 13:11:04,752 [INFO] IPUIPlugin:80 - create IPUIPlugin
2026-03-09 13:11:04,752 [INFO] PluginManager:220 - loadIPPluginJar : add freertos
2026-03-09 13:11:04,753 [INFO] IPUIPlugin:80 - create IPUIPlugin
2026-03-09 13:11:04,753 [INFO] PluginManager:220 - loadIPPluginJar : add ltdc
2026-03-09 13:11:04,754 [INFO] IPUIPlugin:80 - create IPUIPlugin
2026-03-09 13:11:04,754 [INFO] PluginManager:220 - loadIPPluginJar : add extmemmanager
2026-03-09 13:11:04,755 [INFO] IPUIPlugin:80 - create IPUIPlugin
2026-03-09 13:11:04,755 [INFO] PluginManager:220 - loadIPPluginJar : add spi
2026-03-09 13:11:04,756 [INFO] IPUIPlugin:80 - create IPUIPlugin
2026-03-09 13:11:04,756 [INFO] PluginManager:220 - loadIPPluginJar : add tim
2026-03-09 13:11:04,757 [INFO] IPUIPlugin:80 - create IPUIPlugin
2026-03-09 13:11:04,757 [INFO] PluginManager:220 - loadIPPluginJar : add tracer_emb
2026-03-09 13:11:04,758 [INFO] IPUIPlugin:80 - create IPUIPlugin
2026-03-09 13:11:04,758 [INFO] PluginManager:220 - loadIPPluginJar : add openamp
2026-03-09 13:11:04,759 [INFO] IPUIPlugin:80 - create IPUIPlugin
2026-03-09 13:11:04,760 [INFO] PluginManager:220 - loadIPPluginJar : add usart
2026-03-09 13:11:04,764 [INFO] IPUIPlugin:80 - create IPUIPlugin
2026-03-09 13:11:04,764 [INFO] PluginManager:220 - loadIPPluginJar : add linkedlist
2026-03-09 13:11:04,767 [INFO] IPUIPlugin:80 - create IPUIPlugin
2026-03-09 13:11:04,767 [INFO] PluginManager:220 - loadIPPluginJar : add stm32_wpan
2026-03-09 13:11:04,768 [INFO] IPUIPlugin:80 - create IPUIPlugin
2026-03-09 13:11:04,768 [INFO] PluginManager:220 - loadIPPluginJar : add ucpd
2026-03-09 13:11:04,769 [INFO] IPUIPlugin:80 - create IPUIPlugin
2026-03-09 13:11:04,769 [INFO] PluginManager:220 - loadIPPluginJar : add pdm2pcm
2026-03-09 13:11:04,770 [INFO] IPUIPlugin:80 - create IPUIPlugin
2026-03-09 13:11:04,770 [INFO] PluginManager:220 - loadIPPluginJar : add comp
2026-03-09 13:11:04,771 [INFO] IPUIPlugin:80 - create IPUIPlugin
2026-03-09 13:11:04,771 [INFO] PluginManager:220 - loadIPPluginJar : add dfsdm
2026-03-09 13:11:04,773 [INFO] IPUIPlugin:80 - create IPUIPlugin
2026-03-09 13:11:04,773 [INFO] PluginManager:220 - loadIPPluginJar : add ipddr
2026-03-09 13:11:04,774 [INFO] IPUIPlugin:80 - create IPUIPlugin
2026-03-09 13:11:04,774 [INFO] PluginManager:220 - loadIPPluginJar : add i2s
2026-03-09 13:11:04,775 [INFO] IPUIPlugin:80 - create IPUIPlugin
2026-03-09 13:11:04,775 [INFO] PluginManager:220 - loadIPPluginJar : add aes
2026-03-09 13:11:04,777 [INFO] IPUIPlugin:80 - create IPUIPlugin
2026-03-09 13:11:04,777 [INFO] PluginManager:220 - loadIPPluginJar : add opamp
2026-03-09 13:11:04,777 [INFO] IPUIPlugin:80 - create IPUIPlugin
2026-03-09 13:11:04,777 [INFO] PluginManager:220 - loadIPPluginJar : add radio
2026-03-09 13:11:04,779 [INFO] IPUIPlugin:80 - create IPUIPlugin
2026-03-09 13:11:04,779 [INFO] PluginManager:220 - loadIPPluginJar : add nvic
2026-03-09 13:11:04,781 [INFO] IPUIPlugin:80 - create IPUIPlugin
2026-03-09 13:11:04,781 [INFO] PluginManager:220 - loadIPPluginJar : add fmc
2026-03-09 13:11:04,785 [INFO] IPUIPlugin:80 - create IPUIPlugin
2026-03-09 13:11:04,786 [INFO] PluginManager:220 - loadIPPluginJar : add plateformsettings
2026-03-09 13:11:04,788 [INFO] IPUIPlugin:80 - create IPUIPlugin
2026-03-09 13:11:04,789 [INFO] PluginManager:220 - loadIPPluginJar : add gpio
2026-03-09 13:11:04,790 [INFO] IPUIPlugin:80 - create IPUIPlugin
2026-03-09 13:11:04,790 [INFO] PluginManager:220 - loadIPPluginJar : add resmgrutility
2026-03-09 13:11:04,791 [INFO] IPUIPlugin:80 - create IPUIPlugin
2026-03-09 13:11:04,791 [INFO] PluginManager:220 - loadIPPluginJar : add tsc
2026-03-09 13:11:04,793 [INFO] IPUIPlugin:80 - create IPUIPlugin
2026-03-09 13:11:04,793 [INFO] PluginManager:220 - loadIPPluginJar : add touchsensing
2026-03-09 13:11:04,796 [INFO] IPUIPlugin:80 - create IPUIPlugin
2026-03-09 13:11:04,796 [INFO] PluginManager:220 - loadIPPluginJar : add mdma
2026-03-09 13:11:04,797 [INFO] IPUIPlugin:80 - create IPUIPlugin
2026-03-09 13:11:04,797 [INFO] PluginManager:220 - loadIPPluginJar : add quadspi
2026-03-09 13:11:04,797 [INFO] IPUIPlugin:80 - create IPUIPlugin
2026-03-09 13:11:04,797 [INFO] PluginManager:220 - loadIPPluginJar : add fatfs
2026-03-09 13:11:04,798 [INFO] IPUIPlugin:80 - create IPUIPlugin
2026-03-09 13:11:04,799 [INFO] PluginManager:220 - loadIPPluginJar : add can
2026-03-09 13:11:04,886 [FATAL] Updater:351 - Updater called before beeing initialized
2026-03-09 13:11:04,901 [INFO] RulesReader:64 - Compatibility file has been processed (301 Rules)
2026-03-09 13:11:04,908 [INFO] RulesReader:64 - Compatibility file has been processed (301 Rules)
2026-03-09 13:11:04,912 [INFO] CADModel:165 - CPN selected for project level
2026-03-09 13:11:04,912 [INFO] CADModel:114 - Register for checkConnection events
2026-03-09 13:11:04,912 [FATAL] Updater:351 - Updater called before beeing initialized
2026-03-09 13:11:04,913 [ERROR] CADModel:125 - Updater not yet initialized, retry later 
2026-03-09 13:11:04,982 [FATAL] Updater:351 - Updater called before beeing initialized
2026-03-09 13:11:04,983 [INFO] CADModel:165 - CPN selected for project level
2026-03-09 13:11:04,983 [INFO] CADModel:114 - Register for checkConnection events
2026-03-09 13:11:04,983 [FATAL] Updater:351 - Updater called before beeing initialized
2026-03-09 13:11:04,983 [ERROR] CADModel:125 - Updater not yet initialized, retry later 
2026-03-09 13:11:04,985 [FATAL] Updater:351 - Updater called before beeing initialized
2026-03-09 13:11:05,029 [FATAL] Updater:351 - Updater called before beeing initialized
2026-03-09 13:11:05,031 [INFO] DbMcusAds:53 - JSON generation date=Tue Jul 08 10:14:23 CEST 2025 (1751962463524)
2026-03-09 13:11:05,031 [FATAL] Updater:351 - Updater called before beeing initialized
2026-03-09 13:11:05,053 [WARN] DetailPanel:346 - Failed to get advertising image, set to default
2026-03-09 13:11:05,205 [FATAL] Updater:351 - Updater called before beeing initialized
2026-03-09 13:11:05,206 [FATAL] Updater:351 - Updater called before beeing initialized
2026-03-09 13:11:05,206 [FATAL] Updater:351 - Updater called before beeing initialized
2026-03-09 13:11:05,206 [WARN] DetailPanel:346 - Failed to get advertising image, set to default
2026-03-09 13:11:05,207 [FATAL] Updater:351 - Updater called before beeing initialized
2026-03-09 13:11:05,227 [ERROR] Updater:1198 - MainUpdater not yet initialized. External WinMGr cannot be set.
2026-03-09 13:11:05,228 [INFO] Updater:1134 - Updater Version found : 6.14.0
2026-03-09 13:11:05,241 [INFO] ApplicationProperties:184 - Using Application install path: /opt/st/stm32cubeide_1.18.0/plugins/com.st.stm32cube.common.mx_6.14.0.202502271554
2026-03-09 13:11:05,467 [INFO] MainUpdater:2872 - connection check result : 10
2026-03-09 13:11:05,468 [INFO] MainUpdater:289 - Updater Check For Update Now.
2026-03-09 13:11:05,468 [INFO] MicroXplorer:498 - Change Database Version : DB.6.0.140
2026-03-09 13:11:05,471 [INFO] McuFinderGlobals:63 - Set McuFinder mode to 2 (CubeIDE integrated)
2026-03-09 13:11:05,472 [INFO] UserAuth:486 - Internet connection configuration mode: 1
2026-03-09 13:11:05,481 [INFO] JxBrowserEngine:152 - Initiate JxBrowser Engine with user profile folder
2026-03-09 13:11:05,615 [INFO] CheckServerUpdateThread:120 - End of CheckServer Thread
2026-03-09 13:11:06,066 [INFO] WebApp:169 - Instantiating new browser for Auth
2026-03-09 13:11:06,511 [INFO] WebApp:463 - Apply proxy settings
2026-03-09 13:11:06,512 [INFO] WebApp:548 - Chromium requires no authentication
2026-03-09 13:11:06,516 [INFO] WebApp:491 - Direct internet connection detected
2026-03-09 13:11:06,526 [INFO] WebApp:894 - Register for checkConnection events
2026-03-09 13:11:06,526 [INFO] WebApp:463 - Apply proxy settings
2026-03-09 13:11:06,526 [INFO] WebApp:548 - Chromium requires no authentication
2026-03-09 13:11:06,526 [INFO] WebApp:491 - Direct internet connection detected
2026-03-09 13:11:06,601 [INFO] WebApp:225 - Starting web application
2026-03-09 13:11:06,601 [INFO] WebApp:593 - Web application path used /opt/st/stm32cubeide_1.18.0/plugins/com.st.stm32cube.common.mx_6.14.0.202502271554/db/plugins/mcufinder/reactClient1/index.html
2026-03-09 13:11:06,664 [INFO] UserAuth:486 - Internet connection configuration mode: 1
2026-03-09 13:11:06,734 [INFO] WebApp:191 - Connection restablished
2026-03-09 13:11:07,545 [WARN] PackLoader:240 - Cannot read IP mode file for STMicroelectronics.X-CUBE-AZRTOS-H7.3.5.0
2026-03-09 13:11:07,552 [WARN] PackLoader:240 - Cannot read IP mode file for STMicroelectronics.FP-SNS-MOTENVWB1.1.4.0
2026-03-09 13:11:07,554 [WARN] PackLoader:240 - Cannot read IP mode file for STMicroelectronics.FP-ATR-ASTRA1.2.0.2
2026-03-09 13:11:07,557 [WARN] PackLoader:240 - Cannot read IP mode file for STMicroelectronics.X-CUBE-SMBUS.2.1.0
2026-03-09 13:11:07,559 [WARN] PackLoader:240 - Cannot read IP mode file for STMicroelectronics.X-CUBE-ST60.1.0.0
2026-03-09 13:11:07,572 [WARN] PackLoader:240 - Cannot read IP mode file for STMicroelectronics.X-CUBE-AZRTOS-F7.1.1.0
2026-03-09 13:11:07,576 [WARN] PackLoader:240 - Cannot read IP mode file for Cesanta.I-CUBE-Mongoose.7.19.0
2026-03-09 13:11:07,579 [ERROR] Engine:466 - /home/stratobotic/.stm32cubemx/thirdparties/pdsc/STMicroelectronics.FP-SNS-MOTENV1.5.1.0.pdsc: PDSC version is not supported
2026-03-09 13:11:07,582 [ERROR] Engine:466 - /home/stratobotic/.stm32cubemx/thirdparties/pdsc/WES.I-CUBE-Cesium.1.4.0.pdsc: PDSC version is not supported
2026-03-09 13:11:07,594 [WARN] PackLoader:240 - Cannot read IP mode file for Infineon.AIROC-Wi-Fi-Bluetooth-STM32.1.7.1
2026-03-09 13:11:07,608 [WARN] PackLoader:240 - Cannot read IP mode file for STMicroelectronics.X-CUBE-AZRTOS-H7.3.4.0
2026-03-09 13:11:07,614 [WARN] PackLoader:240 - Cannot read IP mode file for STMicroelectronics.X-CUBE-DISPLAY.3.0.0
2026-03-09 13:11:07,617 [ERROR] Engine:466 - /home/stratobotic/.stm32cubemx/thirdparties/pdsc/STMicroelectronics.FP-SNS-MOTENVWB1.1.5.0.pdsc: PDSC version is not supported
2026-03-09 13:11:07,620 [WARN] PackLoader:240 - Cannot read IP mode file for STMicroelectronics.X-CUBE-NFC10.1.0.0
2026-03-09 13:11:07,622 [WARN] PackLoader:240 - Cannot read IP mode file for STMicroelectronics.X-CUBE-ST60.1.1.0
2026-03-09 13:11:07,625 [WARN] PackLoader:240 - Cannot read IP mode file for emotas.I-CUBE-CANOPEN.1.3.0
2026-03-09 13:11:07,627 [WARN] PackLoader:240 - Cannot read IP mode file for STMicroelectronics.X-CUBE-GNSS1.7.1.0
2026-03-09 13:11:07,630 [ERROR] Engine:466 - /home/stratobotic/.stm32cubemx/thirdparties/pdsc/STMicroelectronics.FP-SNS-STBOX1.2.1.0.pdsc: PDSC version is not supported
2026-03-09 13:11:07,631 [WARN] PackLoader:240 - Cannot read IP mode file for STMicroelectronics.FP-SNS-SMARTAG2.1.2.0
2026-03-09 13:11:07,633 [WARN] PackLoader:240 - Cannot read IP mode file for STMicroelectronics.FP-SNS-FLIGHT1.5.1.0
2026-03-09 13:11:07,639 [INFO] LogOutputStream:77 - [STDOUT_REDIRECT] 1 : Invalid condition id : UX_CORESTACK_Condition cause : null
2026-03-09 13:11:07,639 [INFO] LogOutputStream:77 - [STDOUT_REDIRECT] 1 : Invalid condition id : UX_CORESTACK_Condition cause : null
2026-03-09 13:11:07,640 [INFO] LogOutputStream:77 - [STDOUT_REDIRECT] 1 : Invalid condition id : UX_CORESTACK_Condition cause : null
2026-03-09 13:11:07,640 [INFO] LogOutputStream:77 - [STDOUT_REDIRECT] 1 : Invalid condition id : UX_CORESTACK_Condition cause : null
2026-03-09 13:11:07,640 [INFO] LogOutputStream:77 - [STDOUT_REDIRECT] 1 : Invalid condition id : UX_CORESTACK_Condition cause : null
2026-03-09 13:11:07,642 [WARN] PackLoader:240 - Cannot read IP mode file for STMicroelectronics.X-CUBE-AZRTOS-WL.2.0.0
2026-03-09 13:11:07,647 [WARN] PackLoader:240 - Cannot read IP mode file for STMicroelectronics.FP-SNS-MOTENV1.5.0.0
2026-03-09 13:11:07,662 [WARN] PackLoader:240 - Cannot read IP mode file for STMicroelectronics.X-CUBE-AZRTOS-H7RS.1.2.0
2026-03-09 13:11:07,671 [WARN] PackLoader:240 - Cannot read IP mode file for STMicroelectronics.X-CUBE-BLE2.3.3.0
2026-03-09 13:11:07,684 [WARN] PackLoader:240 - Cannot read IP mode file for STMicroelectronics.X-CUBE-NFC9.1.0.0
2026-03-09 13:11:07,687 [WARN] PackLoader:240 - Cannot read IP mode file for wolfSSL.I-CUBE-wolfSSL.5.8.2
2026-03-09 13:11:07,689 [WARN] PackLoader:240 - Cannot read IP mode file for STMicroelectronics.X-CUBE-BLE1.7.1.0
2026-03-09 13:11:07,690 [WARN] PackLoader:240 - Cannot read IP mode file for wolfSSL.I-CUBE-wolfMQTT.1.19.2
2026-03-09 13:11:07,692 [ERROR] Engine:466 - /home/stratobotic/.stm32cubemx/thirdparties/pdsc/STMicroelectronics.X-CUBE-FREERTOS.1.4.0.pdsc: PDSC version is not supported
2026-03-09 13:11:07,694 [WARN] PackLoader:240 - Cannot read IP mode file for STMicroelectronics.X-CUBE-EEPRMA1.5.2.0
2026-03-09 13:11:07,697 [ERROR] Engine:466 - /home/stratobotic/.stm32cubemx/thirdparties/pdsc/STMicroelectronics.X-CUBE-ST67W61.1.1.0.pdsc: PDSC version is not supported
2026-03-09 13:11:07,734 [WARN] PackLoader:240 - Cannot read IP mode file for STMicroelectronics.X-CUBE-MEMS1.12.0.0
2026-03-09 13:11:07,794 [WARN] PackLoader:240 - Cannot read IP mode file for STMicroelectronics.X-CUBE-AZRTOS-G0.1.1.0
2026-03-09 13:11:07,798 [WARN] PackLoader:240 - Cannot read IP mode file for STMicroelectronics.X-CUBE-SAFEA1.1.2.2
2026-03-09 13:11:07,802 [WARN] PackLoader:240 - Cannot read IP mode file for STMicroelectronics.X-CUBE-NFC4.3.0.0
2026-03-09 13:11:07,808 [WARN] PackLoader:240 - Cannot read IP mode file for EmbeddedOffice.I-CUBE-FS-RTOS.1.0.1
2026-03-09 13:11:07,811 [WARN] PackLoader:240 - Cannot read IP mode file for STMicroelectronics.X-CUBE-WB05N.2.0.0
2026-03-09 13:11:07,813 [WARN] PackLoader:240 - Cannot read IP mode file for wolfSSL.I-CUBE-wolfTPM.3.8.0
2026-03-09 13:11:07,815 [WARN] PackLoader:240 - Cannot read IP mode file for STMicroelectronics.X-CUBE-TCPP.4.2.0
2026-03-09 13:11:07,818 [WARN] PackLoader:240 - Cannot read IP mode file for RealThread.X-CUBE-RT-Thread_Nano.4.1.1
2026-03-09 13:11:07,820 [WARN] PackLoader:240 - Cannot read IP mode file for STMicroelectronics.FP-ATR-SIGFOX1.3.2.0
2026-03-09 13:11:07,821 [ERROR] Engine:466 - /home/stratobotic/.stm32cubemx/thirdparties/pdsc/STMicroelectronics.X-CUBE-FREERTOS.1.5.0.pdsc: PDSC version is not supported
2026-03-09 13:11:07,824 [WARN] PackLoader:240 - Cannot read IP mode file for ITTIA_DB.I-CUBE-ITTIADB.8.9.0
2026-03-09 13:11:07,827 [WARN] PackLoader:240 - Cannot read IP mode file for STMicroelectronics.X-CUBE-NFC6.3.2.0
2026-03-09 13:11:07,831 [WARN] PackLoader:240 - Cannot read IP mode file for STMicroelectronics.X-CUBE-ST67W61.1.0.0
2026-03-09 13:11:07,833 [WARN] PackLoader:240 - Cannot read IP mode file for STMicroelectronics.X-CUBE-AI.10.2.0
2026-03-09 13:11:07,846 [WARN] PackLoader:240 - Cannot read IP mode file for SEGGER.I-CUBE-embOS.1.3.1
2026-03-09 13:11:07,869 [WARN] PackLoader:240 - Cannot read IP mode file for STMicroelectronics.X-CUBE-ALGOBUILD.1.4.0
2026-03-09 13:11:07,891 [WARN] PackLoader:240 - Cannot read IP mode file for STMicroelectronics.X-CUBE-MEMS1.11.3.0
2026-03-09 13:11:07,946 [WARN] PackLoader:240 - Cannot read IP mode file for STMicroelectronics.X-CUBE-PM33A1.1.0.0
2026-03-09 13:11:07,953 [WARN] PackLoader:240 - Cannot read IP mode file for STMicroelectronics.X-CUBE-AZRTOS-F4.1.1.0
2026-03-09 13:11:07,956 [WARN] PackLoader:240 - Cannot read IP mode file for STMicroelectronics.X-CUBE-ISPU.2.1.0
2026-03-09 13:11:07,958 [ERROR] Engine:466 - /home/stratobotic/.stm32cubemx/thirdparties/pdsc/STMicroelectronics.X-CUBE-IPS.3.2.0.pdsc: PDSC version is not supported
2026-03-09 13:11:07,961 [WARN] PackLoader:240 - Cannot read IP mode file for STMicroelectronics.X-CUBE-NFC12.1.0.0
2026-03-09 13:11:07,968 [WARN] PackLoader:240 - Cannot read IP mode file for STMicroelectronics.X-CUBE-AZRTOS-L5.2.0.0
2026-03-09 13:11:07,973 [WARN] PackLoader:240 - Cannot read IP mode file for STMicroelectronics.X-CUBE-NFC6.3.1.0
2026-03-09 13:11:07,976 [WARN] PackLoader:240 - Cannot read IP mode file for STMicroelectronics.X-CUBE-FREERTOS.1.3.1
2026-03-09 13:11:07,979 [WARN] PackLoader:240 - Cannot read IP mode file for STMicroelectronics.X-CUBE-TOUCHGFX.4.26.0
2026-03-09 13:11:07,980 [WARN] PackLoader:240 - Cannot read IP mode file for STMicroelectronics.X-CUBE-TOUCHGFX.4.26.1
2026-03-09 13:11:07,982 [WARN] PackLoader:240 - Cannot read IP mode file for STMicroelectronics.FP-SNS-STAIOTCFT.1.0.0
2026-03-09 13:11:07,984 [WARN] PackLoader:240 - Cannot read IP mode file for STMicroelectronics.X-CUBE-DPower.1.3.0
2026-03-09 13:11:07,991 [WARN] ConditionMgr:438 - getConditionDescription Invalid condition id : LAN8742 Phy interface Condition cause : null
2026-03-09 13:11:07,992 [WARN] PackLoader:240 - Cannot read IP mode file for STMicroelectronics.X-CUBE-AZRTOS-L4.2.0.0
2026-03-09 13:11:07,992 [WARN] ConditionMgr:1044 - genDependencies : Invalid condition id : LAN8742 Phy interface Condition cause : null
2026-03-09 13:11:07,992 [WARN] ConditionMgr:1044 - genDependencies : Invalid condition id : LAN8742 Phy interface Condition cause : null
2026-03-09 13:11:07,992 [WARN] ConditionMgr:1044 - genDependencies : Invalid condition id : LAN8742 Phy interface Condition cause : null
2026-03-09 13:11:07,997 [WARN] PackLoader:240 - Cannot read IP mode file for STMicroelectronics.X-CUBE-SFXS2LP1.4.0.0
2026-03-09 13:11:07,999 [ERROR] Engine:466 - /home/stratobotic/.stm32cubemx/thirdparties/pdsc/STMicroelectronics.X-CUBE-ST67W61.1.2.0.pdsc: PDSC version is not supported
2026-03-09 13:11:08,004 [WARN] PackLoader:240 - Cannot read IP mode file for STMicroelectronics.X-CUBE-BLEMGR.4.1.0
2026-03-09 13:11:08,015 [WARN] ConditionMgr:438 - getConditionDescription Invalid condition id : UX DEVICE CLASS RTOS Condition cause : null
2026-03-09 13:11:08,015 [WARN] ConditionMgr:438 - getConditionDescription Invalid condition id : UX DEVICE CLASS RTOS Condition cause : null
2026-03-09 13:11:08,017 [WARN] PackLoader:240 - Cannot read IP mode file for STMicroelectronics.X-CUBE-AZRTOS-WB.2.0.0
2026-03-09 13:11:08,017 [WARN] ConditionMgr:1044 - genDependencies : Invalid condition id : UX DEVICE CLASS RTOS Condition cause : null
2026-03-09 13:11:08,017 [WARN] ConditionMgr:1044 - genDependencies : Invalid condition id : UX DEVICE CLASS RTOS Condition cause : null
2026-03-09 13:11:08,017 [WARN] ConditionMgr:1044 - genDependencies : Invalid condition id : UX DEVICE CLASS RTOS Condition cause : null
2026-03-09 13:11:08,017 [WARN] ConditionMgr:1044 - genDependencies : Invalid condition id : UX DEVICE CLASS RTOS Condition cause : null
2026-03-09 13:11:08,017 [WARN] ConditionMgr:1044 - genDependencies : Invalid condition id : UX DEVICE CLASS RTOS Condition cause : null
2026-03-09 13:11:08,021 [WARN] PackLoader:240 - Cannot read IP mode file for STMicroelectronics.X-CUBE-GNSS1.7.0.1
2026-03-09 13:11:08,023 [WARN] ConditionMgr:438 - getConditionDescription Invalid condition id : Cortex-A Device cause : null
2026-03-09 13:11:08,026 [WARN] ConditionMgr:1044 - genDependencies : Invalid condition id : Cortex-A Device cause : null
2026-03-09 13:11:08,027 [WARN] ConditionMgr:1044 - genDependencies : Invalid condition id : Cortex-A Device cause : null
2026-03-09 13:11:08,027 [WARN] ConditionMgr:1044 - genDependencies : Invalid condition id : Cortex-A Device cause : null
2026-03-09 13:11:08,030 [WARN] PackLoader:240 - Cannot read IP mode file for STMicroelectronics.X-CUBE-STSE01.2.0.0
2026-03-09 13:11:08,035 [WARN] PackLoader:240 - Cannot read IP mode file for STMicroelectronics.X-CUBE-SUBG2.5.0.0
2026-03-09 13:11:08,051 [WARN] PackLoader:240 - Cannot read IP mode file for STMicroelectronics.X-CUBE-AZRTOS-H7RS.1.1.0
2026-03-09 13:11:08,059 [WARN] PackLoader:240 - Cannot read IP mode file for STMicroelectronics.X-CUBE-AZRTOS-G4.2.0.0
2026-03-09 13:11:08,062 [WARN] PackLoader:240 - Cannot read IP mode file for wolfSSL.I-CUBE-wolfSSH.1.4.20
2026-03-09 13:11:08,064 [WARN] PackLoader:240 - Cannot read IP mode file for STMicroelectronics.X-CUBE-NFC7.2.0.0
2026-03-09 13:11:08,069 [WARN] PackLoader:240 - Cannot read IP mode file for STMicroelectronics.X-CUBE-IPS.3.1.0
2026-03-09 13:11:08,073 [WARN] PackLoader:240 - Cannot read IP mode file for STMicroelectronics.X-CUBE-ALS.1.0.2
2026-03-09 13:11:08,075 [WARN] PackLoader:240 - Cannot read IP mode file for STMicroelectronics.X-CUBE-STSE01.1.0.0
2026-03-09 13:11:08,081 [WARN] PackLoader:240 - Cannot read IP mode file for STMicroelectronics.X-CUBE-TOF1.3.4.3
2026-03-09 13:11:08,086 [INFO] ThirdParty:978 - Integrity check success = true
2026-03-09 13:11:08,086 [INFO] IntegrityCheckThread:100 - exiting critical section [integrity check]
2026-03-09 13:11:08,086 [INFO] IntegrityCheckThread:103 - End integrity checks thread
2026-03-09 13:20:51,090 [INFO] McuFinderGlobals:63 - Set McuFinder mode to 2 (CubeIDE integrated)
2026-03-09 13:20:51,092 [INFO] MainUpdater:2872 - connection check result : 10
2026-03-09 13:20:51,094 [INFO] McuFinderGlobals:76 - Set McuFinderConnectedMode to true
2026-03-09 13:20:51,298 [INFO] ServerAccessManage:473 - Download File mcusAds.json._tmp_
2026-03-09 13:20:51,431 [INFO] LoadUrlFilesThread:156 - End of LoadUrlFiles Thread
2026-03-09 13:20:51,676 [INFO] ServerAccessManage:473 - Download File cube-finder-db.zip
2026-03-09 13:20:58,759 [INFO] FileExtend:242 - Unzip File : cube-finder-db.zip
2026-03-09 13:20:58,760 [INFO] FileExtend:257 - Standard Zip Deflate
2026-03-09 13:20:59,226 [INFO] LoadUrlFilesThread:156 - End of LoadUrlFiles Thread
2026-03-09 13:20:59,454 [INFO] ServerAccessManage:473 - Download File crdb.zip
2026-03-09 13:20:59,702 [INFO] FileExtend:242 - Unzip File : crdb.zip
2026-03-09 13:20:59,702 [INFO] FileExtend:257 - Standard Zip Deflate
2026-03-09 13:20:59,825 [INFO] LoadUrlFilesThread:156 - End of LoadUrlFiles Thread
2026-03-09 13:21:00,022 [INFO] ServerAccessManage:473 - Download File tutoVideoDB.zip
2026-03-09 13:21:00,051 [INFO] FileExtend:242 - Unzip File : tutoVideoDB.zip
2026-03-09 13:21:00,051 [INFO] FileExtend:257 - Standard Zip Deflate
2026-03-09 13:21:00,154 [INFO] LoadUrlFilesThread:156 - End of LoadUrlFiles Thread
2026-03-09 13:21:00,156 [WARN] DbFile:41 - Overriding database path with different value: /home/stratobotic/.stmcufinder/plugins/mcufinder/ => /home/stratobotic/.stmcufinder/plugins/mcufinder
2026-03-09 13:21:00,342 [INFO] ServerAccessManage:473 - Download File api_config.json
2026-03-09 13:21:00,444 [INFO] LoadUrlFilesThread:156 - End of LoadUrlFiles Thread
2026-03-09 13:21:00,445 [INFO] DbMcusAds:53 - JSON generation date=Thu Mar 05 15:32:52 CET 2026 (1772721172610)
2026-03-09 13:21:00,526 [INFO] ServerAccessManage:473 - Download File 
2026-03-09 13:21:00,544 [INFO] LoadUrlFilesThread:185 - End of LoadServerUrlFiles without Thread
2026-03-09 13:21:00,545 [INFO] TargetSelectorAdapter:259 - Refresh data is successful
2026-03-09 13:21:00,634 [INFO] ApiDb:581 - Connected to CubeFinder SQLite database (/home/stratobotic/.stmcufinder/plugins/mcufinder/mcu/cube-finder-db.db)
2026-03-09 13:21:00,668 [INFO] ApiDb:668 - CubeFinder database Data Model version=2.1
2026-03-09 13:21:00,668 [INFO] ApiDb:669 - CubeFinder database Configuration version=3.0.42
2026-03-09 13:21:00,668 [INFO] ApiDb:670 - CubeFinder database generation date=2026-02-13 (1770995876)
2026-03-09 13:21:00,669 [INFO] ApiDb:671 - CubeFinder database FW Pack versions=[FP-ATR-ASTRA1_V2.0.0, FP-SNS-FLIGHT1_V5.1.0, FP-SNS-MOTENV1_V5.1.0, FP-SNS-MOTENVWB1_V1.4.0, FP-SNS-SMARTAG2_V1.2.0, FP-SNS-STBOX1_V2.1.0, STM32Cube_FW_C0_V1.4.0, STM32Cube_FW_F4_V1.28.3, STM32Cube_FW_F7_V1.17.4, STM32Cube_FW_G0_V1.6.2, STM32Cube_FW_G4_V1.6.1, STM32Cube_FW_H5_V1.6.0, STM32Cube_FW_H7RS_V1.3.0, STM32Cube_FW_H7_V1.13.0, STM32Cube_FW_L0_V1.12.2, STM32Cube_FW_L4_V1.18.2, STM32Cube_FW_L5_V1.6.0, STM32Cube_FW_N6_V1.3.0, STM32Cube_FW_U0_V1.3.0, STM32Cube_FW_U3_V1.3.0, STM32Cube_FW_U5_V1.8.0, STM32Cube_FW_WB0_V1.4.0, STM32Cube_FW_WBA_V1.9.0, STM32Cube_FW_WB_V1.24.0, STM32Cube_FW_WL3_V1.4.0, STM32Cube_FW_WL_V1.5.0, X-CUBE-ALGOBUILD_V1.4.0, X-CUBE-ALS_V1.0.2, X-CUBE-AZRTOS-F4_V1.1.0, X-CUBE-AZRTOS-F7_V1.1.0, X-CUBE-AZRTOS-G0_V1.1.0, X-CUBE-AZRTOS-G4_V2.0.0, X-CUBE-AZRTOS-H7RS_V1.1.0, X-CUBE-AZRTOS-H7_V3.4.0, X-CUBE-AZRTOS-L4_V2.0.0, X-CUBE-AZRTOS-L5_V2.0.0, X-CUBE-AZRTOS-WB_V2.0.0, X-CUBE-AZRTOS-WL_V2.0.0, X-CUBE-BLE1_V7.1.0, X-CUBE-BLE2_V3.3.0, X-CUBE-BLEMGR_V4.1.0, X-CUBE-EEPRMA1_V5.2.0, X-CUBE-FREERTOS_V1.3.1, X-CUBE-GNSS1_V6.0.0, X-CUBE-MEMS1_V12.0.0, X-CUBE-NFC4_V3.0.0, X-CUBE-NFC7_V2.0.0, X-CUBE-SFXS2LP1_V4.0.0, X-CUBE-ST67W61_V1.1.0, X-CUBE-SUBG2_V5.0.0, X-CUBE-TOF1_V3.4.3]
2026-03-09 13:21:02,335 [INFO] ApiDb:240 - Found 895 in-development CPN: [B-G473E-ZEST1S, B-WB1M-WPAN1, B-WBA5M-WPAN, B-WL5M-SUBG1, NUCLEO-C031C6, NUCLEO-C051C8, NUCLEO-C071RB, NUCLEO-C092RC, NUCLEO-H503RB, NUCLEO-H533RE, NUCLEO-H563ZI, NUCLEO-H7S3L8, NUCLEO-N657X0-Q, NUCLEO-U031R8, NUCLEO-U083RC, NUCLEO-U385RG-Q, NUCLEO-U545RE-Q, NUCLEO-U5A5ZJ-Q, NUCLEO-WB05KZ, NUCLEO-WB07CC, NUCLEO-WB09KE, NUCLEO-WBA52CG, NUCLEO-WBA55CG, NUCLEO-WBA65RI, NUCLEO-WL33CC1, NUCLEO-WL33CC2, STEVAL-PROTEUS1, STEVAL-SMARTAG2, STEVAL-STWINBX1, STM320518-EVAL, STM32C0116-DK, STM32C011D6Y3TR, STM32C011D6Y6TR, STM32C011F4P3, STM32C011F4P6, STM32C011F4U3, STM32C011F4U6TR, STM32C011F6P3, STM32C011F6P6, STM32C011F6U3, STM32C011F6U6TR, STM32C011J4M3, STM32C011J4M6, STM32C011J6M3, STM32C011J6M6, STM32C0316-DK, STM32C031C4T3, STM32C031C4T6, STM32C031C4U3, STM32C031C4U6, STM32C031C6T3, STM32C031C6T6, STM32C031C6U3, STM32C031C6U6, STM32C031F4P3, STM32C031F4P6, STM32C031F6P3, STM32C031F6P6, STM32C031G4U3, STM32C031G4U6, STM32C031G6U3, STM32C031G6U6, STM32C031K4T3, STM32C031K4T6, STM32C031K4U3, STM32C031K4U6, STM32C031K6T3, STM32C031K6T6, STM32C031K6U3, STM32C031K6U6, STM32C051C6T6, STM32C051C6U6, STM32C051C8T6, STM32C051C8U6, STM32C051D8Y6TR, STM32C051F6P6, STM32C051F8P6, STM32C051G6U6, STM32C051G8U6, STM32C051K6T6, STM32C051K6U6, STM32C051K8T6, STM32C071C8T6, STM32C071C8T6N, STM32C071C8U6, STM32C071C8U6N, STM32C071CBT6, STM32C071CBT6N, STM32C071CBU6, STM32C071CBU6N, STM32C071F8P6, STM32C071F8P6N, STM32C071FBP6, STM32C071FBP6N, STM32C071FBY6TR, STM32C071G8U6, STM32C071G8U6N, STM32C071GBU6, STM32C071GBU6N, STM32C071K8T6, STM32C071K8T6N, STM32C071K8U6, STM32C071K8U6N, STM32C071KBT6, STM32C071KBT6N, STM32C071KBU6, STM32C071KBU6N, STM32C071R8T6, STM32C071R8T6N, STM32C071RBI6N, STM32C071RBT6, STM32C071RBT6N, STM32C091CBT6, STM32C091CBU6, STM32C091CCT6, STM32C091CCU6, STM32C091ECY6TR, STM32C091FBP6, STM32C091FCP6, STM32C091GBU6, STM32C091GCU6, STM32C091KBT6, STM32C091KBU6, STM32C091KCT6, STM32C091KCU6, STM32C091RBT6, STM32C091RCI6, STM32C091RCT6, STM32C092CBT6, STM32C092CBU6, STM32C092CCT6, STM32C092CCU6, STM32C092ECY6TR, STM32C092FBP6, STM32C092FCP6, STM32C092GBU6, STM32C092GCU6, STM32C092KBT6, STM32C092KBU6, STM32C092KCT6, STM32C092KCU6, STM32C092RBT6, STM32C092RCI6, STM32C092RCT6, STM32G071K8TXN, STM32G071K8UXN, STM32G081GBU6N, STM32G081KBT6N, STM32G081KBUXN, STM32G0B1CCT6N, STM32G0B1KCT6, STM32G0B1NEY6TR, STM32G0B1RCT6N, STM32G0C1CCT6, STM32G0C1CCT6N, STM32G0C1CCU6N, STM32G0C1CET6N, STM32G0C1CEU6N, STM32G0C1KCT6, STM32G0C1NEY6TR, STM32G0C1RCI6N, STM32G0C1RCT6N, STM32G0C1REI6N, STM32G0C1RET6N, STM32G0C1VCI6, STM32G0C1VEI6, STM32G411C6T3, STM32G411C6T6, STM32G411C6U3, STM32G411C6U6, STM32G411C8T3, STM32G411C8T6, STM32G411C8U3, STM32G411C8U6, STM32G411CBT3, STM32G411CBT6, STM32G411CBU3, STM32G411CBU6, STM32G411CCT3, STM32G411CCT6, STM32G411CCU3, STM32G411CCU6, STM32G411K6T3, STM32G411K6T6, STM32G411K6U3, STM32G411K6U6, STM32G411K8T3, STM32G411K8T6, STM32G411K8U3, STM32G411K8U6, STM32G411KBT3, STM32G411KBT6, STM32G411KBU3, STM32G411KBU6, STM32G411M6T3, STM32G411M6T6, STM32G411M8T3, STM32G411M8T6, STM32G411MBT3, STM32G411MBT6, STM32G411MCT3, STM32G411MCT6, STM32G411R6T3, STM32G411R6T6, STM32G411R8T3, STM32G411R8T6, STM32G411RBT3, STM32G411RBT6, STM32G411RCT3, STM32G411RCT6, STM32G414CBT3, STM32G414CBT6, STM32G414CBU3, STM32G414CBU6, STM32G414CCT3, STM32G414CCT6, STM32G414CCU3, STM32G414CCU6, STM32G414MBT3, STM32G414MBT6, STM32G414MCT3, STM32G414MCT6, STM32G414RBT3, STM32G414RBT6, STM32G414RCT3, STM32G414RCT6, STM32G414VBT3, STM32G414VBT6, STM32G414VCT3, STM32G414VCT6, STM32G431CBT3Z, STM32G431RBT3Z, STM32G471CCT6, STM32G471CCU6, STM32G471CET3, STM32G471CET6, STM32G471CEU3, STM32G471CEU6, STM32G471MCT6, STM32G471MET3, STM32G471MET6, STM32G471MEY6TR, STM32G471QCT6, STM32G471QET3, STM32G471RCT6, STM32G471RET3, STM32G471RET6, STM32G471VCH6, STM32G471VCI6, STM32G471VCT6, STM32G471VEH3, STM32G471VEH6, STM32G471VEI3, STM32G471VEI6, STM32G471VET3, STM32G471VET6, STM32G473QET3Z, STM32G473RET3Z, STM32G474CCT6, STM32G491RET3Z, STM32H503CBT6, STM32H503CBU6, STM32H503EBY6TR, STM32H503KBU6, STM32H503RBT6, STM32H523CCT6, STM32H523CCU6, STM32H523CET6, STM32H523CEU6, STM32H523HEY6TR, STM32H523RCT6, STM32H523RET6, STM32H523VCI6, STM32H523VCT6, STM32H523VEI6, STM32H523VET6, STM32H523ZCJ6, STM32H523ZCT6, STM32H523ZEJ6, STM32H523ZET6, STM32H533CET6, STM32H533CEU6, STM32H533HEY6TR, STM32H533RET6, STM32H533VEI6, STM32H533VET6, STM32H533ZEJ6, STM32H533ZET6, STM32H562AGI6, STM32H562AII6, STM32H562IGK6, STM32H562IGT6, STM32H562IIK6, STM32H562IIT6, STM32H562RGT6, STM32H562RGV6, STM32H562RIT6, STM32H562RIV6, STM32H562VGT6, STM32H562VIT6, STM32H562ZGT6, STM32H562ZIT6, STM32H563AGI6, STM32H563AII3Q, STM32H563AII6, STM32H563IGK6, STM32H563IGT6, STM32H563IIK3Q, STM32H563IIK6, STM32H563IIT3Q, STM32H563IIT6, STM32H563MIY3QTR, STM32H563RGT6, STM32H563RGV6, STM32H563RIT6, STM32H563RIV6, STM32H563VGT6, STM32H563VIT3Q, STM32H563VIT6, STM32H563ZGT6, STM32H563ZIT3Q, STM32H563ZIT6, STM32H573AII3Q, STM32H573AII6, STM32H573I-DK, STM32H573IIK3Q, STM32H573IIK6, STM32H573IIT3Q, STM32H573IIT6, STM32H573MIY3QTR, STM32H573RIT6, STM32H573RIV6, STM32H573VIT3Q, STM32H573VIT6, STM32H573ZIT3Q, STM32H573ZIT6, STM32H7R3A8I6, STM32H7R3I8K6, STM32H7R3I8T6, STM32H7R3L8H6, STM32H7R3L8H6H, STM32H7R3R8V6, STM32H7R3V8H6, STM32H7R3V8T6, STM32H7R3V8Y6TR, STM32H7R3Z8J6, STM32H7R3Z8T6, STM32H7R7A8I6, STM32H7R7I8K6, STM32H7R7I8T6, STM32H7R7L8H6, STM32H7R7L8H6H, STM32H7R7Z8J6, STM32H7S3A8I6, STM32H7S3I8K6, STM32H7S3I8T6, STM32H7S3L8H6, STM32H7S3L8H6H, STM32H7S3R8V6, STM32H7S3V8H6, STM32H7S3V8T6, STM32H7S3V8Y6TR, STM32H7S3Z8J6, STM32H7S3Z8T6, STM32H7S78-DK, STM32H7S7A8I6, STM32H7S7I8K6, STM32H7S7I8T6, STM32H7S7L8H6, STM32H7S7L8H6H, STM32H7S7Z8J6, STM32L4R5QGI6STR, STM32MP131AAE3, STM32MP131AAF3, STM32MP131AAG3, STM32MP131CAE3, STM32MP131CAF3, STM32MP131CAG3, STM32MP131DAE7, STM32MP131DAF7, STM32MP131DAG7, STM32MP131FAE7, STM32MP131FAF7, STM32MP131FAG7, STM32MP133AAE3, STM32MP133AAF3, STM32MP133AAG3, STM32MP133CAE3, STM32MP133CAF3, STM32MP133CAG3, STM32MP133DAE7, STM32MP133DAF7, STM32MP133DAG7, STM32MP133FAE7, STM32MP133FAF7, STM32MP133FAG7, STM32MP135AAE3, STM32MP135AAF3, STM32MP135AAG3, STM32MP135CAE3, STM32MP135CAF3, STM32MP135CAG3, STM32MP135DAE7, STM32MP135DAF7, STM32MP135DAG7, STM32MP135F-DK, STM32MP135FAE7, STM32MP135FAF7, STM32MP135FAF7T, STM32MP135FAF7U, STM32MP135FAG7, STM32MP231AAJ3, STM32MP231AAK3, STM32MP231AAL3, STM32MP231CAJ3, STM32MP231CAK3, STM32MP231CAL3, STM32MP231DAJ3, STM32MP231DAK3, STM32MP231DAL3, STM32MP231FAJ3, STM32MP231FAK3, STM32MP231FAL3, STM32MP233AAJ3, STM32MP233AAK3, STM32MP233AAL3, STM32MP233CAJ3, STM32MP233CAK3, STM32MP233CAL3, STM32MP233DAJ3, STM32MP233DAK3, STM32MP233DAL3, STM32MP233FAJ3, STM32MP233FAK3, STM32MP233FAL3, STM32MP235AAJ3, STM32MP235AAK3, STM32MP235AAL3, STM32MP235CAJ3, STM32MP235CAK3, STM32MP235CAL3, STM32MP235DAJ3, STM32MP235DAK3, STM32MP235DAL3, STM32MP235FAJ3, STM32MP235FAK3, STM32MP235FAL3, STM32MP251AAI3, STM32MP251AAJ3, STM32MP251AAK3, STM32MP251AAL3, STM32MP251CAI3, STM32MP251CAJ3, STM32MP251CAK3, STM32MP251CAL3, STM32MP251DAI3, STM32MP251DAJ3, STM32MP251DAK3, STM32MP251DAL3, STM32MP251FAI3, STM32MP251FAJ3, STM32MP251FAK3, STM32MP251FAL3, STM32MP253AAI3, STM32MP253AAJ3, STM32MP253AAK3, STM32MP253AAL3, STM32MP253CAI3, STM32MP253CAJ3, STM32MP253CAK3, STM32MP253CAL3, STM32MP253DAI3, STM32MP253DAJ3, STM32MP253DAK3, STM32MP253DAL3, STM32MP253FAI3, STM32MP253FAJ3, STM32MP253FAK3, STM32MP253FAL3, STM32MP255AAI3, STM32MP255AAJ3, STM32MP255AAK3, STM32MP255AAL3, STM32MP255CAI3, STM32MP255CAJ3, STM32MP255CAK3, STM32MP255CAL3, STM32MP255DAI3, STM32MP255DAJ3, STM32MP255DAK3, STM32MP255DAL3, STM32MP255FAI3, STM32MP255FAJ3, STM32MP255FAK3, STM32MP255FAL3, STM32MP257AAI3, STM32MP257AAJ3, STM32MP257AAK3, STM32MP257AAL3, STM32MP257CAI3, STM32MP257CAJ3, STM32MP257CAK3, STM32MP257CAL3, STM32MP257DAI3, STM32MP257DAJ3, STM32MP257DAK3, STM32MP257DAL3, STM32MP257F-DK, STM32MP257F-EV1, STM32MP257FAI3, STM32MP257FAJ3, STM32MP257FAK3, STM32MP257FAL3, STM32N645A0H3Q, STM32N645B0H3Q, STM32N645I0H3Q, STM32N645L0H3Q, STM32N645X0H3Q, STM32N645Z0H3Q, STM32N647A0H3Q, STM32N647B0H3Q, STM32N647I0H3Q, STM32N647L0H3Q, STM32N647X0H3Q, STM32N647Z0H3Q, STM32N655A0H3Q, STM32N655B0H3Q, STM32N655I0H3Q, STM32N655L0H3Q, STM32N655X0H3Q, STM32N655Z0H3Q, STM32N6570-DK, STM32N657A0H3Q, STM32N657B0H3Q, STM32N657I0H3Q, STM32N657L0H3Q, STM32N657X0H3Q, STM32N657Z0H3Q, STM32U031C6T6, STM32U031C6U6, STM32U031C8T6, STM32U031C8U6, STM32U031F4P6, STM32U031F6P6, STM32U031F8P6, STM32U031G6Y6TR, STM32U031G8Y6TR, STM32U031K4U6, STM32U031K6U6, STM32U031K8U6, STM32U031R6I6, STM32U031R6T6, STM32U031R8I6, STM32U031R8T6, STM32U073C8T6, STM32U073C8U6, STM32U073CBT6, STM32U073CBU6, STM32U073CCT6, STM32U073CCU6, STM32U073H8Y6TR, STM32U073HBY6TR, STM32U073HCY6TR, STM32U073K8U6, STM32U073KBU6, STM32U073KCU6, STM32U073M8I6, STM32U073M8T6, STM32U073MBI6, STM32U073MBT6, STM32U073MCI6, STM32U073MCT6, STM32U073R8I6, STM32U073R8T6, STM32U073RBI6, STM32U073RBT6, STM32U073RCI6, STM32U073RCT6, STM32U083C-DK, STM32U083CCT6, STM32U083CCU6, STM32U083HCY6TR, STM32U083KCU6, STM32U083MCI6, STM32U083MCT6, STM32U083RCI6, STM32U083RCT6, STM32U375CET6, STM32U375CET6Q, STM32U375CEU6, STM32U375CEU6Q, STM32U375CEY6QTR, STM32U375CGT6, STM32U375CGT6Q, STM32U375CGU6, STM32U375CGU6Q, STM32U375CGY6QTR, STM32U375KEU6, STM32U375KGU6, STM32U375REI6, STM32U375REI6Q, STM32U375RET6, STM32U375RET6Q, STM32U375REY6GTR, STM32U375REY6QTR, STM32U375RGI6, STM32U375RGI6Q, STM32U375RGT6, STM32U375RGT6Q, STM32U375RGY6GTR, STM32U375RGY6QTR, STM32U375VEI6, STM32U375VEI6Q, STM32U375VET6, STM32U375VET6Q, STM32U375VGI6, STM32U375VGI6Q, STM32U375VGT6, STM32U375VGT6Q, STM32U385CGT6, STM32U385CGT6Q, STM32U385CGU6, STM32U385CGU6Q, STM32U385CGY6QTR, STM32U385KGU6, STM32U385RGI6, STM32U385RGI6Q, STM32U385RGT6, STM32U385RGT6Q, STM32U385RGY6GTR, STM32U385RGY6QTR, STM32U385VGI6, STM32U385VGI6Q, STM32U385VGT6, STM32U385VGT6Q, STM32U535CBT6, STM32U535CBT6Q, STM32U535CBU6, STM32U535CBU6Q, STM32U535CCT6, STM32U535CCT6Q, STM32U535CCU6, STM32U535CCU6Q, STM32U535CET6, STM32U535CET6Q, STM32U535CEU6, STM32U535CEU6Q, STM32U535JEY6QTR, STM32U535NCY6QTR, STM32U535NEY6QTR, STM32U535RBI6, STM32U535RBI6Q, STM32U535RBT6, STM32U535RBT6Q, STM32U535RCI6, STM32U535RCI6Q, STM32U535RCT6, STM32U535RCT6Q, STM32U535REI6, STM32U535REI6Q, STM32U535RET6, STM32U535RET6Q, STM32U535VCI6, STM32U535VCI6Q, STM32U535VCT6, STM32U535VCT6Q, STM32U535VEI6, STM32U535VEI6Q, STM32U535VET6, STM32U535VET6Q, STM32U545CET6, STM32U545CET6Q, STM32U545CEU6, STM32U545CEU6Q, STM32U545JEY6QTR, STM32U545NEY6QTR, STM32U545REI6, STM32U545REI6Q, STM32U545RET6, STM32U545RET6Q, STM32U545VEI6, STM32U545VEI6Q, STM32U545VET6, STM32U545VET6Q, STM32U595AIH6, STM32U595AIH6Q, STM32U595AJH6, STM32U595AJH6Q, STM32U595QII6, STM32U595QII6Q, STM32U595QJI6, STM32U595QJI6Q, STM32U595RIT6, STM32U595RIT6Q, STM32U595RJT6, STM32U595RJT6Q, STM32U595VIT6, STM32U595VIT6Q, STM32U595VJT6, STM32U595VJT6Q, STM32U595ZIT6, STM32U595ZIT6Q, STM32U595ZIY6QTR, STM32U595ZJT6, STM32U595ZJT6Q, STM32U595ZJY6QTR, STM32U599BJY6QTR, STM32U599NIH6Q, STM32U599NJH6Q, STM32U599VIT6Q, STM32U599VJT6, STM32U599VJT6Q, STM32U599ZIT6Q, STM32U599ZIY6QTR, STM32U599ZJT6Q, STM32U599ZJY6QTR, STM32U5A5AJH6, STM32U5A5AJH6Q, STM32U5A5QII3Q , STM32U5A5QJI6, STM32U5A5QJI6Q, STM32U5A5RJT6, STM32U5A5RJT6Q, STM32U5A5VJT6, STM32U5A5VJT6Q, STM32U5A5ZJT6, STM32U5A5ZJT6Q, STM32U5A5ZJY6QTR, STM32U5A9BJY6QTR, STM32U5A9J-DK, STM32U5A9NJH6Q, STM32U5A9VJT6Q, STM32U5A9ZJT6Q, STM32U5A9ZJY6QTR, STM32U5F7VIT6, STM32U5F7VIT6Q, STM32U5F7VJT6, STM32U5F7VJT6Q, STM32U5F9BJY6QTR, STM32U5F9NJH6Q, STM32U5F9VIT6Q, STM32U5F9VJT6Q, STM32U5F9ZIJ6QTR, STM32U5F9ZIT6Q, STM32U5F9ZJJ6QTR, STM32U5F9ZJT6Q, STM32U5G7VJT6, STM32U5G7VJT6Q, STM32U5G9BJY6QTR, STM32U5G9J-DK1, STM32U5G9J-DK2, STM32U5G9NJH6Q, STM32U5G9VJT6Q, STM32U5G9ZJJ6QTR, STM32U5G9ZJT6Q, STM32WB05KZV6TR, STM32WB05KZV7TR, STM32WB05TZF6TR, STM32WB05TZF7TR, STM32WB06CCF6TR, STM32WB06CCF7TR, STM32WB06CCV6TR, STM32WB06CCV7TR, STM32WB06KCV6TR, STM32WB06KCV7TR, STM32WB07CCF6TR, STM32WB07CCF7TR, STM32WB07CCV6TR, STM32WB07CCV7TR, STM32WB07KCV6TR, STM32WB07KCV7TR, STM32WB09KEV6TR, STM32WB09KEV7TR, STM32WB09TEF6TR, STM32WB09TEF7TR, STM32WB1MMCH6, STM32WBA50KGU6, STM32WBA50KGU6TR, STM32WBA52CEU6, STM32WBA52CEU6TR, STM32WBA52CEU7, STM32WBA52CEU7TR, STM32WBA52CGU6, STM32WBA52CGU6TR, STM32WBA52CGU6U, STM32WBA52CGU7, STM32WBA52CGU7TR, STM32WBA52KEU6, STM32WBA52KEU6TR, STM32WBA52KGU6, STM32WBA52KGU6TR, STM32WBA54CEU6, STM32WBA54CEU6TR, STM32WBA54CEU7, STM32WBA54CEU7TR, STM32WBA54CGU6, STM32WBA54CGU6TR, STM32WBA54CGU7, STM32WBA54CGU7TR, STM32WBA54KEU6, STM32WBA54KEU6TR, STM32WBA54KEU7, STM32WBA54KEU7TR, STM32WBA54KGU6, STM32WBA54KGU6TR, STM32WBA54KGU7, STM32WBA54KGU7TR, STM32WBA55CEU6, STM32WBA55CEU6TR, STM32WBA55CEU7, STM32WBA55CEU7TR, STM32WBA55CGU6, STM32WBA55CGU6TR, STM32WBA55CGU6U, STM32WBA55CGU7, STM32WBA55CGU7TR, STM32WBA55G-DK1, STM32WBA55HEF6, STM32WBA55HEF7, STM32WBA55HGF6, STM32WBA55HGF7, STM32WBA55UEI6, STM32WBA55UEI6TR, STM32WBA55UEI7, STM32WBA55UEI7TR, STM32WBA55UGI6, STM32WBA55UGI6TR, STM32WBA55UGI7, STM32WBA55UGI7TR, STM32WBA5MJGH6TR, STM32WBA62CGU6, STM32WBA62CIU6, STM32WBA62MGF6, STM32WBA62MIF6, STM32WBA62PGI6, STM32WBA62PII6, STM32WBA63CGU6, STM32WBA63CGU7, STM32WBA63CIU6, STM32WBA63CIU7, STM32WBA64CGU6, STM32WBA64CGU7, STM32WBA64CIU6, STM32WBA64CIU7, STM32WBA65CGU6, STM32WBA65CGU7, STM32WBA65CIU6, STM32WBA65CIU7, STM32WBA65I-DK1, STM32WBA65MGF6, STM32WBA65MGF7, STM32WBA65MIF6, STM32WBA65MIF7, STM32WBA65PGI6, STM32WBA65PGI7, STM32WBA65PII6, STM32WBA65PII7, STM32WBA65RGV6, STM32WBA65RGV7, STM32WBA65RIV6, STM32WBA65RIV7, STM32WL30K8V6, STM32WL30KBV6, STM32WL31C8V6, STM32WL31CBV6, STM32WL31K8V6, STM32WL31KBV6, STM32WL33C8V6, STM32WL33C8V6TR, STM32WL33C8V7, STM32WL33C8V7TR, STM32WL33CBV6, STM32WL33CBV6TR, STM32WL33CBV7, STM32WL33CBV7TR, STM32WL33CCV6, STM32WL33CCV6TR, STM32WL33CCV7, STM32WL33CCV7A, STM32WL33CCV7ATR, STM32WL33CCV7TR, STM32WL33K8V6, STM32WL33K8V6TR, STM32WL33K8V7, STM32WL33K8V7TR, STM32WL33KBV6, STM32WL33KBV6TR, STM32WL33KBV7, STM32WL33KBV7TR, STM32WL33KCV6, STM32WL33KCV6TR, STM32WL33KCV7, STM32WL33KCV7TR, STM32WL5MOCH6, STM32WL5MOCH6TR]
2026-03-09 13:21:02,340 [INFO] DbMcus:218 - Found 4918 MCUs, 4918 are supported
2026-03-09 13:21:02,342 [INFO] ApiDb:423 - Load user favorites file /home/stratobotic/.stm32cubeide/favorites.mcus.txt: 0 item(s)
2026-03-09 13:21:02,342 [INFO] ApiDb:427 - User favorites MCUs=[]
2026-03-09 13:21:02,342 [INFO] DbMcus:224 - Set 0 / 0 favorites MCUs
2026-03-09 13:21:02,643 [INFO] ApiDb:668 - CubeFinder database Data Model version=2.1
2026-03-09 13:21:02,643 [INFO] ApiDb:669 - CubeFinder database Configuration version=3.0.42
2026-03-09 13:21:02,643 [INFO] ApiDb:670 - CubeFinder database generation date=2026-02-13 (1770995876)
2026-03-09 13:21:02,643 [INFO] ApiDb:671 - CubeFinder database FW Pack versions=[FP-ATR-ASTRA1_V2.0.0, FP-SNS-FLIGHT1_V5.1.0, FP-SNS-MOTENV1_V5.1.0, FP-SNS-MOTENVWB1_V1.4.0, FP-SNS-SMARTAG2_V1.2.0, FP-SNS-STBOX1_V2.1.0, STM32Cube_FW_C0_V1.4.0, STM32Cube_FW_F4_V1.28.3, STM32Cube_FW_F7_V1.17.4, STM32Cube_FW_G0_V1.6.2, STM32Cube_FW_G4_V1.6.1, STM32Cube_FW_H5_V1.6.0, STM32Cube_FW_H7RS_V1.3.0, STM32Cube_FW_H7_V1.13.0, STM32Cube_FW_L0_V1.12.2, STM32Cube_FW_L4_V1.18.2, STM32Cube_FW_L5_V1.6.0, STM32Cube_FW_N6_V1.3.0, STM32Cube_FW_U0_V1.3.0, STM32Cube_FW_U3_V1.3.0, STM32Cube_FW_U5_V1.8.0, STM32Cube_FW_WB0_V1.4.0, STM32Cube_FW_WBA_V1.9.0, STM32Cube_FW_WB_V1.24.0, STM32Cube_FW_WL3_V1.4.0, STM32Cube_FW_WL_V1.5.0, X-CUBE-ALGOBUILD_V1.4.0, X-CUBE-ALS_V1.0.2, X-CUBE-AZRTOS-F4_V1.1.0, X-CUBE-AZRTOS-F7_V1.1.0, X-CUBE-AZRTOS-G0_V1.1.0, X-CUBE-AZRTOS-G4_V2.0.0, X-CUBE-AZRTOS-H7RS_V1.1.0, X-CUBE-AZRTOS-H7_V3.4.0, X-CUBE-AZRTOS-L4_V2.0.0, X-CUBE-AZRTOS-L5_V2.0.0, X-CUBE-AZRTOS-WB_V2.0.0, X-CUBE-AZRTOS-WL_V2.0.0, X-CUBE-BLE1_V7.1.0, X-CUBE-BLE2_V3.3.0, X-CUBE-BLEMGR_V4.1.0, X-CUBE-EEPRMA1_V5.2.0, X-CUBE-FREERTOS_V1.3.1, X-CUBE-GNSS1_V6.0.0, X-CUBE-MEMS1_V12.0.0, X-CUBE-NFC4_V3.0.0, X-CUBE-NFC7_V2.0.0, X-CUBE-SFXS2LP1_V4.0.0, X-CUBE-ST67W61_V1.1.0, X-CUBE-SUBG2_V5.0.0, X-CUBE-TOF1_V3.4.3]
2026-03-09 13:21:02,672 [INFO] DbBoardsSqlite:226 - include board P-NUCLEO-WB55-NUCLEO as a kit item of type 'Nucleo-64'
2026-03-09 13:21:02,672 [INFO] DbBoardsSqlite:226 - include board P-NUCLEO-WB55-USBDONGLE as a kit item of type 'Nucleo USB Dongle'
2026-03-09 13:21:02,672 [INFO] DbBoardsSqlite:226 - include board STEVAL-IDP005V1 as a kit item of type 'Evaluation Board'
2026-03-09 13:21:02,672 [INFO] DbBoardsSqlite:226 - include board STEVAL-IDP005V2 as a kit item of type 'Evaluation Board'
2026-03-09 13:21:02,700 [INFO] ApiDb:240 - Found 895 in-development CPN: [B-G473E-ZEST1S, B-WB1M-WPAN1, B-WBA5M-WPAN, B-WL5M-SUBG1, NUCLEO-C031C6, NUCLEO-C051C8, NUCLEO-C071RB, NUCLEO-C092RC, NUCLEO-H503RB, NUCLEO-H533RE, NUCLEO-H563ZI, NUCLEO-H7S3L8, NUCLEO-N657X0-Q, NUCLEO-U031R8, NUCLEO-U083RC, NUCLEO-U385RG-Q, NUCLEO-U545RE-Q, NUCLEO-U5A5ZJ-Q, NUCLEO-WB05KZ, NUCLEO-WB07CC, NUCLEO-WB09KE, NUCLEO-WBA52CG, NUCLEO-WBA55CG, NUCLEO-WBA65RI, NUCLEO-WL33CC1, NUCLEO-WL33CC2, STEVAL-PROTEUS1, STEVAL-SMARTAG2, STEVAL-STWINBX1, STM320518-EVAL, STM32C0116-DK, STM32C011D6Y3TR, STM32C011D6Y6TR, STM32C011F4P3, STM32C011F4P6, STM32C011F4U3, STM32C011F4U6TR, STM32C011F6P3, STM32C011F6P6, STM32C011F6U3, STM32C011F6U6TR, STM32C011J4M3, STM32C011J4M6, STM32C011J6M3, STM32C011J6M6, STM32C0316-DK, STM32C031C4T3, STM32C031C4T6, STM32C031C4U3, STM32C031C4U6, STM32C031C6T3, STM32C031C6T6, STM32C031C6U3, STM32C031C6U6, STM32C031F4P3, STM32C031F4P6, STM32C031F6P3, STM32C031F6P6, STM32C031G4U3, STM32C031G4U6, STM32C031G6U3, STM32C031G6U6, STM32C031K4T3, STM32C031K4T6, STM32C031K4U3, STM32C031K4U6, STM32C031K6T3, STM32C031K6T6, STM32C031K6U3, STM32C031K6U6, STM32C051C6T6, STM32C051C6U6, STM32C051C8T6, STM32C051C8U6, STM32C051D8Y6TR, STM32C051F6P6, STM32C051F8P6, STM32C051G6U6, STM32C051G8U6, STM32C051K6T6, STM32C051K6U6, STM32C051K8T6, STM32C071C8T6, STM32C071C8T6N, STM32C071C8U6, STM32C071C8U6N, STM32C071CBT6, STM32C071CBT6N, STM32C071CBU6, STM32C071CBU6N, STM32C071F8P6, STM32C071F8P6N, STM32C071FBP6, STM32C071FBP6N, STM32C071FBY6TR, STM32C071G8U6, STM32C071G8U6N, STM32C071GBU6, STM32C071GBU6N, STM32C071K8T6, STM32C071K8T6N, STM32C071K8U6, STM32C071K8U6N, STM32C071KBT6, STM32C071KBT6N, STM32C071KBU6, STM32C071KBU6N, STM32C071R8T6, STM32C071R8T6N, STM32C071RBI6N, STM32C071RBT6, STM32C071RBT6N, STM32C091CBT6, STM32C091CBU6, STM32C091CCT6, STM32C091CCU6, STM32C091ECY6TR, STM32C091FBP6, STM32C091FCP6, STM32C091GBU6, STM32C091GCU6, STM32C091KBT6, STM32C091KBU6, STM32C091KCT6, STM32C091KCU6, STM32C091RBT6, STM32C091RCI6, STM32C091RCT6, STM32C092CBT6, STM32C092CBU6, STM32C092CCT6, STM32C092CCU6, STM32C092ECY6TR, STM32C092FBP6, STM32C092FCP6, STM32C092GBU6, STM32C092GCU6, STM32C092KBT6, STM32C092KBU6, STM32C092KCT6, STM32C092KCU6, STM32C092RBT6, STM32C092RCI6, STM32C092RCT6, STM32G071K8TXN, STM32G071K8UXN, STM32G081GBU6N, STM32G081KBT6N, STM32G081KBUXN, STM32G0B1CCT6N, STM32G0B1KCT6, STM32G0B1NEY6TR, STM32G0B1RCT6N, STM32G0C1CCT6, STM32G0C1CCT6N, STM32G0C1CCU6N, STM32G0C1CET6N, STM32G0C1CEU6N, STM32G0C1KCT6, STM32G0C1NEY6TR, STM32G0C1RCI6N, STM32G0C1RCT6N, STM32G0C1REI6N, STM32G0C1RET6N, STM32G0C1VCI6, STM32G0C1VEI6, STM32G411C6T3, STM32G411C6T6, STM32G411C6U3, STM32G411C6U6, STM32G411C8T3, STM32G411C8T6, STM32G411C8U3, STM32G411C8U6, STM32G411CBT3, STM32G411CBT6, STM32G411CBU3, STM32G411CBU6, STM32G411CCT3, STM32G411CCT6, STM32G411CCU3, STM32G411CCU6, STM32G411K6T3, STM32G411K6T6, STM32G411K6U3, STM32G411K6U6, STM32G411K8T3, STM32G411K8T6, STM32G411K8U3, STM32G411K8U6, STM32G411KBT3, STM32G411KBT6, STM32G411KBU3, STM32G411KBU6, STM32G411M6T3, STM32G411M6T6, STM32G411M8T3, STM32G411M8T6, STM32G411MBT3, STM32G411MBT6, STM32G411MCT3, STM32G411MCT6, STM32G411R6T3, STM32G411R6T6, STM32G411R8T3, STM32G411R8T6, STM32G411RBT3, STM32G411RBT6, STM32G411RCT3, STM32G411RCT6, STM32G414CBT3, STM32G414CBT6, STM32G414CBU3, STM32G414CBU6, STM32G414CCT3, STM32G414CCT6, STM32G414CCU3, STM32G414CCU6, STM32G414MBT3, STM32G414MBT6, STM32G414MCT3, STM32G414MCT6, STM32G414RBT3, STM32G414RBT6, STM32G414RCT3, STM32G414RCT6, STM32G414VBT3, STM32G414VBT6, STM32G414VCT3, STM32G414VCT6, STM32G431CBT3Z, STM32G431RBT3Z, STM32G471CCT6, STM32G471CCU6, STM32G471CET3, STM32G471CET6, STM32G471CEU3, STM32G471CEU6, STM32G471MCT6, STM32G471MET3, STM32G471MET6, STM32G471MEY6TR, STM32G471QCT6, STM32G471QET3, STM32G471RCT6, STM32G471RET3, STM32G471RET6, STM32G471VCH6, STM32G471VCI6, STM32G471VCT6, STM32G471VEH3, STM32G471VEH6, STM32G471VEI3, STM32G471VEI6, STM32G471VET3, STM32G471VET6, STM32G473QET3Z, STM32G473RET3Z, STM32G474CCT6, STM32G491RET3Z, STM32H503CBT6, STM32H503CBU6, STM32H503EBY6TR, STM32H503KBU6, STM32H503RBT6, STM32H523CCT6, STM32H523CCU6, STM32H523CET6, STM32H523CEU6, STM32H523HEY6TR, STM32H523RCT6, STM32H523RET6, STM32H523VCI6, STM32H523VCT6, STM32H523VEI6, STM32H523VET6, STM32H523ZCJ6, STM32H523ZCT6, STM32H523ZEJ6, STM32H523ZET6, STM32H533CET6, STM32H533CEU6, STM32H533HEY6TR, STM32H533RET6, STM32H533VEI6, STM32H533VET6, STM32H533ZEJ6, STM32H533ZET6, STM32H562AGI6, STM32H562AII6, STM32H562IGK6, STM32H562IGT6, STM32H562IIK6, STM32H562IIT6, STM32H562RGT6, STM32H562RGV6, STM32H562RIT6, STM32H562RIV6, STM32H562VGT6, STM32H562VIT6, STM32H562ZGT6, STM32H562ZIT6, STM32H563AGI6, STM32H563AII3Q, STM32H563AII6, STM32H563IGK6, STM32H563IGT6, STM32H563IIK3Q, STM32H563IIK6, STM32H563IIT3Q, STM32H563IIT6, STM32H563MIY3QTR, STM32H563RGT6, STM32H563RGV6, STM32H563RIT6, STM32H563RIV6, STM32H563VGT6, STM32H563VIT3Q, STM32H563VIT6, STM32H563ZGT6, STM32H563ZIT3Q, STM32H563ZIT6, STM32H573AII3Q, STM32H573AII6, STM32H573I-DK, STM32H573IIK3Q, STM32H573IIK6, STM32H573IIT3Q, STM32H573IIT6, STM32H573MIY3QTR, STM32H573RIT6, STM32H573RIV6, STM32H573VIT3Q, STM32H573VIT6, STM32H573ZIT3Q, STM32H573ZIT6, STM32H7R3A8I6, STM32H7R3I8K6, STM32H7R3I8T6, STM32H7R3L8H6, STM32H7R3L8H6H, STM32H7R3R8V6, STM32H7R3V8H6, STM32H7R3V8T6, STM32H7R3V8Y6TR, STM32H7R3Z8J6, STM32H7R3Z8T6, STM32H7R7A8I6, STM32H7R7I8K6, STM32H7R7I8T6, STM32H7R7L8H6, STM32H7R7L8H6H, STM32H7R7Z8J6, STM32H7S3A8I6, STM32H7S3I8K6, STM32H7S3I8T6, STM32H7S3L8H6, STM32H7S3L8H6H, STM32H7S3R8V6, STM32H7S3V8H6, STM32H7S3V8T6, STM32H7S3V8Y6TR, STM32H7S3Z8J6, STM32H7S3Z8T6, STM32H7S78-DK, STM32H7S7A8I6, STM32H7S7I8K6, STM32H7S7I8T6, STM32H7S7L8H6, STM32H7S7L8H6H, STM32H7S7Z8J6, STM32L4R5QGI6STR, STM32MP131AAE3, STM32MP131AAF3, STM32MP131AAG3, STM32MP131CAE3, STM32MP131CAF3, STM32MP131CAG3, STM32MP131DAE7, STM32MP131DAF7, STM32MP131DAG7, STM32MP131FAE7, STM32MP131FAF7, STM32MP131FAG7, STM32MP133AAE3, STM32MP133AAF3, STM32MP133AAG3, STM32MP133CAE3, STM32MP133CAF3, STM32MP133CAG3, STM32MP133DAE7, STM32MP133DAF7, STM32MP133DAG7, STM32MP133FAE7, STM32MP133FAF7, STM32MP133FAG7, STM32MP135AAE3, STM32MP135AAF3, STM32MP135AAG3, STM32MP135CAE3, STM32MP135CAF3, STM32MP135CAG3, STM32MP135DAE7, STM32MP135DAF7, STM32MP135DAG7, STM32MP135F-DK, STM32MP135FAE7, STM32MP135FAF7, STM32MP135FAF7T, STM32MP135FAF7U, STM32MP135FAG7, STM32MP231AAJ3, STM32MP231AAK3, STM32MP231AAL3, STM32MP231CAJ3, STM32MP231CAK3, STM32MP231CAL3, STM32MP231DAJ3, STM32MP231DAK3, STM32MP231DAL3, STM32MP231FAJ3, STM32MP231FAK3, STM32MP231FAL3, STM32MP233AAJ3, STM32MP233AAK3, STM32MP233AAL3, STM32MP233CAJ3, STM32MP233CAK3, STM32MP233CAL3, STM32MP233DAJ3, STM32MP233DAK3, STM32MP233DAL3, STM32MP233FAJ3, STM32MP233FAK3, STM32MP233FAL3, STM32MP235AAJ3, STM32MP235AAK3, STM32MP235AAL3, STM32MP235CAJ3, STM32MP235CAK3, STM32MP235CAL3, STM32MP235DAJ3, STM32MP235DAK3, STM32MP235DAL3, STM32MP235FAJ3, STM32MP235FAK3, STM32MP235FAL3, STM32MP251AAI3, STM32MP251AAJ3, STM32MP251AAK3, STM32MP251AAL3, STM32MP251CAI3, STM32MP251CAJ3, STM32MP251CAK3, STM32MP251CAL3, STM32MP251DAI3, STM32MP251DAJ3, STM32MP251DAK3, STM32MP251DAL3, STM32MP251FAI3, STM32MP251FAJ3, STM32MP251FAK3, STM32MP251FAL3, STM32MP253AAI3, STM32MP253AAJ3, STM32MP253AAK3, STM32MP253AAL3, STM32MP253CAI3, STM32MP253CAJ3, STM32MP253CAK3, STM32MP253CAL3, STM32MP253DAI3, STM32MP253DAJ3, STM32MP253DAK3, STM32MP253DAL3, STM32MP253FAI3, STM32MP253FAJ3, STM32MP253FAK3, STM32MP253FAL3, STM32MP255AAI3, STM32MP255AAJ3, STM32MP255AAK3, STM32MP255AAL3, STM32MP255CAI3, STM32MP255CAJ3, STM32MP255CAK3, STM32MP255CAL3, STM32MP255DAI3, STM32MP255DAJ3, STM32MP255DAK3, STM32MP255DAL3, STM32MP255FAI3, STM32MP255FAJ3, STM32MP255FAK3, STM32MP255FAL3, STM32MP257AAI3, STM32MP257AAJ3, STM32MP257AAK3, STM32MP257AAL3, STM32MP257CAI3, STM32MP257CAJ3, STM32MP257CAK3, STM32MP257CAL3, STM32MP257DAI3, STM32MP257DAJ3, STM32MP257DAK3, STM32MP257DAL3, STM32MP257F-DK, STM32MP257F-EV1, STM32MP257FAI3, STM32MP257FAJ3, STM32MP257FAK3, STM32MP257FAL3, STM32N645A0H3Q, STM32N645B0H3Q, STM32N645I0H3Q, STM32N645L0H3Q, STM32N645X0H3Q, STM32N645Z0H3Q, STM32N647A0H3Q, STM32N647B0H3Q, STM32N647I0H3Q, STM32N647L0H3Q, STM32N647X0H3Q, STM32N647Z0H3Q, STM32N655A0H3Q, STM32N655B0H3Q, STM32N655I0H3Q, STM32N655L0H3Q, STM32N655X0H3Q, STM32N655Z0H3Q, STM32N6570-DK, STM32N657A0H3Q, STM32N657B0H3Q, STM32N657I0H3Q, STM32N657L0H3Q, STM32N657X0H3Q, STM32N657Z0H3Q, STM32U031C6T6, STM32U031C6U6, STM32U031C8T6, STM32U031C8U6, STM32U031F4P6, STM32U031F6P6, STM32U031F8P6, STM32U031G6Y6TR, STM32U031G8Y6TR, STM32U031K4U6, STM32U031K6U6, STM32U031K8U6, STM32U031R6I6, STM32U031R6T6, STM32U031R8I6, STM32U031R8T6, STM32U073C8T6, STM32U073C8U6, STM32U073CBT6, STM32U073CBU6, STM32U073CCT6, STM32U073CCU6, STM32U073H8Y6TR, STM32U073HBY6TR, STM32U073HCY6TR, STM32U073K8U6, STM32U073KBU6, STM32U073KCU6, STM32U073M8I6, STM32U073M8T6, STM32U073MBI6, STM32U073MBT6, STM32U073MCI6, STM32U073MCT6, STM32U073R8I6, STM32U073R8T6, STM32U073RBI6, STM32U073RBT6, STM32U073RCI6, STM32U073RCT6, STM32U083C-DK, STM32U083CCT6, STM32U083CCU6, STM32U083HCY6TR, STM32U083KCU6, STM32U083MCI6, STM32U083MCT6, STM32U083RCI6, STM32U083RCT6, STM32U375CET6, STM32U375CET6Q, STM32U375CEU6, STM32U375CEU6Q, STM32U375CEY6QTR, STM32U375CGT6, STM32U375CGT6Q, STM32U375CGU6, STM32U375CGU6Q, STM32U375CGY6QTR, STM32U375KEU6, STM32U375KGU6, STM32U375REI6, STM32U375REI6Q, STM32U375RET6, STM32U375RET6Q, STM32U375REY6GTR, STM32U375REY6QTR, STM32U375RGI6, STM32U375RGI6Q, STM32U375RGT6, STM32U375RGT6Q, STM32U375RGY6GTR, STM32U375RGY6QTR, STM32U375VEI6, STM32U375VEI6Q, STM32U375VET6, STM32U375VET6Q, STM32U375VGI6, STM32U375VGI6Q, STM32U375VGT6, STM32U375VGT6Q, STM32U385CGT6, STM32U385CGT6Q, STM32U385CGU6, STM32U385CGU6Q, STM32U385CGY6QTR, STM32U385KGU6, STM32U385RGI6, STM32U385RGI6Q, STM32U385RGT6, STM32U385RGT6Q, STM32U385RGY6GTR, STM32U385RGY6QTR, STM32U385VGI6, STM32U385VGI6Q, STM32U385VGT6, STM32U385VGT6Q, STM32U535CBT6, STM32U535CBT6Q, STM32U535CBU6, STM32U535CBU6Q, STM32U535CCT6, STM32U535CCT6Q, STM32U535CCU6, STM32U535CCU6Q, STM32U535CET6, STM32U535CET6Q, STM32U535CEU6, STM32U535CEU6Q, STM32U535JEY6QTR, STM32U535NCY6QTR, STM32U535NEY6QTR, STM32U535RBI6, STM32U535RBI6Q, STM32U535RBT6, STM32U535RBT6Q, STM32U535RCI6, STM32U535RCI6Q, STM32U535RCT6, STM32U535RCT6Q, STM32U535REI6, STM32U535REI6Q, STM32U535RET6, STM32U535RET6Q, STM32U535VCI6, STM32U535VCI6Q, STM32U535VCT6, STM32U535VCT6Q, STM32U535VEI6, STM32U535VEI6Q, STM32U535VET6, STM32U535VET6Q, STM32U545CET6, STM32U545CET6Q, STM32U545CEU6, STM32U545CEU6Q, STM32U545JEY6QTR, STM32U545NEY6QTR, STM32U545REI6, STM32U545REI6Q, STM32U545RET6, STM32U545RET6Q, STM32U545VEI6, STM32U545VEI6Q, STM32U545VET6, STM32U545VET6Q, STM32U595AIH6, STM32U595AIH6Q, STM32U595AJH6, STM32U595AJH6Q, STM32U595QII6, STM32U595QII6Q, STM32U595QJI6, STM32U595QJI6Q, STM32U595RIT6, STM32U595RIT6Q, STM32U595RJT6, STM32U595RJT6Q, STM32U595VIT6, STM32U595VIT6Q, STM32U595VJT6, STM32U595VJT6Q, STM32U595ZIT6, STM32U595ZIT6Q, STM32U595ZIY6QTR, STM32U595ZJT6, STM32U595ZJT6Q, STM32U595ZJY6QTR, STM32U599BJY6QTR, STM32U599NIH6Q, STM32U599NJH6Q, STM32U599VIT6Q, STM32U599VJT6, STM32U599VJT6Q, STM32U599ZIT6Q, STM32U599ZIY6QTR, STM32U599ZJT6Q, STM32U599ZJY6QTR, STM32U5A5AJH6, STM32U5A5AJH6Q, STM32U5A5QII3Q , STM32U5A5QJI6, STM32U5A5QJI6Q, STM32U5A5RJT6, STM32U5A5RJT6Q, STM32U5A5VJT6, STM32U5A5VJT6Q, STM32U5A5ZJT6, STM32U5A5ZJT6Q, STM32U5A5ZJY6QTR, STM32U5A9BJY6QTR, STM32U5A9J-DK, STM32U5A9NJH6Q, STM32U5A9VJT6Q, STM32U5A9ZJT6Q, STM32U5A9ZJY6QTR, STM32U5F7VIT6, STM32U5F7VIT6Q, STM32U5F7VJT6, STM32U5F7VJT6Q, STM32U5F9BJY6QTR, STM32U5F9NJH6Q, STM32U5F9VIT6Q, STM32U5F9VJT6Q, STM32U5F9ZIJ6QTR, STM32U5F9ZIT6Q, STM32U5F9ZJJ6QTR, STM32U5F9ZJT6Q, STM32U5G7VJT6, STM32U5G7VJT6Q, STM32U5G9BJY6QTR, STM32U5G9J-DK1, STM32U5G9J-DK2, STM32U5G9NJH6Q, STM32U5G9VJT6Q, STM32U5G9ZJJ6QTR, STM32U5G9ZJT6Q, STM32WB05KZV6TR, STM32WB05KZV7TR, STM32WB05TZF6TR, STM32WB05TZF7TR, STM32WB06CCF6TR, STM32WB06CCF7TR, STM32WB06CCV6TR, STM32WB06CCV7TR, STM32WB06KCV6TR, STM32WB06KCV7TR, STM32WB07CCF6TR, STM32WB07CCF7TR, STM32WB07CCV6TR, STM32WB07CCV7TR, STM32WB07KCV6TR, STM32WB07KCV7TR, STM32WB09KEV6TR, STM32WB09KEV7TR, STM32WB09TEF6TR, STM32WB09TEF7TR, STM32WB1MMCH6, STM32WBA50KGU6, STM32WBA50KGU6TR, STM32WBA52CEU6, STM32WBA52CEU6TR, STM32WBA52CEU7, STM32WBA52CEU7TR, STM32WBA52CGU6, STM32WBA52CGU6TR, STM32WBA52CGU6U, STM32WBA52CGU7, STM32WBA52CGU7TR, STM32WBA52KEU6, STM32WBA52KEU6TR, STM32WBA52KGU6, STM32WBA52KGU6TR, STM32WBA54CEU6, STM32WBA54CEU6TR, STM32WBA54CEU7, STM32WBA54CEU7TR, STM32WBA54CGU6, STM32WBA54CGU6TR, STM32WBA54CGU7, STM32WBA54CGU7TR, STM32WBA54KEU6, STM32WBA54KEU6TR, STM32WBA54KEU7, STM32WBA54KEU7TR, STM32WBA54KGU6, STM32WBA54KGU6TR, STM32WBA54KGU7, STM32WBA54KGU7TR, STM32WBA55CEU6, STM32WBA55CEU6TR, STM32WBA55CEU7, STM32WBA55CEU7TR, STM32WBA55CGU6, STM32WBA55CGU6TR, STM32WBA55CGU6U, STM32WBA55CGU7, STM32WBA55CGU7TR, STM32WBA55G-DK1, STM32WBA55HEF6, STM32WBA55HEF7, STM32WBA55HGF6, STM32WBA55HGF7, STM32WBA55UEI6, STM32WBA55UEI6TR, STM32WBA55UEI7, STM32WBA55UEI7TR, STM32WBA55UGI6, STM32WBA55UGI6TR, STM32WBA55UGI7, STM32WBA55UGI7TR, STM32WBA5MJGH6TR, STM32WBA62CGU6, STM32WBA62CIU6, STM32WBA62MGF6, STM32WBA62MIF6, STM32WBA62PGI6, STM32WBA62PII6, STM32WBA63CGU6, STM32WBA63CGU7, STM32WBA63CIU6, STM32WBA63CIU7, STM32WBA64CGU6, STM32WBA64CGU7, STM32WBA64CIU6, STM32WBA64CIU7, STM32WBA65CGU6, STM32WBA65CGU7, STM32WBA65CIU6, STM32WBA65CIU7, STM32WBA65I-DK1, STM32WBA65MGF6, STM32WBA65MGF7, STM32WBA65MIF6, STM32WBA65MIF7, STM32WBA65PGI6, STM32WBA65PGI7, STM32WBA65PII6, STM32WBA65PII7, STM32WBA65RGV6, STM32WBA65RGV7, STM32WBA65RIV6, STM32WBA65RIV7, STM32WL30K8V6, STM32WL30KBV6, STM32WL31C8V6, STM32WL31CBV6, STM32WL31K8V6, STM32WL31KBV6, STM32WL33C8V6, STM32WL33C8V6TR, STM32WL33C8V7, STM32WL33C8V7TR, STM32WL33CBV6, STM32WL33CBV6TR, STM32WL33CBV7, STM32WL33CBV7TR, STM32WL33CCV6, STM32WL33CCV6TR, STM32WL33CCV7, STM32WL33CCV7A, STM32WL33CCV7ATR, STM32WL33CCV7TR, STM32WL33K8V6, STM32WL33K8V6TR, STM32WL33K8V7, STM32WL33K8V7TR, STM32WL33KBV6, STM32WL33KBV6TR, STM32WL33KBV7, STM32WL33KBV7TR, STM32WL33KCV6, STM32WL33KCV6TR, STM32WL33KCV7, STM32WL33KCV7TR, STM32WL5MOCH6, STM32WL5MOCH6TR]
2026-03-09 13:21:02,780 [INFO] BoardInfo:889 - No configuration file found for board P-NUCLEO-WB55
2026-03-09 13:21:02,781 [INFO] DbBoards:161 - Kit is not supported: P-NUCLEO-WB55
2026-03-09 13:21:02,783 [INFO] BoardInfo:889 - No configuration file found for board STEVAL-BFA001V1B
2026-03-09 13:21:02,783 [INFO] DbBoards:161 - Kit is not supported: STEVAL-BFA001V1B
2026-03-09 13:21:02,784 [INFO] BoardInfo:889 - No configuration file found for board STEVAL-BFA001V2B
2026-03-09 13:21:02,784 [INFO] DbBoards:161 - Kit is not supported: STEVAL-BFA001V2B
2026-03-09 13:21:02,838 [INFO] BoardInfo:889 - No configuration file found for board STM32MP215F-DK
2026-03-09 13:21:02,838 [INFO] DbBoards:161 - Board is not supported: STM32MP215F-DK
2026-03-09 13:21:02,845 [INFO] DbBoards:168 - Found 212 boards, 208 are supported
2026-03-09 13:21:02,845 [INFO] DbBoards:169 - Found 212 boards, 43 of them is supported for  Bsp
2026-03-09 13:21:02,848 [INFO] ApiDb:423 - Load user favorites file /home/stratobotic/.stm32cubeide/favorites.boards.txt: 1 item(s)
2026-03-09 13:21:02,848 [INFO] ApiDb:427 - User favorites Boards=[NUCLEO-F446RE]
2026-03-09 13:21:02,848 [INFO] DbBoards:198 - Set 1 / 1 favorites Boards
2026-03-09 13:21:02,850 [INFO] ApiDb:668 - CubeFinder database Data Model version=2.1
2026-03-09 13:21:02,851 [INFO] ApiDb:669 - CubeFinder database Configuration version=3.0.42
2026-03-09 13:21:02,851 [INFO] ApiDb:670 - CubeFinder database generation date=2026-02-13 (1770995876)
2026-03-09 13:21:02,851 [INFO] ApiDb:671 - CubeFinder database FW Pack versions=[FP-ATR-ASTRA1_V2.0.0, FP-SNS-FLIGHT1_V5.1.0, FP-SNS-MOTENV1_V5.1.0, FP-SNS-MOTENVWB1_V1.4.0, FP-SNS-SMARTAG2_V1.2.0, FP-SNS-STBOX1_V2.1.0, STM32Cube_FW_C0_V1.4.0, STM32Cube_FW_F4_V1.28.3, STM32Cube_FW_F7_V1.17.4, STM32Cube_FW_G0_V1.6.2, STM32Cube_FW_G4_V1.6.1, STM32Cube_FW_H5_V1.6.0, STM32Cube_FW_H7RS_V1.3.0, STM32Cube_FW_H7_V1.13.0, STM32Cube_FW_L0_V1.12.2, STM32Cube_FW_L4_V1.18.2, STM32Cube_FW_L5_V1.6.0, STM32Cube_FW_N6_V1.3.0, STM32Cube_FW_U0_V1.3.0, STM32Cube_FW_U3_V1.3.0, STM32Cube_FW_U5_V1.8.0, STM32Cube_FW_WB0_V1.4.0, STM32Cube_FW_WBA_V1.9.0, STM32Cube_FW_WB_V1.24.0, STM32Cube_FW_WL3_V1.4.0, STM32Cube_FW_WL_V1.5.0, X-CUBE-ALGOBUILD_V1.4.0, X-CUBE-ALS_V1.0.2, X-CUBE-AZRTOS-F4_V1.1.0, X-CUBE-AZRTOS-F7_V1.1.0, X-CUBE-AZRTOS-G0_V1.1.0, X-CUBE-AZRTOS-G4_V2.0.0, X-CUBE-AZRTOS-H7RS_V1.1.0, X-CUBE-AZRTOS-H7_V3.4.0, X-CUBE-AZRTOS-L4_V2.0.0, X-CUBE-AZRTOS-L5_V2.0.0, X-CUBE-AZRTOS-WB_V2.0.0, X-CUBE-AZRTOS-WL_V2.0.0, X-CUBE-BLE1_V7.1.0, X-CUBE-BLE2_V3.3.0, X-CUBE-BLEMGR_V4.1.0, X-CUBE-EEPRMA1_V5.2.0, X-CUBE-FREERTOS_V1.3.1, X-CUBE-GNSS1_V6.0.0, X-CUBE-MEMS1_V12.0.0, X-CUBE-NFC4_V3.0.0, X-CUBE-NFC7_V2.0.0, X-CUBE-SFXS2LP1_V4.0.0, X-CUBE-ST67W61_V1.1.0, X-CUBE-SUBG2_V5.0.0, X-CUBE-TOF1_V3.4.3]
2026-03-09 13:21:03,287 [ERROR] DbExamplesSqlite:437 - Missing JSON key: board_cpn
2026-03-09 13:21:03,288 [ERROR] DbExamplesSqlite:437 - Missing JSON key: board_cpn
2026-03-09 13:21:03,288 [ERROR] DbExamplesSqlite:437 - Missing JSON key: board_cpn
2026-03-09 13:21:03,288 [ERROR] DbExamplesSqlite:437 - Missing JSON key: board_cpn
2026-03-09 13:21:03,486 [ERROR] DbExamplesSqlite:437 - Missing JSON key: board_cpn
2026-03-09 13:21:03,487 [ERROR] DbExamplesSqlite:437 - Missing JSON key: board_cpn
2026-03-09 13:21:03,520 [INFO] DbExamplesSqlite:395 - Ignored 41 examples not supported by CubeIDE
2026-03-09 13:21:03,520 [INFO] DbExamplesSqlite:396 - Found 11202 examples active
2026-03-09 13:21:03,521 [INFO] DbExamplesSqlite:397 - Found 0 examples obsolete
2026-03-09 13:21:03,521 [INFO] DbExamplesSqlite:398 - Found 0 examples under development
2026-03-09 13:21:03,521 [INFO] DbExamplesSqlite:399 - Found 76 examples not building
2026-03-09 13:21:03,523 [INFO] DbExamples:125 - Found 11237 examples
2026-03-09 13:21:03,591 [ERROR] DbExamples:208 - Found 712 examples with invalid data (board or MCU)
2026-03-09 13:21:03,591 [INFO] DbExamples:222 - Found 134 boards with related examples
2026-03-09 13:21:03,593 [INFO] DbExamples:235 - Found 112 MCUs with related examples
2026-03-09 13:21:03,618 [INFO] ApiDb:414 - User favorites file not found: /home/stratobotic/.stm32cubeide/favorites.examples.txt
2026-03-09 13:21:03,618 [INFO] DbExamples:250 - Set 0 / 0 favorites Examples
2026-03-09 13:21:03,805 [INFO] McuFinderGlobals:76 - Set McuFinderConnectedMode to true
2026-03-09 13:21:03,812 [INFO] MultiScanPanel:200 - Auto-refresh data requested => check proxy status ongoing
2026-03-09 13:21:03,814 [INFO] FinderPluginLoader:95 - Searching for filters in installed packs
2026-03-09 13:21:05,063 [INFO] LoadUrlFilesThread:185 - End of LoadServerUrlFiles without Thread
2026-03-09 13:21:05,069 [INFO] DetailPanel:341 - Set advertising image to /home/stratobotic/STM32Cube/Repository//en.prom-stm32c5-0326.jpg
2026-03-09 13:21:09,194 [INFO] MultiScanPanel:200 - Auto-refresh data requested => check proxy status ongoing
2026-03-09 13:21:09,251 [INFO] LoadUrlFilesThread:185 - End of LoadServerUrlFiles without Thread
2026-03-09 13:21:09,251 [INFO] DetailPanel:341 - Set advertising image to /home/stratobotic/STM32Cube/Repository//en.prom-stm32c5-0326.jpg
2026-03-09 13:21:09,258 [INFO] DbBoards:642 - Loading board mini-images...
2026-03-09 13:21:10,572 [INFO] DbBoards:665 - Loaded 212 board mini-images
2026-03-09 13:21:10,601 [INFO] MultiScanPanel:200 - Auto-refresh data requested => check proxy status ongoing
2026-03-09 13:21:10,606 [INFO] SoftwarePacks:127 - Download is needed for SW pack 'FP-ATR-ASTRA1_V2.0.0'
2026-03-09 13:21:10,607 [INFO] SoftwarePacks:127 - Download is needed for SW pack 'FP-SNS-FLIGHT1_V5.1.0'
2026-03-09 13:21:10,607 [INFO] SoftwarePacks:127 - Download is needed for SW pack 'FP-SNS-MOTENV1_V5.1.0'
2026-03-09 13:21:10,607 [INFO] SoftwarePacks:127 - Download is needed for SW pack 'FP-SNS-MOTENVWB1_V1.4.0'
2026-03-09 13:21:10,607 [INFO] SoftwarePacks:127 - Download is needed for SW pack 'FP-SNS-SMARTAG2_V1.2.0'
2026-03-09 13:21:10,607 [INFO] SoftwarePacks:127 - Download is needed for SW pack 'FP-SNS-STBOX1_V2.1.0'
2026-03-09 13:21:10,611 [INFO] SoftwarePacks:127 - Download is needed for SW pack 'STM32Cube_FW_C0_V1.4.0'
2026-03-09 13:21:10,612 [INFO] SoftwarePacks:131 - Found SW pack 'STM32Cube_FW_F4_V1.28.3' up-to-date on disk.
2026-03-09 13:21:10,613 [INFO] SoftwarePacks:127 - Download is needed for SW pack 'STM32Cube_FW_F7_V1.17.4'
2026-03-09 13:21:10,615 [INFO] SoftwarePacks:127 - Download is needed for SW pack 'STM32Cube_FW_G0_V1.6.2'
2026-03-09 13:21:10,616 [INFO] SoftwarePacks:127 - Download is needed for SW pack 'STM32Cube_FW_G4_V1.6.1'
2026-03-09 13:21:10,617 [INFO] SoftwarePacks:127 - Download is needed for SW pack 'STM32Cube_FW_H5_V1.6.0'
2026-03-09 13:21:10,618 [INFO] SoftwarePacks:127 - Download is needed for SW pack 'STM32Cube_FW_H7RS_V1.3.0'
2026-03-09 13:21:10,619 [INFO] SoftwarePacks:127 - Download is needed for SW pack 'STM32Cube_FW_H7_V1.13.0'
2026-03-09 13:21:10,619 [INFO] SoftwarePacks:127 - Download is needed for SW pack 'STM32Cube_FW_L0_V1.12.2'
2026-03-09 13:21:10,620 [INFO] SoftwarePacks:127 - Download is needed for SW pack 'STM32Cube_FW_L4_V1.18.2'
2026-03-09 13:21:10,621 [INFO] SoftwarePacks:127 - Download is needed for SW pack 'STM32Cube_FW_L5_V1.6.0'
2026-03-09 13:21:10,622 [INFO] SoftwarePacks:127 - Download is needed for SW pack 'STM32Cube_FW_N6_V1.3.0'
2026-03-09 13:21:10,623 [INFO] SoftwarePacks:127 - Download is needed for SW pack 'STM32Cube_FW_U0_V1.3.0'
2026-03-09 13:21:10,624 [INFO] SoftwarePacks:127 - Download is needed for SW pack 'STM32Cube_FW_U3_V1.3.0'
2026-03-09 13:21:10,625 [INFO] SoftwarePacks:127 - Download is needed for SW pack 'STM32Cube_FW_U5_V1.8.0'
2026-03-09 13:21:10,625 [INFO] SoftwarePacks:127 - Download is needed for SW pack 'STM32Cube_FW_WB0_V1.4.0'
2026-03-09 13:21:10,626 [INFO] SoftwarePacks:127 - Download is needed for SW pack 'STM32Cube_FW_WBA_V1.9.0'
2026-03-09 13:21:10,627 [INFO] SoftwarePacks:127 - Download is needed for SW pack 'STM32Cube_FW_WB_V1.24.0'
2026-03-09 13:21:10,628 [INFO] SoftwarePacks:127 - Download is needed for SW pack 'STM32Cube_FW_WL3_V1.4.0'
2026-03-09 13:21:10,628 [INFO] SoftwarePacks:127 - Download is needed for SW pack 'STM32Cube_FW_WL_V1.5.0'
2026-03-09 13:21:10,628 [INFO] SoftwarePacks:127 - Download is needed for SW pack 'X-CUBE-ALGOBUILD_V1.4.0'
2026-03-09 13:21:10,629 [INFO] SoftwarePacks:127 - Download is needed for SW pack 'X-CUBE-ALS_V1.0.2'
2026-03-09 13:21:10,629 [INFO] SoftwarePacks:127 - Download is needed for SW pack 'X-CUBE-AZRTOS-F4_V1.1.0'
2026-03-09 13:21:10,629 [INFO] SoftwarePacks:127 - Download is needed for SW pack 'X-CUBE-AZRTOS-F7_V1.1.0'
2026-03-09 13:21:10,629 [INFO] SoftwarePacks:127 - Download is needed for SW pack 'X-CUBE-AZRTOS-G0_V1.1.0'
2026-03-09 13:21:10,629 [INFO] SoftwarePacks:127 - Download is needed for SW pack 'X-CUBE-AZRTOS-G4_V2.0.0'
2026-03-09 13:21:10,629 [INFO] SoftwarePacks:127 - Download is needed for SW pack 'X-CUBE-AZRTOS-H7RS_V1.1.0'
2026-03-09 13:21:10,629 [INFO] SoftwarePacks:127 - Download is needed for SW pack 'X-CUBE-AZRTOS-H7_V3.4.0'
2026-03-09 13:21:10,629 [INFO] SoftwarePacks:127 - Download is needed for SW pack 'X-CUBE-AZRTOS-L4_V2.0.0'
2026-03-09 13:21:10,629 [INFO] SoftwarePacks:127 - Download is needed for SW pack 'X-CUBE-AZRTOS-L5_V2.0.0'
2026-03-09 13:21:10,629 [INFO] SoftwarePacks:127 - Download is needed for SW pack 'X-CUBE-AZRTOS-WB_V2.0.0'
2026-03-09 13:21:10,629 [INFO] SoftwarePacks:127 - Download is needed for SW pack 'X-CUBE-AZRTOS-WL_V2.0.0'
2026-03-09 13:21:10,629 [INFO] SoftwarePacks:127 - Download is needed for SW pack 'X-CUBE-BLE1_V7.1.0'
2026-03-09 13:21:10,629 [INFO] SoftwarePacks:127 - Download is needed for SW pack 'X-CUBE-BLE2_V3.3.0'
2026-03-09 13:21:10,629 [INFO] SoftwarePacks:127 - Download is needed for SW pack 'X-CUBE-BLEMGR_V4.1.0'
2026-03-09 13:21:10,629 [INFO] SoftwarePacks:127 - Download is needed for SW pack 'X-CUBE-EEPRMA1_V5.2.0'
2026-03-09 13:21:10,629 [INFO] SoftwarePacks:127 - Download is needed for SW pack 'X-CUBE-FREERTOS_V1.3.1'
2026-03-09 13:21:10,629 [INFO] SoftwarePacks:127 - Download is needed for SW pack 'X-CUBE-GNSS1_V6.0.0'
2026-03-09 13:21:10,629 [INFO] SoftwarePacks:127 - Download is needed for SW pack 'X-CUBE-MEMS1_V12.0.0'
2026-03-09 13:21:10,629 [INFO] SoftwarePacks:127 - Download is needed for SW pack 'X-CUBE-NFC4_V3.0.0'
2026-03-09 13:21:10,629 [INFO] SoftwarePacks:127 - Download is needed for SW pack 'X-CUBE-NFC7_V2.0.0'
2026-03-09 13:21:10,629 [INFO] SoftwarePacks:127 - Download is needed for SW pack 'X-CUBE-SFXS2LP1_V4.0.0'
2026-03-09 13:21:10,629 [INFO] SoftwarePacks:127 - Download is needed for SW pack 'X-CUBE-ST67W61_V1.1.0'
2026-03-09 13:21:10,629 [INFO] SoftwarePacks:127 - Download is needed for SW pack 'X-CUBE-SUBG2_V5.0.0'
2026-03-09 13:21:10,630 [INFO] SoftwarePacks:127 - Download is needed for SW pack 'X-CUBE-TOF1_V3.4.3'
2026-03-09 13:21:11,872 [INFO] LoadUrlFilesThread:185 - End of LoadServerUrlFiles without Thread
2026-03-09 13:21:11,873 [INFO] DetailPanel:341 - Set advertising image to /home/stratobotic/STM32Cube/Repository//en.prom-stm32c5-0326.jpg
2026-03-09 13:21:11,886 [ERROR] AppliInfo:139 - Unknown STM32CubeMX version: 6.15.0
2026-03-09 13:21:11,886 [ERROR] AppliInfo:139 - Unknown STM32CubeMX version: 6.15.0
2026-03-09 13:21:11,886 [ERROR] AppliInfo:139 - Unknown STM32CubeMX version: 6.15.0
2026-03-09 13:21:11,887 [ERROR] AppliInfo:139 - Unknown STM32CubeMX version: 6.15.0
2026-03-09 13:21:11,887 [ERROR] AppliInfo:139 - Unknown STM32CubeMX version: 6.15.0
2026-03-09 13:21:11,888 [ERROR] AppliInfo:139 - Unknown STM32CubeMX version: 6.15.0
2026-03-09 13:21:11,888 [ERROR] AppliInfo:139 - Unknown STM32CubeMX version: 6.14.1
2026-03-09 13:21:11,889 [ERROR] AppliInfo:139 - Unknown STM32CubeMX version: 6.14.1
2026-03-09 13:21:11,889 [ERROR] AppliInfo:139 - Unknown STM32CubeMX version: 6.14.1
2026-03-09 13:21:11,889 [ERROR] AppliInfo:139 - Unknown STM32CubeMX version: 6.14.1
2026-03-09 13:21:11,889 [ERROR] AppliInfo:139 - Unknown STM32CubeMX version: 6.14.1
2026-03-09 13:21:11,898 [ERROR] AppliInfo:139 - Unknown STM32CubeMX version: 6.14.1
2026-03-09 13:21:11,898 [ERROR] AppliInfo:139 - Unknown STM32CubeMX version: 6.14.1
2026-03-09 13:21:11,898 [ERROR] AppliInfo:139 - Unknown STM32CubeMX version: 6.14.1
2026-03-09 13:21:11,899 [ERROR] AppliInfo:139 - Unknown STM32CubeMX version: 6.14.1
2026-03-09 13:21:11,899 [ERROR] AppliInfo:139 - Unknown STM32CubeMX version: 6.14.1
2026-03-09 13:21:11,899 [ERROR] AppliInfo:139 - Unknown STM32CubeMX version: 6.14.1
2026-03-09 13:21:11,899 [ERROR] AppliInfo:139 - Unknown STM32CubeMX version: 6.14.1
2026-03-09 13:21:11,899 [ERROR] AppliInfo:139 - Unknown STM32CubeMX version: 6.14.1
2026-03-09 13:21:11,899 [ERROR] AppliInfo:139 - Unknown STM32CubeMX version: 6.14.1
2026-03-09 13:21:12,162 [ERROR] AppliInfo:139 - Unknown STM32CubeMX version: 6.17.0
2026-03-09 13:21:12,167 [ERROR] AppliInfo:139 - Unknown STM32CubeMX version: 6.17.0
2026-03-09 13:21:12,167 [ERROR] AppliInfo:139 - Unknown STM32CubeMX version: 6.17.0
2026-03-09 13:21:12,167 [ERROR] AppliInfo:139 - Unknown STM32CubeMX version: 6.17.0
2026-03-09 13:21:12,167 [ERROR] AppliInfo:139 - Unknown STM32CubeMX version: 6.17.0
2026-03-09 13:21:12,167 [ERROR] AppliInfo:139 - Unknown STM32CubeMX version: 6.17.0
2026-03-09 13:21:12,168 [ERROR] AppliInfo:139 - Unknown STM32CubeMX version: 6.17.0
2026-03-09 13:21:12,168 [ERROR] AppliInfo:139 - Unknown STM32CubeMX version: 6.17.0
2026-03-09 13:21:12,168 [ERROR] AppliInfo:139 - Unknown STM32CubeMX version: 6.17.0
2026-03-09 13:21:12,173 [ERROR] AppliInfo:139 - Unknown STM32CubeMX version: 6.17.0
2026-03-09 13:21:12,173 [ERROR] AppliInfo:139 - Unknown STM32CubeMX version: 6.17.0
2026-03-09 13:21:12,173 [ERROR] AppliInfo:139 - Unknown STM32CubeMX version: 6.17.0
2026-03-09 13:21:12,173 [ERROR] AppliInfo:139 - Unknown STM32CubeMX version: 6.17.0
2026-03-09 13:21:12,174 [ERROR] AppliInfo:139 - Unknown STM32CubeMX version: 6.17.0
2026-03-09 13:21:12,174 [ERROR] AppliInfo:139 - Unknown STM32CubeMX version: 6.17.0
2026-03-09 13:21:12,174 [ERROR] AppliInfo:139 - Unknown STM32CubeMX version: 6.17.0
2026-03-09 13:21:12,174 [ERROR] AppliInfo:139 - Unknown STM32CubeMX version: 6.17.0
2026-03-09 13:21:12,174 [ERROR] AppliInfo:139 - Unknown STM32CubeMX version: 6.17.0
2026-03-09 13:21:12,174 [ERROR] AppliInfo:139 - Unknown STM32CubeMX version: 6.17.0
2026-03-09 13:21:12,174 [ERROR] AppliInfo:139 - Unknown STM32CubeMX version: 6.17.0
2026-03-09 13:21:12,174 [ERROR] AppliInfo:139 - Unknown STM32CubeMX version: 6.17.0
2026-03-09 13:21:12,175 [ERROR] AppliInfo:139 - Unknown STM32CubeMX version: 6.17.0
2026-03-09 13:21:12,175 [ERROR] AppliInfo:139 - Unknown STM32CubeMX version: 6.17.0
2026-03-09 13:21:12,175 [ERROR] AppliInfo:139 - Unknown STM32CubeMX version: 6.17.0
2026-03-09 13:21:12,175 [ERROR] AppliInfo:139 - Unknown STM32CubeMX version: 6.17.0
2026-03-09 13:21:12,175 [ERROR] AppliInfo:139 - Unknown STM32CubeMX version: 6.17.0
2026-03-09 13:21:12,175 [ERROR] AppliInfo:139 - Unknown STM32CubeMX version: 6.17.0
2026-03-09 13:21:12,176 [ERROR] AppliInfo:139 - Unknown STM32CubeMX version: 6.17.0
2026-03-09 13:21:12,176 [ERROR] AppliInfo:139 - Unknown STM32CubeMX version: 6.17.0
2026-03-09 13:21:12,184 [ERROR] AppliInfo:139 - Unknown STM32CubeMX version: 6.17.0
2026-03-09 13:21:12,184 [ERROR] AppliInfo:139 - Unknown STM32CubeMX version: 6.17.0
2026-03-09 13:21:12,185 [ERROR] AppliInfo:139 - Unknown STM32CubeMX version: 6.17.0
2026-03-09 13:21:12,185 [ERROR] AppliInfo:139 - Unknown STM32CubeMX version: 6.17.0
2026-03-09 13:21:12,186 [ERROR] AppliInfo:139 - Unknown STM32CubeMX version: 6.17.0
2026-03-09 13:21:12,186 [ERROR] AppliInfo:139 - Unknown STM32CubeMX version: 6.17.0
2026-03-09 13:21:12,187 [ERROR] AppliInfo:139 - Unknown STM32CubeMX version: 6.17.0
2026-03-09 13:21:12,187 [ERROR] AppliInfo:139 - Unknown STM32CubeMX version: 6.17.0
2026-03-09 13:21:12,187 [ERROR] AppliInfo:139 - Unknown STM32CubeMX version: 6.17.0
2026-03-09 13:21:12,217 [ERROR] AppliInfo:139 - Unknown STM32CubeMX version: 6.17.0
2026-03-09 13:21:12,220 [ERROR] AppliInfo:139 - Unknown STM32CubeMX version: 6.17.0
2026-03-09 13:21:12,221 [ERROR] AppliInfo:139 - Unknown STM32CubeMX version: 6.17.0
2026-03-09 13:21:12,221 [ERROR] AppliInfo:139 - Unknown STM32CubeMX version: 6.17.0
2026-03-09 13:21:12,221 [ERROR] AppliInfo:139 - Unknown STM32CubeMX version: 6.17.0
2026-03-09 13:21:12,222 [ERROR] AppliInfo:139 - Unknown STM32CubeMX version: 6.17.0
2026-03-09 13:21:12,222 [ERROR] AppliInfo:139 - Unknown STM32CubeMX version: 6.17.0
2026-03-09 13:21:12,222 [ERROR] AppliInfo:139 - Unknown STM32CubeMX version: 6.17.0
2026-03-09 13:21:12,222 [ERROR] AppliInfo:139 - Unknown STM32CubeMX version: 6.17.0
2026-03-09 13:21:12,223 [ERROR] AppliInfo:139 - Unknown STM32CubeMX version: 6.17.0
2026-03-09 13:21:12,223 [ERROR] AppliInfo:139 - Unknown STM32CubeMX version: 6.17.0
2026-03-09 13:21:12,223 [ERROR] AppliInfo:139 - Unknown STM32CubeMX version: 6.17.0
2026-03-09 13:21:12,223 [ERROR] AppliInfo:139 - Unknown STM32CubeMX version: 6.17.0
2026-03-09 13:21:12,223 [ERROR] AppliInfo:139 - Unknown STM32CubeMX version: 6.17.0
2026-03-09 13:21:12,223 [ERROR] AppliInfo:139 - Unknown STM32CubeMX version: 6.17.0
2026-03-09 13:21:12,223 [ERROR] AppliInfo:139 - Unknown STM32CubeMX version: 6.17.0
2026-03-09 13:21:12,224 [ERROR] AppliInfo:139 - Unknown STM32CubeMX version: 6.17.0
2026-03-09 13:21:12,224 [ERROR] AppliInfo:139 - Unknown STM32CubeMX version: 6.17.0
2026-03-09 13:21:12,224 [ERROR] AppliInfo:139 - Unknown STM32CubeMX version: 6.17.0
2026-03-09 13:21:12,224 [ERROR] AppliInfo:139 - Unknown STM32CubeMX version: 6.17.0
2026-03-09 13:21:12,224 [ERROR] AppliInfo:139 - Unknown STM32CubeMX version: 6.17.0
2026-03-09 13:21:12,224 [ERROR] AppliInfo:139 - Unknown STM32CubeMX version: 6.17.0
2026-03-09 13:21:12,224 [ERROR] AppliInfo:139 - Unknown STM32CubeMX version: 6.17.0
2026-03-09 13:21:12,224 [ERROR] AppliInfo:139 - Unknown STM32CubeMX version: 6.17.0
2026-03-09 13:21:12,225 [ERROR] AppliInfo:139 - Unknown STM32CubeMX version: 6.17.0
2026-03-09 13:21:12,225 [ERROR] AppliInfo:139 - Unknown STM32CubeMX version: 6.17.0
2026-03-09 13:21:12,225 [ERROR] AppliInfo:139 - Unknown STM32CubeMX version: 6.17.0
2026-03-09 13:21:12,225 [ERROR] AppliInfo:139 - Unknown STM32CubeMX version: 6.17.0
2026-03-09 13:21:12,225 [ERROR] AppliInfo:139 - Unknown STM32CubeMX version: 6.17.0
2026-03-09 13:21:12,225 [ERROR] AppliInfo:139 - Unknown STM32CubeMX version: 6.17.0
2026-03-09 13:21:12,225 [ERROR] AppliInfo:139 - Unknown STM32CubeMX version: 6.17.0
2026-03-09 13:21:12,225 [ERROR] AppliInfo:139 - Unknown STM32CubeMX version: 6.17.0
2026-03-09 13:21:12,226 [ERROR] AppliInfo:139 - Unknown STM32CubeMX version: 6.17.0
2026-03-09 13:21:12,226 [ERROR] AppliInfo:139 - Unknown STM32CubeMX version: 6.17.0
2026-03-09 13:21:12,226 [ERROR] AppliInfo:139 - Unknown STM32CubeMX version: 6.17.0
2026-03-09 13:21:12,226 [ERROR] AppliInfo:139 - Unknown STM32CubeMX version: 6.17.0
2026-03-09 13:21:12,226 [ERROR] AppliInfo:139 - Unknown STM32CubeMX version: 6.17.0
2026-03-09 13:21:12,226 [ERROR] AppliInfo:139 - Unknown STM32CubeMX version: 6.17.0
2026-03-09 13:21:12,226 [ERROR] AppliInfo:139 - Unknown STM32CubeMX version: 6.17.0
2026-03-09 13:21:12,226 [ERROR] AppliInfo:139 - Unknown STM32CubeMX version: 6.17.0
2026-03-09 13:21:12,226 [ERROR] AppliInfo:139 - Unknown STM32CubeMX version: 6.17.0
2026-03-09 13:21:12,227 [ERROR] AppliInfo:139 - Unknown STM32CubeMX version: 6.17.0
2026-03-09 13:21:12,227 [ERROR] AppliInfo:139 - Unknown STM32CubeMX version: 6.17.0
2026-03-09 13:21:12,227 [ERROR] AppliInfo:139 - Unknown STM32CubeMX version: 6.17.0
2026-03-09 13:21:12,227 [ERROR] AppliInfo:139 - Unknown STM32CubeMX version: 6.17.0
2026-03-09 13:21:12,227 [ERROR] AppliInfo:139 - Unknown STM32CubeMX version: 6.17.0
2026-03-09 13:21:12,227 [ERROR] AppliInfo:139 - Unknown STM32CubeMX version: 6.17.0
2026-03-09 13:21:12,227 [ERROR] AppliInfo:139 - Unknown STM32CubeMX version: 6.17.0
2026-03-09 13:21:12,227 [ERROR] AppliInfo:139 - Unknown STM32CubeMX version: 6.17.0
2026-03-09 13:21:12,231 [ERROR] AppliInfo:139 - Unknown STM32CubeMX version: 6.17.0
2026-03-09 13:21:12,231 [ERROR] AppliInfo:139 - Unknown STM32CubeMX version: 6.17.0
2026-03-09 13:21:12,232 [ERROR] AppliInfo:139 - Unknown STM32CubeMX version: 6.17.0
2026-03-09 13:21:12,232 [ERROR] AppliInfo:139 - Unknown STM32CubeMX version: 6.17.0
2026-03-09 13:21:12,232 [ERROR] AppliInfo:139 - Unknown STM32CubeMX version: 6.17.0
2026-03-09 13:21:12,232 [ERROR] AppliInfo:139 - Unknown STM32CubeMX version: 6.17.0
2026-03-09 13:21:12,232 [ERROR] AppliInfo:139 - Unknown STM32CubeMX version: 6.17.0
2026-03-09 13:21:12,232 [ERROR] AppliInfo:139 - Unknown STM32CubeMX version: 6.17.0
2026-03-09 13:21:12,233 [ERROR] AppliInfo:139 - Unknown STM32CubeMX version: 6.17.0
2026-03-09 13:21:12,233 [ERROR] AppliInfo:139 - Unknown STM32CubeMX version: 6.17.0
2026-03-09 13:21:12,233 [ERROR] AppliInfo:139 - Unknown STM32CubeMX version: 6.17.0
2026-03-09 13:21:12,233 [ERROR] AppliInfo:139 - Unknown STM32CubeMX version: 6.17.0
2026-03-09 13:21:12,233 [ERROR] AppliInfo:139 - Unknown STM32CubeMX version: 6.17.0
2026-03-09 13:21:12,233 [ERROR] AppliInfo:139 - Unknown STM32CubeMX version: 6.17.0
2026-03-09 13:21:12,233 [ERROR] AppliInfo:139 - Unknown STM32CubeMX version: 6.17.0
2026-03-09 13:21:12,233 [ERROR] AppliInfo:139 - Unknown STM32CubeMX version: 6.17.0
2026-03-09 13:21:12,234 [ERROR] AppliInfo:139 - Unknown STM32CubeMX version: 6.17.0
2026-03-09 13:21:12,234 [ERROR] AppliInfo:139 - Unknown STM32CubeMX version: 6.17.0
2026-03-09 13:21:12,234 [ERROR] AppliInfo:139 - Unknown STM32CubeMX version: 6.17.0
2026-03-09 13:21:12,234 [ERROR] AppliInfo:139 - Unknown STM32CubeMX version: 6.17.0
2026-03-09 13:21:12,234 [ERROR] AppliInfo:139 - Unknown STM32CubeMX version: 6.17.0
2026-03-09 13:21:12,234 [ERROR] AppliInfo:139 - Unknown STM32CubeMX version: 6.17.0
2026-03-09 13:21:12,234 [ERROR] AppliInfo:139 - Unknown STM32CubeMX version: 6.17.0
2026-03-09 13:21:12,234 [ERROR] AppliInfo:139 - Unknown STM32CubeMX version: 6.17.0
2026-03-09 13:21:12,234 [ERROR] AppliInfo:139 - Unknown STM32CubeMX version: 6.17.0
2026-03-09 13:21:12,235 [ERROR] AppliInfo:139 - Unknown STM32CubeMX version: 6.17.0
2026-03-09 13:21:12,235 [ERROR] AppliInfo:139 - Unknown STM32CubeMX version: 6.17.0
2026-03-09 13:21:12,235 [ERROR] AppliInfo:139 - Unknown STM32CubeMX version: 6.17.0
2026-03-09 13:21:12,235 [ERROR] AppliInfo:139 - Unknown STM32CubeMX version: 6.17.0
2026-03-09 13:21:12,235 [ERROR] AppliInfo:139 - Unknown STM32CubeMX version: 6.17.0
2026-03-09 13:21:12,523 [ERROR] AppliInfo:139 - Unknown STM32CubeMX version: 6.16.0
2026-03-09 13:21:12,524 [ERROR] AppliInfo:139 - Unknown STM32CubeMX version: 6.16.0
2026-03-09 13:21:12,524 [ERROR] AppliInfo:139 - Unknown STM32CubeMX version: 6.16.0
2026-03-09 13:21:12,524 [ERROR] AppliInfo:139 - Unknown STM32CubeMX version: 6.16.0
2026-03-09 13:21:12,524 [ERROR] AppliInfo:139 - Unknown STM32CubeMX version: 6.16.0
2026-03-09 13:21:12,527 [ERROR] AppliInfo:139 - Unknown STM32CubeMX version: 6.15.0
2026-03-09 13:21:12,527 [ERROR] AppliInfo:139 - Unknown STM32CubeMX version: 6.15.0
2026-03-09 13:21:12,527 [ERROR] AppliInfo:139 - Unknown STM32CubeMX version: 6.15.0
2026-03-09 13:21:12,527 [ERROR] AppliInfo:139 - Unknown STM32CubeMX version: 6.15.0
2026-03-09 13:21:12,527 [ERROR] AppliInfo:139 - Unknown STM32CubeMX version: 6.15.0
2026-03-09 13:21:12,527 [ERROR] AppliInfo:139 - Unknown STM32CubeMX version: 6.15.0
2026-03-09 13:21:12,527 [ERROR] AppliInfo:139 - Unknown STM32CubeMX version: 6.15.0
2026-03-09 13:21:12,533 [ERROR] AppliInfo:139 - Unknown STM32CubeMX version: 6.15.0
2026-03-09 13:21:12,539 [ERROR] AppliInfo:139 - Unknown STM32CubeMX version: 6.16.0
2026-03-09 13:21:12,539 [ERROR] AppliInfo:139 - Unknown STM32CubeMX version: 6.16.0
2026-03-09 13:21:12,539 [ERROR] AppliInfo:139 - Unknown STM32CubeMX version: 6.16.0
2026-03-09 13:21:12,541 [ERROR] AppliInfo:139 - Unknown STM32CubeMX version: 6.16.0
2026-03-09 13:21:12,669 [ERROR] AppliInfo:139 - Unknown STM32CubeMX version: 6.16.0
2026-03-09 13:21:12,672 [ERROR] AppliInfo:139 - Unknown STM32CubeMX version: 6.16.0
2026-03-09 13:21:12,696 [ERROR] AppliInfo:139 - Unknown STM32CubeMX version: 6.16.0
2026-03-09 13:21:12,698 [ERROR] AppliInfo:139 - Unknown STM32CubeMX version: 6.16.0
2026-03-09 13:21:12,699 [ERROR] AppliInfo:139 - Unknown STM32CubeMX version: 6.16.0
2026-03-09 13:21:12,699 [ERROR] AppliInfo:139 - Unknown STM32CubeMX version: 6.16.0
2026-03-09 13:21:12,699 [ERROR] AppliInfo:139 - Unknown STM32CubeMX version: 6.16.0
2026-03-09 13:21:12,699 [ERROR] AppliInfo:139 - Unknown STM32CubeMX version: 6.16.0
2026-03-09 13:21:12,700 [ERROR] AppliInfo:139 - Unknown STM32CubeMX version: 6.16.0
2026-03-09 13:21:12,700 [ERROR] AppliInfo:139 - Unknown STM32CubeMX version: 6.16.0
2026-03-09 13:21:12,700 [ERROR] AppliInfo:139 - Unknown STM32CubeMX version: 6.16.0
2026-03-09 13:21:12,700 [ERROR] AppliInfo:139 - Unknown STM32CubeMX version: 6.16.0
2026-03-09 13:21:12,700 [ERROR] AppliInfo:139 - Unknown STM32CubeMX version: 6.16.0
2026-03-09 13:21:12,701 [ERROR] AppliInfo:139 - Unknown STM32CubeMX version: 6.15.0
2026-03-09 13:21:12,701 [ERROR] AppliInfo:139 - Unknown STM32CubeMX version: 6.16.0
2026-03-09 13:21:12,702 [ERROR] AppliInfo:139 - Unknown STM32CubeMX version: 6.15.0
2026-03-09 13:21:12,702 [ERROR] AppliInfo:139 - Unknown STM32CubeMX version: 6.16.0
2026-03-09 13:21:12,702 [ERROR] AppliInfo:139 - Unknown STM32CubeMX version: 6.16.0
2026-03-09 13:21:12,703 [ERROR] AppliInfo:139 - Unknown STM32CubeMX version: 6.15.0
2026-03-09 13:21:12,703 [ERROR] AppliInfo:139 - Unknown STM32CubeMX version: 6.15.0
2026-03-09 13:21:12,703 [ERROR] AppliInfo:139 - Unknown STM32CubeMX version: 6.16.0
2026-03-09 13:21:12,704 [ERROR] AppliInfo:139 - Unknown STM32CubeMX version: 6.16.0
2026-03-09 13:21:12,704 [ERROR] AppliInfo:139 - Unknown STM32CubeMX version: 6.16.0
2026-03-09 13:21:12,704 [ERROR] AppliInfo:139 - Unknown STM32CubeMX version: 6.16.0
2026-03-09 13:21:12,705 [ERROR] AppliInfo:139 - Unknown STM32CubeMX version: 6.15.0
2026-03-09 13:21:12,705 [ERROR] AppliInfo:139 - Unknown STM32CubeMX version: 6.15.0
2026-03-09 13:21:12,705 [ERROR] AppliInfo:139 - Unknown STM32CubeMX version: 6.15.0
2026-03-09 13:21:12,706 [ERROR] AppliInfo:139 - Unknown STM32CubeMX version: 6.15.0
2026-03-09 13:21:12,707 [ERROR] AppliInfo:139 - Unknown STM32CubeMX version: 6.15.0
2026-03-09 13:21:12,707 [ERROR] AppliInfo:139 - Unknown STM32CubeMX version: 6.15.0
2026-03-09 13:21:12,707 [ERROR] AppliInfo:139 - Unknown STM32CubeMX version: 6.16.0
2026-03-09 13:21:12,708 [ERROR] AppliInfo:139 - Unknown STM32CubeMX version: 6.16.0
2026-03-09 13:21:12,708 [ERROR] AppliInfo:139 - Unknown STM32CubeMX version: 6.16.0
2026-03-09 13:21:12,708 [ERROR] AppliInfo:139 - Unknown STM32CubeMX version: 6.16.0
2026-03-09 13:21:12,709 [ERROR] AppliInfo:139 - Unknown STM32CubeMX version: 6.16.0
2026-03-09 13:21:12,710 [ERROR] AppliInfo:139 - Unknown STM32CubeMX version: 6.16.0
2026-03-09 13:21:12,711 [ERROR] AppliInfo:139 - Unknown STM32CubeMX version: 6.16.0
2026-03-09 13:21:12,711 [ERROR] AppliInfo:139 - Unknown STM32CubeMX version: 6.16.0
2026-03-09 13:21:12,711 [ERROR] AppliInfo:139 - Unknown STM32CubeMX version: 6.15.0
2026-03-09 13:21:12,712 [ERROR] AppliInfo:139 - Unknown STM32CubeMX version: 6.15.0
2026-03-09 13:21:12,712 [ERROR] AppliInfo:139 - Unknown STM32CubeMX version: 6.16.0
2026-03-09 13:21:12,712 [ERROR] AppliInfo:139 - Unknown STM32CubeMX version: 6.16.0
2026-03-09 13:21:12,712 [ERROR] AppliInfo:139 - Unknown STM32CubeMX version: 6.16.0
2026-03-09 13:21:12,713 [ERROR] AppliInfo:139 - Unknown STM32CubeMX version: 6.15.0
2026-03-09 13:21:12,713 [ERROR] AppliInfo:139 - Unknown STM32CubeMX version: 6.15.0
2026-03-09 13:21:12,713 [ERROR] AppliInfo:139 - Unknown STM32CubeMX version: 6.15.0
2026-03-09 13:21:12,713 [ERROR] AppliInfo:139 - Unknown STM32CubeMX version: 6.16.0
2026-03-09 13:21:12,713 [ERROR] AppliInfo:139 - Unknown STM32CubeMX version: 6.16.0
2026-03-09 13:21:12,714 [ERROR] AppliInfo:139 - Unknown STM32CubeMX version: 6.16.0
2026-03-09 13:21:12,714 [ERROR] AppliInfo:139 - Unknown STM32CubeMX version: 6.16.0
2026-03-09 13:21:12,715 [ERROR] AppliInfo:139 - Unknown STM32CubeMX version: 6.16.0
2026-03-09 13:21:12,715 [ERROR] AppliInfo:139 - Unknown STM32CubeMX version: 6.16.0
2026-03-09 13:21:12,717 [ERROR] AppliInfo:139 - Unknown STM32CubeMX version: 6.16.0
2026-03-09 13:21:12,717 [ERROR] AppliInfo:139 - Unknown STM32CubeMX version: 6.16.0
2026-03-09 13:21:12,717 [ERROR] AppliInfo:139 - Unknown STM32CubeMX version: 6.16.0
2026-03-09 13:21:12,717 [ERROR] AppliInfo:139 - Unknown STM32CubeMX version: 6.16.0
2026-03-09 13:21:12,746 [ERROR] AppliInfo:139 - Unknown STM32CubeMX version: 6.17.0
2026-03-09 13:21:12,748 [ERROR] AppliInfo:139 - Unknown STM32CubeMX version: 6.17.0
2026-03-09 13:21:12,748 [ERROR] AppliInfo:139 - Unknown STM32CubeMX version: 6.17.0
2026-03-09 13:21:12,755 [ERROR] AppliInfo:139 - Unknown STM32CubeMX version: 6.17.0
2026-03-09 13:21:12,756 [ERROR] AppliInfo:139 - Unknown STM32CubeMX version: 6.17.0
2026-03-09 13:21:12,756 [ERROR] AppliInfo:139 - Unknown STM32CubeMX version: 6.17.0
2026-03-09 13:21:12,756 [ERROR] AppliInfo:139 - Unknown STM32CubeMX version: 6.17.0
2026-03-09 13:21:12,756 [ERROR] AppliInfo:139 - Unknown STM32CubeMX version: 6.17.0
2026-03-09 13:21:12,757 [ERROR] AppliInfo:139 - Unknown STM32CubeMX version: 6.17.0
2026-03-09 13:21:12,757 [ERROR] AppliInfo:139 - Unknown STM32CubeMX version: 6.17.0
2026-03-09 13:21:12,758 [ERROR] AppliInfo:139 - Unknown STM32CubeMX version: 6.17.0
2026-03-09 13:21:12,758 [ERROR] AppliInfo:139 - Unknown STM32CubeMX version: 6.17.0
2026-03-09 13:21:12,758 [ERROR] AppliInfo:139 - Unknown STM32CubeMX version: 6.17.0
2026-03-09 13:21:12,758 [ERROR] AppliInfo:139 - Unknown STM32CubeMX version: 6.17.0
2026-03-09 13:21:12,759 [ERROR] AppliInfo:139 - Unknown STM32CubeMX version: 6.17.0
2026-03-09 13:21:12,759 [ERROR] AppliInfo:139 - Unknown STM32CubeMX version: 6.17.0
2026-03-09 13:21:12,759 [ERROR] AppliInfo:139 - Unknown STM32CubeMX version: 6.17.0
2026-03-09 13:21:12,759 [ERROR] AppliInfo:139 - Unknown STM32CubeMX version: 6.17.0
2026-03-09 13:21:12,761 [ERROR] AppliInfo:139 - Unknown STM32CubeMX version: 6.17.0
2026-03-09 13:21:12,762 [ERROR] AppliInfo:139 - Unknown STM32CubeMX version: 6.17.0
2026-03-09 13:21:12,762 [ERROR] AppliInfo:139 - Unknown STM32CubeMX version: 6.17.0
2026-03-09 13:21:12,778 [ERROR] AppliInfo:139 - Unknown STM32CubeMX version: 6.17.0
2026-03-09 13:21:12,778 [ERROR] AppliInfo:139 - Unknown STM32CubeMX version: 6.17.0
2026-03-09 13:21:12,778 [ERROR] AppliInfo:139 - Unknown STM32CubeMX version: 6.17.0
2026-03-09 13:21:12,778 [ERROR] AppliInfo:139 - Unknown STM32CubeMX version: 6.17.0
2026-03-09 13:21:12,779 [ERROR] AppliInfo:139 - Unknown STM32CubeMX version: 6.17.0
2026-03-09 13:21:12,779 [ERROR] AppliInfo:139 - Unknown STM32CubeMX version: 6.17.0
2026-03-09 13:21:12,779 [ERROR] AppliInfo:139 - Unknown STM32CubeMX version: 6.17.0
2026-03-09 13:21:12,780 [ERROR] AppliInfo:139 - Unknown STM32CubeMX version: 6.15.0
2026-03-09 13:21:12,780 [ERROR] AppliInfo:139 - Unknown STM32CubeMX version: 6.15.0
2026-03-09 13:21:12,781 [ERROR] AppliInfo:139 - Unknown STM32CubeMX version: 6.17.0
2026-03-09 13:21:12,781 [ERROR] AppliInfo:139 - Unknown STM32CubeMX version: 6.17.0
2026-03-09 13:21:12,781 [ERROR] AppliInfo:139 - Unknown STM32CubeMX version: 6.17.0
2026-03-09 13:21:12,781 [ERROR] AppliInfo:139 - Unknown STM32CubeMX version: 6.17.0
2026-03-09 13:21:12,782 [ERROR] AppliInfo:139 - Unknown STM32CubeMX version: 6.17.0
2026-03-09 13:21:12,782 [ERROR] AppliInfo:139 - Unknown STM32CubeMX version: 6.17.0
2026-03-09 13:21:12,782 [ERROR] AppliInfo:139 - Unknown STM32CubeMX version: 6.17.0
2026-03-09 13:21:12,782 [ERROR] AppliInfo:139 - Unknown STM32CubeMX version: 6.17.0
2026-03-09 13:21:12,782 [ERROR] AppliInfo:139 - Unknown STM32CubeMX version: 6.17.0
2026-03-09 13:21:12,783 [ERROR] AppliInfo:139 - Unknown STM32CubeMX version: 6.17.0
2026-03-09 13:21:12,783 [ERROR] AppliInfo:139 - Unknown STM32CubeMX version: 6.17.0
2026-03-09 13:21:12,783 [ERROR] AppliInfo:139 - Unknown STM32CubeMX version: 6.17.0
2026-03-09 13:21:12,783 [ERROR] AppliInfo:139 - Unknown STM32CubeMX version: 6.17.0
2026-03-09 13:21:12,783 [ERROR] AppliInfo:139 - Unknown STM32CubeMX version: 6.17.0
2026-03-09 13:21:12,783 [ERROR] AppliInfo:139 - Unknown STM32CubeMX version: 6.17.0
2026-03-09 13:21:12,784 [ERROR] AppliInfo:139 - Unknown STM32CubeMX version: 6.17.0
2026-03-09 13:21:12,784 [ERROR] AppliInfo:139 - Unknown STM32CubeMX version: 6.17.0
2026-03-09 13:21:12,784 [ERROR] AppliInfo:139 - Unknown STM32CubeMX version: 6.17.0
2026-03-09 13:21:12,784 [ERROR] AppliInfo:139 - Unknown STM32CubeMX version: 6.17.0
2026-03-09 13:21:12,784 [ERROR] AppliInfo:139 - Unknown STM32CubeMX version: 6.17.0
2026-03-09 13:21:12,784 [ERROR] AppliInfo:139 - Unknown STM32CubeMX version: 6.17.0
2026-03-09 13:21:12,784 [ERROR] AppliInfo:139 - Unknown STM32CubeMX version: 6.17.0
2026-03-09 13:21:12,785 [ERROR] AppliInfo:139 - Unknown STM32CubeMX version: 6.17.0
2026-03-09 13:21:12,785 [ERROR] AppliInfo:139 - Unknown STM32CubeMX version: 6.17.0
2026-03-09 13:21:12,785 [ERROR] AppliInfo:139 - Unknown STM32CubeMX version: 6.17.0
2026-03-09 13:21:12,785 [ERROR] AppliInfo:139 - Unknown STM32CubeMX version: 6.17.0
2026-03-09 13:21:12,785 [ERROR] AppliInfo:139 - Unknown STM32CubeMX version: 6.17.0
2026-03-09 13:21:12,785 [ERROR] AppliInfo:139 - Unknown STM32CubeMX version: 6.17.0
2026-03-09 13:21:12,785 [ERROR] AppliInfo:139 - Unknown STM32CubeMX version: 6.17.0
2026-03-09 13:21:12,786 [ERROR] AppliInfo:139 - Unknown STM32CubeMX version: 6.17.0
2026-03-09 13:21:12,786 [ERROR] AppliInfo:139 - Unknown STM32CubeMX version: 6.17.0
2026-03-09 13:21:12,786 [ERROR] AppliInfo:139 - Unknown STM32CubeMX version: 6.17.0
2026-03-09 13:21:12,786 [ERROR] AppliInfo:139 - Unknown STM32CubeMX version: 6.17.0
2026-03-09 13:21:12,786 [ERROR] AppliInfo:139 - Unknown STM32CubeMX version: 6.17.0
2026-03-09 13:21:12,787 [ERROR] AppliInfo:139 - Unknown STM32CubeMX version: 6.17.0
2026-03-09 13:21:12,787 [ERROR] AppliInfo:139 - Unknown STM32CubeMX version: 6.17.0
2026-03-09 13:21:12,787 [ERROR] AppliInfo:139 - Unknown STM32CubeMX version: 6.17.0
2026-03-09 13:21:12,787 [ERROR] AppliInfo:139 - Unknown STM32CubeMX version: 6.17.0
2026-03-09 13:21:12,787 [ERROR] AppliInfo:139 - Unknown STM32CubeMX version: 6.17.0
2026-03-09 13:21:12,787 [ERROR] AppliInfo:139 - Unknown STM32CubeMX version: 6.17.0
2026-03-09 13:21:12,788 [ERROR] AppliInfo:139 - Unknown STM32CubeMX version: 6.17.0
2026-03-09 13:21:12,788 [ERROR] AppliInfo:139 - Unknown STM32CubeMX version: 6.17.0
2026-03-09 13:21:12,788 [ERROR] AppliInfo:139 - Unknown STM32CubeMX version: 6.17.0
2026-03-09 13:21:12,788 [ERROR] AppliInfo:139 - Unknown STM32CubeMX version: 6.17.0
2026-03-09 13:21:12,788 [ERROR] AppliInfo:139 - Unknown STM32CubeMX version: 6.17.0
2026-03-09 13:21:12,788 [ERROR] AppliInfo:139 - Unknown STM32CubeMX version: 6.17.0
2026-03-09 13:21:12,788 [ERROR] AppliInfo:139 - Unknown STM32CubeMX version: 6.17.0
2026-03-09 13:21:12,789 [ERROR] AppliInfo:139 - Unknown STM32CubeMX version: 6.17.0
2026-03-09 13:21:12,789 [ERROR] AppliInfo:139 - Unknown STM32CubeMX version: 6.17.0
2026-03-09 13:21:12,789 [ERROR] AppliInfo:139 - Unknown STM32CubeMX version: 6.17.0
2026-03-09 13:21:12,789 [ERROR] AppliInfo:139 - Unknown STM32CubeMX version: 6.17.0
2026-03-09 13:21:12,789 [ERROR] AppliInfo:139 - Unknown STM32CubeMX version: 6.17.0
2026-03-09 13:21:12,789 [ERROR] AppliInfo:139 - Unknown STM32CubeMX version: 6.17.0
2026-03-09 13:21:12,789 [ERROR] AppliInfo:139 - Unknown STM32CubeMX version: 6.17.0
2026-03-09 13:21:12,809 [ERROR] AppliInfo:139 - Unknown STM32CubeMX version: 6.15.0
2026-03-09 13:21:12,810 [ERROR] AppliInfo:139 - Unknown STM32CubeMX version: 6.15.0
2026-03-09 13:21:12,814 [ERROR] AppliInfo:139 - Unknown STM32CubeMX version: 6.15.0
2026-03-09 13:21:12,814 [ERROR] AppliInfo:139 - Unknown STM32CubeMX version: 6.15.0
2026-03-09 13:21:12,814 [ERROR] AppliInfo:139 - Unknown STM32CubeMX version: 6.15.0
2026-03-09 13:21:12,821 [ERROR] AppliInfo:139 - Unknown STM32CubeMX version: 6.15.0
2026-03-09 13:21:12,821 [ERROR] AppliInfo:139 - Unknown STM32CubeMX version: 6.15.0
2026-03-09 13:21:12,824 [ERROR] AppliInfo:139 - Unknown STM32CubeMX version: 6.16.0
2026-03-09 13:21:12,837 [ERROR] AppliInfo:139 - Unknown STM32CubeMX version: 6.16.0
2026-03-09 13:21:12,837 [ERROR] AppliInfo:139 - Unknown STM32CubeMX version: 6.16.0
2026-03-09 13:21:12,837 [ERROR] AppliInfo:139 - Unknown STM32CubeMX version: 6.16.0
2026-03-09 13:21:12,837 [ERROR] AppliInfo:139 - Unknown STM32CubeMX version: 6.16.0
2026-03-09 13:21:12,837 [ERROR] AppliInfo:139 - Unknown STM32CubeMX version: 6.16.0
2026-03-09 13:21:12,837 [ERROR] AppliInfo:139 - Unknown STM32CubeMX version: 6.16.0
2026-03-09 13:21:12,879 [ERROR] AppliInfo:139 - Unknown STM32CubeMX version: 6.12.1
2026-03-09 13:21:12,880 [ERROR] AppliInfo:139 - Unknown STM32CubeMX version: 6.16.0
2026-03-09 13:21:12,880 [ERROR] AppliInfo:139 - Unknown STM32CubeMX version: 6.16.0
2026-03-09 13:21:12,880 [ERROR] AppliInfo:139 - Unknown STM32CubeMX version: 6.16.0
2026-03-09 13:21:12,880 [ERROR] AppliInfo:139 - Unknown STM32CubeMX version: 6.16.0
2026-03-09 13:21:12,880 [ERROR] AppliInfo:139 - Unknown STM32CubeMX version: 6.16.0
2026-03-09 13:21:12,880 [ERROR] AppliInfo:139 - Unknown STM32CubeMX version: 6.16.0
2026-03-09 13:21:12,880 [ERROR] AppliInfo:139 - Unknown STM32CubeMX version: 6.16.0
2026-03-09 13:21:12,881 [ERROR] AppliInfo:139 - Unknown STM32CubeMX version: 6.16.0
2026-03-09 13:21:12,881 [ERROR] AppliInfo:139 - Unknown STM32CubeMX version: 6.16.0
2026-03-09 13:21:12,881 [ERROR] AppliInfo:139 - Unknown STM32CubeMX version: 6.16.0
2026-03-09 13:21:12,881 [ERROR] AppliInfo:139 - Unknown STM32CubeMX version: 6.16.0
2026-03-09 13:21:12,881 [ERROR] AppliInfo:139 - Unknown STM32CubeMX version: 6.16.0
2026-03-09 13:21:12,881 [ERROR] AppliInfo:139 - Unknown STM32CubeMX version: 6.16.0
2026-03-09 13:21:12,881 [ERROR] AppliInfo:139 - Unknown STM32CubeMX version: 6.16.0
2026-03-09 13:21:12,881 [ERROR] AppliInfo:139 - Unknown STM32CubeMX version: 6.16.0
2026-03-09 13:21:12,882 [ERROR] AppliInfo:139 - Unknown STM32CubeMX version: 6.16.0
2026-03-09 13:21:12,882 [ERROR] AppliInfo:139 - Unknown STM32CubeMX version: 6.16.0
2026-03-09 13:21:12,882 [ERROR] AppliInfo:139 - Unknown STM32CubeMX version: 6.16.0
2026-03-09 13:21:12,882 [ERROR] AppliInfo:139 - Unknown STM32CubeMX version: 6.16.0
2026-03-09 13:21:12,882 [ERROR] AppliInfo:139 - Unknown STM32CubeMX version: 6.16.0
2026-03-09 13:21:12,882 [ERROR] AppliInfo:139 - Unknown STM32CubeMX version: 6.16.0
2026-03-09 13:21:12,886 [ERROR] AppliInfo:139 - Unknown STM32CubeMX version: 6.16.0
2026-03-09 13:21:12,886 [ERROR] AppliInfo:139 - Unknown STM32CubeMX version: 6.16.0
2026-03-09 13:21:12,886 [ERROR] AppliInfo:139 - Unknown STM32CubeMX version: 6.16.0
2026-03-09 13:21:12,886 [ERROR] AppliInfo:139 - Unknown STM32CubeMX version: 6.16.0
2026-03-09 13:21:12,886 [ERROR] AppliInfo:139 - Unknown STM32CubeMX version: 6.16.0
2026-03-09 13:21:12,886 [ERROR] AppliInfo:139 - Unknown STM32CubeMX version: 6.16.0
2026-03-09 13:21:12,886 [ERROR] AppliInfo:139 - Unknown STM32CubeMX version: 6.16.0
2026-03-09 13:21:12,887 [ERROR] AppliInfo:139 - Unknown STM32CubeMX version: 6.16.0
2026-03-09 13:21:12,887 [ERROR] AppliInfo:139 - Unknown STM32CubeMX version: 6.16.0
2026-03-09 13:21:12,887 [ERROR] AppliInfo:139 - Unknown STM32CubeMX version: 6.16.0
2026-03-09 13:21:12,887 [ERROR] AppliInfo:139 - Unknown STM32CubeMX version: 6.16.0
2026-03-09 13:21:12,887 [ERROR] AppliInfo:139 - Unknown STM32CubeMX version: 6.16.0
2026-03-09 13:21:12,887 [ERROR] AppliInfo:139 - Unknown STM32CubeMX version: 6.16.0
2026-03-09 13:21:12,887 [ERROR] AppliInfo:139 - Unknown STM32CubeMX version: 6.16.0
2026-03-09 13:21:12,888 [ERROR] AppliInfo:139 - Unknown STM32CubeMX version: 6.16.0
2026-03-09 13:21:12,888 [ERROR] AppliInfo:139 - Unknown STM32CubeMX version: 6.16.0
2026-03-09 13:21:12,888 [ERROR] AppliInfo:139 - Unknown STM32CubeMX version: 6.16.0
2026-03-09 13:21:12,888 [ERROR] AppliInfo:139 - Unknown STM32CubeMX version: 6.16.0
2026-03-09 13:21:12,888 [ERROR] AppliInfo:139 - Unknown STM32CubeMX version: 6.16.0
2026-03-09 13:21:12,888 [ERROR] AppliInfo:139 - Unknown STM32CubeMX version: 6.16.0
2026-03-09 13:21:12,888 [ERROR] AppliInfo:139 - Unknown STM32CubeMX version: 6.16.0
2026-03-09 13:21:12,892 [ERROR] AppliInfo:139 - Unknown STM32CubeMX version: 6.16.0
2026-03-09 13:21:12,892 [ERROR] AppliInfo:139 - Unknown STM32CubeMX version: 6.16.0
2026-03-09 13:21:12,892 [ERROR] AppliInfo:139 - Unknown STM32CubeMX version: 6.16.0
2026-03-09 13:21:12,892 [ERROR] AppliInfo:139 - Unknown STM32CubeMX version: 6.16.0
2026-03-09 13:21:12,892 [ERROR] AppliInfo:139 - Unknown STM32CubeMX version: 6.16.0
2026-03-09 13:21:12,892 [ERROR] AppliInfo:139 - Unknown STM32CubeMX version: 6.16.0
2026-03-09 13:21:12,893 [ERROR] AppliInfo:139 - Unknown STM32CubeMX version: 6.16.0
2026-03-09 13:21:12,893 [ERROR] AppliInfo:139 - Unknown STM32CubeMX version: 6.16.0
2026-03-09 13:21:12,893 [ERROR] AppliInfo:139 - Unknown STM32CubeMX version: 6.16.0
2026-03-09 13:21:12,893 [ERROR] AppliInfo:139 - Unknown STM32CubeMX version: 6.16.0
2026-03-09 13:21:12,893 [ERROR] AppliInfo:139 - Unknown STM32CubeMX version: 6.16.0
2026-03-09 13:21:12,893 [ERROR] AppliInfo:139 - Unknown STM32CubeMX version: 6.16.0
2026-03-09 13:21:12,893 [ERROR] AppliInfo:139 - Unknown STM32CubeMX version: 6.16.0
2026-03-09 13:21:12,893 [ERROR] AppliInfo:139 - Unknown STM32CubeMX version: 6.16.0
2026-03-09 13:21:12,893 [ERROR] AppliInfo:139 - Unknown STM32CubeMX version: 6.16.0
2026-03-09 13:21:12,893 [ERROR] AppliInfo:139 - Unknown STM32CubeMX version: 6.16.0
2026-03-09 13:21:12,894 [ERROR] AppliInfo:139 - Unknown STM32CubeMX version: 6.16.0
2026-03-09 13:21:12,894 [ERROR] AppliInfo:139 - Unknown STM32CubeMX version: 6.16.0
2026-03-09 13:21:12,894 [ERROR] AppliInfo:139 - Unknown STM32CubeMX version: 6.16.0
2026-03-09 13:21:12,894 [ERROR] AppliInfo:139 - Unknown STM32CubeMX version: 6.16.0
2026-03-09 13:21:12,894 [ERROR] AppliInfo:139 - Unknown STM32CubeMX version: 6.16.0
2026-03-09 13:21:12,900 [ERROR] AppliInfo:139 - Unknown STM32CubeMX version: 6.16.0
2026-03-09 13:21:12,900 [ERROR] AppliInfo:139 - Unknown STM32CubeMX version: 6.16.0
2026-03-09 13:21:12,901 [ERROR] AppliInfo:139 - Unknown STM32CubeMX version: 6.16.0
2026-03-09 13:21:12,901 [ERROR] AppliInfo:139 - Unknown STM32CubeMX version: 6.16.0
2026-03-09 13:21:12,901 [ERROR] AppliInfo:139 - Unknown STM32CubeMX version: 6.16.0
2026-03-09 13:21:12,901 [ERROR] AppliInfo:139 - Unknown STM32CubeMX version: 6.16.0
2026-03-09 13:21:12,901 [ERROR] AppliInfo:139 - Unknown STM32CubeMX version: 6.16.0
2026-03-09 13:21:12,901 [ERROR] AppliInfo:139 - Unknown STM32CubeMX version: 6.16.0
2026-03-09 13:21:12,901 [ERROR] AppliInfo:139 - Unknown STM32CubeMX version: 6.16.0
2026-03-09 13:21:12,902 [ERROR] AppliInfo:139 - Unknown STM32CubeMX version: 6.16.0
2026-03-09 13:21:12,902 [ERROR] AppliInfo:139 - Unknown STM32CubeMX version: 6.16.0
2026-03-09 13:21:12,902 [ERROR] AppliInfo:139 - Unknown STM32CubeMX version: 6.16.0
2026-03-09 13:21:12,902 [ERROR] AppliInfo:139 - Unknown STM32CubeMX version: 6.16.0
2026-03-09 13:21:12,902 [ERROR] AppliInfo:139 - Unknown STM32CubeMX version: 6.16.0
2026-03-09 13:21:12,903 [ERROR] AppliInfo:139 - Unknown STM32CubeMX version: 6.16.0
2026-03-09 13:21:12,904 [ERROR] AppliInfo:139 - Unknown STM32CubeMX version: 6.16.0
2026-03-09 13:21:12,904 [ERROR] AppliInfo:139 - Unknown STM32CubeMX version: 6.16.0
2026-03-09 13:21:12,904 [ERROR] AppliInfo:139 - Unknown STM32CubeMX version: 6.16.0
2026-03-09 13:21:12,904 [ERROR] AppliInfo:139 - Unknown STM32CubeMX version: 6.16.0
2026-03-09 13:21:12,904 [ERROR] AppliInfo:139 - Unknown STM32CubeMX version: 6.16.0
2026-03-09 13:21:12,904 [ERROR] AppliInfo:139 - Unknown STM32CubeMX version: 6.16.0
2026-03-09 13:21:12,904 [ERROR] AppliInfo:139 - Unknown STM32CubeMX version: 6.16.0
2026-03-09 13:21:12,904 [ERROR] AppliInfo:139 - Unknown STM32CubeMX version: 6.16.0
2026-03-09 13:21:12,905 [ERROR] AppliInfo:139 - Unknown STM32CubeMX version: 6.16.0
2026-03-09 13:21:12,906 [ERROR] AppliInfo:139 - Unknown STM32CubeMX version: 6.16.0
2026-03-09 13:21:12,906 [ERROR] AppliInfo:139 - Unknown STM32CubeMX version: 6.16.0
2026-03-09 13:21:12,906 [ERROR] AppliInfo:139 - Unknown STM32CubeMX version: 6.16.0
2026-03-09 13:21:12,906 [ERROR] AppliInfo:139 - Unknown STM32CubeMX version: 6.16.0
2026-03-09 13:21:12,906 [ERROR] AppliInfo:139 - Unknown STM32CubeMX version: 6.16.0
2026-03-09 13:21:12,906 [ERROR] AppliInfo:139 - Unknown STM32CubeMX version: 6.16.0
2026-03-09 13:21:12,907 [ERROR] AppliInfo:139 - Unknown STM32CubeMX version: 6.16.0
2026-03-09 13:21:12,907 [ERROR] AppliInfo:139 - Unknown STM32CubeMX version: 6.16.0
2026-03-09 13:21:12,907 [ERROR] AppliInfo:139 - Unknown STM32CubeMX version: 6.16.0
2026-03-09 13:21:12,907 [ERROR] AppliInfo:139 - Unknown STM32CubeMX version: 6.16.0
2026-03-09 13:21:12,907 [ERROR] AppliInfo:139 - Unknown STM32CubeMX version: 6.16.0
2026-03-09 13:21:12,907 [ERROR] AppliInfo:139 - Unknown STM32CubeMX version: 6.16.0
2026-03-09 13:21:12,907 [ERROR] AppliInfo:139 - Unknown STM32CubeMX version: 6.16.0
2026-03-09 13:21:12,908 [ERROR] AppliInfo:139 - Unknown STM32CubeMX version: 6.16.0
2026-03-09 13:21:12,908 [ERROR] AppliInfo:139 - Unknown STM32CubeMX version: 6.16.0
2026-03-09 13:21:12,908 [ERROR] AppliInfo:139 - Unknown STM32CubeMX version: 6.16.0
2026-03-09 13:21:12,908 [ERROR] AppliInfo:139 - Unknown STM32CubeMX version: 6.16.0
2026-03-09 13:21:12,908 [ERROR] AppliInfo:139 - Unknown STM32CubeMX version: 6.16.0
2026-03-09 13:21:12,908 [ERROR] AppliInfo:139 - Unknown STM32CubeMX version: 6.16.0
2026-03-09 13:21:12,909 [ERROR] AppliInfo:139 - Unknown STM32CubeMX version: 6.16.0
2026-03-09 13:21:12,909 [ERROR] AppliInfo:139 - Unknown STM32CubeMX version: 6.16.0
2026-03-09 13:21:12,909 [ERROR] AppliInfo:139 - Unknown STM32CubeMX version: 6.16.0
2026-03-09 13:21:12,909 [ERROR] AppliInfo:139 - Unknown STM32CubeMX version: 6.16.0
2026-03-09 13:21:12,910 [ERROR] AppliInfo:139 - Unknown STM32CubeMX version: 6.17.0
2026-03-09 13:21:12,910 [ERROR] AppliInfo:139 - Unknown STM32CubeMX version: 6.16.0
2026-03-09 13:21:12,910 [ERROR] AppliInfo:139 - Unknown STM32CubeMX version: 6.16.0
2026-03-09 13:21:12,911 [ERROR] AppliInfo:139 - Unknown STM32CubeMX version: 6.16.0
2026-03-09 13:21:12,911 [ERROR] AppliInfo:139 - Unknown STM32CubeMX version: 6.16.0
2026-03-09 13:21:12,911 [ERROR] AppliInfo:139 - Unknown STM32CubeMX version: 6.17.0
2026-03-09 13:21:12,911 [ERROR] AppliInfo:139 - Unknown STM32CubeMX version: 6.17.0
2026-03-09 13:21:12,911 [ERROR] AppliInfo:139 - Unknown STM32CubeMX version: 6.17.0
2026-03-09 13:21:12,911 [ERROR] AppliInfo:139 - Unknown STM32CubeMX version: 6.16.0
2026-03-09 13:21:12,911 [ERROR] AppliInfo:139 - Unknown STM32CubeMX version: 6.16.0
2026-03-09 13:21:12,911 [ERROR] AppliInfo:139 - Unknown STM32CubeMX version: 6.17.0
2026-03-09 13:21:12,911 [ERROR] AppliInfo:139 - Unknown STM32CubeMX version: 6.16.0
2026-03-09 13:21:12,912 [ERROR] AppliInfo:139 - Unknown STM32CubeMX version: 6.16.0
2026-03-09 13:21:12,912 [ERROR] AppliInfo:139 - Unknown STM32CubeMX version: 6.15.0
2026-03-09 13:21:12,912 [ERROR] AppliInfo:139 - Unknown STM32CubeMX version: 6.17.0
2026-03-09 13:21:12,912 [ERROR] AppliInfo:139 - Unknown STM32CubeMX version: 6.17.0
2026-03-09 13:21:12,912 [ERROR] AppliInfo:139 - Unknown STM32CubeMX version: 6.15.0
2026-03-09 13:21:12,912 [ERROR] AppliInfo:139 - Unknown STM32CubeMX version: 6.15.0
2026-03-09 13:21:12,912 [ERROR] AppliInfo:139 - Unknown STM32CubeMX version: 6.17.0
2026-03-09 13:21:12,912 [ERROR] AppliInfo:139 - Unknown STM32CubeMX version: 6.17.0
2026-03-09 13:21:12,913 [ERROR] AppliInfo:139 - Unknown STM32CubeMX version: 6.17.0
2026-03-09 13:21:12,913 [ERROR] AppliInfo:139 - Unknown STM32CubeMX version: 6.17.0
2026-03-09 13:21:12,913 [ERROR] AppliInfo:139 - Unknown STM32CubeMX version: 6.17.0
2026-03-09 13:21:12,913 [ERROR] AppliInfo:139 - Unknown STM32CubeMX version: 6.17.0
2026-03-09 13:21:12,918 [ERROR] AppliInfo:139 - Unknown STM32CubeMX version: 6.16.0
2026-03-09 13:21:12,919 [ERROR] AppliInfo:139 - Unknown STM32CubeMX version: 6.16.0
2026-03-09 13:21:12,929 [ERROR] AppliInfo:139 - Unknown STM32CubeMX version: 6.16.0
2026-03-09 13:21:12,929 [ERROR] AppliInfo:139 - Unknown STM32CubeMX version: 6.16.0
2026-03-09 13:21:12,929 [ERROR] AppliInfo:139 - Unknown STM32CubeMX version: 6.16.0
2026-03-09 13:21:12,930 [ERROR] AppliInfo:139 - Unknown STM32CubeMX version: 6.16.0
2026-03-09 13:21:12,930 [ERROR] AppliInfo:139 - Unknown STM32CubeMX version: 6.16.0
2026-03-09 13:21:12,930 [ERROR] AppliInfo:139 - Unknown STM32CubeMX version: 6.16.0
2026-03-09 13:21:12,930 [ERROR] AppliInfo:139 - Unknown STM32CubeMX version: 6.16.0
2026-03-09 13:21:12,930 [ERROR] AppliInfo:139 - Unknown STM32CubeMX version: 6.17.0
2026-03-09 13:21:12,930 [ERROR] AppliInfo:139 - Unknown STM32CubeMX version: 6.17.0
2026-03-09 13:21:12,931 [ERROR] AppliInfo:139 - Unknown STM32CubeMX version: 6.17.0
2026-03-09 13:21:12,931 [ERROR] AppliInfo:139 - Unknown STM32CubeMX version: 6.17.0
2026-03-09 13:21:12,932 [ERROR] AppliInfo:139 - Unknown STM32CubeMX version: 6.15.0
2026-03-09 13:21:12,932 [ERROR] AppliInfo:139 - Unknown STM32CubeMX version: 6.15.0
2026-03-09 13:21:12,932 [ERROR] AppliInfo:139 - Unknown STM32CubeMX version: 6.15.0
2026-03-09 13:21:12,932 [ERROR] AppliInfo:139 - Unknown STM32CubeMX version: 6.15.0
2026-03-09 13:21:12,932 [ERROR] AppliInfo:139 - Unknown STM32CubeMX version: 6.17.0
2026-03-09 13:21:12,932 [ERROR] AppliInfo:139 - Unknown STM32CubeMX version: 6.17.0
2026-03-09 13:21:12,932 [ERROR] AppliInfo:139 - Unknown STM32CubeMX version: 6.17.0
2026-03-09 13:21:12,932 [ERROR] AppliInfo:139 - Unknown STM32CubeMX version: 6.17.0
2026-03-09 13:21:12,932 [ERROR] AppliInfo:139 - Unknown STM32CubeMX version: 6.17.0
2026-03-09 13:21:12,933 [ERROR] AppliInfo:139 - Unknown STM32CubeMX version: 6.17.0
2026-03-09 13:21:12,933 [ERROR] AppliInfo:139 - Unknown STM32CubeMX version: 6.17.0
2026-03-09 13:21:12,933 [ERROR] AppliInfo:139 - Unknown STM32CubeMX version: 6.17.0
2026-03-09 13:21:12,933 [ERROR] AppliInfo:139 - Unknown STM32CubeMX version: 6.17.0
2026-03-09 13:21:12,933 [ERROR] AppliInfo:139 - Unknown STM32CubeMX version: 6.17.0
2026-03-09 13:21:12,933 [ERROR] AppliInfo:139 - Unknown STM32CubeMX version: 6.17.0
2026-03-09 13:21:12,933 [ERROR] AppliInfo:139 - Unknown STM32CubeMX version: 6.17.0
2026-03-09 13:21:12,933 [ERROR] AppliInfo:139 - Unknown STM32CubeMX version: 6.17.0
2026-03-09 13:21:12,934 [ERROR] AppliInfo:139 - Unknown STM32CubeMX version: 6.17.0
2026-03-09 13:21:12,934 [ERROR] AppliInfo:139 - Unknown STM32CubeMX version: 6.17.0
2026-03-09 13:21:12,934 [ERROR] AppliInfo:139 - Unknown STM32CubeMX version: 6.17.0
2026-03-09 13:21:12,934 [ERROR] AppliInfo:139 - Unknown STM32CubeMX version: 6.17.0
2026-03-09 13:21:12,934 [ERROR] AppliInfo:139 - Unknown STM32CubeMX version: 6.17.0
2026-03-09 13:21:12,934 [ERROR] AppliInfo:139 - Unknown STM32CubeMX version: 6.17.0
2026-03-09 13:21:12,934 [ERROR] AppliInfo:139 - Unknown STM32CubeMX version: 6.17.0
2026-03-09 13:21:12,934 [ERROR] AppliInfo:139 - Unknown STM32CubeMX version: 6.17.0
2026-03-09 13:21:12,935 [ERROR] AppliInfo:139 - Unknown STM32CubeMX version: 6.17.0
2026-03-09 13:21:12,935 [ERROR] AppliInfo:139 - Unknown STM32CubeMX version: 6.17.0
2026-03-09 13:21:12,935 [ERROR] AppliInfo:139 - Unknown STM32CubeMX version: 6.17.0
2026-03-09 13:21:12,935 [ERROR] AppliInfo:139 - Unknown STM32CubeMX version: 6.17.0
2026-03-09 13:21:12,935 [ERROR] AppliInfo:139 - Unknown STM32CubeMX version: 6.17.0
2026-03-09 13:21:12,935 [ERROR] AppliInfo:139 - Unknown STM32CubeMX version: 6.17.0
2026-03-09 13:21:12,935 [ERROR] AppliInfo:139 - Unknown STM32CubeMX version: 6.17.0
2026-03-09 13:21:12,935 [ERROR] AppliInfo:139 - Unknown STM32CubeMX version: 6.17.0
2026-03-09 13:21:12,936 [ERROR] AppliInfo:139 - Unknown STM32CubeMX version: 6.16.0
2026-03-09 13:21:12,937 [ERROR] AppliInfo:139 - Unknown STM32CubeMX version: 6.15.0
2026-03-09 13:21:12,937 [ERROR] AppliInfo:139 - Unknown STM32CubeMX version: 6.15.0
2026-03-09 13:21:12,937 [ERROR] AppliInfo:139 - Unknown STM32CubeMX version: 6.15.0
2026-03-09 13:21:12,937 [ERROR] AppliInfo:139 - Unknown STM32CubeMX version: 6.15.0
2026-03-09 13:21:12,937 [ERROR] AppliInfo:139 - Unknown STM32CubeMX version: 6.17.0
2026-03-09 13:21:12,937 [ERROR] AppliInfo:139 - Unknown STM32CubeMX version: 6.17.0
2026-03-09 13:21:12,937 [ERROR] AppliInfo:139 - Unknown STM32CubeMX version: 6.16.0
2026-03-09 13:21:12,938 [ERROR] AppliInfo:139 - Unknown STM32CubeMX version: 6.16.0
2026-03-09 13:21:12,938 [ERROR] AppliInfo:139 - Unknown STM32CubeMX version: 6.16.0
2026-03-09 13:21:12,938 [ERROR] AppliInfo:139 - Unknown STM32CubeMX version: 6.16.0
2026-03-09 13:21:12,938 [ERROR] AppliInfo:139 - Unknown STM32CubeMX version: 6.16.0
2026-03-09 13:21:12,938 [ERROR] AppliInfo:139 - Unknown STM32CubeMX version: 6.17.0
2026-03-09 13:21:12,938 [ERROR] AppliInfo:139 - Unknown STM32CubeMX version: 6.17.0
2026-03-09 13:21:12,938 [ERROR] AppliInfo:139 - Unknown STM32CubeMX version: 6.17.0
2026-03-09 13:21:12,938 [ERROR] AppliInfo:139 - Unknown STM32CubeMX version: 6.17.0
2026-03-09 13:21:12,938 [ERROR] AppliInfo:139 - Unknown STM32CubeMX version: 6.17.0
2026-03-09 13:21:12,939 [ERROR] AppliInfo:139 - Unknown STM32CubeMX version: 6.17.0
2026-03-09 13:21:12,939 [ERROR] AppliInfo:139 - Unknown STM32CubeMX version: 6.17.0
2026-03-09 13:21:12,939 [ERROR] AppliInfo:139 - Unknown STM32CubeMX version: 6.17.0
2026-03-09 13:21:12,939 [ERROR] AppliInfo:139 - Unknown STM32CubeMX version: 6.17.0
2026-03-09 13:21:12,939 [ERROR] AppliInfo:139 - Unknown STM32CubeMX version: 6.17.0
2026-03-09 13:21:12,939 [ERROR] AppliInfo:139 - Unknown STM32CubeMX version: 6.17.0
2026-03-09 13:21:12,939 [ERROR] AppliInfo:139 - Unknown STM32CubeMX version: 6.17.0
2026-03-09 13:21:12,939 [ERROR] AppliInfo:139 - Unknown STM32CubeMX version: 6.17.0
2026-03-09 13:21:12,939 [ERROR] AppliInfo:139 - Unknown STM32CubeMX version: 6.16.0
2026-03-09 13:21:12,940 [ERROR] AppliInfo:139 - Unknown STM32CubeMX version: 6.17.0
2026-03-09 13:21:12,940 [ERROR] AppliInfo:139 - Unknown STM32CubeMX version: 6.17.0
2026-03-09 13:21:12,940 [ERROR] AppliInfo:139 - Unknown STM32CubeMX version: 6.16.0
2026-03-09 13:21:12,940 [ERROR] AppliInfo:139 - Unknown STM32CubeMX version: 6.17.0
2026-03-09 13:21:12,940 [ERROR] AppliInfo:139 - Unknown STM32CubeMX version: 6.16.0
2026-03-09 13:21:12,940 [ERROR] AppliInfo:139 - Unknown STM32CubeMX version: 6.17.0
2026-03-09 13:21:12,941 [ERROR] AppliInfo:139 - Unknown STM32CubeMX version: 6.16.0
2026-03-09 13:21:12,941 [ERROR] AppliInfo:139 - Unknown STM32CubeMX version: 6.16.0
2026-03-09 13:21:12,941 [ERROR] AppliInfo:139 - Unknown STM32CubeMX version: 6.16.0
2026-03-09 13:21:12,941 [ERROR] AppliInfo:139 - Unknown STM32CubeMX version: 6.15.0
2026-03-09 13:21:12,941 [ERROR] AppliInfo:139 - Unknown STM32CubeMX version: 6.17.0
2026-03-09 13:21:12,941 [ERROR] AppliInfo:139 - Unknown STM32CubeMX version: 6.17.0
2026-03-09 13:21:12,941 [ERROR] AppliInfo:139 - Unknown STM32CubeMX version: 6.17.0
2026-03-09 13:21:12,941 [ERROR] AppliInfo:139 - Unknown STM32CubeMX version: 6.17.0
2026-03-09 13:21:12,942 [ERROR] AppliInfo:139 - Unknown STM32CubeMX version: 6.15.0
2026-03-09 13:21:12,942 [ERROR] AppliInfo:139 - Unknown STM32CubeMX version: 6.16.0
2026-03-09 13:21:12,942 [ERROR] AppliInfo:139 - Unknown STM32CubeMX version: 6.17.0
2026-03-09 13:21:12,942 [ERROR] AppliInfo:139 - Unknown STM32CubeMX version: 6.15.0
2026-03-09 13:21:12,942 [ERROR] AppliInfo:139 - Unknown STM32CubeMX version: 6.16.0
2026-03-09 13:21:12,942 [ERROR] AppliInfo:139 - Unknown STM32CubeMX version: 6.15.0
2026-03-09 13:21:12,942 [ERROR] AppliInfo:139 - Unknown STM32CubeMX version: 6.17.0
2026-03-09 13:21:12,942 [ERROR] AppliInfo:139 - Unknown STM32CubeMX version: 6.17.0
2026-03-09 13:21:12,943 [ERROR] AppliInfo:139 - Unknown STM32CubeMX version: 6.17.0
2026-03-09 13:21:12,943 [ERROR] AppliInfo:139 - Unknown STM32CubeMX version: 6.17.0
2026-03-09 13:21:12,943 [ERROR] AppliInfo:139 - Unknown STM32CubeMX version: 6.17.0
2026-03-09 13:21:12,943 [ERROR] AppliInfo:139 - Unknown STM32CubeMX version: 6.15.0
2026-03-09 13:21:12,943 [ERROR] AppliInfo:139 - Unknown STM32CubeMX version: 6.17.0
2026-03-09 13:21:12,943 [ERROR] AppliInfo:139 - Unknown STM32CubeMX version: 6.16.0
2026-03-09 13:21:12,943 [ERROR] AppliInfo:139 - Unknown STM32CubeMX version: 6.17.0
2026-03-09 13:21:12,943 [ERROR] AppliInfo:139 - Unknown STM32CubeMX version: 6.17.0
2026-03-09 13:21:12,944 [ERROR] AppliInfo:139 - Unknown STM32CubeMX version: 6.17.0
2026-03-09 13:21:12,944 [ERROR] AppliInfo:139 - Unknown STM32CubeMX version: 6.17.0
2026-03-09 13:21:12,944 [ERROR] AppliInfo:139 - Unknown STM32CubeMX version: 6.17.0
2026-03-09 13:21:12,944 [ERROR] AppliInfo:139 - Unknown STM32CubeMX version: 6.17.0
2026-03-09 13:21:12,944 [ERROR] AppliInfo:139 - Unknown STM32CubeMX version: 6.17.0
2026-03-09 13:21:12,944 [ERROR] AppliInfo:139 - Unknown STM32CubeMX version: 6.17.0
2026-03-09 13:21:12,944 [ERROR] AppliInfo:139 - Unknown STM32CubeMX version: 6.17.0
2026-03-09 13:21:12,944 [ERROR] AppliInfo:139 - Unknown STM32CubeMX version: 6.17.0
2026-03-09 13:21:12,945 [ERROR] AppliInfo:139 - Unknown STM32CubeMX version: 6.17.0
2026-03-09 13:21:12,945 [ERROR] AppliInfo:139 - Unknown STM32CubeMX version: 6.17.0
2026-03-09 13:21:12,945 [ERROR] AppliInfo:139 - Unknown STM32CubeMX version: 6.17.0
2026-03-09 13:21:12,945 [ERROR] AppliInfo:139 - Unknown STM32CubeMX version: 6.17.0
2026-03-09 13:21:12,945 [ERROR] AppliInfo:139 - Unknown STM32CubeMX version: 6.17.0
2026-03-09 13:21:12,945 [ERROR] AppliInfo:139 - Unknown STM32CubeMX version: 6.17.0
2026-03-09 13:21:12,945 [ERROR] AppliInfo:139 - Unknown STM32CubeMX version: 6.17.0
2026-03-09 13:21:12,945 [ERROR] AppliInfo:139 - Unknown STM32CubeMX version: 6.17.0
2026-03-09 13:21:12,946 [ERROR] AppliInfo:139 - Unknown STM32CubeMX version: 6.17.0
2026-03-09 13:21:12,948 [ERROR] AppliInfo:139 - Unknown STM32CubeMX version: 6.17.0
2026-03-09 13:21:12,948 [ERROR] AppliInfo:139 - Unknown STM32CubeMX version: 6.17.0
2026-03-09 13:21:12,948 [ERROR] AppliInfo:139 - Unknown STM32CubeMX version: 6.16.0
2026-03-09 13:21:12,948 [ERROR] AppliInfo:139 - Unknown STM32CubeMX version: 6.16.0
2026-03-09 13:21:12,948 [ERROR] AppliInfo:139 - Unknown STM32CubeMX version: 6.16.0
2026-03-09 13:21:12,948 [ERROR] AppliInfo:139 - Unknown STM32CubeMX version: 6.16.0
2026-03-09 13:21:12,948 [ERROR] AppliInfo:139 - Unknown STM32CubeMX version: 6.16.0
2026-03-09 13:21:12,948 [ERROR] AppliInfo:139 - Unknown STM32CubeMX version: 6.16.0
2026-03-09 13:21:12,949 [ERROR] AppliInfo:139 - Unknown STM32CubeMX version: 6.16.0
2026-03-09 13:21:12,949 [ERROR] AppliInfo:139 - Unknown STM32CubeMX version: 6.16.0
2026-03-09 13:21:12,949 [ERROR] AppliInfo:139 - Unknown STM32CubeMX version: 6.17.0
2026-03-09 13:21:12,951 [ERROR] AppliInfo:139 - Unknown STM32CubeMX version: 6.17.0
2026-03-09 13:21:12,952 [ERROR] AppliInfo:139 - Unknown STM32CubeMX version: 6.17.0
2026-03-09 13:21:12,952 [ERROR] AppliInfo:139 - Unknown STM32CubeMX version: 6.17.0
2026-03-09 13:21:12,952 [ERROR] AppliInfo:139 - Unknown STM32CubeMX version: 6.17.0
2026-03-09 13:21:12,952 [ERROR] AppliInfo:139 - Unknown STM32CubeMX version: 6.17.0
2026-03-09 13:21:12,952 [ERROR] AppliInfo:139 - Unknown STM32CubeMX version: 6.17.0
2026-03-09 13:21:12,952 [ERROR] AppliInfo:139 - Unknown STM32CubeMX version: 6.17.0
2026-03-09 13:21:12,952 [ERROR] AppliInfo:139 - Unknown STM32CubeMX version: 6.17.0
2026-03-09 13:21:12,952 [ERROR] AppliInfo:139 - Unknown STM32CubeMX version: 6.17.0
2026-03-09 13:21:12,953 [ERROR] AppliInfo:139 - Unknown STM32CubeMX version: 6.17.0
2026-03-09 13:21:12,953 [ERROR] AppliInfo:139 - Unknown STM32CubeMX version: 6.17.0
2026-03-09 13:21:12,953 [ERROR] AppliInfo:139 - Unknown STM32CubeMX version: 6.17.0
2026-03-09 13:21:12,953 [ERROR] AppliInfo:139 - Unknown STM32CubeMX version: 6.17.0
2026-03-09 13:21:12,953 [ERROR] AppliInfo:139 - Unknown STM32CubeMX version: 6.17.0
2026-03-09 13:21:12,953 [ERROR] AppliInfo:139 - Unknown STM32CubeMX version: 6.17.0
2026-03-09 13:21:12,954 [ERROR] AppliInfo:139 - Unknown STM32CubeMX version: 6.16.0
2026-03-09 13:21:12,954 [ERROR] AppliInfo:139 - Unknown STM32CubeMX version: 6.17.0
2026-03-09 13:21:12,955 [ERROR] AppliInfo:139 - Unknown STM32CubeMX version: 6.17.0
2026-03-09 13:21:12,955 [ERROR] AppliInfo:139 - Unknown STM32CubeMX version: 6.17.0
2026-03-09 13:21:12,955 [ERROR] AppliInfo:139 - Unknown STM32CubeMX version: 6.17.0
2026-03-09 13:21:12,955 [ERROR] AppliInfo:139 - Unknown STM32CubeMX version: 6.17.0
2026-03-09 13:21:12,955 [ERROR] AppliInfo:139 - Unknown STM32CubeMX version: 6.17.0
2026-03-09 13:21:12,956 [ERROR] AppliInfo:139 - Unknown STM32CubeMX version: 6.17.0
2026-03-09 13:21:12,956 [ERROR] AppliInfo:139 - Unknown STM32CubeMX version: 6.17.0
2026-03-09 13:21:12,956 [ERROR] AppliInfo:139 - Unknown STM32CubeMX version: 6.17.0
2026-03-09 13:21:12,956 [ERROR] AppliInfo:139 - Unknown STM32CubeMX version: 6.17.0
2026-03-09 13:21:12,956 [ERROR] AppliInfo:139 - Unknown STM32CubeMX version: 6.15.0
2026-03-09 13:21:12,956 [ERROR] AppliInfo:139 - Unknown STM32CubeMX version: 6.15.0
2026-03-09 13:21:12,957 [ERROR] AppliInfo:139 - Unknown STM32CubeMX version: 6.15.0
2026-03-09 13:21:12,957 [ERROR] AppliInfo:139 - Unknown STM32CubeMX version: 6.15.0
2026-03-09 13:21:12,957 [ERROR] AppliInfo:139 - Unknown STM32CubeMX version: 6.15.0
2026-03-09 13:21:12,957 [ERROR] AppliInfo:139 - Unknown STM32CubeMX version: 6.17.0
2026-03-09 13:21:12,957 [ERROR] AppliInfo:139 - Unknown STM32CubeMX version: 6.17.0
2026-03-09 13:21:12,957 [ERROR] AppliInfo:139 - Unknown STM32CubeMX version: 6.17.0
2026-03-09 13:21:12,957 [ERROR] AppliInfo:139 - Unknown STM32CubeMX version: 6.17.0
2026-03-09 13:21:12,957 [ERROR] AppliInfo:139 - Unknown STM32CubeMX version: 6.17.0
2026-03-09 13:21:12,958 [ERROR] AppliInfo:139 - Unknown STM32CubeMX version: 6.17.0
2026-03-09 13:21:12,958 [ERROR] AppliInfo:139 - Unknown STM32CubeMX version: 6.17.0
2026-03-09 13:21:12,958 [ERROR] AppliInfo:139 - Unknown STM32CubeMX version: 6.17.0
2026-03-09 13:21:12,958 [ERROR] AppliInfo:139 - Unknown STM32CubeMX version: 6.17.0
2026-03-09 13:21:12,958 [ERROR] AppliInfo:139 - Unknown STM32CubeMX version: 6.17.0
2026-03-09 13:21:12,958 [ERROR] AppliInfo:139 - Unknown STM32CubeMX version: 6.17.0
2026-03-09 13:21:12,958 [ERROR] AppliInfo:139 - Unknown STM32CubeMX version: 6.17.0
2026-03-09 13:21:12,958 [ERROR] AppliInfo:139 - Unknown STM32CubeMX version: 6.17.0
2026-03-09 13:21:12,959 [ERROR] AppliInfo:139 - Unknown STM32CubeMX version: 6.17.0
2026-03-09 13:21:12,959 [ERROR] AppliInfo:139 - Unknown STM32CubeMX version: 6.17.0
2026-03-09 13:21:12,959 [ERROR] AppliInfo:139 - Unknown STM32CubeMX version: 6.17.0
2026-03-09 13:21:12,959 [ERROR] AppliInfo:139 - Unknown STM32CubeMX version: 6.17.0
2026-03-09 13:21:12,959 [ERROR] AppliInfo:139 - Unknown STM32CubeMX version: 6.17.0
2026-03-09 13:21:12,959 [ERROR] AppliInfo:139 - Unknown STM32CubeMX version: 6.17.0
2026-03-09 13:21:12,959 [ERROR] AppliInfo:139 - Unknown STM32CubeMX version: 6.17.0
2026-03-09 13:21:12,959 [ERROR] AppliInfo:139 - Unknown STM32CubeMX version: 6.17.0
2026-03-09 13:21:12,960 [ERROR] AppliInfo:139 - Unknown STM32CubeMX version: 6.17.0
2026-03-09 13:21:12,960 [ERROR] AppliInfo:139 - Unknown STM32CubeMX version: 6.17.0
2026-03-09 13:21:12,960 [ERROR] AppliInfo:139 - Unknown STM32CubeMX version: 6.17.0
2026-03-09 13:21:12,960 [ERROR] AppliInfo:139 - Unknown STM32CubeMX version: 6.17.0
2026-03-09 13:21:12,960 [ERROR] AppliInfo:139 - Unknown STM32CubeMX version: 6.17.0
2026-03-09 13:21:12,960 [ERROR] AppliInfo:139 - Unknown STM32CubeMX version: 6.17.0
2026-03-09 13:21:12,960 [ERROR] AppliInfo:139 - Unknown STM32CubeMX version: 6.17.0
2026-03-09 13:21:12,960 [ERROR] AppliInfo:139 - Unknown STM32CubeMX version: 6.17.0
2026-03-09 13:21:12,961 [ERROR] AppliInfo:139 - Unknown STM32CubeMX version: 6.17.0
2026-03-09 13:21:12,961 [ERROR] AppliInfo:139 - Unknown STM32CubeMX version: 6.17.0
2026-03-09 13:21:12,961 [ERROR] AppliInfo:139 - Unknown STM32CubeMX version: 6.17.0
2026-03-09 13:21:12,961 [ERROR] AppliInfo:139 - Unknown STM32CubeMX version: 6.17.0
2026-03-09 13:21:12,961 [ERROR] AppliInfo:139 - Unknown STM32CubeMX version: 6.17.0
2026-03-09 13:21:12,961 [ERROR] AppliInfo:139 - Unknown STM32CubeMX version: 6.17.0
2026-03-09 13:21:12,961 [ERROR] AppliInfo:139 - Unknown STM32CubeMX version: 6.17.0
2026-03-09 13:21:12,961 [ERROR] AppliInfo:139 - Unknown STM32CubeMX version: 6.17.0
2026-03-09 13:21:12,962 [ERROR] AppliInfo:139 - Unknown STM32CubeMX version: 6.17.0
2026-03-09 13:21:12,962 [ERROR] AppliInfo:139 - Unknown STM32CubeMX version: 6.17.0
2026-03-09 13:21:12,962 [ERROR] AppliInfo:139 - Unknown STM32CubeMX version: 6.17.0
2026-03-09 13:21:12,962 [ERROR] AppliInfo:139 - Unknown STM32CubeMX version: 6.17.0
2026-03-09 13:21:12,962 [ERROR] AppliInfo:139 - Unknown STM32CubeMX version: 6.17.0
2026-03-09 13:21:12,962 [ERROR] AppliInfo:139 - Unknown STM32CubeMX version: 6.17.0
2026-03-09 13:21:12,962 [ERROR] AppliInfo:139 - Unknown STM32CubeMX version: 6.17.0
2026-03-09 13:21:12,962 [ERROR] AppliInfo:139 - Unknown STM32CubeMX version: 6.17.0
2026-03-09 13:21:12,962 [ERROR] AppliInfo:139 - Unknown STM32CubeMX version: 6.17.0
2026-03-09 13:21:12,963 [ERROR] AppliInfo:139 - Unknown STM32CubeMX version: 6.17.0
2026-03-09 13:21:12,963 [ERROR] AppliInfo:139 - Unknown STM32CubeMX version: 6.17.0
2026-03-09 13:21:12,963 [ERROR] AppliInfo:139 - Unknown STM32CubeMX version: 6.17.0
2026-03-09 13:21:12,966 [ERROR] AppliInfo:139 - Unknown STM32CubeMX version: 6.17.0
2026-03-09 13:21:12,966 [ERROR] AppliInfo:139 - Unknown STM32CubeMX version: 6.17.0
2026-03-09 13:21:12,966 [ERROR] AppliInfo:139 - Unknown STM32CubeMX version: 6.17.0
2026-03-09 13:21:12,966 [ERROR] AppliInfo:139 - Unknown STM32CubeMX version: 6.17.0
2026-03-09 13:21:12,967 [ERROR] AppliInfo:139 - Unknown STM32CubeMX version: 6.17.0
2026-03-09 13:21:12,967 [ERROR] AppliInfo:139 - Unknown STM32CubeMX version: 6.17.0
2026-03-09 13:21:12,967 [ERROR] AppliInfo:139 - Unknown STM32CubeMX version: 6.17.0
2026-03-09 13:21:12,967 [ERROR] AppliInfo:139 - Unknown STM32CubeMX version: 6.17.0
2026-03-09 13:21:12,967 [ERROR] AppliInfo:139 - Unknown STM32CubeMX version: 6.17.0
2026-03-09 13:21:12,967 [ERROR] AppliInfo:139 - Unknown STM32CubeMX version: 6.17.0
2026-03-09 13:21:12,967 [ERROR] AppliInfo:139 - Unknown STM32CubeMX version: 6.17.0
2026-03-09 13:21:12,968 [ERROR] AppliInfo:139 - Unknown STM32CubeMX version: 6.17.0
2026-03-09 13:21:12,968 [ERROR] AppliInfo:139 - Unknown STM32CubeMX version: 6.17.0
2026-03-09 13:21:12,968 [ERROR] AppliInfo:139 - Unknown STM32CubeMX version: 6.17.0
2026-03-09 13:21:12,968 [ERROR] AppliInfo:139 - Unknown STM32CubeMX version: 6.17.0
2026-03-09 13:21:12,968 [ERROR] AppliInfo:139 - Unknown STM32CubeMX version: 6.17.0
2026-03-09 13:21:12,968 [ERROR] AppliInfo:139 - Unknown STM32CubeMX version: 6.17.0
2026-03-09 13:21:12,968 [ERROR] AppliInfo:139 - Unknown STM32CubeMX version: 6.17.0
2026-03-09 13:21:12,968 [ERROR] AppliInfo:139 - Unknown STM32CubeMX version: 6.17.0
2026-03-09 13:21:12,968 [ERROR] AppliInfo:139 - Unknown STM32CubeMX version: 6.17.0
2026-03-09 13:21:12,969 [ERROR] AppliInfo:139 - Unknown STM32CubeMX version: 6.17.0
2026-03-09 13:21:12,969 [ERROR] AppliInfo:139 - Unknown STM32CubeMX version: 6.17.0
2026-03-09 13:21:12,969 [ERROR] AppliInfo:139 - Unknown STM32CubeMX version: 6.17.0
2026-03-09 13:21:12,969 [ERROR] AppliInfo:139 - Unknown STM32CubeMX version: 6.17.0
2026-03-09 13:21:12,969 [ERROR] AppliInfo:139 - Unknown STM32CubeMX version: 6.17.0
2026-03-09 13:21:12,969 [ERROR] AppliInfo:139 - Unknown STM32CubeMX version: 6.17.0
2026-03-09 13:21:12,969 [ERROR] AppliInfo:139 - Unknown STM32CubeMX version: 6.17.0
2026-03-09 13:21:12,970 [ERROR] AppliInfo:139 - Unknown STM32CubeMX version: 6.17.0
2026-03-09 13:21:12,970 [ERROR] AppliInfo:139 - Unknown STM32CubeMX version: 6.17.0
2026-03-09 13:21:12,970 [ERROR] AppliInfo:139 - Unknown STM32CubeMX version: 6.17.0
2026-03-09 13:21:12,970 [ERROR] AppliInfo:139 - Unknown STM32CubeMX version: 6.17.0
2026-03-09 13:21:12,970 [ERROR] AppliInfo:139 - Unknown STM32CubeMX version: 6.17.0
2026-03-09 13:21:12,970 [ERROR] AppliInfo:139 - Unknown STM32CubeMX version: 6.17.0
2026-03-09 13:21:12,970 [ERROR] AppliInfo:139 - Unknown STM32CubeMX version: 6.17.0
2026-03-09 13:21:12,971 [ERROR] AppliInfo:139 - Unknown STM32CubeMX version: 6.17.0
2026-03-09 13:21:12,971 [ERROR] AppliInfo:139 - Unknown STM32CubeMX version: 6.17.0
2026-03-09 13:21:12,971 [ERROR] AppliInfo:139 - Unknown STM32CubeMX version: 6.17.0
2026-03-09 13:21:12,971 [ERROR] AppliInfo:139 - Unknown STM32CubeMX version: 6.17.0
2026-03-09 13:21:12,971 [ERROR] AppliInfo:139 - Unknown STM32CubeMX version: 6.17.0
2026-03-09 13:21:12,971 [ERROR] AppliInfo:139 - Unknown STM32CubeMX version: 6.17.0
2026-03-09 13:21:12,971 [ERROR] AppliInfo:139 - Unknown STM32CubeMX version: 6.17.0
2026-03-09 13:21:12,971 [ERROR] AppliInfo:139 - Unknown STM32CubeMX version: 6.17.0
2026-03-09 13:21:12,971 [ERROR] AppliInfo:139 - Unknown STM32CubeMX version: 6.15.0
2026-03-09 13:21:12,972 [ERROR] AppliInfo:139 - Unknown STM32CubeMX version: 6.17.0
2026-03-09 13:21:12,972 [ERROR] AppliInfo:139 - Unknown STM32CubeMX version: 6.17.0
2026-03-09 13:21:12,972 [ERROR] AppliInfo:139 - Unknown STM32CubeMX version: 6.17.0
2026-03-09 13:21:12,972 [ERROR] AppliInfo:139 - Unknown STM32CubeMX version: 6.17.0
2026-03-09 13:21:12,973 [ERROR] AppliInfo:139 - Unknown STM32CubeMX version: 6.17.0
2026-03-09 13:21:12,973 [ERROR] AppliInfo:139 - Unknown STM32CubeMX version: 6.17.0
2026-03-09 13:21:12,973 [ERROR] AppliInfo:139 - Unknown STM32CubeMX version: 6.17.0
2026-03-09 13:21:12,973 [ERROR] AppliInfo:139 - Unknown STM32CubeMX version: 6.17.0
2026-03-09 13:21:12,973 [ERROR] AppliInfo:139 - Unknown STM32CubeMX version: 6.17.0
2026-03-09 13:21:12,973 [ERROR] AppliInfo:139 - Unknown STM32CubeMX version: 6.17.0
2026-03-09 13:21:12,974 [ERROR] AppliInfo:139 - Unknown STM32CubeMX version: 6.17.0
2026-03-09 13:21:12,974 [ERROR] AppliInfo:139 - Unknown STM32CubeMX version: 6.17.0
2026-03-09 13:21:12,974 [ERROR] AppliInfo:139 - Unknown STM32CubeMX version: 6.17.0
2026-03-09 13:21:12,974 [ERROR] AppliInfo:139 - Unknown STM32CubeMX version: 6.17.0
2026-03-09 13:21:12,974 [ERROR] AppliInfo:139 - Unknown STM32CubeMX version: 6.17.0
2026-03-09 13:21:12,974 [ERROR] AppliInfo:139 - Unknown STM32CubeMX version: 6.17.0
2026-03-09 13:21:12,974 [ERROR] AppliInfo:139 - Unknown STM32CubeMX version: 6.17.0
2026-03-09 13:21:12,974 [ERROR] AppliInfo:139 - Unknown STM32CubeMX version: 6.17.0
2026-03-09 13:21:12,975 [ERROR] AppliInfo:139 - Unknown STM32CubeMX version: 6.17.0
2026-03-09 13:21:12,975 [ERROR] AppliInfo:139 - Unknown STM32CubeMX version: 6.17.0
2026-03-09 13:21:12,975 [ERROR] AppliInfo:139 - Unknown STM32CubeMX version: 6.17.0
2026-03-09 13:21:12,975 [ERROR] AppliInfo:139 - Unknown STM32CubeMX version: 6.17.0
2026-03-09 13:21:12,975 [ERROR] AppliInfo:139 - Unknown STM32CubeMX version: 6.17.0
2026-03-09 13:21:12,975 [ERROR] AppliInfo:139 - Unknown STM32CubeMX version: 6.17.0
2026-03-09 13:21:12,976 [ERROR] AppliInfo:139 - Unknown STM32CubeMX version: 6.17.0
2026-03-09 13:21:12,976 [ERROR] AppliInfo:139 - Unknown STM32CubeMX version: 6.17.0
2026-03-09 13:21:12,976 [ERROR] AppliInfo:139 - Unknown STM32CubeMX version: 6.17.0
2026-03-09 13:21:12,976 [ERROR] AppliInfo:139 - Unknown STM32CubeMX version: 6.17.0
2026-03-09 13:21:12,976 [ERROR] AppliInfo:139 - Unknown STM32CubeMX version: 6.17.0
2026-03-09 13:21:12,976 [ERROR] AppliInfo:139 - Unknown STM32CubeMX version: 6.17.0
2026-03-09 13:21:12,977 [ERROR] AppliInfo:139 - Unknown STM32CubeMX version: 6.17.0
2026-03-09 13:21:12,977 [ERROR] AppliInfo:139 - Unknown STM32CubeMX version: 6.17.0
2026-03-09 13:21:12,977 [ERROR] AppliInfo:139 - Unknown STM32CubeMX version: 6.17.0
2026-03-09 13:21:12,977 [ERROR] AppliInfo:139 - Unknown STM32CubeMX version: 6.17.0
2026-03-09 13:21:12,977 [ERROR] AppliInfo:139 - Unknown STM32CubeMX version: 6.17.0
2026-03-09 13:21:12,977 [ERROR] AppliInfo:139 - Unknown STM32CubeMX version: 6.17.0
2026-03-09 13:21:12,978 [ERROR] AppliInfo:139 - Unknown STM32CubeMX version: 6.17.0
2026-03-09 13:21:12,978 [ERROR] AppliInfo:139 - Unknown STM32CubeMX version: 6.17.0
2026-03-09 13:21:12,997 [ERROR] AppliInfo:139 - Unknown STM32CubeMX version: 6.17.0
2026-03-09 13:21:12,998 [ERROR] AppliInfo:139 - Unknown STM32CubeMX version: 6.17.0
2026-03-09 13:21:12,998 [ERROR] AppliInfo:139 - Unknown STM32CubeMX version: 6.17.0
2026-03-09 13:21:12,998 [ERROR] AppliInfo:139 - Unknown STM32CubeMX version: 6.17.0
2026-03-09 13:21:12,998 [ERROR] AppliInfo:139 - Unknown STM32CubeMX version: 6.17.0
2026-03-09 13:21:12,998 [ERROR] AppliInfo:139 - Unknown STM32CubeMX version: 6.17.0
2026-03-09 13:21:12,998 [ERROR] AppliInfo:139 - Unknown STM32CubeMX version: 6.17.0
2026-03-09 13:21:12,999 [ERROR] AppliInfo:139 - Unknown STM32CubeMX version: 6.17.0
2026-03-09 13:21:12,999 [ERROR] AppliInfo:139 - Unknown STM32CubeMX version: 6.17.0
2026-03-09 13:21:12,999 [ERROR] AppliInfo:139 - Unknown STM32CubeMX version: 6.17.0
2026-03-09 13:21:12,999 [ERROR] AppliInfo:139 - Unknown STM32CubeMX version: 6.17.0
2026-03-09 13:21:12,999 [ERROR] AppliInfo:139 - Unknown STM32CubeMX version: 6.17.0
2026-03-09 13:21:12,999 [ERROR] AppliInfo:139 - Unknown STM32CubeMX version: 6.17.0
2026-03-09 13:21:12,999 [ERROR] AppliInfo:139 - Unknown STM32CubeMX version: 6.17.0
2026-03-09 13:21:13,024 [ERROR] AppliInfo:139 - Unknown STM32CubeMX version: 6.17.0
2026-03-09 13:21:13,025 [ERROR] AppliInfo:139 - Unknown STM32CubeMX version: 6.17.0
2026-03-09 13:21:13,025 [ERROR] AppliInfo:139 - Unknown STM32CubeMX version: 6.17.0
2026-03-09 13:21:13,025 [ERROR] AppliInfo:139 - Unknown STM32CubeMX version: 6.17.0
2026-03-09 13:21:13,025 [ERROR] AppliInfo:139 - Unknown STM32CubeMX version: 6.17.0
2026-03-09 13:21:13,025 [ERROR] AppliInfo:139 - Unknown STM32CubeMX version: 6.17.0
2026-03-09 13:21:13,025 [ERROR] AppliInfo:139 - Unknown STM32CubeMX version: 6.17.0
2026-03-09 13:21:13,026 [ERROR] AppliInfo:139 - Unknown STM32CubeMX version: 6.17.0
2026-03-09 13:21:13,026 [ERROR] AppliInfo:139 - Unknown STM32CubeMX version: 6.17.0
2026-03-09 13:21:13,026 [ERROR] AppliInfo:139 - Unknown STM32CubeMX version: 6.17.0
2026-03-09 13:21:13,026 [ERROR] AppliInfo:139 - Unknown STM32CubeMX version: 6.17.0
2026-03-09 13:21:13,026 [ERROR] AppliInfo:139 - Unknown STM32CubeMX version: 6.17.0
2026-03-09 13:21:13,026 [ERROR] AppliInfo:139 - Unknown STM32CubeMX version: 6.17.0
2026-03-09 13:21:13,027 [ERROR] AppliInfo:139 - Unknown STM32CubeMX version: 6.17.0
2026-03-09 13:21:13,027 [ERROR] AppliInfo:139 - Unknown STM32CubeMX version: 6.17.0
2026-03-09 13:21:13,027 [ERROR] AppliInfo:139 - Unknown STM32CubeMX version: 6.17.0
2026-03-09 13:21:13,027 [ERROR] AppliInfo:139 - Unknown STM32CubeMX version: 6.17.0
2026-03-09 13:21:13,027 [ERROR] AppliInfo:139 - Unknown STM32CubeMX version: 6.17.0
2026-03-09 13:21:13,027 [ERROR] AppliInfo:139 - Unknown STM32CubeMX version: 6.17.0
2026-03-09 13:21:13,027 [ERROR] AppliInfo:139 - Unknown STM32CubeMX version: 6.17.0
2026-03-09 13:21:13,027 [ERROR] AppliInfo:139 - Unknown STM32CubeMX version: 6.17.0
2026-03-09 13:21:13,028 [ERROR] AppliInfo:139 - Unknown STM32CubeMX version: 6.17.0
2026-03-09 13:21:13,028 [ERROR] AppliInfo:139 - Unknown STM32CubeMX version: 6.16.0
2026-03-09 13:21:13,028 [ERROR] AppliInfo:139 - Unknown STM32CubeMX version: 6.15.0
2026-03-09 13:21:13,028 [ERROR] AppliInfo:139 - Unknown STM32CubeMX version: 6.15.0
2026-03-09 13:21:13,028 [ERROR] AppliInfo:139 - Unknown STM32CubeMX version: 6.15.0
2026-03-09 13:21:13,028 [ERROR] AppliInfo:139 - Unknown STM32CubeMX version: 6.15.0
2026-03-09 13:21:13,028 [ERROR] AppliInfo:139 - Unknown STM32CubeMX version: 6.15.0
2026-03-09 13:21:13,028 [ERROR] AppliInfo:139 - Unknown STM32CubeMX version: 6.15.0
2026-03-09 13:21:13,028 [ERROR] AppliInfo:139 - Unknown STM32CubeMX version: 6.15.0
2026-03-09 13:21:13,029 [ERROR] AppliInfo:139 - Unknown STM32CubeMX version: 6.16.0
2026-03-09 13:21:13,029 [ERROR] AppliInfo:139 - Unknown STM32CubeMX version: 6.16.0
2026-03-09 13:21:13,032 [ERROR] AppliInfo:139 - Unknown STM32CubeMX version: 6.15.0
2026-03-09 13:21:13,032 [ERROR] AppliInfo:139 - Unknown STM32CubeMX version: 6.15.0
2026-03-09 13:21:13,032 [ERROR] AppliInfo:139 - Unknown STM32CubeMX version: 6.15.0
2026-03-09 13:21:13,032 [ERROR] AppliInfo:139 - Unknown STM32CubeMX version: 6.15.0
2026-03-09 13:21:13,032 [ERROR] AppliInfo:139 - Unknown STM32CubeMX version: 6.15.0
2026-03-09 13:21:13,032 [ERROR] AppliInfo:139 - Unknown STM32CubeMX version: 6.15.0
2026-03-09 13:21:13,033 [ERROR] AppliInfo:139 - Unknown STM32CubeMX version: 6.15.0
2026-03-09 13:21:13,033 [ERROR] AppliInfo:139 - Unknown STM32CubeMX version: 6.15.0
2026-03-09 13:21:13,033 [ERROR] AppliInfo:139 - Unknown STM32CubeMX version: 6.15.0
2026-03-09 13:21:13,033 [ERROR] AppliInfo:139 - Unknown STM32CubeMX version: 6.15.0
2026-03-09 13:21:13,033 [ERROR] AppliInfo:139 - Unknown STM32CubeMX version: 6.15.0
2026-03-09 13:21:13,033 [ERROR] AppliInfo:139 - Unknown STM32CubeMX version: 6.15.0
2026-03-09 13:21:13,033 [ERROR] AppliInfo:139 - Unknown STM32CubeMX version: 6.15.0
2026-03-09 13:21:13,037 [ERROR] AppliInfo:139 - Unknown STM32CubeMX version: 6.16.0
2026-03-09 13:21:13,037 [ERROR] AppliInfo:139 - Unknown STM32CubeMX version: 6.15.0
2026-03-09 13:21:13,037 [ERROR] AppliInfo:139 - Unknown STM32CubeMX version: 6.15.0
2026-03-09 13:21:13,037 [ERROR] AppliInfo:139 - Unknown STM32CubeMX version: 6.15.0
2026-03-09 13:21:13,038 [ERROR] AppliInfo:139 - Unknown STM32CubeMX version: 6.15.0
2026-03-09 13:21:13,038 [ERROR] AppliInfo:139 - Unknown STM32CubeMX version: 6.15.0
2026-03-09 13:21:13,038 [ERROR] AppliInfo:139 - Unknown STM32CubeMX version: 6.15.0
2026-03-09 13:21:13,038 [ERROR] AppliInfo:139 - Unknown STM32CubeMX version: 6.15.0
2026-03-09 13:21:13,038 [ERROR] AppliInfo:139 - Unknown STM32CubeMX version: 6.16.0
2026-03-09 13:21:13,038 [ERROR] AppliInfo:139 - Unknown STM32CubeMX version: 6.16.0
2026-03-09 13:21:13,042 [ERROR] AppliInfo:139 - Unknown STM32CubeMX version: 6.15.0
2026-03-09 13:21:13,042 [ERROR] AppliInfo:139 - Unknown STM32CubeMX version: 6.15.0
2026-03-09 13:21:13,042 [ERROR] AppliInfo:139 - Unknown STM32CubeMX version: 6.15.0
2026-03-09 13:21:13,042 [ERROR] AppliInfo:139 - Unknown STM32CubeMX version: 6.15.0
2026-03-09 13:21:13,042 [ERROR] AppliInfo:139 - Unknown STM32CubeMX version: 6.15.0
2026-03-09 13:21:13,042 [ERROR] AppliInfo:139 - Unknown STM32CubeMX version: 6.15.0
2026-03-09 13:21:13,042 [ERROR] AppliInfo:139 - Unknown STM32CubeMX version: 6.15.0
2026-03-09 13:21:13,043 [ERROR] AppliInfo:139 - Unknown STM32CubeMX version: 6.15.0
2026-03-09 13:21:13,043 [ERROR] AppliInfo:139 - Unknown STM32CubeMX version: 6.15.0
2026-03-09 13:21:13,043 [ERROR] AppliInfo:139 - Unknown STM32CubeMX version: 6.15.0
2026-03-09 13:21:13,043 [ERROR] AppliInfo:139 - Unknown STM32CubeMX version: 6.15.0
2026-03-09 13:21:13,043 [ERROR] AppliInfo:139 - Unknown STM32CubeMX version: 6.15.0
2026-03-09 13:21:13,043 [ERROR] AppliInfo:139 - Unknown STM32CubeMX version: 6.15.0
2026-03-09 13:21:13,047 [ERROR] AppliInfo:139 - Unknown STM32CubeMX version: 6.16.0
2026-03-09 13:21:13,047 [ERROR] AppliInfo:139 - Unknown STM32CubeMX version: 6.16.0
2026-03-09 13:21:13,047 [ERROR] AppliInfo:139 - Unknown STM32CubeMX version: 6.16.0
2026-03-09 13:21:13,047 [ERROR] AppliInfo:139 - Unknown STM32CubeMX version: 6.16.0
2026-03-09 13:21:13,047 [ERROR] AppliInfo:139 - Unknown STM32CubeMX version: 6.16.0
2026-03-09 13:21:13,048 [ERROR] AppliInfo:139 - Unknown STM32CubeMX version: 6.16.0
2026-03-09 13:21:13,048 [ERROR] AppliInfo:139 - Unknown STM32CubeMX version: 6.16.0
2026-03-09 13:21:13,048 [ERROR] AppliInfo:139 - Unknown STM32CubeMX version: 6.16.0
2026-03-09 13:21:13,048 [ERROR] AppliInfo:139 - Unknown STM32CubeMX version: 6.16.0
2026-03-09 13:21:13,049 [ERROR] AppliInfo:139 - Unknown STM32CubeMX version: 6.16.0
2026-03-09 13:21:13,049 [ERROR] AppliInfo:139 - Unknown STM32CubeMX version: 6.16.0
2026-03-09 13:21:13,049 [ERROR] AppliInfo:139 - Unknown STM32CubeMX version: 6.16.0
2026-03-09 13:21:13,049 [ERROR] AppliInfo:139 - Unknown STM32CubeMX version: 6.16.0
2026-03-09 13:21:13,049 [ERROR] AppliInfo:139 - Unknown STM32CubeMX version: 6.16.0
2026-03-09 13:21:13,049 [ERROR] AppliInfo:139 - Unknown STM32CubeMX version: 6.16.0
2026-03-09 13:21:13,049 [ERROR] AppliInfo:139 - Unknown STM32CubeMX version: 6.16.0
2026-03-09 13:21:13,050 [ERROR] AppliInfo:139 - Unknown STM32CubeMX version: 6.16.0
2026-03-09 13:21:13,050 [ERROR] AppliInfo:139 - Unknown STM32CubeMX version: 6.16.0
2026-03-09 13:21:13,050 [ERROR] AppliInfo:139 - Unknown STM32CubeMX version: 6.16.0
2026-03-09 13:21:13,050 [ERROR] AppliInfo:139 - Unknown STM32CubeMX version: 6.16.0
2026-03-09 13:21:13,051 [ERROR] AppliInfo:139 - Unknown STM32CubeMX version: 6.16.0
2026-03-09 13:21:13,051 [ERROR] AppliInfo:139 - Unknown STM32CubeMX version: 6.16.0
2026-03-09 13:21:13,051 [ERROR] AppliInfo:139 - Unknown STM32CubeMX version: 6.16.0
2026-03-09 13:21:13,051 [ERROR] AppliInfo:139 - Unknown STM32CubeMX version: 6.16.0
2026-03-09 13:21:13,051 [ERROR] AppliInfo:139 - Unknown STM32CubeMX version: 6.16.0
2026-03-09 13:21:13,051 [ERROR] AppliInfo:139 - Unknown STM32CubeMX version: 6.16.0
2026-03-09 13:21:13,051 [ERROR] AppliInfo:139 - Unknown STM32CubeMX version: 6.16.0
2026-03-09 13:21:13,051 [ERROR] AppliInfo:139 - Unknown STM32CubeMX version: 6.16.0
2026-03-09 13:21:13,052 [ERROR] AppliInfo:139 - Unknown STM32CubeMX version: 6.16.0
2026-03-09 13:21:13,052 [ERROR] AppliInfo:139 - Unknown STM32CubeMX version: 6.16.0
2026-03-09 13:21:13,052 [ERROR] AppliInfo:139 - Unknown STM32CubeMX version: 6.16.0
2026-03-09 13:21:13,052 [ERROR] AppliInfo:139 - Unknown STM32CubeMX version: 6.16.0
2026-03-09 13:21:13,052 [ERROR] AppliInfo:139 - Unknown STM32CubeMX version: 6.16.0
2026-03-09 13:21:13,052 [ERROR] AppliInfo:139 - Unknown STM32CubeMX version: 6.16.0
2026-03-09 13:21:13,052 [ERROR] AppliInfo:139 - Unknown STM32CubeMX version: 6.16.0
2026-03-09 13:21:13,052 [ERROR] AppliInfo:139 - Unknown STM32CubeMX version: 6.16.0
2026-03-09 13:21:13,053 [ERROR] AppliInfo:139 - Unknown STM32CubeMX version: 6.16.0
2026-03-09 13:21:13,053 [ERROR] AppliInfo:139 - Unknown STM32CubeMX version: 6.16.0
2026-03-09 13:21:13,053 [ERROR] AppliInfo:139 - Unknown STM32CubeMX version: 6.16.0
2026-03-09 13:21:13,053 [ERROR] AppliInfo:139 - Unknown STM32CubeMX version: 6.16.0
2026-03-09 13:21:13,053 [ERROR] AppliInfo:139 - Unknown STM32CubeMX version: 6.16.0
2026-03-09 13:21:13,053 [ERROR] AppliInfo:139 - Unknown STM32CubeMX version: 6.16.0
2026-03-09 13:21:13,054 [ERROR] AppliInfo:139 - Unknown STM32CubeMX version: 6.16.0
2026-03-09 13:21:13,054 [ERROR] AppliInfo:139 - Unknown STM32CubeMX version: 6.16.0
2026-03-09 13:21:13,054 [ERROR] AppliInfo:139 - Unknown STM32CubeMX version: 6.16.0
2026-03-09 13:21:13,054 [ERROR] AppliInfo:139 - Unknown STM32CubeMX version: 6.16.0
2026-03-09 13:21:13,054 [ERROR] AppliInfo:139 - Unknown STM32CubeMX version: 6.16.0
2026-03-09 13:21:13,054 [ERROR] AppliInfo:139 - Unknown STM32CubeMX version: 6.16.0
2026-03-09 13:21:13,054 [ERROR] AppliInfo:139 - Unknown STM32CubeMX version: 6.16.0
2026-03-09 13:21:13,054 [ERROR] AppliInfo:139 - Unknown STM32CubeMX version: 6.16.0
2026-03-09 13:21:13,055 [ERROR] AppliInfo:139 - Unknown STM32CubeMX version: 6.16.0
2026-03-09 13:21:13,055 [ERROR] AppliInfo:139 - Unknown STM32CubeMX version: 6.16.0
2026-03-09 13:21:13,055 [ERROR] AppliInfo:139 - Unknown STM32CubeMX version: 6.16.0
2026-03-09 13:21:13,055 [ERROR] AppliInfo:139 - Unknown STM32CubeMX version: 6.16.0
2026-03-09 13:21:13,055 [ERROR] AppliInfo:139 - Unknown STM32CubeMX version: 6.16.0
2026-03-09 13:21:13,055 [ERROR] AppliInfo:139 - Unknown STM32CubeMX version: 6.16.0
2026-03-09 13:21:13,055 [ERROR] AppliInfo:139 - Unknown STM32CubeMX version: 6.16.0
2026-03-09 13:21:13,055 [ERROR] AppliInfo:139 - Unknown STM32CubeMX version: 6.16.0
2026-03-09 13:21:13,056 [ERROR] AppliInfo:139 - Unknown STM32CubeMX version: 6.16.0
2026-03-09 13:21:13,056 [ERROR] AppliInfo:139 - Unknown STM32CubeMX version: 6.16.0
2026-03-09 13:21:13,056 [ERROR] AppliInfo:139 - Unknown STM32CubeMX version: 6.17.0
2026-03-09 13:21:13,056 [ERROR] AppliInfo:139 - Unknown STM32CubeMX version: 6.16.0
2026-03-09 13:21:13,056 [ERROR] AppliInfo:139 - Unknown STM32CubeMX version: 6.16.0
2026-03-09 13:21:13,057 [ERROR] AppliInfo:139 - Unknown STM32CubeMX version: 6.16.0
2026-03-09 13:21:13,057 [ERROR] AppliInfo:139 - Unknown STM32CubeMX version: 6.16.0
2026-03-09 13:21:13,057 [ERROR] AppliInfo:139 - Unknown STM32CubeMX version: 6.16.0
2026-03-09 13:21:13,057 [ERROR] AppliInfo:139 - Unknown STM32CubeMX version: 6.16.0
2026-03-09 13:21:13,057 [ERROR] AppliInfo:139 - Unknown STM32CubeMX version: 6.16.0
2026-03-09 13:21:13,057 [ERROR] AppliInfo:139 - Unknown STM32CubeMX version: 6.17.0
2026-03-09 13:21:13,057 [ERROR] AppliInfo:139 - Unknown STM32CubeMX version: 6.17.0
2026-03-09 13:21:13,057 [ERROR] AppliInfo:139 - Unknown STM32CubeMX version: 6.17.0
2026-03-09 13:21:13,058 [ERROR] AppliInfo:139 - Unknown STM32CubeMX version: 6.16.0
2026-03-09 13:21:13,058 [ERROR] AppliInfo:139 - Unknown STM32CubeMX version: 6.16.0
2026-03-09 13:21:13,058 [ERROR] AppliInfo:139 - Unknown STM32CubeMX version: 6.16.0
2026-03-09 13:21:13,058 [ERROR] AppliInfo:139 - Unknown STM32CubeMX version: 6.16.0
2026-03-09 13:21:13,058 [ERROR] AppliInfo:139 - Unknown STM32CubeMX version: 6.16.0
2026-03-09 13:21:13,058 [ERROR] AppliInfo:139 - Unknown STM32CubeMX version: 6.17.0
2026-03-09 13:21:13,058 [ERROR] AppliInfo:139 - Unknown STM32CubeMX version: 6.17.0
2026-03-09 13:21:13,059 [ERROR] AppliInfo:139 - Unknown STM32CubeMX version: 6.17.0
2026-03-09 13:21:13,059 [ERROR] AppliInfo:139 - Unknown STM32CubeMX version: 6.16.0
2026-03-09 13:21:13,059 [ERROR] AppliInfo:139 - Unknown STM32CubeMX version: 6.17.0
2026-03-09 13:21:13,059 [ERROR] AppliInfo:139 - Unknown STM32CubeMX version: 6.17.0
2026-03-09 13:21:13,059 [ERROR] AppliInfo:139 - Unknown STM32CubeMX version: 6.17.0
2026-03-09 13:21:13,059 [ERROR] AppliInfo:139 - Unknown STM32CubeMX version: 6.17.0
2026-03-09 13:21:13,059 [ERROR] AppliInfo:139 - Unknown STM32CubeMX version: 6.17.0
2026-03-09 13:21:13,060 [ERROR] AppliInfo:139 - Unknown STM32CubeMX version: 6.16.0
2026-03-09 13:21:13,060 [ERROR] AppliInfo:139 - Unknown STM32CubeMX version: 6.16.0
2026-03-09 13:21:13,060 [ERROR] AppliInfo:139 - Unknown STM32CubeMX version: 6.16.0
2026-03-09 13:21:13,060 [ERROR] AppliInfo:139 - Unknown STM32CubeMX version: 6.17.0
2026-03-09 13:21:13,060 [ERROR] AppliInfo:139 - Unknown STM32CubeMX version: 6.17.0
2026-03-09 13:21:13,060 [ERROR] AppliInfo:139 - Unknown STM32CubeMX version: 6.16.0
2026-03-09 13:21:13,060 [ERROR] AppliInfo:139 - Unknown STM32CubeMX version: 6.17.0
2026-03-09 13:21:13,060 [ERROR] AppliInfo:139 - Unknown STM32CubeMX version: 6.17.0
2026-03-09 13:21:13,061 [ERROR] AppliInfo:139 - Unknown STM32CubeMX version: 6.17.0
2026-03-09 13:21:13,061 [ERROR] AppliInfo:139 - Unknown STM32CubeMX version: 6.17.0
2026-03-09 13:21:13,061 [ERROR] AppliInfo:139 - Unknown STM32CubeMX version: 6.17.0
2026-03-09 13:21:13,061 [ERROR] AppliInfo:139 - Unknown STM32CubeMX version: 6.16.0
2026-03-09 13:21:13,061 [ERROR] AppliInfo:139 - Unknown STM32CubeMX version: 6.16.0
2026-03-09 13:21:13,061 [ERROR] AppliInfo:139 - Unknown STM32CubeMX version: 6.16.0
2026-03-09 13:21:13,061 [ERROR] AppliInfo:139 - Unknown STM32CubeMX version: 6.17.0
2026-03-09 13:21:13,062 [ERROR] AppliInfo:139 - Unknown STM32CubeMX version: 6.17.0
2026-03-09 13:21:13,062 [ERROR] AppliInfo:139 - Unknown STM32CubeMX version: 6.17.0
2026-03-09 13:21:13,062 [ERROR] AppliInfo:139 - Unknown STM32CubeMX version: 6.16.0
2026-03-09 13:21:13,062 [ERROR] AppliInfo:139 - Unknown STM32CubeMX version: 6.16.0
2026-03-09 13:21:13,062 [ERROR] AppliInfo:139 - Unknown STM32CubeMX version: 6.16.0
2026-03-09 13:21:13,062 [ERROR] AppliInfo:139 - Unknown STM32CubeMX version: 6.16.0
2026-03-09 13:21:13,062 [ERROR] AppliInfo:139 - Unknown STM32CubeMX version: 6.16.0
2026-03-09 13:21:13,063 [ERROR] AppliInfo:139 - Unknown STM32CubeMX version: 6.16.0
2026-03-09 13:21:13,063 [ERROR] AppliInfo:139 - Unknown STM32CubeMX version: 6.16.0
2026-03-09 13:21:13,063 [ERROR] AppliInfo:139 - Unknown STM32CubeMX version: 6.17.0
2026-03-09 13:21:13,063 [ERROR] AppliInfo:139 - Unknown STM32CubeMX version: 6.17.0
2026-03-09 13:21:13,063 [ERROR] AppliInfo:139 - Unknown STM32CubeMX version: 6.17.0
2026-03-09 13:21:13,063 [ERROR] AppliInfo:139 - Unknown STM32CubeMX version: 6.16.0
2026-03-09 13:21:13,063 [ERROR] AppliInfo:139 - Unknown STM32CubeMX version: 6.16.0
2026-03-09 13:21:13,064 [ERROR] AppliInfo:139 - Unknown STM32CubeMX version: 6.16.0
2026-03-09 13:21:13,064 [ERROR] AppliInfo:139 - Unknown STM32CubeMX version: 6.16.0
2026-03-09 13:21:13,064 [ERROR] AppliInfo:139 - Unknown STM32CubeMX version: 6.16.0
2026-03-09 13:21:13,064 [ERROR] AppliInfo:139 - Unknown STM32CubeMX version: 6.16.0
2026-03-09 13:21:13,064 [ERROR] AppliInfo:139 - Unknown STM32CubeMX version: 6.16.0
2026-03-09 13:21:13,064 [ERROR] AppliInfo:139 - Unknown STM32CubeMX version: 6.17.0
2026-03-09 13:21:13,064 [ERROR] AppliInfo:139 - Unknown STM32CubeMX version: 6.17.0
2026-03-09 13:21:13,064 [ERROR] AppliInfo:139 - Unknown STM32CubeMX version: 6.17.0
2026-03-09 13:21:13,065 [ERROR] AppliInfo:139 - Unknown STM32CubeMX version: 6.16.0
2026-03-09 13:21:13,065 [ERROR] AppliInfo:139 - Unknown STM32CubeMX version: 6.17.0
2026-03-09 13:21:13,065 [ERROR] AppliInfo:139 - Unknown STM32CubeMX version: 6.17.0
2026-03-09 13:21:13,065 [ERROR] AppliInfo:139 - Unknown STM32CubeMX version: 6.17.0
2026-03-09 13:21:13,065 [ERROR] AppliInfo:139 - Unknown STM32CubeMX version: 6.17.0
2026-03-09 13:21:13,065 [ERROR] AppliInfo:139 - Unknown STM32CubeMX version: 6.17.0
2026-03-09 13:21:13,065 [ERROR] AppliInfo:139 - Unknown STM32CubeMX version: 6.16.0
2026-03-09 13:21:13,066 [ERROR] AppliInfo:139 - Unknown STM32CubeMX version: 6.16.0
2026-03-09 13:21:13,066 [ERROR] AppliInfo:139 - Unknown STM32CubeMX version: 6.16.0
2026-03-09 13:21:13,066 [ERROR] AppliInfo:139 - Unknown STM32CubeMX version: 6.17.0
2026-03-09 13:21:13,066 [ERROR] AppliInfo:139 - Unknown STM32CubeMX version: 6.17.0
2026-03-09 13:21:13,066 [ERROR] AppliInfo:139 - Unknown STM32CubeMX version: 6.16.0
2026-03-09 13:21:13,066 [ERROR] AppliInfo:139 - Unknown STM32CubeMX version: 6.17.0
2026-03-09 13:21:13,066 [ERROR] AppliInfo:139 - Unknown STM32CubeMX version: 6.17.0
2026-03-09 13:21:13,066 [ERROR] AppliInfo:139 - Unknown STM32CubeMX version: 6.17.0
2026-03-09 13:21:13,067 [ERROR] AppliInfo:139 - Unknown STM32CubeMX version: 6.17.0
2026-03-09 13:21:13,067 [ERROR] AppliInfo:139 - Unknown STM32CubeMX version: 6.17.0
2026-03-09 13:21:13,067 [ERROR] AppliInfo:139 - Unknown STM32CubeMX version: 6.16.0
2026-03-09 13:21:13,067 [ERROR] AppliInfo:139 - Unknown STM32CubeMX version: 6.16.0
2026-03-09 13:21:13,067 [ERROR] AppliInfo:139 - Unknown STM32CubeMX version: 6.16.0
2026-03-09 13:21:13,067 [ERROR] AppliInfo:139 - Unknown STM32CubeMX version: 6.17.0
2026-03-09 13:21:13,068 [ERROR] AppliInfo:139 - Unknown STM32CubeMX version: 6.17.0
2026-03-09 13:21:13,078 [ERROR] AppliInfo:139 - Unknown STM32CubeMX version: 6.15.0
2026-03-09 13:21:13,078 [ERROR] AppliInfo:139 - Unknown STM32CubeMX version: 6.15.0
2026-03-09 13:21:13,078 [ERROR] AppliInfo:139 - Unknown STM32CubeMX version: 6.15.0
2026-03-09 13:21:13,078 [ERROR] AppliInfo:139 - Unknown STM32CubeMX version: 6.15.0
2026-03-09 13:21:13,079 [ERROR] AppliInfo:139 - Unknown STM32CubeMX version: 6.15.0
2026-03-09 13:21:13,079 [ERROR] AppliInfo:139 - Unknown STM32CubeMX version: 6.15.0
2026-03-09 13:21:13,079 [ERROR] AppliInfo:139 - Unknown STM32CubeMX version: 6.15.0
2026-03-09 13:21:13,079 [ERROR] AppliInfo:139 - Unknown STM32CubeMX version: 6.15.0
2026-03-09 13:21:13,079 [ERROR] AppliInfo:139 - Unknown STM32CubeMX version: 6.15.0
2026-03-09 13:21:13,079 [ERROR] AppliInfo:139 - Unknown STM32CubeMX version: 6.15.0
2026-03-09 13:21:13,080 [ERROR] AppliInfo:139 - Unknown STM32CubeMX version: 6.15.0
2026-03-09 13:21:13,080 [ERROR] AppliInfo:139 - Unknown STM32CubeMX version: 6.15.0
2026-03-09 13:21:13,080 [ERROR] AppliInfo:139 - Unknown STM32CubeMX version: 6.15.0
2026-03-09 13:21:13,080 [ERROR] AppliInfo:139 - Unknown STM32CubeMX version: 6.15.0
2026-03-09 13:21:13,080 [ERROR] AppliInfo:139 - Unknown STM32CubeMX version: 6.15.0
2026-03-09 13:21:13,080 [ERROR] AppliInfo:139 - Unknown STM32CubeMX version: 6.15.0
2026-03-09 13:21:13,080 [ERROR] AppliInfo:139 - Unknown STM32CubeMX version: 6.15.0
2026-03-09 13:21:13,081 [ERROR] AppliInfo:139 - Unknown STM32CubeMX version: 6.15.0
2026-03-09 13:21:13,081 [ERROR] AppliInfo:139 - Unknown STM32CubeMX version: 6.15.0
2026-03-09 13:21:13,081 [ERROR] AppliInfo:139 - Unknown STM32CubeMX version: 6.15.0
2026-03-09 13:21:13,081 [ERROR] AppliInfo:139 - Unknown STM32CubeMX version: 6.15.0
2026-03-09 13:21:13,081 [ERROR] AppliInfo:139 - Unknown STM32CubeMX version: 6.15.0
2026-03-09 13:21:13,081 [ERROR] AppliInfo:139 - Unknown STM32CubeMX version: 6.15.0
2026-03-09 13:21:13,081 [ERROR] AppliInfo:139 - Unknown STM32CubeMX version: 6.15.0
2026-03-09 13:21:13,082 [ERROR] AppliInfo:139 - Unknown STM32CubeMX version: 6.15.0
2026-03-09 13:21:13,082 [ERROR] AppliInfo:139 - Unknown STM32CubeMX version: 6.15.0
2026-03-09 13:21:13,082 [ERROR] AppliInfo:139 - Unknown STM32CubeMX version: 6.15.0
2026-03-09 13:21:13,082 [ERROR] AppliInfo:139 - Unknown STM32CubeMX version: 6.15.0
2026-03-09 13:21:13,082 [ERROR] AppliInfo:139 - Unknown STM32CubeMX version: 6.15.0
2026-03-09 13:21:13,083 [ERROR] AppliInfo:139 - Unknown STM32CubeMX version: 6.15.0
2026-03-09 13:21:13,083 [ERROR] AppliInfo:139 - Unknown STM32CubeMX version: 6.15.0
2026-03-09 13:21:13,083 [ERROR] AppliInfo:139 - Unknown STM32CubeMX version: 6.15.0
2026-03-09 13:21:13,083 [ERROR] AppliInfo:139 - Unknown STM32CubeMX version: 6.15.0
2026-03-09 13:21:13,083 [ERROR] AppliInfo:139 - Unknown STM32CubeMX version: 6.15.0
2026-03-09 13:21:13,083 [ERROR] AppliInfo:139 - Unknown STM32CubeMX version: 6.15.0
2026-03-09 13:21:13,083 [ERROR] AppliInfo:139 - Unknown STM32CubeMX version: 6.15.0
2026-03-09 13:21:13,084 [ERROR] AppliInfo:139 - Unknown STM32CubeMX version: 6.15.0
2026-03-09 13:21:13,084 [ERROR] AppliInfo:139 - Unknown STM32CubeMX version: 6.15.0
2026-03-09 13:21:13,084 [ERROR] AppliInfo:139 - Unknown STM32CubeMX version: 6.15.0
2026-03-09 13:21:13,084 [ERROR] AppliInfo:139 - Unknown STM32CubeMX version: 6.15.0
2026-03-09 13:21:13,084 [ERROR] AppliInfo:139 - Unknown STM32CubeMX version: 6.15.0
2026-03-09 13:21:13,084 [ERROR] AppliInfo:139 - Unknown STM32CubeMX version: 6.15.0
2026-03-09 13:21:13,085 [ERROR] AppliInfo:139 - Unknown STM32CubeMX version: 6.15.0
2026-03-09 13:21:13,096 [ERROR] AppliInfo:139 - Unknown STM32CubeMX version: 6.14.1
2026-03-09 13:21:13,096 [ERROR] AppliInfo:139 - Unknown STM32CubeMX version: 6.14.1
2026-03-09 13:21:13,096 [ERROR] AppliInfo:139 - Unknown STM32CubeMX version: 6.14.1
2026-03-09 13:21:13,097 [ERROR] AppliInfo:139 - Unknown STM32CubeMX version: 6.14.1
2026-03-09 13:21:13,097 [ERROR] AppliInfo:139 - Unknown STM32CubeMX version: 6.14.1
2026-03-09 13:21:13,097 [ERROR] AppliInfo:139 - Unknown STM32CubeMX version: 6.14.1
2026-03-09 13:21:13,097 [ERROR] AppliInfo:139 - Unknown STM32CubeMX version: 6.14.1
2026-03-09 13:21:13,097 [ERROR] AppliInfo:139 - Unknown STM32CubeMX version: 6.14.1
2026-03-09 13:21:13,097 [ERROR] AppliInfo:139 - Unknown STM32CubeMX version: 6.14.1
2026-03-09 13:21:13,098 [ERROR] AppliInfo:139 - Unknown STM32CubeMX version: 6.14.1
2026-03-09 13:21:13,098 [ERROR] AppliInfo:139 - Unknown STM32CubeMX version: 6.14.1
2026-03-09 13:21:13,098 [ERROR] AppliInfo:139 - Unknown STM32CubeMX version: 6.14.1
2026-03-09 13:21:13,098 [ERROR] AppliInfo:139 - Unknown STM32CubeMX version: 6.14.1
2026-03-09 13:21:13,098 [ERROR] AppliInfo:139 - Unknown STM32CubeMX version: 6.14.1
2026-03-09 13:21:13,098 [ERROR] AppliInfo:139 - Unknown STM32CubeMX version: 6.14.1
2026-03-09 13:21:13,098 [ERROR] AppliInfo:139 - Unknown STM32CubeMX version: 6.14.1
2026-03-09 13:21:13,099 [ERROR] AppliInfo:139 - Unknown STM32CubeMX version: 6.14.1
2026-03-09 13:21:13,099 [ERROR] AppliInfo:139 - Unknown STM32CubeMX version: 6.14.1
2026-03-09 13:21:13,099 [ERROR] AppliInfo:139 - Unknown STM32CubeMX version: 6.14.1
2026-03-09 13:21:13,099 [ERROR] AppliInfo:139 - Unknown STM32CubeMX version: 6.14.1
2026-03-09 13:21:13,099 [ERROR] AppliInfo:139 - Unknown STM32CubeMX version: 6.14.1
2026-03-09 13:21:13,100 [ERROR] AppliInfo:139 - Unknown STM32CubeMX version: 6.14.1
2026-03-09 13:21:13,100 [ERROR] AppliInfo:139 - Unknown STM32CubeMX version: 6.14.1
2026-03-09 13:21:13,100 [ERROR] AppliInfo:139 - Unknown STM32CubeMX version: 6.14.1
2026-03-09 13:21:13,100 [ERROR] AppliInfo:139 - Unknown STM32CubeMX version: 6.14.1
2026-03-09 13:21:13,100 [ERROR] AppliInfo:139 - Unknown STM32CubeMX version: 6.14.1
2026-03-09 13:21:13,100 [ERROR] AppliInfo:139 - Unknown STM32CubeMX version: 6.14.1
2026-03-09 13:21:13,101 [ERROR] AppliInfo:139 - Unknown STM32CubeMX version: 6.14.1
2026-03-09 13:21:13,101 [ERROR] AppliInfo:139 - Unknown STM32CubeMX version: 6.14.1
2026-03-09 13:21:13,101 [ERROR] AppliInfo:139 - Unknown STM32CubeMX version: 6.14.1
2026-03-09 13:21:13,101 [ERROR] AppliInfo:139 - Unknown STM32CubeMX version: 6.14.1
2026-03-09 13:21:13,101 [ERROR] AppliInfo:139 - Unknown STM32CubeMX version: 6.14.1
2026-03-09 13:21:13,101 [ERROR] AppliInfo:139 - Unknown STM32CubeMX version: 6.14.1
2026-03-09 13:21:13,102 [ERROR] AppliInfo:139 - Unknown STM32CubeMX version: 6.14.1
2026-03-09 13:21:13,102 [ERROR] AppliInfo:139 - Unknown STM32CubeMX version: 6.14.1
2026-03-09 13:21:13,102 [ERROR] AppliInfo:139 - Unknown STM32CubeMX version: 6.14.1
2026-03-09 13:21:13,103 [ERROR] AppliInfo:139 - Unknown STM32CubeMX version: 6.15.0
2026-03-09 13:21:13,103 [ERROR] AppliInfo:139 - Unknown STM32CubeMX version: 6.15.0
2026-03-09 13:21:13,103 [ERROR] AppliInfo:139 - Unknown STM32CubeMX version: 6.15.0
2026-03-09 13:21:13,103 [ERROR] AppliInfo:139 - Unknown STM32CubeMX version: 6.15.0
2026-03-09 13:21:13,104 [ERROR] AppliInfo:139 - Unknown STM32CubeMX version: 6.15.0
2026-03-09 13:21:13,104 [ERROR] AppliInfo:139 - Unknown STM32CubeMX version: 6.15.0
2026-03-09 13:21:13,104 [ERROR] AppliInfo:139 - Unknown STM32CubeMX version: 6.15.0
2026-03-09 13:21:13,104 [ERROR] AppliInfo:139 - Unknown STM32CubeMX version: 6.15.0
2026-03-09 13:21:13,104 [ERROR] AppliInfo:139 - Unknown STM32CubeMX version: 6.15.0
2026-03-09 13:21:13,105 [ERROR] AppliInfo:139 - Unknown STM32CubeMX version: 6.15.0
2026-03-09 13:21:13,105 [ERROR] AppliInfo:139 - Unknown STM32CubeMX version: 6.15.0
2026-03-09 13:21:13,105 [ERROR] AppliInfo:139 - Unknown STM32CubeMX version: 6.15.0
2026-03-09 13:21:13,105 [ERROR] AppliInfo:139 - Unknown STM32CubeMX version: 6.15.0
2026-03-09 13:21:13,105 [ERROR] AppliInfo:139 - Unknown STM32CubeMX version: 6.15.0
2026-03-09 13:21:13,105 [ERROR] AppliInfo:139 - Unknown STM32CubeMX version: 6.15.0
2026-03-09 13:21:13,106 [ERROR] AppliInfo:139 - Unknown STM32CubeMX version: 6.15.0
2026-03-09 13:21:13,106 [ERROR] AppliInfo:139 - Unknown STM32CubeMX version: 6.15.0
2026-03-09 13:21:13,106 [ERROR] AppliInfo:139 - Unknown STM32CubeMX version: 6.15.0
2026-03-09 13:21:13,106 [ERROR] AppliInfo:139 - Unknown STM32CubeMX version: 6.15.0
2026-03-09 13:21:13,106 [ERROR] AppliInfo:139 - Unknown STM32CubeMX version: 6.15.0
2026-03-09 13:21:13,106 [ERROR] AppliInfo:139 - Unknown STM32CubeMX version: 6.15.0
2026-03-09 13:21:13,106 [ERROR] AppliInfo:139 - Unknown STM32CubeMX version: 6.15.0
2026-03-09 13:21:13,107 [ERROR] AppliInfo:139 - Unknown STM32CubeMX version: 6.15.0
2026-03-09 13:21:13,107 [ERROR] AppliInfo:139 - Unknown STM32CubeMX version: 6.15.0
2026-03-09 13:21:13,107 [ERROR] AppliInfo:139 - Unknown STM32CubeMX version: 6.15.0
2026-03-09 13:21:13,107 [ERROR] AppliInfo:139 - Unknown STM32CubeMX version: 6.15.0
2026-03-09 13:21:13,107 [ERROR] AppliInfo:139 - Unknown STM32CubeMX version: 6.15.0
2026-03-09 13:21:13,107 [ERROR] AppliInfo:139 - Unknown STM32CubeMX version: 6.15.0
2026-03-09 13:21:13,108 [ERROR] AppliInfo:139 - Unknown STM32CubeMX version: 6.15.0
2026-03-09 13:21:13,108 [ERROR] AppliInfo:139 - Unknown STM32CubeMX version: 6.15.0
2026-03-09 13:21:13,108 [ERROR] AppliInfo:139 - Unknown STM32CubeMX version: 6.15.0
2026-03-09 13:21:13,108 [ERROR] AppliInfo:139 - Unknown STM32CubeMX version: 6.15.0
2026-03-09 13:21:13,108 [ERROR] AppliInfo:139 - Unknown STM32CubeMX version: 6.15.0
2026-03-09 13:21:13,108 [ERROR] AppliInfo:139 - Unknown STM32CubeMX version: 6.15.0
2026-03-09 13:21:13,108 [ERROR] AppliInfo:139 - Unknown STM32CubeMX version: 6.15.0
2026-03-09 13:21:13,109 [ERROR] AppliInfo:139 - Unknown STM32CubeMX version: 6.15.0
2026-03-09 13:21:13,109 [ERROR] AppliInfo:139 - Unknown STM32CubeMX version: 6.15.0
2026-03-09 13:21:13,109 [ERROR] AppliInfo:139 - Unknown STM32CubeMX version: 6.15.0
2026-03-09 13:21:13,109 [ERROR] AppliInfo:139 - Unknown STM32CubeMX version: 6.15.0
2026-03-09 13:21:13,109 [ERROR] AppliInfo:139 - Unknown STM32CubeMX version: 6.15.0
2026-03-09 13:21:13,109 [ERROR] AppliInfo:139 - Unknown STM32CubeMX version: 6.15.0
2026-03-09 13:21:13,110 [ERROR] AppliInfo:139 - Unknown STM32CubeMX version: 6.15.0
2026-03-09 13:21:13,110 [ERROR] AppliInfo:139 - Unknown STM32CubeMX version: 6.15.0
2026-03-09 13:21:13,110 [ERROR] AppliInfo:139 - Unknown STM32CubeMX version: 6.15.0
2026-03-09 13:21:13,110 [ERROR] AppliInfo:139 - Unknown STM32CubeMX version: 6.15.0
2026-03-09 13:21:13,110 [ERROR] AppliInfo:139 - Unknown STM32CubeMX version: 6.15.0
2026-03-09 13:21:13,110 [ERROR] AppliInfo:139 - Unknown STM32CubeMX version: 6.15.0
2026-03-09 13:21:13,111 [ERROR] AppliInfo:139 - Unknown STM32CubeMX version: 6.15.0
2026-03-09 13:21:13,111 [ERROR] AppliInfo:139 - Unknown STM32CubeMX version: 6.15.0
2026-03-09 13:21:13,111 [ERROR] AppliInfo:139 - Unknown STM32CubeMX version: 6.15.0
2026-03-09 13:21:13,111 [ERROR] AppliInfo:139 - Unknown STM32CubeMX version: 6.15.0
2026-03-09 13:21:13,111 [ERROR] AppliInfo:139 - Unknown STM32CubeMX version: 6.15.0
2026-03-09 13:21:13,111 [ERROR] AppliInfo:139 - Unknown STM32CubeMX version: 6.15.0
2026-03-09 13:21:13,111 [ERROR] AppliInfo:139 - Unknown STM32CubeMX version: 6.15.0
2026-03-09 13:21:13,112 [ERROR] AppliInfo:139 - Unknown STM32CubeMX version: 6.15.0
2026-03-09 13:21:13,112 [ERROR] AppliInfo:139 - Unknown STM32CubeMX version: 6.15.0
2026-03-09 13:21:13,112 [ERROR] AppliInfo:139 - Unknown STM32CubeMX version: 6.15.0
2026-03-09 13:21:13,112 [ERROR] AppliInfo:139 - Unknown STM32CubeMX version: 6.15.0
2026-03-09 13:21:13,112 [ERROR] AppliInfo:139 - Unknown STM32CubeMX version: 6.15.0
2026-03-09 13:21:13,112 [ERROR] AppliInfo:139 - Unknown STM32CubeMX version: 6.15.0
2026-03-09 13:21:13,112 [ERROR] AppliInfo:139 - Unknown STM32CubeMX version: 6.15.0
2026-03-09 13:21:13,113 [ERROR] AppliInfo:139 - Unknown STM32CubeMX version: 6.15.0
2026-03-09 13:21:13,113 [ERROR] AppliInfo:139 - Unknown STM32CubeMX version: 6.15.0
2026-03-09 13:21:13,113 [ERROR] AppliInfo:139 - Unknown STM32CubeMX version: 6.15.0
2026-03-09 13:21:13,113 [ERROR] AppliInfo:139 - Unknown STM32CubeMX version: 6.15.0
2026-03-09 13:21:13,113 [ERROR] AppliInfo:139 - Unknown STM32CubeMX version: 6.15.0
2026-03-09 13:21:13,113 [ERROR] AppliInfo:139 - Unknown STM32CubeMX version: 6.15.0
2026-03-09 13:21:13,113 [ERROR] AppliInfo:139 - Unknown STM32CubeMX version: 6.15.0
2026-03-09 13:21:13,114 [ERROR] AppliInfo:139 - Unknown STM32CubeMX version: 6.15.0
2026-03-09 13:21:13,114 [ERROR] AppliInfo:139 - Unknown STM32CubeMX version: 6.15.0
2026-03-09 13:21:13,114 [ERROR] AppliInfo:139 - Unknown STM32CubeMX version: 6.15.0
2026-03-09 13:21:13,114 [ERROR] AppliInfo:139 - Unknown STM32CubeMX version: 6.15.0
2026-03-09 13:21:13,114 [ERROR] AppliInfo:139 - Unknown STM32CubeMX version: 6.15.0
2026-03-09 13:21:13,114 [ERROR] AppliInfo:139 - Unknown STM32CubeMX version: 6.15.0
2026-03-09 13:21:13,114 [ERROR] AppliInfo:139 - Unknown STM32CubeMX version: 6.15.0
2026-03-09 13:21:13,115 [ERROR] AppliInfo:139 - Unknown STM32CubeMX version: 6.15.0
2026-03-09 13:21:13,115 [ERROR] AppliInfo:139 - Unknown STM32CubeMX version: 6.15.0
2026-03-09 13:21:13,115 [ERROR] AppliInfo:139 - Unknown STM32CubeMX version: 6.15.0
2026-03-09 13:21:13,115 [ERROR] AppliInfo:139 - Unknown STM32CubeMX version: 6.15.0
2026-03-09 13:21:13,115 [ERROR] AppliInfo:139 - Unknown STM32CubeMX version: 6.15.0
2026-03-09 13:21:13,115 [ERROR] AppliInfo:139 - Unknown STM32CubeMX version: 6.15.0
2026-03-09 13:21:13,115 [ERROR] AppliInfo:139 - Unknown STM32CubeMX version: 6.15.0
2026-03-09 13:21:13,116 [ERROR] AppliInfo:139 - Unknown STM32CubeMX version: 6.15.0
2026-03-09 13:21:13,116 [ERROR] AppliInfo:139 - Unknown STM32CubeMX version: 6.15.0
2026-03-09 13:21:13,116 [ERROR] AppliInfo:139 - Unknown STM32CubeMX version: 6.15.0
2026-03-09 13:21:13,116 [ERROR] AppliInfo:139 - Unknown STM32CubeMX version: 6.15.0
2026-03-09 13:21:13,116 [ERROR] AppliInfo:139 - Unknown STM32CubeMX version: 6.15.0
2026-03-09 13:21:13,116 [ERROR] AppliInfo:139 - Unknown STM32CubeMX version: 6.15.0
2026-03-09 13:21:13,116 [ERROR] AppliInfo:139 - Unknown STM32CubeMX version: 6.15.0
2026-03-09 13:21:13,117 [ERROR] AppliInfo:139 - Unknown STM32CubeMX version: 6.15.0
2026-03-09 13:21:13,117 [ERROR] AppliInfo:139 - Unknown STM32CubeMX version: 6.15.0
2026-03-09 13:21:13,117 [ERROR] AppliInfo:139 - Unknown STM32CubeMX version: 6.15.0
2026-03-09 13:21:13,117 [ERROR] AppliInfo:139 - Unknown STM32CubeMX version: 6.15.0
2026-03-09 13:21:13,117 [ERROR] AppliInfo:139 - Unknown STM32CubeMX version: 6.15.0
2026-03-09 13:21:13,117 [ERROR] AppliInfo:139 - Unknown STM32CubeMX version: 6.15.0
2026-03-09 13:21:13,118 [ERROR] AppliInfo:139 - Unknown STM32CubeMX version: 6.15.0
2026-03-09 13:21:13,118 [ERROR] AppliInfo:139 - Unknown STM32CubeMX version: 6.15.0
2026-03-09 13:21:13,118 [ERROR] AppliInfo:139 - Unknown STM32CubeMX version: 6.15.0
2026-03-09 13:21:13,118 [ERROR] AppliInfo:139 - Unknown STM32CubeMX version: 6.15.0
2026-03-09 13:21:13,118 [ERROR] AppliInfo:139 - Unknown STM32CubeMX version: 6.15.0
2026-03-09 13:21:13,118 [ERROR] AppliInfo:139 - Unknown STM32CubeMX version: 6.15.0
2026-03-09 13:21:13,118 [ERROR] AppliInfo:139 - Unknown STM32CubeMX version: 6.15.0
2026-03-09 13:21:13,119 [ERROR] AppliInfo:139 - Unknown STM32CubeMX version: 6.15.0
2026-03-09 13:21:13,119 [ERROR] AppliInfo:139 - Unknown STM32CubeMX version: 6.15.0
2026-03-09 13:21:13,119 [ERROR] AppliInfo:139 - Unknown STM32CubeMX version: 6.15.0
2026-03-09 13:21:13,119 [ERROR] AppliInfo:139 - Unknown STM32CubeMX version: 6.15.0
2026-03-09 13:21:13,119 [ERROR] AppliInfo:139 - Unknown STM32CubeMX version: 6.15.0
2026-03-09 13:21:13,119 [ERROR] AppliInfo:139 - Unknown STM32CubeMX version: 6.15.0
2026-03-09 13:21:13,119 [ERROR] AppliInfo:139 - Unknown STM32CubeMX version: 6.15.0
2026-03-09 13:21:13,120 [ERROR] AppliInfo:139 - Unknown STM32CubeMX version: 6.15.0
2026-03-09 13:21:13,120 [ERROR] AppliInfo:139 - Unknown STM32CubeMX version: 6.15.0
2026-03-09 13:21:13,120 [ERROR] AppliInfo:139 - Unknown STM32CubeMX version: 6.15.0
2026-03-09 13:21:13,120 [ERROR] AppliInfo:139 - Unknown STM32CubeMX version: 6.15.0
2026-03-09 13:21:13,120 [ERROR] AppliInfo:139 - Unknown STM32CubeMX version: 6.15.0
2026-03-09 13:21:13,120 [ERROR] AppliInfo:139 - Unknown STM32CubeMX version: 6.15.0
2026-03-09 13:21:13,121 [ERROR] AppliInfo:139 - Unknown STM32CubeMX version: 6.15.0
2026-03-09 13:21:13,121 [ERROR] AppliInfo:139 - Unknown STM32CubeMX version: 6.15.0
2026-03-09 13:21:13,121 [ERROR] AppliInfo:139 - Unknown STM32CubeMX version: 6.15.0
2026-03-09 13:21:13,121 [ERROR] AppliInfo:139 - Unknown STM32CubeMX version: 6.15.0
2026-03-09 13:21:13,121 [ERROR] AppliInfo:139 - Unknown STM32CubeMX version: 6.15.0
2026-03-09 13:21:13,121 [ERROR] AppliInfo:139 - Unknown STM32CubeMX version: 6.15.0
2026-03-09 13:21:13,121 [ERROR] AppliInfo:139 - Unknown STM32CubeMX version: 6.15.0
2026-03-09 13:21:13,122 [ERROR] AppliInfo:139 - Unknown STM32CubeMX version: 6.15.0
2026-03-09 13:21:13,122 [ERROR] AppliInfo:139 - Unknown STM32CubeMX version: 6.15.0
2026-03-09 13:21:13,122 [ERROR] AppliInfo:139 - Unknown STM32CubeMX version: 6.15.0
2026-03-09 13:21:13,122 [ERROR] AppliInfo:139 - Unknown STM32CubeMX version: 6.15.0
2026-03-09 13:21:13,122 [ERROR] AppliInfo:139 - Unknown STM32CubeMX version: 6.15.0
2026-03-09 13:21:13,122 [ERROR] AppliInfo:139 - Unknown STM32CubeMX version: 6.15.0
2026-03-09 13:21:13,123 [ERROR] AppliInfo:139 - Unknown STM32CubeMX version: 6.15.0
2026-03-09 13:21:13,123 [ERROR] AppliInfo:139 - Unknown STM32CubeMX version: 6.15.0
2026-03-09 13:21:13,123 [ERROR] AppliInfo:139 - Unknown STM32CubeMX version: 6.15.0
2026-03-09 13:21:13,123 [ERROR] AppliInfo:139 - Unknown STM32CubeMX version: 6.15.0
2026-03-09 13:21:13,123 [ERROR] AppliInfo:139 - Unknown STM32CubeMX version: 6.15.0
2026-03-09 13:21:13,124 [ERROR] AppliInfo:139 - Unknown STM32CubeMX version: 6.15.0
2026-03-09 13:21:13,124 [ERROR] AppliInfo:139 - Unknown STM32CubeMX version: 6.15.0
2026-03-09 13:21:13,124 [ERROR] AppliInfo:139 - Unknown STM32CubeMX version: 6.15.0
2026-03-09 13:21:13,124 [ERROR] AppliInfo:139 - Unknown STM32CubeMX version: 6.15.0
2026-03-09 13:21:13,124 [ERROR] AppliInfo:139 - Unknown STM32CubeMX version: 6.15.0
2026-03-09 13:21:13,124 [ERROR] AppliInfo:139 - Unknown STM32CubeMX version: 6.15.0
2026-03-09 13:21:13,124 [ERROR] AppliInfo:139 - Unknown STM32CubeMX version: 6.15.0
2026-03-09 13:21:13,125 [ERROR] AppliInfo:139 - Unknown STM32CubeMX version: 6.15.0
2026-03-09 13:21:13,125 [ERROR] AppliInfo:139 - Unknown STM32CubeMX version: 6.15.0
2026-03-09 13:21:13,125 [ERROR] AppliInfo:139 - Unknown STM32CubeMX version: 6.15.0
2026-03-09 13:21:13,125 [ERROR] AppliInfo:139 - Unknown STM32CubeMX version: 6.15.0
2026-03-09 13:21:13,125 [ERROR] AppliInfo:139 - Unknown STM32CubeMX version: 6.15.0
2026-03-09 13:21:13,125 [ERROR] AppliInfo:139 - Unknown STM32CubeMX version: 6.15.0
2026-03-09 13:21:13,126 [ERROR] AppliInfo:139 - Unknown STM32CubeMX version: 6.15.0
2026-03-09 13:21:13,126 [ERROR] AppliInfo:139 - Unknown STM32CubeMX version: 6.15.0
2026-03-09 13:21:13,126 [ERROR] AppliInfo:139 - Unknown STM32CubeMX version: 6.15.0
2026-03-09 13:21:13,126 [ERROR] AppliInfo:139 - Unknown STM32CubeMX version: 6.15.0
2026-03-09 13:21:13,126 [ERROR] AppliInfo:139 - Unknown STM32CubeMX version: 6.15.0
2026-03-09 13:21:13,126 [ERROR] AppliInfo:139 - Unknown STM32CubeMX version: 6.15.0
2026-03-09 13:21:13,127 [ERROR] AppliInfo:139 - Unknown STM32CubeMX version: 6.15.0
2026-03-09 13:21:13,127 [ERROR] AppliInfo:139 - Unknown STM32CubeMX version: 6.15.0
2026-03-09 13:21:13,127 [ERROR] AppliInfo:139 - Unknown STM32CubeMX version: 6.15.0
2026-03-09 13:21:13,127 [ERROR] AppliInfo:139 - Unknown STM32CubeMX version: 6.15.0
2026-03-09 13:21:13,127 [ERROR] AppliInfo:139 - Unknown STM32CubeMX version: 6.15.0
2026-03-09 13:21:13,127 [ERROR] AppliInfo:139 - Unknown STM32CubeMX version: 6.15.0
2026-03-09 13:21:13,127 [ERROR] AppliInfo:139 - Unknown STM32CubeMX version: 6.15.0
2026-03-09 13:21:13,128 [ERROR] AppliInfo:139 - Unknown STM32CubeMX version: 6.15.0
2026-03-09 13:21:13,128 [ERROR] AppliInfo:139 - Unknown STM32CubeMX version: 6.15.0
2026-03-09 13:21:13,135 [ERROR] AppliInfo:139 - Unknown STM32CubeMX version: 6.15.0
2026-03-09 13:21:13,135 [ERROR] AppliInfo:139 - Unknown STM32CubeMX version: 6.15.0
2026-03-09 13:21:13,135 [ERROR] AppliInfo:139 - Unknown STM32CubeMX version: 6.15.0
2026-03-09 13:21:13,135 [ERROR] AppliInfo:139 - Unknown STM32CubeMX version: 6.15.0
2026-03-09 13:21:13,136 [ERROR] AppliInfo:139 - Unknown STM32CubeMX version: 6.15.0
2026-03-09 13:21:13,136 [ERROR] AppliInfo:139 - Unknown STM32CubeMX version: 6.15.0
2026-03-09 13:21:13,136 [ERROR] AppliInfo:139 - Unknown STM32CubeMX version: 6.15.0
2026-03-09 13:21:13,136 [ERROR] AppliInfo:139 - Unknown STM32CubeMX version: 6.15.0
2026-03-09 13:21:13,136 [ERROR] AppliInfo:139 - Unknown STM32CubeMX version: 6.15.0
2026-03-09 13:21:13,136 [ERROR] AppliInfo:139 - Unknown STM32CubeMX version: 6.15.0
2026-03-09 13:21:13,136 [ERROR] AppliInfo:139 - Unknown STM32CubeMX version: 6.15.0
2026-03-09 13:21:13,137 [ERROR] AppliInfo:139 - Unknown STM32CubeMX version: 6.15.0
2026-03-09 13:21:13,137 [ERROR] AppliInfo:139 - Unknown STM32CubeMX version: 6.15.0
2026-03-09 13:21:13,137 [ERROR] AppliInfo:139 - Unknown STM32CubeMX version: 6.15.0
2026-03-09 13:21:13,137 [ERROR] AppliInfo:139 - Unknown STM32CubeMX version: 6.15.0
2026-03-09 13:21:13,137 [ERROR] AppliInfo:139 - Unknown STM32CubeMX version: 6.15.0
2026-03-09 13:21:13,137 [ERROR] AppliInfo:139 - Unknown STM32CubeMX version: 6.15.0
2026-03-09 13:21:13,137 [ERROR] AppliInfo:139 - Unknown STM32CubeMX version: 6.15.0
2026-03-09 13:21:13,138 [ERROR] AppliInfo:139 - Unknown STM32CubeMX version: 6.15.0
2026-03-09 13:21:13,138 [ERROR] AppliInfo:139 - Unknown STM32CubeMX version: 6.15.0
2026-03-09 13:23:21,804 [INFO] MainUpdater:2872 - connection check result : 10
2026-03-09 13:23:21,804 [INFO] MainUpdater:2872 - connection check result : 10
2026-03-09 13:23:21,815 [INFO] MicroXplorer:468 - Change Database Path : 
2026-03-09 13:23:21,815 [INFO] MicroXplorer:498 - Change Database Version : DB.6.0.140
2026-03-09 13:23:21,819 [WARN] ThirdParty:871 - waiting for thirdparty lock release [close project]
2026-03-09 13:23:21,819 [INFO] ThirdParty:873 - entering critical section [close project]
2026-03-09 13:23:21,819 [INFO] ThirdParty:883 - exiting critical section [close project]
2026-03-09 13:23:21,821 [INFO] PinOutPanel:1589 - setPackage(No Configuration,No Configuration)
2026-03-09 13:23:21,823 [INFO] UtilMem:75 - Begin LoadConfig() Used Memory: 765115584 Bytes (1073741824)
2026-03-09 13:23:21,823 [INFO] MicroXplorer:468 - Change Database Path : 
2026-03-09 13:23:21,823 [INFO] MicroXplorer:498 - Change Database Version : DB.6.0.140
2026-03-09 13:23:21,823 [INFO] OpenFileManager:354 - Change cursor
2026-03-09 13:23:21,853 [INFO] Mcu:2011 - Initializing MCU STM32F103C8Tx STM32F103C8Tx STM32F103C8T6
2026-03-09 13:23:22,302 [INFO] Context:756 - Trying to add GPIOservice into a context  which must be forbidden
2026-03-09 13:23:22,474 [INFO] ImportTextPane:218 - (OptionalMessage_ERROR) Unable to find key (Mcu.ThirdPartyNb) in loaded IOC file
2026-03-09 13:23:22,475 [INFO] ImportTextPane:218 - (OptionalMessage_ERROR) Unable to find key (Mcu.PinsNb) in loaded IOC file
2026-03-09 13:23:22,476 [INFO] ImportTextPane:218 - (OptionalMessage_ERROR) Pin0 (VP_RIF_VS_RIF1) cannot be retrieved for this MCU
2026-03-09 13:23:22,476 [INFO] ImportTextPane:218 - (OptionalMessage_ERROR) Unable to find key (Mcu.IPNb) in loaded IOC file
2026-03-09 13:23:22,566 [INFO] RtosManager:558 - Registered RTOS mode: class=CMSIS, group=RTOS, mode=CMSIS_V1, owner=FREERTOS
2026-03-09 13:23:22,566 [INFO] RtosManager:558 - Registered RTOS mode: class=CMSIS, group=RTOS2, mode=CMSIS_V2, owner=FREERTOS
2026-03-09 13:23:22,566 [INFO] RtosManager:558 - Registered RTOS mode: class=RTOS, group=Core, mode=CMSIS_V1, owner=FREERTOS
2026-03-09 13:23:22,566 [INFO] RtosManager:558 - Registered RTOS mode: class=RTOS, group=Core, mode=CMSIS_V2, owner=FREERTOS
2026-03-09 13:23:22,566 [WARN] ModelIntegratedComponent:184 - Missing modes for component STMicroelectronics:FreeRTOS:0.0.1:STMicroelectronics:RTOS:FreeRTOS:Core:::10.2.0:
2026-03-09 13:23:22,583 [WARN] ModelIntegratedComponent:63 - No mode defined for component null
2026-03-09 13:23:22,583 [WARN] ModelIntegratedComponent:63 - No mode defined for component null
2026-03-09 13:23:22,583 [WARN] ModelIntegratedComponent:63 - No mode defined for component null
2026-03-09 13:23:22,583 [WARN] ModelIntegratedComponent:63 - No mode defined for component null
2026-03-09 13:23:22,583 [WARN] ModelIntegratedComponent:63 - No mode defined for component null
2026-03-09 13:23:22,583 [WARN] ModelIntegratedComponent:63 - No mode defined for component null
2026-03-09 13:23:22,583 [WARN] ModelIntegratedComponent:63 - No mode defined for component null
2026-03-09 13:23:22,584 [WARN] ModelIntegratedComponent:63 - No mode defined for component null
2026-03-09 13:23:22,584 [WARN] ModelIntegratedComponent:63 - No mode defined for component null
2026-03-09 13:23:22,584 [WARN] ModelIntegratedComponent:63 - No mode defined for component null
2026-03-09 13:23:22,584 [WARN] ModelIntegratedComponent:63 - No mode defined for component null
2026-03-09 13:23:22,584 [WARN] ModelIntegratedComponent:63 - No mode defined for component null
2026-03-09 13:23:22,584 [WARN] ModelIntegratedComponent:63 - No mode defined for component null
2026-03-09 13:23:22,584 [WARN] ModelIntegratedComponent:63 - No mode defined for component null
2026-03-09 13:23:22,584 [WARN] ModelIntegratedComponent:63 - No mode defined for component null
2026-03-09 13:23:22,584 [WARN] ModelIntegratedComponent:63 - No mode defined for component null
2026-03-09 13:23:22,584 [WARN] ModelIntegratedComponent:63 - No mode defined for component null
2026-03-09 13:23:22,584 [WARN] ModelIntegratedComponent:63 - No mode defined for component null
2026-03-09 13:23:22,584 [WARN] ModelIntegratedComponent:63 - No mode defined for component null
2026-03-09 13:23:22,584 [WARN] ModelIntegratedComponent:63 - No mode defined for component null
2026-03-09 13:23:22,584 [WARN] ModelIntegratedComponent:63 - No mode defined for component null
2026-03-09 13:23:22,584 [WARN] ModelIntegratedComponent:63 - No mode defined for component null
2026-03-09 13:23:22,584 [WARN] ModelIntegratedComponent:63 - No mode defined for component null
2026-03-09 13:23:22,584 [WARN] ModelIntegratedComponent:63 - No mode defined for component null
2026-03-09 13:23:22,584 [WARN] ModelIntegratedComponent:63 - No mode defined for component null
2026-03-09 13:23:22,584 [WARN] ModelIntegratedComponent:63 - No mode defined for component null
2026-03-09 13:23:22,584 [WARN] ModelIntegratedComponent:63 - No mode defined for component null
2026-03-09 13:23:22,584 [WARN] ModelIntegratedComponent:63 - No mode defined for component null
2026-03-09 13:23:22,584 [WARN] ModelIntegratedComponent:63 - No mode defined for component null
2026-03-09 13:23:22,584 [WARN] ModelIntegratedComponent:63 - No mode defined for component null
2026-03-09 13:23:22,584 [WARN] ModelIntegratedComponent:63 - No mode defined for component null
2026-03-09 13:23:22,584 [WARN] ModelIntegratedComponent:63 - No mode defined for component null
2026-03-09 13:23:22,584 [WARN] ModelIntegratedComponent:63 - No mode defined for component null
2026-03-09 13:23:22,584 [WARN] ModelIntegratedComponent:63 - No mode defined for component null
2026-03-09 13:23:22,584 [WARN] ModelIntegratedComponent:63 - No mode defined for component null
2026-03-09 13:23:22,584 [WARN] ModelPack:524 - Component already loaded: STMicroelectronics:HAL Drivers:0.0.0:STMicroelectronics:Device:STMicro_Driver:XSPI:HAL::0.0.1:HAL_XSPI
2026-03-09 13:23:22,660 [INFO] ThirdPartyModel:298 - Start build external matchings
2026-03-09 13:23:23,129 [INFO] ThirdPartyModel:316 - End build external matchings
2026-03-09 13:23:23,383 [INFO] UtilMem:75 - End LoadConfig() Used Memory: 623204392 Bytes (1073741824)
2026-03-09 13:23:23,416 [WARN] ThirdParty:833 - waiting for thirdparty lock release [change project]
2026-03-09 13:23:23,416 [INFO] ThirdParty:835 - entering critical section [change project]
2026-03-09 13:23:23,417 [INFO] ThirdParty:1030 - CMSIS Pack Vendor :STMicroelectronics X-CUBE-AZRTOS-H7 3.5.0
2026-03-09 13:23:23,417 [INFO] ThirdParty:1030 - CMSIS Pack Vendor :STMicroelectronics X-CUBE-PM33A1 1.0.0
2026-03-09 13:23:23,417 [INFO] ThirdParty:1030 - CMSIS Pack Vendor :STMicroelectronics USBPD 4.1
2026-03-09 13:23:23,417 [INFO] ThirdParty:1030 - CMSIS Pack Vendor :STMicroelectronics X-CUBE-NFC9 1.0.0
2026-03-09 13:23:23,417 [INFO] ThirdParty:1030 - CMSIS Pack Vendor :STMicroelectronics USB_HOST 2.0.0
2026-03-09 13:23:23,417 [INFO] ThirdParty:1030 - CMSIS Pack Vendor :STMicroelectronics FP-SNS-MOTENVWB1 1.4.0
2026-03-09 13:23:23,417 [INFO] ThirdParty:1030 - CMSIS Pack Vendor :STMicroelectronics X-CUBE-AZRTOS-F4 1.1.0
2026-03-09 13:23:23,417 [INFO] ThirdParty:1030 - CMSIS Pack Vendor :STMicroelectronics LIBJPEG 8.0.0
2026-03-09 13:23:23,417 [INFO] ThirdParty:1030 - CMSIS Pack Vendor :STMicroelectronics FP-ATR-ASTRA1 2.0.2
2026-03-09 13:23:23,417 [INFO] ThirdParty:1030 - CMSIS Pack Vendor :wolfSSL I-CUBE-wolfSSL 5.8.2
2026-03-09 13:23:23,417 [INFO] ThirdParty:1030 - CMSIS Pack Vendor :STMicroelectronics X-CUBE-BLE1 7.1.0
2026-03-09 13:23:23,417 [INFO] ThirdParty:1030 - CMSIS Pack Vendor :STMicroelectronics X-CUBE-SMBUS 2.1.0
2026-03-09 13:23:23,417 [INFO] ThirdParty:1030 - CMSIS Pack Vendor :wolfSSL I-CUBE-wolfMQTT 1.19.2
2026-03-09 13:23:23,417 [INFO] ThirdParty:1030 - CMSIS Pack Vendor :STMicroelectronics USB_DEVICE 3.0.0
2026-03-09 13:23:23,417 [INFO] ThirdParty:1030 - CMSIS Pack Vendor :STMicroelectronics X-CUBE-ISPU 2.1.0
2026-03-09 13:23:23,417 [INFO] ThirdParty:1030 - CMSIS Pack Vendor :STMicroelectronics X-CUBE-EEPRMA1 5.2.0
2026-03-09 13:23:23,417 [INFO] ThirdParty:1030 - CMSIS Pack Vendor :STMicroelectronics X-CUBE-BLEMGR 4.1.0
2026-03-09 13:23:23,417 [INFO] ThirdParty:1030 - CMSIS Pack Vendor :STMicroelectronics X-CUBE-AZRTOS-WB 2.0.0
2026-03-09 13:23:23,417 [INFO] ThirdParty:1030 - CMSIS Pack Vendor :STMicroelectronics X-CUBE-ST60 1.0.0
2026-03-09 13:23:23,417 [INFO] ThirdParty:1030 - CMSIS Pack Vendor :STMicroelectronics X-CUBE-GNSS1 7.0.1
2026-03-09 13:23:23,417 [INFO] ThirdParty:1030 - CMSIS Pack Vendor :STMicroelectronics X-CUBE-NFC12 1.0.0
2026-03-09 13:23:23,417 [INFO] ThirdParty:1030 - CMSIS Pack Vendor :STMicroelectronics X-CUBE-AZRTOS-F7 1.1.0
2026-03-09 13:23:23,417 [INFO] ThirdParty:1030 - CMSIS Pack Vendor :STMicroelectronics X-CUBE-AZRTOS-L5 2.0.0
2026-03-09 13:23:23,417 [INFO] ThirdParty:1030 - CMSIS Pack Vendor :STMicroelectronics USB_DEVICE 2.0.0
2026-03-09 13:23:23,417 [INFO] ThirdParty:1030 - CMSIS Pack Vendor :STMicroelectronics X-CUBE-NFC6 3.1.0
2026-03-09 13:23:23,417 [INFO] ThirdParty:1030 - CMSIS Pack Vendor :Cesanta I-CUBE-Mongoose 7.19.0
2026-03-09 13:23:23,417 [INFO] ThirdParty:1030 - CMSIS Pack Vendor :quantropi X-CUBE-qispace-sdk-base 2.1.0
2026-03-09 13:23:23,417 [INFO] ThirdParty:1030 - CMSIS Pack Vendor :STMicroelectronics X-CUBE-MEMS1 12.0.0
2026-03-09 13:23:23,417 [INFO] ThirdParty:1030 - CMSIS Pack Vendor :STMicroelectronics X-CUBE-STSE01 2.0.0
2026-03-09 13:23:23,417 [INFO] ThirdParty:1030 - CMSIS Pack Vendor :STMicroelectronics FreeRTOS 0.0.1
2026-03-09 13:23:23,417 [INFO] ThirdParty:1030 - CMSIS Pack Vendor :STMicroelectronics X-CUBE-AZRTOS-G0 1.1.0
2026-03-09 13:23:23,417 [INFO] ThirdParty:1030 - CMSIS Pack Vendor :STMicroelectronics X-CUBE-SAFEA1 1.2.2
2026-03-09 13:23:23,417 [INFO] ThirdParty:1030 - CMSIS Pack Vendor :STMicroelectronics X-CUBE-NFC4 3.0.0
2026-03-09 13:23:23,417 [INFO] ThirdParty:1030 - CMSIS Pack Vendor :STMicroelectronics X-CUBE-SUBG2 5.0.0
2026-03-09 13:23:23,417 [INFO] ThirdParty:1030 - CMSIS Pack Vendor :STMicroelectronics X-CUBE-AZRTOS-H7RS 1.1.0
2026-03-09 13:23:23,417 [INFO] ThirdParty:1030 - CMSIS Pack Vendor :STMicroelectronics STM32_WPAN 1.0.0
2026-03-09 13:23:23,417 [INFO] ThirdParty:1030 - CMSIS Pack Vendor :EmbeddedOffice I-CUBE-FS-RTOS 1.0.1
2026-03-09 13:23:23,417 [INFO] ThirdParty:1030 - CMSIS Pack Vendor :STMicroelectronics lwIP 2.0.3
2026-03-09 13:23:23,417 [INFO] ThirdParty:1030 - CMSIS Pack Vendor :STMicroelectronics USB_HOST 1.0.0
2026-03-09 13:23:23,417 [INFO] ThirdParty:1030 - CMSIS Pack Vendor :Infineon AIROC-Wi-Fi-Bluetooth-STM32 1.7.1
2026-03-09 13:23:23,417 [INFO] ThirdParty:1030 - CMSIS Pack Vendor :STMicroelectronics X-CUBE-AZRTOS-G4 2.0.0
2026-03-09 13:23:23,417 [INFO] ThirdParty:1030 - CMSIS Pack Vendor :STMicroelectronics X-CUBE-WB05N 2.0.0
2026-03-09 13:23:23,417 [INFO] ThirdParty:1030 - CMSIS Pack Vendor :STMicroelectronics PDM2PCM 3.1.0
2026-03-09 13:23:23,417 [INFO] ThirdParty:1030 - CMSIS Pack Vendor :STMicroelectronics PDM2PCM 3.3.0
2026-03-09 13:23:23,417 [INFO] ThirdParty:1030 - CMSIS Pack Vendor :wolfSSL I-CUBE-wolfTPM 3.8.0
2026-03-09 13:23:23,417 [INFO] ThirdParty:1030 - CMSIS Pack Vendor :STMicroelectronics X-CUBE-AZRTOS-H7 3.4.0
2026-03-09 13:23:23,417 [INFO] ThirdParty:1030 - CMSIS Pack Vendor :STMicroelectronics X-CUBE-DISPLAY 3.0.0
2026-03-09 13:23:23,417 [INFO] ThirdParty:1030 - CMSIS Pack Vendor :wolfSSL I-CUBE-wolfSSH 1.4.20
2026-03-09 13:23:23,417 [INFO] ThirdParty:1030 - CMSIS Pack Vendor :STMicroelectronics X-CUBE-NFC7 2.0.0
2026-03-09 13:23:23,417 [INFO] ThirdParty:1030 - CMSIS Pack Vendor :STMicroelectronics X-CUBE-TCPP 4.2.0
2026-03-09 13:23:23,417 [INFO] ThirdParty:1030 - CMSIS Pack Vendor :RealThread X-CUBE-RT-Thread_Nano 4.1.1
2026-03-09 13:23:23,417 [INFO] ThirdParty:1030 - CMSIS Pack Vendor :STMicroelectronics FP-ATR-SIGFOX1 3.2.0
2026-03-09 13:23:23,417 [INFO] ThirdParty:1030 - CMSIS Pack Vendor :STMicroelectronics X-CUBE-NFC10 1.0.0
2026-03-09 13:23:23,417 [INFO] ThirdParty:1030 - CMSIS Pack Vendor :STMicroelectronics X-CUBE-FREERTOS 1.3.1
2026-03-09 13:23:23,417 [INFO] ThirdParty:1030 - CMSIS Pack Vendor :STMicroelectronics HAL Drivers 0.0.0
2026-03-09 13:23:23,417 [INFO] ThirdParty:1030 - CMSIS Pack Vendor :STMicroelectronics MBEDTLS 2.16.2
2026-03-09 13:23:23,417 [INFO] ThirdParty:1030 - CMSIS Pack Vendor :STMicroelectronics X-CUBE-ST60 1.1.0
2026-03-09 13:23:23,417 [INFO] ThirdParty:1030 - CMSIS Pack Vendor :STMicroelectronics X-CUBE-IPS 3.1.0
2026-03-09 13:23:23,417 [INFO] ThirdParty:1030 - CMSIS Pack Vendor :STMicroelectronics X-CUBE-ALS 1.0.2
2026-03-09 13:23:23,417 [INFO] ThirdParty:1030 - CMSIS Pack Vendor :emotas I-CUBE-CANOPEN 1.3.0
2026-03-09 13:23:23,417 [INFO] ThirdParty:1030 - CMSIS Pack Vendor :STMicroelectronics MBEDTLS 2.14.1
2026-03-09 13:23:23,417 [INFO] ThirdParty:1030 - CMSIS Pack Vendor :STMicroelectronics X-CUBE-GNSS1 7.1.0
2026-03-09 13:23:23,417 [INFO] ThirdParty:1030 - CMSIS Pack Vendor :ITTIA_DB I-CUBE-ITTIADB 8.9.0
2026-03-09 13:23:23,417 [INFO] ThirdParty:1030 - CMSIS Pack Vendor :STMicroelectronics X-CUBE-TOUCHGFX 4.26.0
2026-03-09 13:23:23,417 [INFO] ThirdParty:1030 - CMSIS Pack Vendor :STMicroelectronics X-CUBE-STSE01 1.0.0
2026-03-09 13:23:23,417 [INFO] ThirdParty:1030 - CMSIS Pack Vendor :STMicroelectronics X-CUBE-TOUCHGFX 4.26.1
2026-03-09 13:23:23,417 [INFO] ThirdParty:1030 - CMSIS Pack Vendor :STMicroelectronics X-CUBE-NFC6 3.2.0
2026-03-09 13:23:23,417 [INFO] ThirdParty:1030 - CMSIS Pack Vendor :STMicroelectronics X-CUBE-ST67W61 1.0.0
2026-03-09 13:23:23,417 [INFO] ThirdParty:1030 - CMSIS Pack Vendor :STMicroelectronics X-CUBE-AI 10.2.0
2026-03-09 13:23:23,417 [INFO] ThirdParty:1030 - CMSIS Pack Vendor :STMicroelectronics FP-SNS-STAIOTCFT 1.0.0
2026-03-09 13:23:23,417 [INFO] ThirdParty:1030 - CMSIS Pack Vendor :STMicroelectronics ThreadX 1.0.0
2026-03-09 13:23:23,417 [INFO] ThirdParty:1030 - CMSIS Pack Vendor :STMicroelectronics FP-SNS-SMARTAG2 1.2.0
2026-03-09 13:23:23,417 [INFO] ThirdParty:1030 - CMSIS Pack Vendor :STMicroelectronics FP-SNS-FLIGHT1 5.1.0
2026-03-09 13:23:23,417 [INFO] ThirdParty:1030 - CMSIS Pack Vendor :STMicroelectronics X-CUBE-AZRTOS-WL 2.0.0
2026-03-09 13:23:23,417 [INFO] ThirdParty:1030 - CMSIS Pack Vendor :SEGGER I-CUBE-embOS 1.3.1
2026-03-09 13:23:23,417 [INFO] ThirdParty:1030 - CMSIS Pack Vendor :STMicroelectronics X-CUBE-ALGOBUILD 1.4.0
2026-03-09 13:23:23,417 [INFO] ThirdParty:1030 - CMSIS Pack Vendor :STMicroelectronics X-CUBE-DPower 1.3.0
2026-03-09 13:23:23,417 [INFO] ThirdParty:1030 - CMSIS Pack Vendor :STMicroelectronics X-CUBE-MEMS1 11.3.0
2026-03-09 13:23:23,417 [INFO] ThirdParty:1030 - CMSIS Pack Vendor :STMicroelectronics FP-SNS-MOTENV1 5.0.0
2026-03-09 13:23:23,417 [INFO] ThirdParty:1030 - CMSIS Pack Vendor :STMicroelectronics USB_DEVICE 1.0.0
2026-03-09 13:23:23,417 [INFO] ThirdParty:1030 - CMSIS Pack Vendor :STMicroelectronics X-CUBE-AZRTOS-H7RS 1.2.0
2026-03-09 13:23:23,418 [INFO] ThirdParty:1030 - CMSIS Pack Vendor :STMicroelectronics X-CUBE-AZRTOS-L4 2.0.0
2026-03-09 13:23:23,418 [INFO] ThirdParty:1030 - CMSIS Pack Vendor :STMicroelectronics ThreadX 0.0.2
2026-03-09 13:23:23,418 [INFO] ThirdParty:1030 - CMSIS Pack Vendor :STMicroelectronics lwIP 2.1.2
2026-03-09 13:23:23,418 [INFO] ThirdParty:1030 - CMSIS Pack Vendor :STMicroelectronics X-CUBE-SFXS2LP1 4.0.0
2026-03-09 13:23:23,418 [INFO] ThirdParty:1030 - CMSIS Pack Vendor :STMicroelectronics X-CUBE-BLE2 3.3.0
2026-03-09 13:23:23,418 [INFO] ThirdParty:1030 - CMSIS Pack Vendor :Avnet-IOTCONNECT X-CUBE-iotc-st67-sdk 1.0.0
2026-03-09 13:23:23,418 [INFO] ThirdParty:1030 - CMSIS Pack Vendor :STMicroelectronics X-CUBE-TOF1 3.4.3
2026-03-09 13:23:23,418 [INFO] ThirdParty:1030 - CMSIS Pack Vendor :STMicroelectronics PDM2PCM 3.2.0
2026-03-09 13:23:23,418 [INFO] ThirdParty:841 - exiting critical section [change project]
2026-03-09 13:23:23,583 [INFO] PinOutPanel:1589 - setPackage(No Configuration,No Configuration)
2026-03-09 13:23:23,584 [INFO] PinOutPanel:1589 - setPackage(STM32F103C8Tx,LQFP48)
2026-03-09 13:23:23,798 [INFO] UtilMem:75 - Before build in PCC Used Memory: 755041640 Bytes (1073741824)
2026-03-09 13:23:24,219 [INFO] UtilMem:75 - After build in PCC Used Memory: 861474152 Bytes (1073741824)
2026-03-09 13:23:24,238 [INFO] IPUIPlugin:80 - create IPUIPlugin
2026-03-09 13:23:24,238 [INFO] IPUIPlugin:80 - create IPUIPlugin
2026-03-09 13:23:24,238 [INFO] IPUIPlugin:80 - create IPUIPlugin
2026-03-09 13:23:24,238 [INFO] IPUIPlugin:80 - create IPUIPlugin
2026-03-09 13:23:24,238 [INFO] IPUIPlugin:80 - create IPUIPlugin
2026-03-09 13:23:24,239 [INFO] IPUIPlugin:80 - create IPUIPlugin
2026-03-09 13:23:24,239 [INFO] IPUIPlugin:80 - create IPUIPlugin
2026-03-09 13:23:24,239 [INFO] IPUIPlugin:80 - create IPUIPlugin
2026-03-09 13:23:24,239 [INFO] IPUIPlugin:80 - create IPUIPlugin
2026-03-09 13:23:24,239 [INFO] IPUIPlugin:80 - create IPUIPlugin
2026-03-09 13:23:24,239 [INFO] IPUIPlugin:80 - create IPUIPlugin
2026-03-09 13:23:24,239 [INFO] IPUIPlugin:80 - create IPUIPlugin
2026-03-09 13:23:24,239 [INFO] IPUIPlugin:80 - create IPUIPlugin
2026-03-09 13:23:24,239 [INFO] IPUIPlugin:80 - create IPUIPlugin
2026-03-09 13:23:24,239 [INFO] IPUIPlugin:80 - create IPUIPlugin
2026-03-09 13:23:24,239 [INFO] IPUIPlugin:80 - create IPUIPlugin
2026-03-09 13:23:24,240 [INFO] IPUIPlugin:80 - create IPUIPlugin
2026-03-09 13:23:24,240 [INFO] IPUIPlugin:80 - create IPUIPlugin
2026-03-09 13:23:24,240 [INFO] IPUIPlugin:80 - create IPUIPlugin
2026-03-09 13:23:24,240 [INFO] IPUIPlugin:80 - create IPUIPlugin
2026-03-09 13:23:24,240 [INFO] IPUIPlugin:80 - create IPUIPlugin
2026-03-09 13:23:24,240 [INFO] IPUIPlugin:80 - create IPUIPlugin
2026-03-09 13:23:24,240 [INFO] IPUIPlugin:80 - create IPUIPlugin
2026-03-09 13:23:24,240 [INFO] IPUIPlugin:80 - create IPUIPlugin
2026-03-09 13:23:24,240 [INFO] IPUIPlugin:80 - create IPUIPlugin
2026-03-09 13:23:24,240 [INFO] IPUIPlugin:80 - create IPUIPlugin
2026-03-09 13:23:24,240 [INFO] IPUIPlugin:80 - create IPUIPlugin
2026-03-09 13:23:24,338 [INFO] CADModel:165 - CPN selected for project levelSTM32F103C8T6
2026-03-09 13:23:24,338 [INFO] CADModel:114 - Register for checkConnection events
2026-03-09 13:23:24,379 [INFO] OpenFileManager:385 - Restore cursor
2026-03-09 13:23:24,666 [INFO] UtilMem:75 - End SaveConfig() Used Memory: 953222504 Bytes (1073741824)
2026-03-09 13:23:24,968 [INFO] ServerAccessManage:473 - Download File stm32cube_fw_f1_v180.zip
2026-03-09 13:23:43,331 [WARN] FileExtend:463 - File entry not found
2026-03-09 13:23:43,331 [INFO] FileExtend:242 - Unzip File : stm32cube_fw_f1_v180.zip
2026-03-09 13:23:43,332 [INFO] FileExtend:257 - Standard Zip Deflate
2026-03-09 13:23:44,823 [INFO] ServerAccessManage:473 - Download File stm32cube_fw_f1_v187.zip
2026-03-09 13:23:54,081 [INFO] FileExtend:242 - Unzip File : stm32cube_fw_f1_v187.zip
2026-03-09 13:23:54,081 [INFO] FileExtend:257 - Standard Zip Deflate
2026-03-09 13:23:54,879 [INFO] LoadServerPackagesThread:196 - End of LoadServerPackages Thread
2026-03-09 13:23:55,130 [INFO] ThirdPartyModel:298 - Start build external matchings
2026-03-09 13:23:55,139 [INFO] UtilMem:75 - End SaveConfig() Used Memory: 736377904 Bytes (1073741824)
2026-03-09 13:23:55,513 [INFO] BlockDiagram:2775 - set Specific Code input for plugin: NVIC
2026-03-09 13:23:55,514 [INFO] BlockDiagram:2775 - set Specific Code input for plugin: RCC
2026-03-09 13:23:55,515 [INFO] CodeGenerator:882 - code generatio: config db path: /opt/st/stm32cubeide_1.18.0/plugins/com.st.stm32cube.common.mx_6.14.0.202502271554//db/
2026-03-09 13:23:55,676 [INFO] CodeEngine:263 - oldGeneratedFile, /home/stratobotic/github/Yet_Another_Business_Card/firmware_v1_hw_v2/MXTmpFiles/license.tmp_save
2026-03-09 13:23:55,842 [INFO] ThirdPartyModel:316 - End build external matchings
2026-03-09 13:23:55,859 [INFO] CheckServerUpdateThread:120 - End of CheckServer Thread
2026-03-09 13:23:56,042 [INFO] CodeEngine:287 - Generated code: /home/stratobotic/github/Yet_Another_Business_Card/firmware_v1_hw_v2/MXTmpFiles/license.tmp
2026-03-09 13:23:56,050 [INFO] CodeEngine:263 - oldGeneratedFile, /home/stratobotic/github/Yet_Another_Business_Card/firmware_v1_hw_v2/Core/Src/stm32f1xx_it.c_save
2026-03-09 13:23:56,173 [INFO] CodeEngine:287 - Generated code: /home/stratobotic/github/Yet_Another_Business_Card/firmware_v1_hw_v2/Core/Src/stm32f1xx_it.c
2026-03-09 13:23:56,175 [INFO] CodeEngine:263 - oldGeneratedFile, /home/stratobotic/github/Yet_Another_Business_Card/firmware_v1_hw_v2/Core/Inc/stm32f1xx_it.h_save
2026-03-09 13:23:56,240 [INFO] CodeEngine:287 - Generated code: /home/stratobotic/github/Yet_Another_Business_Card/firmware_v1_hw_v2/Core/Inc/stm32f1xx_it.h
2026-03-09 13:23:56,287 [INFO] CodeEngine:263 - oldGeneratedFile, /home/stratobotic/github/Yet_Another_Business_Card/firmware_v1_hw_v2/Core/Src/stm32f1xx_hal_msp.c_save
2026-03-09 13:23:56,364 [INFO] CodeEngine:287 - Generated code: /home/stratobotic/github/Yet_Another_Business_Card/firmware_v1_hw_v2/Core/Src/stm32f1xx_hal_msp.c
2026-03-09 13:23:56,366 [INFO] CodeEngine:263 - oldGeneratedFile, /home/stratobotic/github/Yet_Another_Business_Card/firmware_v1_hw_v2/MXTmpFiles/system.tmp_save
2026-03-09 13:23:56,405 [INFO] CodeEngine:287 - Generated code: /home/stratobotic/github/Yet_Another_Business_Card/firmware_v1_hw_v2/MXTmpFiles/system.tmp
2026-03-09 13:23:56,408 [INFO] CodeEngine:319 - oldGeneratedFile, /home/stratobotic/github/Yet_Another_Business_Card/firmware_v1_hw_v2/Core/Inc/stm32f1xx_hal_conf.h_save
2026-03-09 13:23:56,457 [INFO] CodeEngine:343 - Generated code: /home/stratobotic/github/Yet_Another_Business_Card/firmware_v1_hw_v2/Core/Inc/stm32f1xx_hal_conf.h
2026-03-09 13:23:56,474 [INFO] ApiDbMcu:508 - Load IP Config File for RCC
2026-03-09 13:23:56,477 [INFO] CodeEngine:263 - oldGeneratedFile, /home/stratobotic/github/Yet_Another_Business_Card/firmware_v1_hw_v2/Core/Inc/main.h_save
2026-03-09 13:23:56,535 [INFO] CodeEngine:287 - Generated code: /home/stratobotic/github/Yet_Another_Business_Card/firmware_v1_hw_v2/Core/Inc/main.h
2026-03-09 13:23:56,536 [INFO] CodeEngine:263 - oldGeneratedFile, /home/stratobotic/github/Yet_Another_Business_Card/firmware_v1_hw_v2/Core/Src/main.c_save
2026-03-09 13:23:56,610 [INFO] CodeEngine:287 - Generated code: /home/stratobotic/github/Yet_Another_Business_Card/firmware_v1_hw_v2/Core/Src/main.c
2026-03-09 13:23:56,775 [INFO] ProjectBuilder:3324 - Time for Copy HAL[1] : 14mS.
2026-03-09 13:23:56,779 [INFO] ProjectBuilder:4912 - Project Generator version: 4.6.0-B36
2026-03-09 13:23:56,840 [INFO] ConfigFileManager:1590 - The Die is : DIE410
2026-03-09 13:23:56,846 [INFO] ApiDbMcu:508 - Load IP Config File for FATFS
2026-03-09 13:23:56,850 [INFO] ApiDbMcu:508 - Load IP Config File for FREERTOS
2026-03-09 13:23:56,854 [INFO] ApiDbMcu:508 - Load IP Config File for USB_DEVICE
2026-03-09 13:23:57,134 [INFO] LogOutputStream:77 - [STDOUT_REDIRECT] 
2026-03-09 13:23:58,344 [INFO] ProjectBuilder:5191 - Time for Generating toolchain IDE Files: 1565mS.
2026-03-09 13:23:58,345 [INFO] ProjectBuilder:3181 - Time for Copy CMSIS : 1mS.
2026-03-09 13:23:58,345 [INFO] ProjectBuilder:3181 - Time for Copy CMSIS : 0mS.
2026-03-09 13:23:58,825 [INFO] McuFinderGlobals:76 - Set McuFinderConnectedMode to true
2026-03-09 13:23:58,829 [INFO] ApiDb:448 - Save user favorites file /home/stratobotic/.stm32cubeide/favorites.mcus.txt: 0 item(s)
2026-03-09 13:23:58,829 [INFO] ApiDb:452 - User favorites MCUs=[]
2026-03-09 13:23:58,831 [INFO] ApiDb:448 - Save user favorites file /home/stratobotic/.stm32cubeide/favorites.boards.txt: 1 item(s)
2026-03-09 13:23:58,832 [INFO] ApiDb:452 - User favorites Boards=[NUCLEO-F446RE]
2026-03-09 13:23:58,836 [INFO] ApiDb:448 - Save user favorites file /home/stratobotic/.stm32cubeide/favorites.examples.txt: 0 item(s)
2026-03-09 13:23:58,836 [INFO] ApiDb:452 - User favorites Examples=[]
2026-03-09 13:40:21,498 [INFO] Gpio:277 - dependency for GPIO [SYS]
2026-03-09 13:41:10,825 [INFO] NvicIntPanel:101 - NVIC parent = com.st.microxplorer.plugins.ip.nvic.MultiNvicIntPanel[,2,26,497x458,layout=javax.swing.BoxLayout,alignmentX=0.0,alignmentY=0.0,border=,flags=9,maximumSize=,minimumSize=,preferredSize=]
2026-03-09 13:41:16,742 [INFO] Gpio:277 - dependency for GPIO [SYS]
2026-03-09 13:41:17,176 [INFO] Gpio:277 - dependency for GPIO [SYS]
2026-03-09 13:41:17,568 [INFO] Gpio:277 - dependency for GPIO [SYS]
2026-03-09 13:41:18,077 [INFO] Gpio:277 - dependency for GPIO [SYS]
2026-03-09 13:41:18,454 [INFO] Gpio:277 - dependency for GPIO [SYS]
2026-03-09 13:41:36,245 [INFO] UtilMem:75 - End SaveConfig() Used Memory: 562320096 Bytes (867172352)
2026-03-09 13:41:38,093 [INFO] UtilMem:75 - End SaveConfig() Used Memory: 659837624 Bytes (867172352)
2026-03-09 13:41:40,359 [INFO] UtilMem:75 - End SaveConfig() Used Memory: 761552512 Bytes (867172352)
2026-03-09 13:41:40,531 [INFO] BlockDiagram:2775 - set Specific Code input for plugin: NVIC
2026-03-09 13:41:40,532 [INFO] BlockDiagram:2775 - set Specific Code input for plugin: TIM1_8F1
2026-03-09 13:41:40,532 [INFO] BlockDiagram:2775 - set Specific Code input for plugin: TIM1_8F1
2026-03-09 13:41:40,532 [INFO] BlockDiagram:2775 - set Specific Code input for plugin: SYS
2026-03-09 13:41:40,532 [INFO] BlockDiagram:2775 - set Specific Code input for plugin: GPIO
2026-03-09 13:41:40,532 [INFO] BlockDiagram:2775 - set Specific Code input for plugin: RCC
2026-03-09 13:41:40,533 [INFO] CodeGenerator:882 - code generatio: config db path: /opt/st/stm32cubeide_1.18.0/plugins/com.st.stm32cube.common.mx_6.14.0.202502271554//db/
2026-03-09 13:41:40,588 [INFO] CodeEngine:263 - oldGeneratedFile, /home/stratobotic/github/Yet_Another_Business_Card/firmware_v1_hw_v2/MXTmpFiles/license.tmp_save
2026-03-09 13:41:40,785 [INFO] CodeEngine:287 - Generated code: /home/stratobotic/github/Yet_Another_Business_Card/firmware_v1_hw_v2/MXTmpFiles/license.tmp
2026-03-09 13:41:40,847 [INFO] CodeEngine:263 - oldGeneratedFile, /home/stratobotic/github/Yet_Another_Business_Card/firmware_v1_hw_v2/MXTmpFiles/gpio.tmp_save
2026-03-09 13:41:40,954 [INFO] CodeEngine:287 - Generated code: /home/stratobotic/github/Yet_Another_Business_Card/firmware_v1_hw_v2/MXTmpFiles/gpio.tmp
2026-03-09 13:41:41,059 [INFO] CodeEngine:263 - oldGeneratedFile, /home/stratobotic/github/Yet_Another_Business_Card/firmware_v1_hw_v2/Core/Src/stm32f1xx_it.c_save
2026-03-09 13:41:41,259 [INFO] CodeEngine:287 - Generated code: /home/stratobotic/github/Yet_Another_Business_Card/firmware_v1_hw_v2/Core/Src/stm32f1xx_it.c
2026-03-09 13:41:41,260 [INFO] CodeEngine:263 - oldGeneratedFile, /home/stratobotic/github/Yet_Another_Business_Card/firmware_v1_hw_v2/Core/Inc/stm32f1xx_it.h_save
2026-03-09 13:41:41,303 [INFO] CodeEngine:287 - Generated code: /home/stratobotic/github/Yet_Another_Business_Card/firmware_v1_hw_v2/Core/Inc/stm32f1xx_it.h
2026-03-09 13:41:41,305 [INFO] CodeEngine:263 - oldGeneratedFile, /home/stratobotic/github/Yet_Another_Business_Card/firmware_v1_hw_v2/Core/Src/stm32f1xx_hal_msp.c_save
2026-03-09 13:41:41,386 [INFO] CodeEngine:287 - Generated code: /home/stratobotic/github/Yet_Another_Business_Card/firmware_v1_hw_v2/Core/Src/stm32f1xx_hal_msp.c
2026-03-09 13:41:41,387 [INFO] CodeEngine:263 - oldGeneratedFile, /home/stratobotic/github/Yet_Another_Business_Card/firmware_v1_hw_v2/MXTmpFiles/system.tmp_save
2026-03-09 13:41:41,427 [INFO] CodeEngine:287 - Generated code: /home/stratobotic/github/Yet_Another_Business_Card/firmware_v1_hw_v2/MXTmpFiles/system.tmp
2026-03-09 13:41:41,429 [INFO] CodeEngine:319 - oldGeneratedFile, /home/stratobotic/github/Yet_Another_Business_Card/firmware_v1_hw_v2/Core/Inc/stm32f1xx_hal_conf.h_save
2026-03-09 13:41:41,474 [INFO] CodeEngine:343 - Generated code: /home/stratobotic/github/Yet_Another_Business_Card/firmware_v1_hw_v2/Core/Inc/stm32f1xx_hal_conf.h
2026-03-09 13:41:41,492 [INFO] ApiDbMcu:508 - Load IP Config File for TIM1
2026-03-09 13:41:41,502 [INFO] ApiDbMcu:508 - Load IP Config File for TIM2
2026-03-09 13:41:41,503 [WARN] IPConfigManager:3747 - IP not found : TIM
2026-03-09 13:41:41,504 [WARN] CodeGenerator:4198 - IP not found : null
2026-03-09 13:41:41,506 [INFO] CodeEngine:263 - oldGeneratedFile, /home/stratobotic/github/Yet_Another_Business_Card/firmware_v1_hw_v2/Core/Inc/main.h_save
2026-03-09 13:41:41,568 [INFO] CodeEngine:287 - Generated code: /home/stratobotic/github/Yet_Another_Business_Card/firmware_v1_hw_v2/Core/Inc/main.h
2026-03-09 13:41:41,569 [INFO] CodeEngine:263 - oldGeneratedFile, /home/stratobotic/github/Yet_Another_Business_Card/firmware_v1_hw_v2/Core/Src/main.c_save
2026-03-09 13:41:41,654 [INFO] CodeEngine:287 - Generated code: /home/stratobotic/github/Yet_Another_Business_Card/firmware_v1_hw_v2/Core/Src/main.c
2026-03-09 13:41:41,793 [INFO] ProjectBuilder:3324 - Time for Copy HAL[1] : 11mS.
2026-03-09 13:41:41,795 [INFO] ProjectBuilder:4912 - Project Generator version: 4.6.0-B36
2026-03-09 13:41:41,854 [INFO] ConfigFileManager:1590 - The Die is : DIE410
2026-03-09 13:41:42,504 [INFO] ProjectBuilder:5191 - Time for Generating toolchain IDE Files: 709mS.
2026-03-09 13:41:42,504 [INFO] ProjectBuilder:3181 - Time for Copy CMSIS : 0mS.
2026-03-09 13:41:42,505 [INFO] ProjectBuilder:3181 - Time for Copy CMSIS : 1mS.
2026-03-09 13:55:23,211 [INFO] Gpio:277 - dependency for GPIO [SYS]
2026-03-09 13:55:25,732 [INFO] UtilMem:75 - End SaveConfig() Used Memory: 447032552 Bytes (867172352)
2026-03-09 13:55:28,647 [INFO] UtilMem:75 - End SaveConfig() Used Memory: 463809792 Bytes (867172352)
2026-03-09 13:55:33,280 [INFO] UtilMem:75 - End SaveConfig() Used Memory: 490600680 Bytes (867172352)
2026-03-09 13:55:33,377 [INFO] BlockDiagram:2775 - set Specific Code input for plugin: NVIC
2026-03-09 13:55:33,377 [INFO] BlockDiagram:2775 - set Specific Code input for plugin: TIM1_8F1
2026-03-09 13:55:33,377 [INFO] BlockDiagram:2775 - set Specific Code input for plugin: TIM1_8F1
2026-03-09 13:55:33,377 [INFO] BlockDiagram:2775 - set Specific Code input for plugin: SYS
2026-03-09 13:55:33,377 [INFO] BlockDiagram:2775 - set Specific Code input for plugin: GPIO
2026-03-09 13:55:33,377 [INFO] BlockDiagram:2775 - set Specific Code input for plugin: RCC
2026-03-09 13:55:33,378 [INFO] CodeGenerator:882 - code generatio: config db path: /opt/st/stm32cubeide_1.18.0/plugins/com.st.stm32cube.common.mx_6.14.0.202502271554//db/
2026-03-09 13:55:33,426 [INFO] CodeEngine:263 - oldGeneratedFile, /home/stratobotic/github/Yet_Another_Business_Card/firmware_v1_hw_v2/MXTmpFiles/license.tmp_save
2026-03-09 13:55:33,481 [INFO] CodeEngine:287 - Generated code: /home/stratobotic/github/Yet_Another_Business_Card/firmware_v1_hw_v2/MXTmpFiles/license.tmp
2026-03-09 13:55:33,501 [INFO] CodeEngine:263 - oldGeneratedFile, /home/stratobotic/github/Yet_Another_Business_Card/firmware_v1_hw_v2/MXTmpFiles/gpio.tmp_save
2026-03-09 13:55:33,549 [INFO] CodeEngine:287 - Generated code: /home/stratobotic/github/Yet_Another_Business_Card/firmware_v1_hw_v2/MXTmpFiles/gpio.tmp
2026-03-09 13:55:33,613 [INFO] CodeEngine:263 - oldGeneratedFile, /home/stratobotic/github/Yet_Another_Business_Card/firmware_v1_hw_v2/Core/Src/stm32f1xx_it.c_save
2026-03-09 13:55:33,753 [INFO] CodeEngine:287 - Generated code: /home/stratobotic/github/Yet_Another_Business_Card/firmware_v1_hw_v2/Core/Src/stm32f1xx_it.c
2026-03-09 13:55:33,754 [INFO] CodeEngine:263 - oldGeneratedFile, /home/stratobotic/github/Yet_Another_Business_Card/firmware_v1_hw_v2/Core/Inc/stm32f1xx_it.h_save
2026-03-09 13:55:33,794 [INFO] CodeEngine:287 - Generated code: /home/stratobotic/github/Yet_Another_Business_Card/firmware_v1_hw_v2/Core/Inc/stm32f1xx_it.h
2026-03-09 13:55:33,797 [INFO] CodeEngine:263 - oldGeneratedFile, /home/stratobotic/github/Yet_Another_Business_Card/firmware_v1_hw_v2/Core/Src/stm32f1xx_hal_msp.c_save
2026-03-09 13:55:33,861 [INFO] CodeEngine:287 - Generated code: /home/stratobotic/github/Yet_Another_Business_Card/firmware_v1_hw_v2/Core/Src/stm32f1xx_hal_msp.c
2026-03-09 13:55:33,862 [INFO] CodeEngine:263 - oldGeneratedFile, /home/stratobotic/github/Yet_Another_Business_Card/firmware_v1_hw_v2/MXTmpFiles/system.tmp_save
2026-03-09 13:55:33,898 [INFO] CodeEngine:287 - Generated code: /home/stratobotic/github/Yet_Another_Business_Card/firmware_v1_hw_v2/MXTmpFiles/system.tmp
2026-03-09 13:55:33,900 [INFO] CodeEngine:319 - oldGeneratedFile, /home/stratobotic/github/Yet_Another_Business_Card/firmware_v1_hw_v2/Core/Inc/stm32f1xx_hal_conf.h_save
2026-03-09 13:55:33,942 [INFO] CodeEngine:343 - Generated code: /home/stratobotic/github/Yet_Another_Business_Card/firmware_v1_hw_v2/Core/Inc/stm32f1xx_hal_conf.h
2026-03-09 13:55:33,949 [WARN] IPConfigManager:3747 - IP not found : TIM
2026-03-09 13:55:33,949 [WARN] CodeGenerator:4198 - IP not found : null
2026-03-09 13:55:33,950 [INFO] CodeEngine:263 - oldGeneratedFile, /home/stratobotic/github/Yet_Another_Business_Card/firmware_v1_hw_v2/Core/Inc/main.h_save
2026-03-09 13:55:34,001 [INFO] CodeEngine:287 - Generated code: /home/stratobotic/github/Yet_Another_Business_Card/firmware_v1_hw_v2/Core/Inc/main.h
2026-03-09 13:55:34,002 [INFO] CodeEngine:263 - oldGeneratedFile, /home/stratobotic/github/Yet_Another_Business_Card/firmware_v1_hw_v2/Core/Src/main.c_save
2026-03-09 13:55:34,065 [INFO] CodeEngine:287 - Generated code: /home/stratobotic/github/Yet_Another_Business_Card/firmware_v1_hw_v2/Core/Src/main.c
2026-03-09 13:55:34,256 [INFO] ProjectBuilder:3324 - Time for Copy HAL[1] : 14mS.
2026-03-09 13:55:34,257 [INFO] ProjectBuilder:4912 - Project Generator version: 4.6.0-B36
2026-03-09 13:55:34,309 [INFO] ConfigFileManager:1590 - The Die is : DIE410
2026-03-09 13:55:34,750 [INFO] ProjectBuilder:5191 - Time for Generating toolchain IDE Files: 493mS.
2026-03-09 13:55:34,750 [INFO] ProjectBuilder:3181 - Time for Copy CMSIS : 0mS.
2026-03-09 13:55:34,751 [INFO] ProjectBuilder:3181 - Time for Copy CMSIS : 0mS.
2026-03-09 13:55:37,888 [INFO] Gpio:277 - dependency for GPIO [SYS]
2026-03-09 13:55:49,125 [INFO] NvicIntPanel:101 - NVIC parent = com.st.microxplorer.plugins.ip.nvic.MultiNvicIntPanel[,0,0,0x0,invalid,layout=javax.swing.BoxLayout,alignmentX=0.0,alignmentY=0.0,border=,flags=9,maximumSize=,minimumSize=,preferredSize=]
2026-03-09 13:55:54,889 [INFO] NvicIntPanel:101 - NVIC parent = com.st.microxplorer.plugins.ip.nvic.MultiNvicIntPanel[,0,0,0x0,invalid,layout=javax.swing.BoxLayout,alignmentX=0.0,alignmentY=0.0,border=,flags=9,maximumSize=,minimumSize=,preferredSize=]
2026-03-09 13:56:37,394 [INFO] UtilMem:75 - End SaveConfig() Used Memory: 382139312 Bytes (867172352)
2026-03-09 13:56:43,014 [INFO] UtilMem:75 - End SaveConfig() Used Memory: 449248176 Bytes (867172352)
2026-03-09 13:56:46,193 [INFO] UtilMem:75 - End SaveConfig() Used Memory: 515308464 Bytes (867172352)
2026-03-09 13:56:46,271 [INFO] BlockDiagram:2775 - set Specific Code input for plugin: NVIC
2026-03-09 13:56:46,271 [INFO] BlockDiagram:2775 - set Specific Code input for plugin: TIM1_8F1
2026-03-09 13:56:46,271 [INFO] BlockDiagram:2775 - set Specific Code input for plugin: TIM1_8F1
2026-03-09 13:56:46,271 [INFO] BlockDiagram:2775 - set Specific Code input for plugin: SYS
2026-03-09 13:56:46,271 [INFO] BlockDiagram:2775 - set Specific Code input for plugin: GPIO
2026-03-09 13:56:46,271 [INFO] BlockDiagram:2775 - set Specific Code input for plugin: RCC
2026-03-09 13:56:46,272 [INFO] CodeGenerator:882 - code generatio: config db path: /opt/st/stm32cubeide_1.18.0/plugins/com.st.stm32cube.common.mx_6.14.0.202502271554//db/
2026-03-09 13:56:46,371 [INFO] CodeEngine:263 - oldGeneratedFile, /home/stratobotic/github/Yet_Another_Business_Card/firmware_v1_hw_v2/MXTmpFiles/license.tmp_save
2026-03-09 13:56:46,405 [INFO] CodeEngine:287 - Generated code: /home/stratobotic/github/Yet_Another_Business_Card/firmware_v1_hw_v2/MXTmpFiles/license.tmp
2026-03-09 13:56:46,418 [INFO] CodeEngine:263 - oldGeneratedFile, /home/stratobotic/github/Yet_Another_Business_Card/firmware_v1_hw_v2/MXTmpFiles/gpio.tmp_save
2026-03-09 13:56:46,455 [INFO] CodeEngine:287 - Generated code: /home/stratobotic/github/Yet_Another_Business_Card/firmware_v1_hw_v2/MXTmpFiles/gpio.tmp
2026-03-09 13:56:46,504 [INFO] CodeEngine:263 - oldGeneratedFile, /home/stratobotic/github/Yet_Another_Business_Card/firmware_v1_hw_v2/Core/Src/stm32f1xx_it.c_save
2026-03-09 13:56:46,557 [INFO] CodeEngine:287 - Generated code: /home/stratobotic/github/Yet_Another_Business_Card/firmware_v1_hw_v2/Core/Src/stm32f1xx_it.c
2026-03-09 13:56:46,558 [INFO] CodeEngine:263 - oldGeneratedFile, /home/stratobotic/github/Yet_Another_Business_Card/firmware_v1_hw_v2/Core/Inc/stm32f1xx_it.h_save
2026-03-09 13:56:46,591 [INFO] CodeEngine:287 - Generated code: /home/stratobotic/github/Yet_Another_Business_Card/firmware_v1_hw_v2/Core/Inc/stm32f1xx_it.h
2026-03-09 13:56:46,593 [INFO] CodeEngine:263 - oldGeneratedFile, /home/stratobotic/github/Yet_Another_Business_Card/firmware_v1_hw_v2/Core/Src/stm32f1xx_hal_msp.c_save
2026-03-09 13:56:46,646 [INFO] CodeEngine:287 - Generated code: /home/stratobotic/github/Yet_Another_Business_Card/firmware_v1_hw_v2/Core/Src/stm32f1xx_hal_msp.c
2026-03-09 13:56:46,647 [INFO] CodeEngine:263 - oldGeneratedFile, /home/stratobotic/github/Yet_Another_Business_Card/firmware_v1_hw_v2/MXTmpFiles/system.tmp_save
2026-03-09 13:56:46,681 [INFO] CodeEngine:287 - Generated code: /home/stratobotic/github/Yet_Another_Business_Card/firmware_v1_hw_v2/MXTmpFiles/system.tmp
2026-03-09 13:56:46,682 [INFO] CodeEngine:319 - oldGeneratedFile, /home/stratobotic/github/Yet_Another_Business_Card/firmware_v1_hw_v2/Core/Inc/stm32f1xx_hal_conf.h_save
2026-03-09 13:56:46,720 [INFO] CodeEngine:343 - Generated code: /home/stratobotic/github/Yet_Another_Business_Card/firmware_v1_hw_v2/Core/Inc/stm32f1xx_hal_conf.h
2026-03-09 13:56:46,726 [WARN] IPConfigManager:3747 - IP not found : TIM
2026-03-09 13:56:46,726 [WARN] CodeGenerator:4198 - IP not found : null
2026-03-09 13:56:46,727 [INFO] CodeEngine:263 - oldGeneratedFile, /home/stratobotic/github/Yet_Another_Business_Card/firmware_v1_hw_v2/Core/Inc/main.h_save
2026-03-09 13:56:46,763 [INFO] CodeEngine:287 - Generated code: /home/stratobotic/github/Yet_Another_Business_Card/firmware_v1_hw_v2/Core/Inc/main.h
2026-03-09 13:56:46,764 [INFO] CodeEngine:263 - oldGeneratedFile, /home/stratobotic/github/Yet_Another_Business_Card/firmware_v1_hw_v2/Core/Src/main.c_save
2026-03-09 13:56:46,820 [INFO] CodeEngine:287 - Generated code: /home/stratobotic/github/Yet_Another_Business_Card/firmware_v1_hw_v2/Core/Src/main.c
2026-03-09 13:56:46,937 [INFO] ProjectBuilder:3324 - Time for Copy HAL[1] : 8mS.
2026-03-09 13:56:46,938 [INFO] ProjectBuilder:4912 - Project Generator version: 4.6.0-B36
2026-03-09 13:56:46,987 [INFO] ConfigFileManager:1590 - The Die is : DIE410
2026-03-09 13:56:47,307 [INFO] ProjectBuilder:5191 - Time for Generating toolchain IDE Files: 368mS.
2026-03-09 13:56:47,307 [INFO] ProjectBuilder:3181 - Time for Copy CMSIS : 0mS.
2026-03-09 13:56:47,307 [INFO] ProjectBuilder:3181 - Time for Copy CMSIS : 0mS.
2026-03-09 14:15:54,058 [INFO] MainUpdater:2872 - connection check result : 10
2026-03-09 14:15:54,058 [INFO] MainUpdater:2872 - connection check result : 10
2026-03-09 14:15:54,083 [INFO] MicroXplorer:468 - Change Database Path : 
2026-03-09 14:15:54,083 [INFO] MicroXplorer:498 - Change Database Version : DB.6.0.140
2026-03-09 14:15:54,113 [ERROR] ProjectManagerView:394 - 
java.lang.NullPointerException: Cannot invoke "javax.swing.JTextField.getText()" because the return value of "java.util.List.get(int)" is null
	at com.st.microxplorer.plugins.projectmanager.gui.ProjectChoiceTab$9.caretUpdate(ProjectChoiceTab.java:2678) ~[filemanager.jar:?]
	at javax.swing.text.JTextComponent.fireCaretUpdate(JTextComponent.java:408) ~[?:?]
	at javax.swing.text.JTextComponent$MutableCaretEvent.fire(JTextComponent.java:4484) ~[?:?]
	at javax.swing.text.JTextComponent$MutableCaretEvent.stateChanged(JTextComponent.java:4506) ~[?:?]
	at javax.swing.text.DefaultCaret.fireStateChanged(DefaultCaret.java:857) ~[?:?]
	at javax.swing.text.DefaultCaret.changeCaretPosition(DefaultCaret.java:1343) ~[?:?]
	at javax.swing.text.DefaultCaret.handleSetDot(DefaultCaret.java:1242) ~[?:?]
	at javax.swing.text.DefaultCaret.setDot(DefaultCaret.java:1223) ~[?:?]
	at javax.swing.text.DefaultCaret$Handler.insertUpdate(DefaultCaret.java:1819) ~[?:?]
	at javax.swing.text.AbstractDocument.fireInsertUpdate(AbstractDocument.java:227) ~[?:?]
	at javax.swing.text.AbstractDocument.handleInsertString(AbstractDocument.java:781) ~[?:?]
	at javax.swing.text.AbstractDocument.insertString(AbstractDocument.java:740) ~[?:?]
	at javax.swing.text.PlainDocument.insertString(PlainDocument.java:131) ~[?:?]
	at javax.swing.text.AbstractDocument.replace(AbstractDocument.java:699) ~[?:?]
	at javax.swing.text.JTextComponent.setText(JTextComponent.java:1725) ~[?:?]
	at com.st.microxplorer.plugins.projectmanager.gui.ProjectChoiceTab.createHeapStackFields(ProjectChoiceTab.java:979) ~[filemanager.jar:?]
	at com.st.microxplorer.plugins.projectmanager.gui.ProjectChoiceTab.buildLinkSettingsPanel(ProjectChoiceTab.java:3766) ~[filemanager.jar:?]
	at com.st.microxplorer.plugins.projectmanager.gui.ProjectChoiceTab.defineWindowsFields(ProjectChoiceTab.java:1962) ~[filemanager.jar:?]
	at com.st.microxplorer.plugins.projectmanager.gui.ProjectChoiceTab.updateSettings(ProjectChoiceTab.java:555) ~[filemanager.jar:?]
	at com.st.microxplorer.plugins.projectmanager.gui.ProjectSettingsPanel.UpdateDialog(ProjectSettingsPanel.java:245) ~[filemanager.jar:?]
	at com.st.microxplorer.plugins.projectmanager.ProjectManagerView.propertyChange(ProjectManagerView.java:391) ~[filemanager.jar:?]
	at java.beans.PropertyChangeSupport.fire(PropertyChangeSupport.java:343) ~[?:?]
	at java.beans.PropertyChangeSupport.firePropertyChange(PropertyChangeSupport.java:335) ~[?:?]
	at java.beans.PropertyChangeSupport.firePropertyChange(PropertyChangeSupport.java:268) ~[?:?]
	at com.st.microxplorer.util.MXPropertyChangeSupport.firePropertyChange(MXPropertyChangeSupport.java:54) ~[STM32CubeMX.jar:?]
	at com.st.microxplorer.mxsystem.MxSystem.closeConfig(MxSystem.java:899) ~[STM32CubeMX.jar:?]
	at com.st.microxplorer.maingui.MainPanel.closeConfig(MainPanel.java:789) ~[STM32CubeMX.jar:?]
	at com.st.microxplorer.plugins.filemanager.engine.OpenFileManager.loadConfigurationFile(OpenFileManager.java:287) ~[filemanager.jar:?]
	at com.st.microxplorer.plugins.filemanager.engine.MainFileManager.userLoadConfig(MainFileManager.java:341) ~[filemanager.jar:?]
	at com.st.microxplorer.plugins.filemanager.engine.MainFileManager.userLoadConfig(MainFileManager.java:319) ~[filemanager.jar:?]
	at com.st.microxplorer.plugins.filemanager.FileManagerView.getSpecificTask(FileManagerView.java:246) ~[filemanager.jar:?]
	at com.st.stm32cube.common.mx.editor.CubeMxEditor.getMxTabbedPaneInstance(CubeMxEditor.java:1198) ~[com.st.stm32cube.common.mx_6.14.0.202502271554/:?]
	at com.st.stm32cube.common.mx.editor.CubeMxEditor$12$1.createSwingComponent(CubeMxEditor.java:1068) ~[com.st.stm32cube.common.mx_6.14.0.202502271554/:?]
	at com.st.stm32cube.common.mx.oss.core.awtswtbridge.EmbeddedSwingComposite.doComponentCreation(EmbeddedSwingComposite.java:492) ~[com.st.stm32cube.common.mx.oss_6.14.0.202502271554/:?]
	at com.st.stm32cube.common.mx.oss.core.awtswtbridge.EmbeddedSwingComposite$4.run(EmbeddedSwingComposite.java:291) ~[com.st.stm32cube.common.mx.oss_6.14.0.202502271554/:?]
	at com.st.stm32cube.common.mx.oss.core.awtswtbridge.AwtEnvironment$2.run(AwtEnvironment.java:166) ~[com.st.stm32cube.common.mx.oss_6.14.0.202502271554/:?]
	at java.awt.event.InvocationEvent.dispatch(InvocationEvent.java:318) ~[?:?]
	at java.awt.EventQueue.dispatchEventImpl(EventQueue.java:773) ~[?:?]
	at java.awt.EventQueue$4.run(EventQueue.java:720) ~[?:?]
	at java.awt.EventQueue$4.run(EventQueue.java:714) ~[?:?]
	at java.security.AccessController.doPrivileged(AccessController.java:400) ~[?:?]
	at java.security.ProtectionDomain$JavaSecurityAccessImpl.doIntersectionPrivilege(ProtectionDomain.java:87) ~[?:?]
	at java.awt.EventQueue.dispatchEvent(EventQueue.java:742) ~[?:?]
	at java.awt.EventDispatchThread.pumpOneEventForFilters(EventDispatchThread.java:203) ~[?:?]
	at java.awt.EventDispatchThread.pumpEventsForFilter(EventDispatchThread.java:124) ~[?:?]
	at java.awt.EventDispatchThread.pumpEventsForHierarchy(EventDispatchThread.java:113) ~[?:?]
	at java.awt.EventDispatchThread.pumpEvents(EventDispatchThread.java:109) ~[?:?]
	at java.awt.EventDispatchThread.pumpEvents(EventDispatchThread.java:101) ~[?:?]
	at java.awt.EventDispatchThread.run(EventDispatchThread.java:90) ~[?:?]
2026-03-09 14:15:54,123 [WARN] ThirdParty:871 - waiting for thirdparty lock release [close project]
2026-03-09 14:15:54,124 [INFO] ThirdParty:873 - entering critical section [close project]
2026-03-09 14:15:54,124 [INFO] ThirdParty:883 - exiting critical section [close project]
2026-03-09 14:15:54,127 [INFO] PinOutPanel:1589 - setPackage(No Configuration,No Configuration)
2026-03-09 14:15:54,138 [INFO] UtilMem:75 - Begin LoadConfig() Used Memory: 946822960 Bytes (1073741824)
2026-03-09 14:15:54,139 [INFO] MicroXplorer:468 - Change Database Path : 
2026-03-09 14:15:54,139 [INFO] MicroXplorer:498 - Change Database Version : DB.6.0.140
2026-03-09 14:15:54,140 [INFO] OpenFileManager:354 - Change cursor
2026-03-09 14:15:54,168 [INFO] RulesReader:64 - Compatibility file has been processed (301 Rules)
2026-03-09 14:15:54,173 [INFO] Mcu:2011 - Initializing MCU STM32F103C(8-B)Tx STM32F103C8Tx STM32F103C8T6
2026-03-09 14:15:54,545 [INFO] Context:756 - Trying to add GPIOservice into a context  which must be forbidden
2026-03-09 14:15:54,775 [INFO] ImportTextPane:218 - (OptionalMessage_ERROR) Pin29 (VP_RIF_VS_RIF1) cannot be retrieved for this MCU
2026-03-09 14:15:54,847 [INFO] RtosManager:558 - Registered RTOS mode: class=CMSIS, group=RTOS, mode=CMSIS_V1, owner=FREERTOS
2026-03-09 14:15:54,848 [INFO] RtosManager:558 - Registered RTOS mode: class=CMSIS, group=RTOS2, mode=CMSIS_V2, owner=FREERTOS
2026-03-09 14:15:54,848 [INFO] RtosManager:558 - Registered RTOS mode: class=RTOS, group=Core, mode=CMSIS_V1, owner=FREERTOS
2026-03-09 14:15:54,849 [INFO] RtosManager:558 - Registered RTOS mode: class=RTOS, group=Core, mode=CMSIS_V2, owner=FREERTOS
2026-03-09 14:15:54,849 [WARN] ModelIntegratedComponent:184 - Missing modes for component STMicroelectronics:FreeRTOS:0.0.1:STMicroelectronics:RTOS:FreeRTOS:Core:::10.2.0:
2026-03-09 14:15:54,856 [WARN] ModelIntegratedComponent:63 - No mode defined for component null
2026-03-09 14:15:54,856 [WARN] ModelIntegratedComponent:63 - No mode defined for component null
2026-03-09 14:15:54,856 [WARN] ModelIntegratedComponent:63 - No mode defined for component null
2026-03-09 14:15:54,857 [WARN] ModelIntegratedComponent:63 - No mode defined for component null
2026-03-09 14:15:54,857 [WARN] ModelIntegratedComponent:63 - No mode defined for component null
2026-03-09 14:15:54,857 [WARN] ModelIntegratedComponent:63 - No mode defined for component null
2026-03-09 14:15:54,857 [WARN] ModelIntegratedComponent:63 - No mode defined for component null
2026-03-09 14:15:54,857 [WARN] ModelIntegratedComponent:63 - No mode defined for component null
2026-03-09 14:15:54,857 [WARN] ModelIntegratedComponent:63 - No mode defined for component null
2026-03-09 14:15:54,857 [WARN] ModelIntegratedComponent:63 - No mode defined for component null
2026-03-09 14:15:54,857 [WARN] ModelIntegratedComponent:63 - No mode defined for component null
2026-03-09 14:15:54,857 [WARN] ModelIntegratedComponent:63 - No mode defined for component null
2026-03-09 14:15:54,857 [WARN] ModelIntegratedComponent:63 - No mode defined for component null
2026-03-09 14:15:54,857 [WARN] ModelIntegratedComponent:63 - No mode defined for component null
2026-03-09 14:15:54,857 [WARN] ModelIntegratedComponent:63 - No mode defined for component null
2026-03-09 14:15:54,857 [WARN] ModelIntegratedComponent:63 - No mode defined for component null
2026-03-09 14:15:54,857 [WARN] ModelIntegratedComponent:63 - No mode defined for component null
2026-03-09 14:15:54,857 [WARN] ModelIntegratedComponent:63 - No mode defined for component null
2026-03-09 14:15:54,857 [WARN] ModelIntegratedComponent:63 - No mode defined for component null
2026-03-09 14:15:54,857 [WARN] ModelIntegratedComponent:63 - No mode defined for component null
2026-03-09 14:15:54,857 [WARN] ModelIntegratedComponent:63 - No mode defined for component null
2026-03-09 14:15:54,857 [WARN] ModelIntegratedComponent:63 - No mode defined for component null
2026-03-09 14:15:54,857 [WARN] ModelIntegratedComponent:63 - No mode defined for component null
2026-03-09 14:15:54,857 [WARN] ModelIntegratedComponent:63 - No mode defined for component null
2026-03-09 14:15:54,857 [WARN] ModelIntegratedComponent:63 - No mode defined for component null
2026-03-09 14:15:54,857 [WARN] ModelIntegratedComponent:63 - No mode defined for component null
2026-03-09 14:15:54,857 [WARN] ModelIntegratedComponent:63 - No mode defined for component null
2026-03-09 14:15:54,857 [WARN] ModelIntegratedComponent:63 - No mode defined for component null
2026-03-09 14:15:54,857 [WARN] ModelIntegratedComponent:63 - No mode defined for component null
2026-03-09 14:15:54,857 [WARN] ModelIntegratedComponent:63 - No mode defined for component null
2026-03-09 14:15:54,857 [WARN] ModelIntegratedComponent:63 - No mode defined for component null
2026-03-09 14:15:54,857 [WARN] ModelIntegratedComponent:63 - No mode defined for component null
2026-03-09 14:15:54,857 [WARN] ModelIntegratedComponent:63 - No mode defined for component null
2026-03-09 14:15:54,857 [WARN] ModelIntegratedComponent:63 - No mode defined for component null
2026-03-09 14:15:54,857 [WARN] ModelIntegratedComponent:63 - No mode defined for component null
2026-03-09 14:15:54,858 [WARN] ModelPack:524 - Component already loaded: STMicroelectronics:HAL Drivers:0.0.0:STMicroelectronics:Device:STMicro_Driver:XSPI:HAL::0.0.1:HAL_XSPI
2026-03-09 14:15:54,933 [INFO] ThirdPartyModel:298 - Start build external matchings
2026-03-09 14:15:55,554 [INFO] ThirdPartyModel:316 - End build external matchings
2026-03-09 14:15:55,661 [INFO] UtilMem:75 - End LoadConfig() Used Memory: 829810656 Bytes (1073741824)
2026-03-09 14:15:55,670 [WARN] ThirdParty:833 - waiting for thirdparty lock release [change project]
2026-03-09 14:15:55,671 [INFO] ThirdParty:835 - entering critical section [change project]
2026-03-09 14:15:55,671 [INFO] ThirdParty:1030 - CMSIS Pack Vendor :STMicroelectronics X-CUBE-AZRTOS-H7 3.5.0
2026-03-09 14:15:55,671 [INFO] ThirdParty:1030 - CMSIS Pack Vendor :STMicroelectronics X-CUBE-PM33A1 1.0.0
2026-03-09 14:15:55,671 [INFO] ThirdParty:1030 - CMSIS Pack Vendor :STMicroelectronics USBPD 4.1
2026-03-09 14:15:55,671 [INFO] ThirdParty:1030 - CMSIS Pack Vendor :STMicroelectronics X-CUBE-NFC9 1.0.0
2026-03-09 14:15:55,671 [INFO] ThirdParty:1030 - CMSIS Pack Vendor :STMicroelectronics USB_HOST 2.0.0
2026-03-09 14:15:55,671 [INFO] ThirdParty:1030 - CMSIS Pack Vendor :STMicroelectronics FP-SNS-MOTENVWB1 1.4.0
2026-03-09 14:15:55,671 [INFO] ThirdParty:1030 - CMSIS Pack Vendor :STMicroelectronics X-CUBE-AZRTOS-F4 1.1.0
2026-03-09 14:15:55,671 [INFO] ThirdParty:1030 - CMSIS Pack Vendor :STMicroelectronics LIBJPEG 8.0.0
2026-03-09 14:15:55,671 [INFO] ThirdParty:1030 - CMSIS Pack Vendor :STMicroelectronics FP-ATR-ASTRA1 2.0.2
2026-03-09 14:15:55,671 [INFO] ThirdParty:1030 - CMSIS Pack Vendor :wolfSSL I-CUBE-wolfSSL 5.8.2
2026-03-09 14:15:55,671 [INFO] ThirdParty:1030 - CMSIS Pack Vendor :STMicroelectronics X-CUBE-BLE1 7.1.0
2026-03-09 14:15:55,671 [INFO] ThirdParty:1030 - CMSIS Pack Vendor :STMicroelectronics X-CUBE-SMBUS 2.1.0
2026-03-09 14:15:55,671 [INFO] ThirdParty:1030 - CMSIS Pack Vendor :wolfSSL I-CUBE-wolfMQTT 1.19.2
2026-03-09 14:15:55,671 [INFO] ThirdParty:1030 - CMSIS Pack Vendor :STMicroelectronics USB_DEVICE 3.0.0
2026-03-09 14:15:55,671 [INFO] ThirdParty:1030 - CMSIS Pack Vendor :STMicroelectronics X-CUBE-ISPU 2.1.0
2026-03-09 14:15:55,671 [INFO] ThirdParty:1030 - CMSIS Pack Vendor :STMicroelectronics X-CUBE-EEPRMA1 5.2.0
2026-03-09 14:15:55,671 [INFO] ThirdParty:1030 - CMSIS Pack Vendor :STMicroelectronics X-CUBE-BLEMGR 4.1.0
2026-03-09 14:15:55,671 [INFO] ThirdParty:1030 - CMSIS Pack Vendor :STMicroelectronics X-CUBE-AZRTOS-WB 2.0.0
2026-03-09 14:15:55,671 [INFO] ThirdParty:1030 - CMSIS Pack Vendor :STMicroelectronics X-CUBE-ST60 1.0.0
2026-03-09 14:15:55,671 [INFO] ThirdParty:1030 - CMSIS Pack Vendor :STMicroelectronics X-CUBE-GNSS1 7.0.1
2026-03-09 14:15:55,671 [INFO] ThirdParty:1030 - CMSIS Pack Vendor :STMicroelectronics X-CUBE-NFC12 1.0.0
2026-03-09 14:15:55,671 [INFO] ThirdParty:1030 - CMSIS Pack Vendor :STMicroelectronics X-CUBE-AZRTOS-F7 1.1.0
2026-03-09 14:15:55,671 [INFO] ThirdParty:1030 - CMSIS Pack Vendor :STMicroelectronics X-CUBE-AZRTOS-L5 2.0.0
2026-03-09 14:15:55,671 [INFO] ThirdParty:1030 - CMSIS Pack Vendor :STMicroelectronics USB_DEVICE 2.0.0
2026-03-09 14:15:55,671 [INFO] ThirdParty:1030 - CMSIS Pack Vendor :STMicroelectronics X-CUBE-NFC6 3.1.0
2026-03-09 14:15:55,671 [INFO] ThirdParty:1030 - CMSIS Pack Vendor :Cesanta I-CUBE-Mongoose 7.19.0
2026-03-09 14:15:55,671 [INFO] ThirdParty:1030 - CMSIS Pack Vendor :quantropi X-CUBE-qispace-sdk-base 2.1.0
2026-03-09 14:15:55,671 [INFO] ThirdParty:1030 - CMSIS Pack Vendor :STMicroelectronics X-CUBE-MEMS1 12.0.0
2026-03-09 14:15:55,671 [INFO] ThirdParty:1030 - CMSIS Pack Vendor :STMicroelectronics X-CUBE-STSE01 2.0.0
2026-03-09 14:15:55,671 [INFO] ThirdParty:1030 - CMSIS Pack Vendor :STMicroelectronics FreeRTOS 0.0.1
2026-03-09 14:15:55,671 [INFO] ThirdParty:1030 - CMSIS Pack Vendor :STMicroelectronics X-CUBE-AZRTOS-G0 1.1.0
2026-03-09 14:15:55,671 [INFO] ThirdParty:1030 - CMSIS Pack Vendor :STMicroelectronics X-CUBE-SAFEA1 1.2.2
2026-03-09 14:15:55,671 [INFO] ThirdParty:1030 - CMSIS Pack Vendor :STMicroelectronics X-CUBE-NFC4 3.0.0
2026-03-09 14:15:55,671 [INFO] ThirdParty:1030 - CMSIS Pack Vendor :STMicroelectronics X-CUBE-SUBG2 5.0.0
2026-03-09 14:15:55,671 [INFO] ThirdParty:1030 - CMSIS Pack Vendor :STMicroelectronics X-CUBE-AZRTOS-H7RS 1.1.0
2026-03-09 14:15:55,671 [INFO] ThirdParty:1030 - CMSIS Pack Vendor :STMicroelectronics STM32_WPAN 1.0.0
2026-03-09 14:15:55,671 [INFO] ThirdParty:1030 - CMSIS Pack Vendor :EmbeddedOffice I-CUBE-FS-RTOS 1.0.1
2026-03-09 14:15:55,671 [INFO] ThirdParty:1030 - CMSIS Pack Vendor :STMicroelectronics lwIP 2.0.3
2026-03-09 14:15:55,671 [INFO] ThirdParty:1030 - CMSIS Pack Vendor :STMicroelectronics USB_HOST 1.0.0
2026-03-09 14:15:55,671 [INFO] ThirdParty:1030 - CMSIS Pack Vendor :Infineon AIROC-Wi-Fi-Bluetooth-STM32 1.7.1
2026-03-09 14:15:55,671 [INFO] ThirdParty:1030 - CMSIS Pack Vendor :STMicroelectronics X-CUBE-AZRTOS-G4 2.0.0
2026-03-09 14:15:55,671 [INFO] ThirdParty:1030 - CMSIS Pack Vendor :STMicroelectronics X-CUBE-WB05N 2.0.0
2026-03-09 14:15:55,671 [INFO] ThirdParty:1030 - CMSIS Pack Vendor :STMicroelectronics PDM2PCM 3.1.0
2026-03-09 14:15:55,671 [INFO] ThirdParty:1030 - CMSIS Pack Vendor :STMicroelectronics PDM2PCM 3.3.0
2026-03-09 14:15:55,671 [INFO] ThirdParty:1030 - CMSIS Pack Vendor :wolfSSL I-CUBE-wolfTPM 3.8.0
2026-03-09 14:15:55,672 [INFO] ThirdParty:1030 - CMSIS Pack Vendor :STMicroelectronics X-CUBE-AZRTOS-H7 3.4.0
2026-03-09 14:15:55,672 [INFO] ThirdParty:1030 - CMSIS Pack Vendor :STMicroelectronics X-CUBE-DISPLAY 3.0.0
2026-03-09 14:15:55,672 [INFO] ThirdParty:1030 - CMSIS Pack Vendor :wolfSSL I-CUBE-wolfSSH 1.4.20
2026-03-09 14:15:55,672 [INFO] ThirdParty:1030 - CMSIS Pack Vendor :STMicroelectronics X-CUBE-NFC7 2.0.0
2026-03-09 14:15:55,672 [INFO] ThirdParty:1030 - CMSIS Pack Vendor :STMicroelectronics X-CUBE-TCPP 4.2.0
2026-03-09 14:15:55,672 [INFO] ThirdParty:1030 - CMSIS Pack Vendor :RealThread X-CUBE-RT-Thread_Nano 4.1.1
2026-03-09 14:15:55,672 [INFO] ThirdParty:1030 - CMSIS Pack Vendor :STMicroelectronics FP-ATR-SIGFOX1 3.2.0
2026-03-09 14:15:55,672 [INFO] ThirdParty:1030 - CMSIS Pack Vendor :STMicroelectronics X-CUBE-NFC10 1.0.0
2026-03-09 14:15:55,672 [INFO] ThirdParty:1030 - CMSIS Pack Vendor :STMicroelectronics X-CUBE-FREERTOS 1.3.1
2026-03-09 14:15:55,672 [INFO] ThirdParty:1030 - CMSIS Pack Vendor :STMicroelectronics HAL Drivers 0.0.0
2026-03-09 14:15:55,672 [INFO] ThirdParty:1030 - CMSIS Pack Vendor :STMicroelectronics MBEDTLS 2.16.2
2026-03-09 14:15:55,672 [INFO] ThirdParty:1030 - CMSIS Pack Vendor :STMicroelectronics X-CUBE-ST60 1.1.0
2026-03-09 14:15:55,672 [INFO] ThirdParty:1030 - CMSIS Pack Vendor :STMicroelectronics X-CUBE-IPS 3.1.0
2026-03-09 14:15:55,672 [INFO] ThirdParty:1030 - CMSIS Pack Vendor :STMicroelectronics X-CUBE-ALS 1.0.2
2026-03-09 14:15:55,672 [INFO] ThirdParty:1030 - CMSIS Pack Vendor :emotas I-CUBE-CANOPEN 1.3.0
2026-03-09 14:15:55,672 [INFO] ThirdParty:1030 - CMSIS Pack Vendor :STMicroelectronics MBEDTLS 2.14.1
2026-03-09 14:15:55,672 [INFO] ThirdParty:1030 - CMSIS Pack Vendor :STMicroelectronics X-CUBE-GNSS1 7.1.0
2026-03-09 14:15:55,672 [INFO] ThirdParty:1030 - CMSIS Pack Vendor :ITTIA_DB I-CUBE-ITTIADB 8.9.0
2026-03-09 14:15:55,672 [INFO] ThirdParty:1030 - CMSIS Pack Vendor :STMicroelectronics X-CUBE-TOUCHGFX 4.26.0
2026-03-09 14:15:55,672 [INFO] ThirdParty:1030 - CMSIS Pack Vendor :STMicroelectronics X-CUBE-STSE01 1.0.0
2026-03-09 14:15:55,672 [INFO] ThirdParty:1030 - CMSIS Pack Vendor :STMicroelectronics X-CUBE-TOUCHGFX 4.26.1
2026-03-09 14:15:55,672 [INFO] ThirdParty:1030 - CMSIS Pack Vendor :STMicroelectronics X-CUBE-NFC6 3.2.0
2026-03-09 14:15:55,672 [INFO] ThirdParty:1030 - CMSIS Pack Vendor :STMicroelectronics X-CUBE-ST67W61 1.0.0
2026-03-09 14:15:55,672 [INFO] ThirdParty:1030 - CMSIS Pack Vendor :STMicroelectronics X-CUBE-AI 10.2.0
2026-03-09 14:15:55,672 [INFO] ThirdParty:1030 - CMSIS Pack Vendor :STMicroelectronics FP-SNS-STAIOTCFT 1.0.0
2026-03-09 14:15:55,672 [INFO] ThirdParty:1030 - CMSIS Pack Vendor :STMicroelectronics ThreadX 1.0.0
2026-03-09 14:15:55,672 [INFO] ThirdParty:1030 - CMSIS Pack Vendor :STMicroelectronics FP-SNS-SMARTAG2 1.2.0
2026-03-09 14:15:55,672 [INFO] ThirdParty:1030 - CMSIS Pack Vendor :STMicroelectronics FP-SNS-FLIGHT1 5.1.0
2026-03-09 14:15:55,672 [INFO] ThirdParty:1030 - CMSIS Pack Vendor :STMicroelectronics X-CUBE-AZRTOS-WL 2.0.0
2026-03-09 14:15:55,672 [INFO] ThirdParty:1030 - CMSIS Pack Vendor :SEGGER I-CUBE-embOS 1.3.1
2026-03-09 14:15:55,672 [INFO] ThirdParty:1030 - CMSIS Pack Vendor :STMicroelectronics X-CUBE-ALGOBUILD 1.4.0
2026-03-09 14:15:55,672 [INFO] ThirdParty:1030 - CMSIS Pack Vendor :STMicroelectronics X-CUBE-DPower 1.3.0
2026-03-09 14:15:55,672 [INFO] ThirdParty:1030 - CMSIS Pack Vendor :STMicroelectronics X-CUBE-MEMS1 11.3.0
2026-03-09 14:15:55,672 [INFO] ThirdParty:1030 - CMSIS Pack Vendor :STMicroelectronics FP-SNS-MOTENV1 5.0.0
2026-03-09 14:15:55,672 [INFO] ThirdParty:1030 - CMSIS Pack Vendor :STMicroelectronics USB_DEVICE 1.0.0
2026-03-09 14:15:55,672 [INFO] ThirdParty:1030 - CMSIS Pack Vendor :STMicroelectronics X-CUBE-AZRTOS-H7RS 1.2.0
2026-03-09 14:15:55,672 [INFO] ThirdParty:1030 - CMSIS Pack Vendor :STMicroelectronics X-CUBE-AZRTOS-L4 2.0.0
2026-03-09 14:15:55,672 [INFO] ThirdParty:1030 - CMSIS Pack Vendor :STMicroelectronics ThreadX 0.0.2
2026-03-09 14:15:55,672 [INFO] ThirdParty:1030 - CMSIS Pack Vendor :STMicroelectronics lwIP 2.1.2
2026-03-09 14:15:55,672 [INFO] ThirdParty:1030 - CMSIS Pack Vendor :STMicroelectronics X-CUBE-SFXS2LP1 4.0.0
2026-03-09 14:15:55,672 [INFO] ThirdParty:1030 - CMSIS Pack Vendor :STMicroelectronics X-CUBE-BLE2 3.3.0
2026-03-09 14:15:55,673 [INFO] ThirdParty:1030 - CMSIS Pack Vendor :Avnet-IOTCONNECT X-CUBE-iotc-st67-sdk 1.0.0
2026-03-09 14:15:55,673 [INFO] ThirdParty:1030 - CMSIS Pack Vendor :STMicroelectronics X-CUBE-TOF1 3.4.3
2026-03-09 14:15:55,673 [INFO] ThirdParty:1030 - CMSIS Pack Vendor :STMicroelectronics PDM2PCM 3.2.0
2026-03-09 14:15:55,673 [INFO] ThirdParty:841 - exiting critical section [change project]
2026-03-09 14:15:55,919 [INFO] PinOutPanel:1589 - setPackage(No Configuration,No Configuration)
2026-03-09 14:15:55,921 [INFO] PinOutPanel:1589 - setPackage(STM32F103C8Tx,LQFP48)
2026-03-09 14:15:56,168 [INFO] UtilMem:75 - Before build in PCC Used Memory: 896027968 Bytes (1073741824)
2026-03-09 14:15:56,387 [INFO] UtilMem:75 - After build in PCC Used Memory: 938493248 Bytes (1073741824)
2026-03-09 14:15:56,403 [INFO] IPUIPlugin:80 - create IPUIPlugin
2026-03-09 14:15:56,404 [INFO] IPUIPlugin:80 - create IPUIPlugin
2026-03-09 14:15:56,404 [INFO] IPUIPlugin:80 - create IPUIPlugin
2026-03-09 14:15:56,404 [INFO] IPUIPlugin:80 - create IPUIPlugin
2026-03-09 14:15:56,404 [INFO] IPUIPlugin:80 - create IPUIPlugin
2026-03-09 14:15:56,404 [INFO] IPUIPlugin:80 - create IPUIPlugin
2026-03-09 14:15:56,404 [INFO] IPUIPlugin:80 - create IPUIPlugin
2026-03-09 14:15:56,404 [INFO] IPUIPlugin:80 - create IPUIPlugin
2026-03-09 14:15:56,404 [INFO] IPUIPlugin:80 - create IPUIPlugin
2026-03-09 14:15:56,404 [INFO] IPUIPlugin:80 - create IPUIPlugin
2026-03-09 14:15:56,404 [INFO] IPUIPlugin:80 - create IPUIPlugin
2026-03-09 14:15:56,405 [INFO] IPUIPlugin:80 - create IPUIPlugin
2026-03-09 14:15:56,405 [INFO] IPUIPlugin:80 - create IPUIPlugin
2026-03-09 14:15:56,405 [INFO] IPUIPlugin:80 - create IPUIPlugin
2026-03-09 14:15:56,405 [INFO] IPUIPlugin:80 - create IPUIPlugin
2026-03-09 14:15:56,405 [INFO] IPUIPlugin:80 - create IPUIPlugin
2026-03-09 14:15:56,405 [INFO] IPUIPlugin:80 - create IPUIPlugin
2026-03-09 14:15:56,405 [INFO] IPUIPlugin:80 - create IPUIPlugin
2026-03-09 14:15:56,405 [INFO] IPUIPlugin:80 - create IPUIPlugin
2026-03-09 14:15:56,405 [INFO] IPUIPlugin:80 - create IPUIPlugin
2026-03-09 14:15:56,405 [INFO] IPUIPlugin:80 - create IPUIPlugin
2026-03-09 14:15:56,406 [INFO] IPUIPlugin:80 - create IPUIPlugin
2026-03-09 14:15:56,406 [INFO] IPUIPlugin:80 - create IPUIPlugin
2026-03-09 14:15:56,406 [INFO] IPUIPlugin:80 - create IPUIPlugin
2026-03-09 14:15:56,406 [INFO] IPUIPlugin:80 - create IPUIPlugin
2026-03-09 14:15:56,406 [INFO] IPUIPlugin:80 - create IPUIPlugin
2026-03-09 14:15:56,406 [INFO] IPUIPlugin:80 - create IPUIPlugin
2026-03-09 14:15:56,447 [INFO] CADModel:165 - CPN selected for project levelSTM32F103C8T6
2026-03-09 14:15:56,447 [INFO] CADModel:114 - Register for checkConnection events
2026-03-09 14:15:56,509 [INFO] OpenFileManager:385 - Restore cursor
2026-03-09 14:15:56,514 [INFO] ApiDb:581 - Connected to CubeFinder SQLite database (/home/stratobotic/.stmcufinder/plugins/mcufinder/mcu/cube-finder-db.db)
2026-03-09 14:16:24,641 [INFO] Gpio:277 - dependency for GPIO [SYS]
2026-03-09 14:16:33,788 [INFO] Gpio:277 - dependency for GPIO [SYS]
2026-03-09 14:16:59,588 [INFO] UtilMem:75 - End SaveConfig() Used Memory: 937261128 Bytes (1073741824)
2026-03-09 14:17:02,087 [INFO] UtilMem:75 - End SaveConfig() Used Memory: 965841560 Bytes (1073741824)
2026-03-09 14:17:06,720 [INFO] UtilMem:75 - End SaveConfig() Used Memory: 826738184 Bytes (1073741824)
2026-03-09 14:17:06,803 [INFO] BlockDiagram:2775 - set Specific Code input for plugin: NVIC
2026-03-09 14:17:06,803 [INFO] BlockDiagram:2775 - set Specific Code input for plugin: TIM1_8F1
2026-03-09 14:17:06,803 [INFO] BlockDiagram:2775 - set Specific Code input for plugin: TIM1_8F1
2026-03-09 14:17:06,803 [INFO] BlockDiagram:2775 - set Specific Code input for plugin: SYS
2026-03-09 14:17:06,803 [INFO] BlockDiagram:2775 - set Specific Code input for plugin: GPIO
2026-03-09 14:17:06,803 [INFO] BlockDiagram:2775 - set Specific Code input for plugin: RCC
2026-03-09 14:17:06,804 [INFO] CodeGenerator:882 - code generatio: config db path: /opt/st/stm32cubeide_1.18.0/plugins/com.st.stm32cube.common.mx_6.14.0.202502271554//db/
2026-03-09 14:17:06,887 [INFO] CodeEngine:263 - oldGeneratedFile, /home/stratobotic/github/Yet_Another_Business_Card/firmware_v1_hw_v2/MXTmpFiles/license.tmp_save
2026-03-09 14:17:07,082 [INFO] CodeEngine:287 - Generated code: /home/stratobotic/github/Yet_Another_Business_Card/firmware_v1_hw_v2/MXTmpFiles/license.tmp
2026-03-09 14:17:07,132 [INFO] CodeEngine:263 - oldGeneratedFile, /home/stratobotic/github/Yet_Another_Business_Card/firmware_v1_hw_v2/MXTmpFiles/gpio.tmp_save
2026-03-09 14:17:07,277 [INFO] CodeEngine:287 - Generated code: /home/stratobotic/github/Yet_Another_Business_Card/firmware_v1_hw_v2/MXTmpFiles/gpio.tmp
2026-03-09 14:17:07,365 [INFO] CodeEngine:263 - oldGeneratedFile, /home/stratobotic/github/Yet_Another_Business_Card/firmware_v1_hw_v2/Core/Src/stm32f1xx_it.c_save
2026-03-09 14:17:07,620 [INFO] CodeEngine:287 - Generated code: /home/stratobotic/github/Yet_Another_Business_Card/firmware_v1_hw_v2/Core/Src/stm32f1xx_it.c
2026-03-09 14:17:07,622 [INFO] CodeEngine:263 - oldGeneratedFile, /home/stratobotic/github/Yet_Another_Business_Card/firmware_v1_hw_v2/Core/Inc/stm32f1xx_it.h_save
2026-03-09 14:17:07,672 [INFO] CodeEngine:287 - Generated code: /home/stratobotic/github/Yet_Another_Business_Card/firmware_v1_hw_v2/Core/Inc/stm32f1xx_it.h
2026-03-09 14:17:07,676 [INFO] CodeEngine:263 - oldGeneratedFile, /home/stratobotic/github/Yet_Another_Business_Card/firmware_v1_hw_v2/Core/Src/stm32f1xx_hal_msp.c_save
2026-03-09 14:17:07,759 [INFO] CodeEngine:287 - Generated code: /home/stratobotic/github/Yet_Another_Business_Card/firmware_v1_hw_v2/Core/Src/stm32f1xx_hal_msp.c
2026-03-09 14:17:07,760 [INFO] CodeEngine:263 - oldGeneratedFile, /home/stratobotic/github/Yet_Another_Business_Card/firmware_v1_hw_v2/MXTmpFiles/system.tmp_save
2026-03-09 14:17:07,828 [INFO] CodeEngine:287 - Generated code: /home/stratobotic/github/Yet_Another_Business_Card/firmware_v1_hw_v2/MXTmpFiles/system.tmp
2026-03-09 14:17:07,831 [INFO] CodeEngine:319 - oldGeneratedFile, /home/stratobotic/github/Yet_Another_Business_Card/firmware_v1_hw_v2/Core/Inc/stm32f1xx_hal_conf.h_save
2026-03-09 14:17:07,899 [INFO] CodeEngine:343 - Generated code: /home/stratobotic/github/Yet_Another_Business_Card/firmware_v1_hw_v2/Core/Inc/stm32f1xx_hal_conf.h
2026-03-09 14:17:07,920 [INFO] ApiDbMcu:508 - Load IP Config File for TIM1
2026-03-09 14:17:07,941 [INFO] ApiDbMcu:508 - Load IP Config File for TIM2
2026-03-09 14:17:07,943 [INFO] ApiDbMcu:508 - Load IP Config File for RCC
2026-03-09 14:17:07,944 [WARN] IPConfigManager:3747 - IP not found : TIM
2026-03-09 14:17:07,944 [WARN] CodeGenerator:4198 - IP not found : null
2026-03-09 14:17:07,946 [INFO] CodeEngine:263 - oldGeneratedFile, /home/stratobotic/github/Yet_Another_Business_Card/firmware_v1_hw_v2/Core/Inc/main.h_save
2026-03-09 14:17:08,008 [INFO] CodeEngine:287 - Generated code: /home/stratobotic/github/Yet_Another_Business_Card/firmware_v1_hw_v2/Core/Inc/main.h
2026-03-09 14:17:08,010 [INFO] CodeEngine:263 - oldGeneratedFile, /home/stratobotic/github/Yet_Another_Business_Card/firmware_v1_hw_v2/Core/Src/main.c_save
2026-03-09 14:17:08,090 [INFO] CodeEngine:287 - Generated code: /home/stratobotic/github/Yet_Another_Business_Card/firmware_v1_hw_v2/Core/Src/main.c
2026-03-09 14:17:08,339 [INFO] ProjectBuilder:3324 - Time for Copy HAL[1] : 23mS.
2026-03-09 14:17:08,340 [INFO] ProjectBuilder:4912 - Project Generator version: 4.6.0-B36
2026-03-09 14:17:08,425 [INFO] ConfigFileManager:1590 - The Die is : DIE410
2026-03-09 14:17:08,427 [INFO] ApiDbMcu:508 - Load IP Config File for FATFS
2026-03-09 14:17:08,429 [INFO] ApiDbMcu:508 - Load IP Config File for FREERTOS
2026-03-09 14:17:08,431 [INFO] ApiDbMcu:508 - Load IP Config File for USB_DEVICE
2026-03-09 14:17:09,098 [INFO] ProjectBuilder:5191 - Time for Generating toolchain IDE Files: 758mS.
2026-03-09 14:17:09,099 [INFO] ProjectBuilder:3181 - Time for Copy CMSIS : 0mS.
2026-03-09 14:17:09,099 [INFO] ProjectBuilder:3181 - Time for Copy CMSIS : 0mS.
2026-03-09 14:19:55,917 [INFO] UtilMem:75 - End SaveConfig() Used Memory: 881368184 Bytes (1073741824)
2026-03-09 14:19:59,070 [INFO] UtilMem:75 - End SaveConfig() Used Memory: 911254648 Bytes (1073741824)
2026-03-09 14:19:59,617 [INFO] UtilMem:75 - End SaveConfig() Used Memory: 946906232 Bytes (1073741824)
2026-03-09 14:19:59,675 [INFO] BlockDiagram:2775 - set Specific Code input for plugin: NVIC
2026-03-09 14:19:59,675 [INFO] BlockDiagram:2775 - set Specific Code input for plugin: TIM1_8F1
2026-03-09 14:19:59,675 [INFO] BlockDiagram:2775 - set Specific Code input for plugin: TIM1_8F1
2026-03-09 14:19:59,675 [INFO] BlockDiagram:2775 - set Specific Code input for plugin: SYS
2026-03-09 14:19:59,676 [INFO] BlockDiagram:2775 - set Specific Code input for plugin: GPIO
2026-03-09 14:19:59,676 [INFO] BlockDiagram:2775 - set Specific Code input for plugin: RCC
2026-03-09 14:19:59,676 [INFO] CodeGenerator:882 - code generatio: config db path: /opt/st/stm32cubeide_1.18.0/plugins/com.st.stm32cube.common.mx_6.14.0.202502271554//db/
2026-03-09 14:19:59,725 [INFO] CodeEngine:263 - oldGeneratedFile, /home/stratobotic/github/Yet_Another_Business_Card/firmware_v1_hw_v2/MXTmpFiles/license.tmp_save
2026-03-09 14:19:59,773 [INFO] CodeEngine:287 - Generated code: /home/stratobotic/github/Yet_Another_Business_Card/firmware_v1_hw_v2/MXTmpFiles/license.tmp
2026-03-09 14:19:59,788 [INFO] CodeEngine:263 - oldGeneratedFile, /home/stratobotic/github/Yet_Another_Business_Card/firmware_v1_hw_v2/MXTmpFiles/gpio.tmp_save
2026-03-09 14:19:59,825 [INFO] CodeEngine:287 - Generated code: /home/stratobotic/github/Yet_Another_Business_Card/firmware_v1_hw_v2/MXTmpFiles/gpio.tmp
2026-03-09 14:19:59,867 [INFO] CodeEngine:263 - oldGeneratedFile, /home/stratobotic/github/Yet_Another_Business_Card/firmware_v1_hw_v2/Core/Src/stm32f1xx_it.c_save
2026-03-09 14:19:59,909 [INFO] CodeEngine:287 - Generated code: /home/stratobotic/github/Yet_Another_Business_Card/firmware_v1_hw_v2/Core/Src/stm32f1xx_it.c
2026-03-09 14:19:59,910 [INFO] CodeEngine:263 - oldGeneratedFile, /home/stratobotic/github/Yet_Another_Business_Card/firmware_v1_hw_v2/Core/Inc/stm32f1xx_it.h_save
2026-03-09 14:19:59,943 [INFO] CodeEngine:287 - Generated code: /home/stratobotic/github/Yet_Another_Business_Card/firmware_v1_hw_v2/Core/Inc/stm32f1xx_it.h
2026-03-09 14:19:59,945 [INFO] CodeEngine:263 - oldGeneratedFile, /home/stratobotic/github/Yet_Another_Business_Card/firmware_v1_hw_v2/Core/Src/stm32f1xx_hal_msp.c_save
2026-03-09 14:19:59,995 [INFO] CodeEngine:287 - Generated code: /home/stratobotic/github/Yet_Another_Business_Card/firmware_v1_hw_v2/Core/Src/stm32f1xx_hal_msp.c
2026-03-09 14:19:59,996 [INFO] CodeEngine:263 - oldGeneratedFile, /home/stratobotic/github/Yet_Another_Business_Card/firmware_v1_hw_v2/MXTmpFiles/system.tmp_save
2026-03-09 14:20:00,031 [INFO] CodeEngine:287 - Generated code: /home/stratobotic/github/Yet_Another_Business_Card/firmware_v1_hw_v2/MXTmpFiles/system.tmp
2026-03-09 14:20:00,033 [INFO] CodeEngine:319 - oldGeneratedFile, /home/stratobotic/github/Yet_Another_Business_Card/firmware_v1_hw_v2/Core/Inc/stm32f1xx_hal_conf.h_save
2026-03-09 14:20:00,071 [INFO] CodeEngine:343 - Generated code: /home/stratobotic/github/Yet_Another_Business_Card/firmware_v1_hw_v2/Core/Inc/stm32f1xx_hal_conf.h
2026-03-09 14:20:00,076 [WARN] IPConfigManager:3747 - IP not found : TIM
2026-03-09 14:20:00,076 [WARN] CodeGenerator:4198 - IP not found : null
2026-03-09 14:20:00,077 [INFO] CodeEngine:263 - oldGeneratedFile, /home/stratobotic/github/Yet_Another_Business_Card/firmware_v1_hw_v2/Core/Inc/main.h_save
2026-03-09 14:20:00,113 [INFO] CodeEngine:287 - Generated code: /home/stratobotic/github/Yet_Another_Business_Card/firmware_v1_hw_v2/Core/Inc/main.h
2026-03-09 14:20:00,114 [INFO] CodeEngine:263 - oldGeneratedFile, /home/stratobotic/github/Yet_Another_Business_Card/firmware_v1_hw_v2/Core/Src/main.c_save
2026-03-09 14:20:00,172 [INFO] CodeEngine:287 - Generated code: /home/stratobotic/github/Yet_Another_Business_Card/firmware_v1_hw_v2/Core/Src/main.c
2026-03-09 14:20:00,337 [INFO] ProjectBuilder:3324 - Time for Copy HAL[1] : 9mS.
2026-03-09 14:20:00,338 [INFO] ProjectBuilder:4912 - Project Generator version: 4.6.0-B36
2026-03-09 14:20:00,402 [INFO] ConfigFileManager:1590 - The Die is : DIE410
2026-03-09 14:20:00,800 [INFO] ProjectBuilder:5191 - Time for Generating toolchain IDE Files: 462mS.
2026-03-09 14:20:00,801 [INFO] ProjectBuilder:3181 - Time for Copy CMSIS : 0mS.
2026-03-09 14:20:00,801 [INFO] ProjectBuilder:3181 - Time for Copy CMSIS : 0mS.
2026-03-09 14:21:10,568 [INFO] Gpio:277 - dependency for GPIO [SYS]
2026-03-09 14:21:10,588 [INFO] NvicIntPanel:101 - NVIC parent = com.st.microxplorer.plugins.ip.nvic.MultiNvicIntPanel[,0,0,0x0,invalid,layout=javax.swing.BoxLayout,alignmentX=0.0,alignmentY=0.0,border=,flags=9,maximumSize=,minimumSize=,preferredSize=]
2026-03-09 14:21:19,487 [INFO] UtilMem:75 - End SaveConfig() Used Memory: 932960856 Bytes (1073741824)
2026-03-09 14:21:19,585 [INFO] UtilMem:75 - End SaveConfig() Used Memory: 943632320 Bytes (1073741824)
2026-03-09 14:21:20,069 [INFO] UtilMem:75 - End SaveConfig() Used Memory: 982734992 Bytes (1073741824)
2026-03-09 14:21:20,140 [INFO] BlockDiagram:2775 - set Specific Code input for plugin: NVIC
2026-03-09 14:21:20,140 [INFO] BlockDiagram:2775 - set Specific Code input for plugin: TIM1_8F1
2026-03-09 14:21:20,140 [INFO] BlockDiagram:2775 - set Specific Code input for plugin: TIM1_8F1
2026-03-09 14:21:20,140 [INFO] BlockDiagram:2775 - set Specific Code input for plugin: SYS
2026-03-09 14:21:20,140 [INFO] BlockDiagram:2775 - set Specific Code input for plugin: GPIO
2026-03-09 14:21:20,140 [INFO] BlockDiagram:2775 - set Specific Code input for plugin: RCC
2026-03-09 14:21:20,140 [INFO] CodeGenerator:882 - code generatio: config db path: /opt/st/stm32cubeide_1.18.0/plugins/com.st.stm32cube.common.mx_6.14.0.202502271554//db/
2026-03-09 14:21:20,190 [INFO] CodeEngine:263 - oldGeneratedFile, /home/stratobotic/github/Yet_Another_Business_Card/firmware_v1_hw_v2/MXTmpFiles/license.tmp_save
2026-03-09 14:21:20,227 [INFO] CodeEngine:287 - Generated code: /home/stratobotic/github/Yet_Another_Business_Card/firmware_v1_hw_v2/MXTmpFiles/license.tmp
2026-03-09 14:21:20,241 [INFO] CodeEngine:263 - oldGeneratedFile, /home/stratobotic/github/Yet_Another_Business_Card/firmware_v1_hw_v2/MXTmpFiles/gpio.tmp_save
2026-03-09 14:21:20,278 [INFO] CodeEngine:287 - Generated code: /home/stratobotic/github/Yet_Another_Business_Card/firmware_v1_hw_v2/MXTmpFiles/gpio.tmp
2026-03-09 14:21:20,317 [INFO] CodeEngine:263 - oldGeneratedFile, /home/stratobotic/github/Yet_Another_Business_Card/firmware_v1_hw_v2/Core/Src/stm32f1xx_it.c_save
2026-03-09 14:21:20,373 [INFO] CodeEngine:287 - Generated code: /home/stratobotic/github/Yet_Another_Business_Card/firmware_v1_hw_v2/Core/Src/stm32f1xx_it.c
2026-03-09 14:21:20,374 [INFO] CodeEngine:263 - oldGeneratedFile, /home/stratobotic/github/Yet_Another_Business_Card/firmware_v1_hw_v2/Core/Inc/stm32f1xx_it.h_save
2026-03-09 14:21:20,408 [INFO] CodeEngine:287 - Generated code: /home/stratobotic/github/Yet_Another_Business_Card/firmware_v1_hw_v2/Core/Inc/stm32f1xx_it.h
2026-03-09 14:21:20,411 [INFO] CodeEngine:263 - oldGeneratedFile, /home/stratobotic/github/Yet_Another_Business_Card/firmware_v1_hw_v2/Core/Src/stm32f1xx_hal_msp.c_save
2026-03-09 14:21:20,470 [INFO] CodeEngine:287 - Generated code: /home/stratobotic/github/Yet_Another_Business_Card/firmware_v1_hw_v2/Core/Src/stm32f1xx_hal_msp.c
2026-03-09 14:21:20,471 [INFO] CodeEngine:263 - oldGeneratedFile, /home/stratobotic/github/Yet_Another_Business_Card/firmware_v1_hw_v2/MXTmpFiles/system.tmp_save
2026-03-09 14:21:20,506 [INFO] CodeEngine:287 - Generated code: /home/stratobotic/github/Yet_Another_Business_Card/firmware_v1_hw_v2/MXTmpFiles/system.tmp
2026-03-09 14:21:20,507 [INFO] CodeEngine:319 - oldGeneratedFile, /home/stratobotic/github/Yet_Another_Business_Card/firmware_v1_hw_v2/Core/Inc/stm32f1xx_hal_conf.h_save
2026-03-09 14:21:20,548 [INFO] CodeEngine:343 - Generated code: /home/stratobotic/github/Yet_Another_Business_Card/firmware_v1_hw_v2/Core/Inc/stm32f1xx_hal_conf.h
2026-03-09 14:21:20,553 [WARN] IPConfigManager:3747 - IP not found : TIM
2026-03-09 14:21:20,554 [WARN] CodeGenerator:4198 - IP not found : null
2026-03-09 14:21:20,555 [INFO] CodeEngine:263 - oldGeneratedFile, /home/stratobotic/github/Yet_Another_Business_Card/firmware_v1_hw_v2/Core/Inc/main.h_save
2026-03-09 14:21:20,592 [INFO] CodeEngine:287 - Generated code: /home/stratobotic/github/Yet_Another_Business_Card/firmware_v1_hw_v2/Core/Inc/main.h
2026-03-09 14:21:20,593 [INFO] CodeEngine:263 - oldGeneratedFile, /home/stratobotic/github/Yet_Another_Business_Card/firmware_v1_hw_v2/Core/Src/main.c_save
2026-03-09 14:21:20,650 [INFO] CodeEngine:287 - Generated code: /home/stratobotic/github/Yet_Another_Business_Card/firmware_v1_hw_v2/Core/Src/main.c
2026-03-09 14:21:20,776 [INFO] ProjectBuilder:3324 - Time for Copy HAL[1] : 8mS.
2026-03-09 14:21:20,776 [INFO] ProjectBuilder:4912 - Project Generator version: 4.6.0-B36
2026-03-09 14:21:20,829 [INFO] ConfigFileManager:1590 - The Die is : DIE410
2026-03-09 14:21:21,199 [INFO] ProjectBuilder:5191 - Time for Generating toolchain IDE Files: 423mS.
2026-03-09 14:21:21,200 [INFO] ProjectBuilder:3181 - Time for Copy CMSIS : 0mS.
2026-03-09 14:21:21,200 [INFO] ProjectBuilder:3181 - Time for Copy CMSIS : 0mS.
2026-03-09 14:23:50,354 [INFO] NvicIntPanel:101 - NVIC parent = com.st.microxplorer.plugins.ip.nvic.MultiNvicIntPanel[,0,0,0x0,invalid,layout=javax.swing.BoxLayout,alignmentX=0.0,alignmentY=0.0,border=,flags=9,maximumSize=,minimumSize=,preferredSize=]
2026-03-09 14:24:00,262 [INFO] NvicIntPanel:101 - NVIC parent = com.st.microxplorer.plugins.ip.nvic.MultiNvicIntPanel[,0,0,0x0,invalid,layout=javax.swing.BoxLayout,alignmentX=0.0,alignmentY=0.0,border=,flags=9,maximumSize=,minimumSize=,preferredSize=]
2026-03-09 14:24:20,712 [INFO] NvicIntPanel:101 - NVIC parent = com.st.microxplorer.plugins.ip.nvic.MultiNvicIntPanel[,0,0,0x0,invalid,layout=javax.swing.BoxLayout,alignmentX=0.0,alignmentY=0.0,border=,flags=9,maximumSize=,minimumSize=,preferredSize=]
2026-03-09 14:24:25,867 [INFO] NvicIntPanel:101 - NVIC parent = com.st.microxplorer.plugins.ip.nvic.MultiNvicIntPanel[,0,0,0x0,invalid,layout=javax.swing.BoxLayout,alignmentX=0.0,alignmentY=0.0,border=,flags=9,maximumSize=,minimumSize=,preferredSize=]
2026-03-09 14:24:26,800 [INFO] UtilMem:75 - End SaveConfig() Used Memory: 820934040 Bytes (1073741824)
2026-03-09 14:24:26,884 [INFO] UtilMem:75 - End SaveConfig() Used Memory: 830371224 Bytes (1073741824)
2026-03-09 14:24:27,371 [INFO] UtilMem:75 - End SaveConfig() Used Memory: 860779928 Bytes (1073741824)
2026-03-09 14:24:27,464 [INFO] BlockDiagram:2775 - set Specific Code input for plugin: NVIC
2026-03-09 14:24:27,465 [INFO] BlockDiagram:2775 - set Specific Code input for plugin: TIM1_8F1
2026-03-09 14:24:27,465 [INFO] BlockDiagram:2775 - set Specific Code input for plugin: TIM1_8F1
2026-03-09 14:24:27,465 [INFO] BlockDiagram:2775 - set Specific Code input for plugin: SYS
2026-03-09 14:24:27,465 [INFO] BlockDiagram:2775 - set Specific Code input for plugin: GPIO
2026-03-09 14:24:27,465 [INFO] BlockDiagram:2775 - set Specific Code input for plugin: RCC
2026-03-09 14:24:27,465 [INFO] CodeGenerator:882 - code generatio: config db path: /opt/st/stm32cubeide_1.18.0/plugins/com.st.stm32cube.common.mx_6.14.0.202502271554//db/
2026-03-09 14:24:27,514 [INFO] CodeEngine:263 - oldGeneratedFile, /home/stratobotic/github/Yet_Another_Business_Card/firmware_v1_hw_v2/MXTmpFiles/license.tmp_save
2026-03-09 14:24:27,554 [INFO] CodeEngine:287 - Generated code: /home/stratobotic/github/Yet_Another_Business_Card/firmware_v1_hw_v2/MXTmpFiles/license.tmp
2026-03-09 14:24:27,571 [INFO] CodeEngine:263 - oldGeneratedFile, /home/stratobotic/github/Yet_Another_Business_Card/firmware_v1_hw_v2/MXTmpFiles/gpio.tmp_save
2026-03-09 14:24:27,618 [INFO] CodeEngine:287 - Generated code: /home/stratobotic/github/Yet_Another_Business_Card/firmware_v1_hw_v2/MXTmpFiles/gpio.tmp
2026-03-09 14:24:27,709 [INFO] CodeEngine:263 - oldGeneratedFile, /home/stratobotic/github/Yet_Another_Business_Card/firmware_v1_hw_v2/Core/Src/stm32f1xx_it.c_save
2026-03-09 14:24:27,763 [INFO] CodeEngine:287 - Generated code: /home/stratobotic/github/Yet_Another_Business_Card/firmware_v1_hw_v2/Core/Src/stm32f1xx_it.c
2026-03-09 14:24:27,764 [INFO] CodeEngine:263 - oldGeneratedFile, /home/stratobotic/github/Yet_Another_Business_Card/firmware_v1_hw_v2/Core/Inc/stm32f1xx_it.h_save
2026-03-09 14:24:27,803 [INFO] CodeEngine:287 - Generated code: /home/stratobotic/github/Yet_Another_Business_Card/firmware_v1_hw_v2/Core/Inc/stm32f1xx_it.h
2026-03-09 14:24:27,807 [INFO] CodeEngine:263 - oldGeneratedFile, /home/stratobotic/github/Yet_Another_Business_Card/firmware_v1_hw_v2/Core/Src/stm32f1xx_hal_msp.c_save
2026-03-09 14:24:27,865 [INFO] CodeEngine:287 - Generated code: /home/stratobotic/github/Yet_Another_Business_Card/firmware_v1_hw_v2/Core/Src/stm32f1xx_hal_msp.c
2026-03-09 14:24:27,866 [INFO] CodeEngine:263 - oldGeneratedFile, /home/stratobotic/github/Yet_Another_Business_Card/firmware_v1_hw_v2/MXTmpFiles/system.tmp_save
2026-03-09 14:24:27,901 [INFO] CodeEngine:287 - Generated code: /home/stratobotic/github/Yet_Another_Business_Card/firmware_v1_hw_v2/MXTmpFiles/system.tmp
2026-03-09 14:24:27,903 [INFO] CodeEngine:319 - oldGeneratedFile, /home/stratobotic/github/Yet_Another_Business_Card/firmware_v1_hw_v2/Core/Inc/stm32f1xx_hal_conf.h_save
2026-03-09 14:24:27,941 [INFO] CodeEngine:343 - Generated code: /home/stratobotic/github/Yet_Another_Business_Card/firmware_v1_hw_v2/Core/Inc/stm32f1xx_hal_conf.h
2026-03-09 14:24:27,947 [WARN] IPConfigManager:3747 - IP not found : TIM
2026-03-09 14:24:27,948 [WARN] CodeGenerator:4198 - IP not found : null
2026-03-09 14:24:27,949 [INFO] CodeEngine:263 - oldGeneratedFile, /home/stratobotic/github/Yet_Another_Business_Card/firmware_v1_hw_v2/Core/Inc/main.h_save
2026-03-09 14:24:27,990 [INFO] CodeEngine:287 - Generated code: /home/stratobotic/github/Yet_Another_Business_Card/firmware_v1_hw_v2/Core/Inc/main.h
2026-03-09 14:24:27,991 [INFO] CodeEngine:263 - oldGeneratedFile, /home/stratobotic/github/Yet_Another_Business_Card/firmware_v1_hw_v2/Core/Src/main.c_save
2026-03-09 14:24:28,057 [INFO] CodeEngine:287 - Generated code: /home/stratobotic/github/Yet_Another_Business_Card/firmware_v1_hw_v2/Core/Src/main.c
2026-03-09 14:24:28,198 [INFO] ProjectBuilder:3324 - Time for Copy HAL[1] : 9mS.
2026-03-09 14:24:28,199 [INFO] ProjectBuilder:4912 - Project Generator version: 4.6.0-B36
2026-03-09 14:24:28,250 [INFO] ConfigFileManager:1590 - The Die is : DIE410
2026-03-09 14:24:28,582 [INFO] ProjectBuilder:5191 - Time for Generating toolchain IDE Files: 383mS.
2026-03-09 14:24:28,583 [INFO] ProjectBuilder:3181 - Time for Copy CMSIS : 0mS.
2026-03-09 14:24:28,583 [INFO] ProjectBuilder:3181 - Time for Copy CMSIS : 0mS.
2026-03-09 14:30:26,581 [INFO] NvicIntPanel:101 - NVIC parent = com.st.microxplorer.plugins.ip.nvic.MultiNvicIntPanel[,0,0,0x0,invalid,layout=javax.swing.BoxLayout,alignmentX=0.0,alignmentY=0.0,border=,flags=9,maximumSize=,minimumSize=,preferredSize=]
2026-03-09 14:33:02,440 [INFO] Gpio:277 - dependency for GPIO [SYS]
2026-03-09 14:33:06,587 [INFO] NvicIntPanel:101 - NVIC parent = com.st.microxplorer.plugins.ip.nvic.MultiNvicIntPanel[,2,26,470x361,layout=javax.swing.BoxLayout,alignmentX=0.0,alignmentY=0.0,border=,flags=9,maximumSize=,minimumSize=,preferredSize=]
2026-03-09 14:38:06,681 [INFO] UtilMem:75 - End SaveConfig() Used Memory: 704113704 Bytes (1073741824)
2026-03-09 14:38:06,725 [ERROR] ConfigurationRetriever:142 - IOException on connection: Network is unreachable
2026-03-09 14:38:06,726 [ERROR] ConfigurationRetriever:142 - IOException on connection: Network is unreachable
2026-03-09 14:38:06,726 [ERROR] ConfigurationRetriever:142 - IOException on connection: Network is unreachable
2026-03-09 14:38:06,905 [INFO] UtilMem:75 - End SaveConfig() Used Memory: 720890920 Bytes (1073741824)
2026-03-09 14:38:07,364 [INFO] UtilMem:75 - End SaveConfig() Used Memory: 766501928 Bytes (1073741824)
2026-03-09 14:38:07,434 [INFO] BlockDiagram:2775 - set Specific Code input for plugin: NVIC
2026-03-09 14:38:07,434 [INFO] BlockDiagram:2775 - set Specific Code input for plugin: TIM1_8F1
2026-03-09 14:38:07,434 [INFO] BlockDiagram:2775 - set Specific Code input for plugin: TIM1_8F1
2026-03-09 14:38:07,434 [INFO] BlockDiagram:2775 - set Specific Code input for plugin: SYS
2026-03-09 14:38:07,434 [INFO] BlockDiagram:2775 - set Specific Code input for plugin: GPIO
2026-03-09 14:38:07,434 [INFO] BlockDiagram:2775 - set Specific Code input for plugin: RCC
2026-03-09 14:38:07,435 [INFO] CodeGenerator:882 - code generatio: config db path: /opt/st/stm32cubeide_1.18.0/plugins/com.st.stm32cube.common.mx_6.14.0.202502271554//db/
2026-03-09 14:38:07,482 [INFO] CodeEngine:263 - oldGeneratedFile, /home/stratobotic/github/Yet_Another_Business_Card/firmware_v1_hw_v2/MXTmpFiles/license.tmp_save
2026-03-09 14:38:07,685 [INFO] CodeEngine:287 - Generated code: /home/stratobotic/github/Yet_Another_Business_Card/firmware_v1_hw_v2/MXTmpFiles/license.tmp
2026-03-09 14:38:07,709 [INFO] CodeEngine:263 - oldGeneratedFile, /home/stratobotic/github/Yet_Another_Business_Card/firmware_v1_hw_v2/MXTmpFiles/gpio.tmp_save
2026-03-09 14:38:07,812 [INFO] CodeEngine:287 - Generated code: /home/stratobotic/github/Yet_Another_Business_Card/firmware_v1_hw_v2/MXTmpFiles/gpio.tmp
2026-03-09 14:38:07,902 [INFO] CodeEngine:263 - oldGeneratedFile, /home/stratobotic/github/Yet_Another_Business_Card/firmware_v1_hw_v2/Core/Src/stm32f1xx_it.c_save
2026-03-09 14:38:08,144 [INFO] CodeEngine:287 - Generated code: /home/stratobotic/github/Yet_Another_Business_Card/firmware_v1_hw_v2/Core/Src/stm32f1xx_it.c
2026-03-09 14:38:08,146 [INFO] CodeEngine:263 - oldGeneratedFile, /home/stratobotic/github/Yet_Another_Business_Card/firmware_v1_hw_v2/Core/Inc/stm32f1xx_it.h_save
2026-03-09 14:38:08,207 [INFO] CodeEngine:287 - Generated code: /home/stratobotic/github/Yet_Another_Business_Card/firmware_v1_hw_v2/Core/Inc/stm32f1xx_it.h
2026-03-09 14:38:08,210 [INFO] CodeEngine:263 - oldGeneratedFile, /home/stratobotic/github/Yet_Another_Business_Card/firmware_v1_hw_v2/Core/Src/stm32f1xx_hal_msp.c_save
2026-03-09 14:38:08,323 [INFO] CodeEngine:287 - Generated code: /home/stratobotic/github/Yet_Another_Business_Card/firmware_v1_hw_v2/Core/Src/stm32f1xx_hal_msp.c
2026-03-09 14:38:08,324 [INFO] CodeEngine:263 - oldGeneratedFile, /home/stratobotic/github/Yet_Another_Business_Card/firmware_v1_hw_v2/MXTmpFiles/system.tmp_save
2026-03-09 14:38:08,382 [INFO] CodeEngine:287 - Generated code: /home/stratobotic/github/Yet_Another_Business_Card/firmware_v1_hw_v2/MXTmpFiles/system.tmp
2026-03-09 14:38:08,384 [INFO] CodeEngine:319 - oldGeneratedFile, /home/stratobotic/github/Yet_Another_Business_Card/firmware_v1_hw_v2/Core/Inc/stm32f1xx_hal_conf.h_save
2026-03-09 14:38:08,448 [INFO] CodeEngine:343 - Generated code: /home/stratobotic/github/Yet_Another_Business_Card/firmware_v1_hw_v2/Core/Inc/stm32f1xx_hal_conf.h
2026-03-09 14:38:08,458 [WARN] IPConfigManager:3747 - IP not found : TIM
2026-03-09 14:38:08,458 [WARN] CodeGenerator:4198 - IP not found : null
2026-03-09 14:38:08,459 [INFO] CodeEngine:263 - oldGeneratedFile, /home/stratobotic/github/Yet_Another_Business_Card/firmware_v1_hw_v2/Core/Inc/main.h_save
2026-03-09 14:38:08,555 [INFO] CodeEngine:287 - Generated code: /home/stratobotic/github/Yet_Another_Business_Card/firmware_v1_hw_v2/Core/Inc/main.h
2026-03-09 14:38:08,555 [INFO] CodeEngine:263 - oldGeneratedFile, /home/stratobotic/github/Yet_Another_Business_Card/firmware_v1_hw_v2/Core/Src/main.c_save
2026-03-09 14:38:08,628 [INFO] CodeEngine:287 - Generated code: /home/stratobotic/github/Yet_Another_Business_Card/firmware_v1_hw_v2/Core/Src/main.c
2026-03-09 14:38:08,760 [INFO] ProjectBuilder:3324 - Time for Copy HAL[1] : 9mS.
2026-03-09 14:38:08,760 [INFO] ProjectBuilder:4912 - Project Generator version: 4.6.0-B36
2026-03-09 14:38:08,818 [INFO] ConfigFileManager:1590 - The Die is : DIE410
2026-03-09 14:38:09,432 [INFO] ProjectBuilder:5191 - Time for Generating toolchain IDE Files: 672mS.
2026-03-09 14:38:09,433 [INFO] ProjectBuilder:3181 - Time for Copy CMSIS : 0mS.
2026-03-09 14:38:09,433 [INFO] ProjectBuilder:3181 - Time for Copy CMSIS : 0mS.
2026-03-09 14:38:10,870 [ERROR] AdobePublisher:162 - Exception while opening the connection: java.net.SocketException: Network is unreachable
2026-03-09 14:38:10,872 [ERROR] AdobePublisher:162 - Exception while opening the connection: java.net.SocketException: Network is unreachable
2026-03-09 14:38:10,873 [ERROR] AdobePublisher:162 - Exception while opening the connection: java.net.SocketException: Network is unreachable
2026-03-09 14:38:10,874 [ERROR] AdobePublisher:162 - Exception while opening the connection: java.net.SocketException: Network is unreachable
2026-03-09 14:38:10,874 [ERROR] AdobePublisher:162 - Exception while opening the connection: java.net.SocketException: Network is unreachable
2026-03-09 14:39:36,938 [ERROR] LogOutputStream:75 - [STDERR_REDIRECT] 
